{"0x0000000000085d4780B73119b644AE5ecd22b376":214.62615852335793,"0x0000000016E6Cb3038203c1129c8B4aEE7af7a11":1.8028821369988,"0x005F893EcD7bF9667195642f7649DA8163e23658":162.7890056021993,"0x0100546F2cD4C9D97f798fFC9755E47865FF7Ee6":371.87791088799463,"0x028171bCA77440897B824Ca71D1c56caC55b68A3":1195.9311206035543,"0x0316EB71485b0Ab14103307bf65a021042c6d380":0.026641968823283187,"0x03ab458634910AaD20eF5f1C8ee96F1D6ac54919":247.68701309997007,"0x04C154b66CB340F3Ae24111CC767e0184Ed00Cc6":299.41821119189785,"0x051d7e5609917Bd9b73f04BAc0DED8Dd46a74301":376.2555102117443,"0x056Fd409E1d7A124BD7017459dFEa2F387b6d5Cd":404.1469826656667,"0x067079c14B85169e6a29703769dadDef90816f4C":599.1453418973745,"0x075b1bb99792c9E1041bA13afEf80C91a1e70fB3":602.4491901633393,"0x085780639CC2cACd35E474e71f4d000e2405d8f6":507.28775438396474,"0x09db87A538BD693E9d08544577d5cCfAA6373A48":102.26206369580184,"0x0E2EC54fC0B509F445631Bf4b91AB8168230C752":0.471426119408665,"0x0E573Ce2736Dd9637A0b21058352e1667925C7a8":139.5625790253142,"0x0a5E677a6A24b2F1A2Bf4F3bFfC443231d2fDEc8":0.12763399094791603,"0x0bc529c00C6401aEF6D220BE8C6Ea1667F6Ad93e":20.19231400749532,"0x0d86883FAf4FfD7aEb116390af37746F45b6f378":313.57419780078226,"0x0dE54CFdfeD8005176f8b7A9D5438B45c4F1df1e":2.6002993254965676,"0x127091edE112aEd7Bae281747771b3150Bb047bB":0.45547261812508905,"0x137469B55D1f15651BA46A89D0588e97dD0B6562":225.95482288147545,"0x1456688345527bE1f37E9e627DA0837D6f08C925":3.53112544732627,"0x15700B564Ca08D9439C58cA5053166E8317aa138":291.6034351686473,"0x18084fbA666a33d37592fA2633fD49a74DD93a88":20.518339092624903,"0x1830c553dC76d3447B69b7B0dC19CF9e3c739C78":89.13530166559602,"0x183395DbD0B5e93323a7286D1973150697FFFCB3":535.5783714772468,"0x196f4727526eA7FB1e17b2071B3d8eAA38486988":0.1121654012076221,"0x1BED97CBC3c24A4fb5C069C6E311a967386131f7":265.37608628020945,"0x1aBaEA1f7C830bD89Acc67eC4af516284b1bC33c":116.20236208411586,"0x1bEFB9B02f7Fc821B96aC1FE2cAF881FdF72b771":0.2251979919139384,"0x1c48f86ae57291F7686349F12601910BD8D470bb":0.09301500798482311,"0x1ce0D1E19c9514230FF8CD1DAbaC2555fb92122b":0,"0x2191DF768ad71140F9F3E96c1e4407A4aA31d082":25.345270859440742,"0x2260FAC5E5542a773Aa44fBCfeDf7C193bc2C599":24.546488397404442,"0x2302aaBe69e6E7A1b0Aa23aAC68fcCB8A4D2B460":118.01627921843976,"0x2570f1bD5D2735314FC102eb12Fc1aFe9e6E7193":35.24134105253487,"0x25eC98773D7b4ceD4cAFaB96A2A1c0945f145e10":0,"0x2889302a794dA87fBF1D6Db415C1492194663D13":1393.9223128935782,"0x29059568bB40344487d62f7450E78b8E6C74e0e5":658.8112336362603,"0x2b01d4FdB87eb7F2399E5D68631d8A939a323786":247.35274420321898,"0x2bd1F344a2398340C2b1119Da98816eA723F5F0f":0.241663622098899,"0x3175Df0976dFA876431C2E9eE6Bc45b65d3473CC":0.00003874923922911641,"0x3231Cb76718CDeF2155FC47b5286d82e6eDA273f":334.1795438988512,"0x32bd822d615A3658A68b6fDD30c2fcb2C996D678":293.12584887208817,"0x3432B6A60D23Ca0dFCa7761B7ab56459D9C964D0":300.4574138248254,"0x34635280737b5BFe6c7DC2FC3065D60d66e78185":278.96335811477184,"0x35282d87011f87508D457F08252Bc5bFa52E10A0":159.37171463916087,"0x35D8949372D46B7a3D5A56006AE77B215fc69bC0":1837.417411976507,"0x35fA164735182de50811E8e2E824cFb9B6118ac2":955.4675819137558,"0x365AccFCa291e7D3914637ABf1F7635dB165Bb09":536.2253376615208,"0x383E6b4437b59fff47B619CBA855CA29342A8559":197.01042973398222,"0x38D64ce1Bdf1A9f24E0Ec469C9cAde61236fB4a0":237.90771955656058,"0x393DaD6c76D962Abba489a77dBf37ae948A4A6ee":137.61903165745127,"0x3A2725556Dde7B21fBe3dD64A4913ff29faba6A1":0.02916373719098808,"0x3A283D9c08E8b55966afb64C515f5143cf907611":3269.7569676634553,"0x3Ed3B47Dd13EC9a98b44e6204A523E766B225811":1.4244087611882705,"0x3f0e7916681452D23Cd36B1281457DA721F2E5dF":61.4269447836368,"0x401322B9FDdba8c0a8D40fbCECE1D1752C12316B":289.9140377710213,"0x40D16FC0246aD3160Ccc09B8D0D3A2cD28aE6C2f":301.6381908671855,"0x4591DBfF62656E7859Afe5e45f6f47D3669fBB28":224.94720338579506,"0x4647B6D835f3B393C7A955df51EEfcf0db961606":292.00829812428316,"0x466a756E9A7401B5e2444a3fCB3c2C12FBEa0a54":56.61468973036075,"0x48759F220ED983dB51fA7A8C0D2AAb8f3ce4166a":2404.3023348245138,"0x49446A0874197839D15395B908328a74ccc96Bc0":38.14632395648478,"0x4D1941a887eC788F059b3bfcC8eE1E97b968825B":316.7785149422094,"0x4DEcE678ceceb27446b35C672dC7d61F30bAD69E":443.7629967779891,"0x4Fabb145d64652a948d72533023f6E7A623C7C53":0.039748856163176215,"0x4c9EDD5852cd905f086C759E8383e09bff1E68B3":3350.70268952285,"0x4de2ab8177fC5fFAFB7aD11FB8BeB1e5fB95F71C":474.9809278088452,"0x4eBdF703948ddCEA3B11f675B4D1Fba9d2414A14":1872.8382438770188,"0x514910771AF9Ca656af840dff83E8264EcF986CA":86.17658911761734,"0x5228a22e72ccC52d415EcFd199F99D0665E7733b":61.60086852831158,"0x5271045F7B73c17825A7A7aee6917eE46b0B7520":202.9942918855593,"0x527331F3F550f6f85ACFEcAB9Cc0889180C6f1d5":317.81106063612776,"0x5426178799ee0a0181A89b4f57eFddfAb49941Ec":163.05399566736804,"0x5555f75e3d5278082200Fb451D1b6bA946D8e13b":119.02430697598348,"0x57Ab1ec28D129707052df4dF418D58a2D46d5f51":156.20846459980598,"0x57a5a0567187FF4A8dcC1A9bBa86155E355878F2":0.8264901573528171,"0x58efE15C0404aB22F87E4495D71f6f2077e862bE":0.0012498164138459997,"0x5905c0290e59aFBDc42a5480add9bD7B20CB3759":0.1780907818744321,"0x59D9356E565Ab3A36dD77763Fc0d87fEaf85508C":212.66097203548986,"0x5BC25f649fc4e26069dDF4cF4010F9f706c23831":0.444995680444742,"0x5Be6C45e2d074fAa20700C49aDA3E88a1cc0025d":502.43926170335953,"0x5Ca135cB8527d76e932f34B5145575F9d8cbE08E":55.95613910804951,"0x5E8422345238F34275888049021821E8E08CAa1f":14178.912533808982,"0x5Ea630e00D6eE438d3deA1556A110359ACdc10A9":317.25103809393215,"0x5b6C539b224014A09B3388e51CaAA8e354c959C8":67.63862144153825,"0x5e74C9036fb86BD7eCdcb084a0673EFc32eA31cb":5.552849365177864,"0x6359B6d3e327c497453d4376561eE276c6933323":330.6184603530045,"0x63a0964A36c34E81959da5894ad888800e17405b":296.12769892271155,"0x65D72AA8DA931F047169112fcf34f52DbaAE7D18":358.57382320421755,"0x65f228ED6a6001eD6485535e0Dc33E525734f54c":68.80790035820203,"0x661c70333AA1850CcDBAe82776Bb436A0fCfeEfB":89.75514694047115,"0x6663b6D50992ef4fc0380199397c87C2f5256075":122.71554328950265,"0x668308d77be3533c909a692302Cb4D135Bf8041C":0.043685221603376796,"0x66a1E37c9b0eAddca17d3662D6c05F4DECf3e110":33.84404182815799,"0x674C6Ad92Fd080e4004b2312b45f796a192D27a0":2.2839181566382827,"0x677ddbd918637E5F2c79e164D402454dE7dA8619":1.8267543405970423,"0x68749665FF8D2d112Fa859AA293F07A622782F38":19.08379519444456,"0x69000405f9DcE69BD4Cbf4f2865b79144A69BFE0":0.00004433825178331564,"0x6B175474E89094C44Da98b954EedeAC495271d0F":6146.6681430545395,"0x6C280dB098dB673d30d5B34eC04B6387185D3620":310.7927665141199,"0x6C5024Cd4F8A59110119C56f8933403A539555EB":124.35206244547881,"0x6C9815826FdF8c7a45cCfEd2064dbaB33a078712":61.85357032439584,"0x6ade6971Ca3d90990C30d39c78b0534C7166e07b":207.56639475121062,"0x6b5204B0Be36771253Cc38e88012E02B752f0f36":182.3348003831892,"0x6c3F90f043a72FA612cbac8115EE7e52BDe6E490":1032.4875985355798,"0x6c3ea9036406852006290770BEdFcAbA0e23A0e8":430.1143652709012,"0x6e52cCe4EaFDf77091dD1c82183b2D97b776b397":289.55555113672835,"0x6ef3D766Dfe02Dc4bF04aAe9122EB9A0Ded25615":0.04177172175615316,"0x7223442cad8e9cA474fC40109ab981608F8c4273":116.31060669480408,"0x73968b9a57c6E53d41345FD57a6E6ae27d6CDB2F":145.467054820682,"0x73A15FeD60Bf67631dC6cd7Bc5B6e8da8190aCF5":1731.6659569261187,"0x752B4c6e92d96467fE9b9a2522EF07228E00F87c":47.40092475108879,"0x76237BCfDbe8e06FB774663add96216961df4ff3":34.220196385989496,"0x76Eb2FE28b36B3ee97F3Adae0C69606eeDB2A37c":1186.8562043000557,"0x77E06c9eCCf2E797fd462A92B6D7642EF85b0A44":0.93007093358,"0x78da5799CF427Fee11e9996982F4150eCe7a99A7":93.92603291074661,"0x7988292D0FB141085c092132e2a70B30aA1eccAB":464.1655698769885,"0x7F17A6C77C3938D235b014818092eb6305BdA110":154.73639086905263,"0x7F86Bf177Dd4F3494b841a37e810A34dD56c829B":8496.17491319877,"0x7FA768E035F956c41d6aeaa3Bd857e7E5141CAd5":0.3757232133243705,"0x7ea4aD8C803653498bF6AC1D2dEbc04DCe8Fd2aD":117.75338290583832,"0x7f39C581F595B53c5cb19bD0b3f8dA6c935E2Ca0":1124.9073646669333,"0x8064d9Ae6cDf087b1bcd5BDf3531bD5d8C537a68":80.3133227442671,