{"0x0000000000085d4780B73119b644AE5ecd22b376":0.00544886773191332,"0x005F893EcD7bF9667195642f7649DA8163e23658":25.434977464103984,"0x0100546F2cD4C9D97f798fFC9755E47865FF7Ee6":154.75865297858422,"0x028171bCA77440897B824Ca71D1c56caC55b68A3":743.831517535876,"0x0316EB71485b0Ab14103307bf65a021042c6d380":50.56614794713087,"0x03ab458634910AaD20eF5f1C8ee96F1D6ac54919":170.54255332373214,"0x04C154b66CB340F3Ae24111CC767e0184Ed00Cc6":202.69618730538338,"0x056Fd409E1d7A124BD7017459dFEa2F387b6d5Cd":170.56460891943757,"0x067079c14B85169e6a29703769dadDef90816f4C":26.11075988077687,"0x075b1bb99792c9E1041bA13afEf80C91a1e70fB3":742.6445703227861,"0x085780639CC2cACd35E474e71f4d000e2405d8f6":931.165182678346,"0x09b2E090531228d1b8E3d948C73b990Cb6e60720":492.63786085587935,"0x0E2EC54fC0B509F445631Bf4b91AB8168230C752":0.450004128670625,"0x0E573Ce2736Dd9637A0b21058352e1667925C7a8":141.80795098782625,"0x0a5E677a6A24b2F1A2Bf4F3bFfC443231d2fDEc8":0.007512488173980961,"0x0bc529c00C6401aEF6D220BE8C6Ea1667F6Ad93e":5.53565974787143,"0x0d86883FAf4FfD7aEb116390af37746F45b6f378":154.45177619669838,"0x0dE54CFdfeD8005176f8b7A9D5438B45c4F1df1e":2.698087153194832,"0x1456688345527bE1f37E9e627DA0837D6f08C925":3.0575254547378488,"0x18084fbA666a33d37592fA2633fD49a74DD93a88":13.485740407319026,"0x183395DbD0B5e93323a7286D1973150697FFFCB3":336.49737682680933,"0x196f4727526eA7FB1e17b2071B3d8eAA38486988":2.4980615137747395,"0x1c48f86ae57291F7686349F12601910BD8D470bb":0.6974051672947142,"0x1ce0D1E19c9514230FF8CD1DAbaC2555fb92122b":0,"0x2260FAC5E5542a773Aa44fBCfeDf7C193bc2C599":314.84607451417486,"0x2570f1bD5D2735314FC102eb12Fc1aFe9e6E7193":356.591979344685,"0x25eC98773D7b4ceD4cAFaB96A2A1c0945f145e10":0,"0x2889302a794dA87fBF1D6Db415C1492194663D13":502.18088859828055,"0x29059568bB40344487d62f7450E78b8E6C74e0e5":38.21646096108233,"0x2b01d4FdB87eb7F2399E5D68631d8A939a323786":15.780219432240926,"0x31429d1856aD1377A8A0079410B297e1a9e214c2":480.57473176565895,"0x32bd822d615A3658A68b6fDD30c2fcb2C996D678":52.35799519504652,"0x34635280737b5BFe6c7DC2FC3065D60d66e78185":425.37312976758307,"0x35282d87011f87508D457F08252Bc5bFa52E10A0":71.66966003799499,"0x35D8949372D46B7a3D5A56006AE77B215fc69bC0":0.018261570312961932,"0x35fA164735182de50811E8e2E824cFb9B6118ac2":929.4157388915361,"0x383E6b4437b59fff47B619CBA855CA29342A8559":36.54105484948648,"0x38D64ce1Bdf1A9f24E0Ec469C9cAde61236fB4a0":139.68713878443845,"0x3A283D9c08E8b55966afb64C515f5143cf907611":382.9285017519941,"0x3Ed3B47Dd13EC9a98b44e6204A523E766B225811":1005.9242891743511,"0x401322B9FDdba8c0a8D40fbCECE1D1752C12316B":414.13607710273294,"0x40D16FC0246aD3160Ccc09B8D0D3A2cD28aE6C2f":127.04507469993628,"0x4591DBfF62656E7859Afe5e45f6f47D3669fBB28":299.38844421541114,"0x4647B6D835f3B393C7A955df51EEfcf0db961606":190.40936945969833,"0x48759F220ED983dB51fA7A8C0D2AAb8f3ce4166a":986.7155302307855,"0x49446A0874197839D15395B908328a74ccc96Bc0":17.92624185884268,"0x4AE86d8732390d852A13cb918463BC6e5775FaDD":31.612374843343716,"0x4D1941a887eC788F059b3bfcC8eE1E97b968825B":10.674982428824261,"0x4Fabb145d64652a948d72533023f6E7A623C7C53":0.009851809067700416,"0x4c9EDD5852cd905f086C759E8383e09bff1E68B3":487.8085421478042,"0x4de2ab8177fC5fFAFB7aD11FB8BeB1e5fB95F71C":69.40725572034164,"0x4eBdF703948ddCEA3B11f675B4D1Fba9d2414A14":47.97847603895995,"0x514910771AF9Ca656af840dff83E8264EcF986CA":106.65809521079164,"0x5228a22e72ccC52d415EcFd199F99D0665E7733b":50.147205975523626,"0x5426178799ee0a0181A89b4f57eFddfAb49941Ec":30.3220895710623,"0x5555f75e3d5278082200Fb451D1b6bA946D8e13b":56.19142574350256,"0x57a5a0567187FF4A8dcC1A9bBa86155E355878F2":1.0613733065420907,"0x58efE15C0404aB22F87E4495D71f6f2077e862bE":0.001248567846,"0x5905c0290e59aFBDc42a5480add9bD7B20CB3759":0.140702754819375,"0x59D9356E565Ab3A36dD77763Fc0d87fEaf85508C":529.5789244661828,"0x5BC25f649fc4e26069dDF4cF4010F9f706c23831":0.6845154656518964,"0x5Be6C45e2d074fAa20700C49aDA3E88a1cc0025d":16.701232632269413,"0x5Ca135cB8527d76e932f34B5145575F9d8cbE08E":53.396291911750986,"0x5E8422345238F34275888049021821E8E08CAa1f":15215.387541886317,"0x5b6C539b224014A09B3388e51CaAA8e354c959C8":347.7182019593618,"0x5e74C9036fb86BD7eCdcb084a0673EFc32eA31cb":185.20691215088098,"0x63a0964A36c34E81959da5894ad888800e17405b":21.494836570525585,"0x65D72AA8DA931F047169112fcf34f52DbaAE7D18":127.44512156824192,"0x661c70333AA1850CcDBAe82776Bb436A0fCfeEfB":43.22584965569756,"0x668308d77be3533c909a692302Cb4D135Bf8041C":0.05192701682017046,"0x66a1E37c9b0eAddca17d3662D6c05F4DECf3e110":0.10862144064263547,"0x674C6Ad92Fd080e4004b2312b45f796a192D27a0":1.1905218692775632,"0x68749665FF8D2d112Fa859AA293F07A622782F38":17.505516089830827,"0x6B175474E89094C44Da98b954EedeAC495271d0F":188.620460107067,"0x6C280dB098dB673d30d5B34eC04B6387185D3620":58.458022173492495,"0x6C5024Cd4F8A59110119C56f8933403A539555EB":111.65707474668963,"0x6ade6971Ca3d90990C30d39c78b0534C7166e07b":126.63155153696458,"0x6b5204B0Be36771253Cc38e88012E02B752f0f36":41.38718029048585,"0x6c3F90f043a72FA612cbac8115EE7e52BDe6E490":1049.2931232815704,"0x6c3ea9036406852006290770BEdFcAbA0e23A0e8":348.7830518719976,"0x6ef3D766Dfe02Dc4bF04aAe9122EB9A0Ded25615":0.026867953669067232,"0x73968b9a57c6E53d41345FD57a6E6ae27d6CDB2F":78.7029174298056,"0x73A15FeD60Bf67631dC6cd7Bc5B6e8da8190aCF5":0.161959257197206,"0x76237BCfDbe8e06FB774663add96216961df4ff3":20.642980898913258,"0x76Eb2FE28b36B3ee97F3Adae0C69606eeDB2A37c":730.5770179787288,"0x77E06c9eCCf2E797fd462A92B6D7642EF85b0A44":0.49156072188,"0x78da5799CF427Fee11e9996982F4150eCe7a99A7":41.59747352562337,"0x7988292D0FB141085c092132e2a70B30aA1eccAB":470.7452175138622,"0x7F17A6C77C3938D235b014818092eb6305BdA110":50.94547646891019,"0x7F86Bf177Dd4F3494b841a37e810A34dD56c829B":968.2320132128644,"0x7FA768E035F956c41d6aeaa3Bd857e7E5141CAd5":0.03650940685371903,"0x7ea4aD8C803653498bF6AC1D2dEbc04DCe8Fd2aD":104.64906134443498,"0x7f39C581F595B53c5cb19bD0b3f8dA6c935E2Ca0":328.8163419639109,"0x8064d9Ae6cDf087b1bcd5BDf3531bD5d8C537a68":69.27502472142689,"0x80d69e79258FE9D056c822461c4eb0B4ca8802E2":0.024855824887128095,"0x826180541412D574cf1336d22c0C0a287822678A":197.27558022080288,"0x830614aE209FF9d8706d386fcdBc7a55206fcffC":48.97604788915567,"0x83F20F44975D03b1b09e64809B757c47f942BEeA":445.048495502054,"0x84CeCB5525c6B1C20070E742da870062E84Da178":19.822389676458073,"0x853d955aCEf822Db058eb8505911ED77F175b99e":451.67323028879025,"0x856c4Efb76C1D1AE02e20CEB03A2A6a08b0b8dC3":1.658546039742431,"0x865377367054516e17014CcdED1e7d814EDC9ce4":507.72885997642004,"0x8682Fbf0CbF312C891532BA9F1A91e44f81ad7DF":486.7569479211868,"0x8C0D76C9B18779665475F3E212D9Ca1Ed6A1A0e6":385.75509408164925,"0x8C88538688aca3b733aD08b12BEe4574c0C00907":243.29871732899022,"0x8Cd52ee292313C4D851e71A7064F096504aB3eE9":2.854916316471175,"0x8c9532a60E0E7C6BbD2B2c1303F63aCE1c3E9811":0.0440143907215422,"0x8dAEBADE922dF735c38C80C7eBD708Af50815fAa":15.524704980803048,"0x8e595470Ed749b85C6F7669de83EAe304C2ec68F":19.64215982064704,"0x917ceE801a67f933F2e6b33fC0cD1ED2d5909D88":359.53772471491544,"0x9181f633E9B9F15A32d5e37094F4C93b333e0E92":0.4209182728303271,"0x922406EAFC3CcEb32b0256F287fB977c426EDbd8":0.029080337758078095,"0x954313005C56b555bdC41B84D6c63B69049d7847":440.5376138255629,"0x9559Aaa82d9649C7A7b220E7c461d2E74c9a3593":176.0247107948411,"0x95710BDE45C8D384A976Cc58Cc7a7e489576b098":0.5941810948685078,"0x961D4921e1718E633BAC8Ded88c4a1cAe44b785a":865.7630487212961,"0x9961BdBE8B7091E584c2bF9D0a160C583f564A8c":393.84646786012286,"0x99D8a9C45b2ecA8864373A26D1459e3Dff1e17F3":34.26636478040353,"0x9BE89D2a4cd102D8Fecc6BF9dA793be995C22541":666.2818497527114,"0x9D39A5DE30e57443BfF2A8307A4256c8797A3497":243.90475933516993,"0x9EEAD9ce15383CaEED975427340b3A369410CFBF":0.002910902176,"0x9FeE65D5A627e73212989c8BbEdC5Fa5Cae3821F":14.799862891856833,"0x9b77bd0a665F05995b68e36fC1053AFFfAf0d4B5":6.996822029909016,"0x9de1c3D446237ab9BaFF74127eb4F303802a2683":337.65837482739204,"0xA0b86991c6218b36c1d19D4a2e9Eb0cE3606eB48":1121.6227236260243,"0xA0d69E286B938e21CBf7E51D71F6A4c8918f482F":794.5134480496046,