{"0x0000000000085d4780B73119b644AE5ecd22b376":0.00846716535097646,"0x005F893EcD7bF9667195642f7649DA8163e23658":138.17437206684937,"0x0100546F2cD4C9D97f798fFC9755E47865FF7Ee6":163.62304033297946,"0x028171bCA77440897B824Ca71D1c56caC55b68A3":733.6795149720157,"0x0316EB71485b0Ab14103307bf65a021042c6d380":58.63170723818928,"0x03ab458634910AaD20eF5f1C8ee96F1D6ac54919":168.69998055227563,"0x04C154b66CB340F3Ae24111CC767e0184Ed00Cc6":282.404146943355,"0x067079c14B85169e6a29703769dadDef90816f4C":271.53621429822465,"0x075b1bb99792c9E1041bA13afEf80C91a1e70fB3":815.8020010639685,"0x085780639CC2cACd35E474e71f4d000e2405d8f6":1280.757743440716,"0x09b2E090531228d1b8E3d948C73b990Cb6e60720":477.39959657545137,"0x0E2EC54fC0B509F445631Bf4b91AB8168230C752":0.47155130787960897,"0x0E573Ce2736Dd9637A0b21058352e1667925C7a8":132.30982677773264,"0x0a5E677a6A24b2F1A2Bf4F3bFfC443231d2fDEc8":0.03458343978600436,"0x0bc529c00C6401aEF6D220BE8C6Ea1667F6Ad93e":5.260615132006876,"0x0d86883FAf4FfD7aEb116390af37746F45b6f378":191.56073946014396,"0x0dE54CFdfeD8005176f8b7A9D5438B45c4F1df1e":5.830998607244553,"0x1456688345527bE1f37E9e627DA0837D6f08C925":6.766932375809057,"0x16eAd9a10b1A77007E6E329B076aD1Fe97a6F7C0":58.95217239047725,"0x18084fbA666a33d37592fA2633fD49a74DD93a88":1472.7286790901248,"0x1830c553dC76d3447B69b7B0dC19CF9e3c739C78":83.31072585501504,"0x183395DbD0B5e93323a7286D1973150697FFFCB3":361.19521028472263,"0x196f4727526eA7FB1e17b2071B3d8eAA38486988":2.5275524599242125,"0x1c48f86ae57291F7686349F12601910BD8D470bb":1.2757665127302227,"0x1ce0D1E19c9514230FF8CD1DAbaC2555fb92122b":0,"0x2260FAC5E5542a773Aa44fBCfeDf7C193bc2C599":1727.127403624446,"0x2302aaBe69e6E7A1b0Aa23aAC68fcCB8A4D2B460":109.19455617511595,"0x2570f1bD5D2735314FC102eb12Fc1aFe9e6E7193":634.2151453085468,"0x25eC98773D7b4ceD4cAFaB96A2A1c0945f145e10":0,"0x29059568bB40344487d62f7450E78b8E6C74e0e5":149.66104652680622,"0x2b01d4FdB87eb7F2399E5D68631d8A939a323786":6.174104630626627,"0x31429d1856aD1377A8A0079410B297e1a9e214c2":469.65137407432667,"0x32bd822d615A3658A68b6fDD30c2fcb2C996D678":54.12138946991,"0x34635280737b5BFe6c7DC2FC3065D60d66e78185":428.02143004573617,"0x35282d87011f87508D457F08252Bc5bFa52E10A0":87.80915402165878,"0x35D8949372D46B7a3D5A56006AE77B215fc69bC0":2381.2034857363524,"0x35fA164735182de50811E8e2E824cFb9B6118ac2":1085.5732676974249,"0x383E6b4437b59fff47B619CBA855CA29342A8559":112.39236422331716,"0x38D64ce1Bdf1A9f24E0Ec469C9cAde61236fB4a0":198.58191043764336,"0x3A283D9c08E8b55966afb64C515f5143cf907611":3713.683803094042,"0x3Ed3B47Dd13EC9a98b44e6204A523E766B225811":419.7611607274594,"0x401322B9FDdba8c0a8D40fbCECE1D1752C12316B":444.56548867606784,"0x40D16FC0246aD3160Ccc09B8D0D3A2cD28aE6C2f":407.2299591052131,"0x4591DBfF62656E7859Afe5e45f6f47D3669fBB28":1024.5938960302758,"0x4647B6D835f3B393C7A955df51EEfcf0db961606":296.80598869926513,"0x466a756E9A7401B5e2444a3fCB3c2C12FBEa0a54":6.4316139248468325,"0x48759F220ED983dB51fA7A8C0D2AAb8f3ce4166a":1499.167094952457,"0x49446A0874197839D15395B908328a74ccc96Bc0":11.796056343471097,"0x4Fabb145d64652a948d72533023f6E7A623C7C53":0.029619330962729548,"0x4c9EDD5852cd905f086C759E8383e09bff1E68B3":5036.605143380806,"0x4de2ab8177fC5fFAFB7aD11FB8BeB1e5fB95F71C":160.4463538110104,"0x514910771AF9Ca656af840dff83E8264EcF986CA":107.19269787348047,"0x5228a22e72ccC52d415EcFd199F99D0665E7733b":48.83111937353994,"0x5426178799ee0a0181A89b4f57eFddfAb49941Ec":272.18328016992047,"0x5555f75e3d5278082200Fb451D1b6bA946D8e13b":70.80220263897442,"0x57a5a0567187FF4A8dcC1A9bBa86155E355878F2":1.1716080310465393,"0x58efE15C0404aB22F87E4495D71f6f2077e862bE":0.001248567846,"0x5905c0290e59aFBDc42a5480add9bD7B20CB3759":0.1788955150664852,"0x59D9356E565Ab3A36dD77763Fc0d87fEaf85508C":546.7452811965015,"0x5BC25f649fc4e26069dDF4cF4010F9f706c23831":3.4942717912456804,"0x5Ca135cB8527d76e932f34B5145575F9d8cbE08E":38.27360729586901,"0x5E8422345238F34275888049021821E8E08CAa1f":18243.935472418772,"0x5e74C9036fb86BD7eCdcb084a0673EFc32eA31cb":192.36596378888265,"0x62B9c7356A2Dc64a1969e19C23e4f579F9810Aa7":843.76068328974,"0x6359B6d3e327c497453d4376561eE276c6933323":216.4348564719683,"0x63a0964A36c34E81959da5894ad888800e17405b":17.617438070581173,"0x64351fC9810aDAd17A690E4e1717Df5e7e085160":1111.968201047436,"0x65D72AA8DA931F047169112fcf34f52DbaAE7D18":119.5027238743178,"0x661c70333AA1850CcDBAe82776Bb436A0fCfeEfB":46.748365996923134,"0x668308d77be3533c909a692302Cb4D135Bf8041C":0.05747725425120989,"0x66a1E37c9b0eAddca17d3662D6c05F4DECf3e110":0.10850597566132172,"0x674C6Ad92Fd080e4004b2312b45f796a192D27a0":4.539700125241212,"0x68749665FF8D2d112Fa859AA293F07A622782F38":8.814118396842549,"0x6B175474E89094C44Da98b954EedeAC495271d0F":3279.8640613121747,"0x6C5024Cd4F8A59110119C56f8933403A539555EB":126.33472734777887,"0x6ade6971Ca3d90990C30d39c78b0534C7166e07b":153.0911076990856,"0x6b5204B0Be36771253Cc38e88012E02B752f0f36":181.80362957247323,"0x6c3F90f043a72FA612cbac8115EE7e52BDe6E490":856.0207384231637,"0x6c3ea9036406852006290770BEdFcAbA0e23A0e8":1162.3452367199045,"0x6ef3D766Dfe02Dc4bF04aAe9122EB9A0Ded25615":0.0296826690941761,"0x73968b9a57c6E53d41345FD57a6E6ae27d6CDB2F":79.23226408577852,"0x73A15FeD60Bf67631dC6cd7Bc5B6e8da8190aCF5":7079.164468559243,"0x76237BCfDbe8e06FB774663add96216961df4ff3":10.112947132955707,"0x76Eb2FE28b36B3ee97F3Adae0C69606eeDB2A37c":745.7859613788366,"0x77E06c9eCCf2E797fd462A92B6D7642EF85b0A44":0.78563117724,"0x78da5799CF427Fee11e9996982F4150eCe7a99A7":46.45778572255825,"0x7988292D0FB141085c092132e2a70B30aA1eccAB":448.3692080131598,"0x7F17A6C77C3938D235b014818092eb6305BdA110":34.43088144077317,"0x7F86Bf177Dd4F3494b841a37e810A34dD56c829B":5660.484755929555,"0x7FA768E035F956c41d6aeaa3Bd857e7E5141CAd5":0.4920723604272282,"0x7ea4aD8C803653498bF6AC1D2dEbc04DCe8Fd2aD":122.57541703750474,"0x7f39C581F595B53c5cb19bD0b3f8dA6c935E2Ca0":1667.9118321789192,"0x8064d9Ae6cDf087b1bcd5BDf3531bD5d8C537a68":69.775442077916,"0x80d69e79258FE9D056c822461c4eb0B4ca8802E2":0.25650793952701334,"0x826180541412D574cf1336d22c0C0a287822678A":233.37173746613283,"0x830614aE209FF9d8706d386fcdBc7a55206fcffC":45.1799801475531,"0x83F20F44975D03b1b09e64809B757c47f942BEeA":3596.2344135259827,"0x84CeCB5525c6B1C20070E742da870062E84Da178":3.0354149813745526,"0x853d955aCEf822Db058eb8505911ED77F175b99e":1662.420338200055,"0x856c4Efb76C1D1AE02e20CEB03A2A6a08b0b8dC3":1.821975152018312,"0x865377367054516e17014CcdED1e7d814EDC9ce4":1473.464969714671,"0x8682Fbf0CbF312C891532BA9F1A91e44f81ad7DF":504.63295456239604,"0x8C0D76C9B18779665475F3E212D9Ca1Ed6A1A0e6":568.9876956724529,"0x8C88538688aca3b733aD08b12BEe4574c0C00907":432.4826671617724,"0x8E870D67F660D95d5be530380D0eC0bd388289E1":0.007676933965674135,"0x8c9532a60E0E7C6BbD2B2c1303F63aCE1c3E9811":1.19757303225753,"0x8dAEBADE922dF735c38C80C7eBD708Af50815fAa":8.881918926388938,"0x8e595470Ed749b85C6F7669de83EAe304C2ec68F":37.56072045731236,"0x917ceE801a67f933F2e6b33fC0cD1ED2d5909D88":490.38785778560856,"0x9181f633E9B9F15A32d5e37094F4C93b333e0E92":1.170723399557097,"0x922406EAFC3CcEb32b0256F287fB977c426EDbd8":0.029049628921405567,"0x954313005C56b555bdC41B84D6c63B69049d7847":449.87783342183934,"0x9559Aaa82d9649C7A7b220E7c461d2E74c9a3593":192.65226708547712,"0x95710BDE45C8D384A976Cc58Cc7a7e489576b098":2.3764817237968745,"0x961D4921e1718E633BAC8Ded88c4a1cAe44b785a":1006.7760664276418,"0x9961BdBE8B7091E584c2bF9D0a160C583f564A8c":383.62156436781976,"0x99D8a9C45b2ecA8864373A26D1459e3Dff1e17F3":4885.832804846635,"0x9BE89D2a4cd102D8Fecc6BF9dA793be995C22541":734.3037955380662,"0x9D39A5DE30e57443BfF2A8307A4256c8797A3497":3631.0259451230186,"0x9EEAD9ce15383CaEED975427340b3A369410CFBF":4.214801475175421,"0x9FeE65D5A627e73212989c8BbEdC5Fa5Cae3821F":3.750800778749182,"0x9de1c3D446237ab9BaFF74127eb4F303802a2683":442.49219362145817,"0xA0b86991c6218b36c1d19D4a2e9Eb0cE3606eB48":44758.16872268934,"0xA0d69E286B938e21CBf7E51D71F6A4c8918f482F":1079.0275715161706,"0xA1290d69c65A6Fe4DF752f95823fae25cB99e5A7":568.4876307666709,"0xA35b1B31Ce002FBF2058D22F30f95D405200A15b":1.9154418652266239,