{"0x0000000000085d4780B73119b644AE5ecd22b376":211.38472166278876,"0x0000000016E6Cb3038203c1129c8B4aEE7af7a11":1.7004157804957745,"0x005F893EcD7bF9667195642f7649DA8163e23658":144.9425261871978,"0x0100546F2cD4C9D97f798fFC9755E47865FF7Ee6":353.52651568393753,"0x028171bCA77440897B824Ca71D1c56caC55b68A3":1184.6293590379416,"0x0316EB71485b0Ab14103307bf65a021042c6d380":0.026319245273090038,"0x03ab458634910AaD20eF5f1C8ee96F1D6ac54919":240.7988400824933,"0x04C154b66CB340F3Ae24111CC767e0184Ed00Cc6":255.01096585990416,"0x051d7e5609917Bd9b73f04BAc0DED8Dd46a74301":351.33820287005517,"0x056Fd409E1d7A124BD7017459dFEa2F387b6d5Cd":308.78749050003927,"0x067079c14B85169e6a29703769dadDef90816f4C":542.6616688447424,"0x075b1bb99792c9E1041bA13afEf80C91a1e70fB3":561.2948845207607,"0x085780639CC2cACd35E474e71f4d000e2405d8f6":428.1784264201718,"0x09db87A538BD693E9d08544577d5cCfAA6373A48":70.82602225398571,"0x0E2EC54fC0B509F445631Bf4b91AB8168230C752":0.47107909172233864,"0x0E573Ce2736Dd9637A0b21058352e1667925C7a8":131.94869250153917,"0x0a5E677a6A24b2F1A2Bf4F3bFfC443231d2fDEc8":0.0953692343052352,"0x0bc529c00C6401aEF6D220BE8C6Ea1667F6Ad93e":13.701608238834751,"0x0d86883FAf4FfD7aEb116390af37746F45b6f378":285.7804838935491,"0x0dE54CFdfeD8005176f8b7A9D5438B45c4F1df1e":5.833425133479118,"0x137469B55D1f15651BA46A89D0588e97dD0B6562":206.28685002122134,"0x1456688345527bE1f37E9e627DA0837D6f08C925":0.8558757470901264,"0x15700B564Ca08D9439C58cA5053166E8317aa138":147.24035994293746,"0x16eAd9a10b1A77007E6E329B076aD1Fe97a6F7C0":146.69393919584914,"0x18084fbA666a33d37592fA2633fD49a74DD93a88":11.478431828652186,"0x1830c553dC76d3447B69b7B0dC19CF9e3c739C78":73.81452116250566,"0x183395DbD0B5e93323a7286D1973150697FFFCB3":481.46156279585114,"0x196f4727526eA7FB1e17b2071B3d8eAA38486988":2.565031121802588,"0x1BED97CBC3c24A4fb5C069C6E311a967386131f7":250.35095339810886,"0x1aBaEA1f7C830bD89Acc67eC4af516284b1bC33c":111.19715665927609,"0x1c48f86ae57291F7686349F12601910BD8D470bb":1.3228300906606005,"0x1ce0D1E19c9514230FF8CD1DAbaC2555fb92122b":0,"0x2191DF768ad71140F9F3E96c1e4407A4aA31d082":24.803952743266137,"0x2260FAC5E5542a773Aa44fBCfeDf7C193bc2C599":18.0727046812643,"0x2302aaBe69e6E7A1b0Aa23aAC68fcCB8A4D2B460":102.10697388134021,"0x2570f1bD5D2735314FC102eb12Fc1aFe9e6E7193":22.394735915347518,"0x25eC98773D7b4ceD4cAFaB96A2A1c0945f145e10":0,"0x29059568bB40344487d62f7450E78b8E6C74e0e5":517.6302586050209,"0x2b01d4FdB87eb7F2399E5D68631d8A939a323786":227.81605899199826,"0x3175Df0976dFA876431C2E9eE6Bc45b65d3473CC":0.0000387288969110303,"0x3231Cb76718CDeF2155FC47b5286d82e6eDA273f":322.26190726034076,"0x32bd822d615A3658A68b6fDD30c2fcb2C996D678":272.09023685512545,"0x3432B6A60D23Ca0dFCa7761B7ab56459D9C964D0":277.2403477628558,"0x34635280737b5BFe6c7DC2FC3065D60d66e78185":246.7246653369908,"0x35282d87011f87508D457F08252Bc5bFa52E10A0":151.17265610353994,"0x35D8949372D46B7a3D5A56006AE77B215fc69bC0":1407.1697669700968,"0x35fA164735182de50811E8e2E824cFb9B6118ac2":894.5448063905557,"0x365AccFCa291e7D3914637ABf1F7635dB165Bb09":488.26381280658217,"0x383E6b4437b59fff47B619CBA855CA29342A8559":185.6565965543154,"0x38D64ce1Bdf1A9f24E0Ec469C9cAde61236fB4a0":216.65366609683753,"0x393DaD6c76D962Abba489a77dBf37ae948A4A6ee":116.32744270311484,"0x3A2725556Dde7B21fBe3dD64A4913ff29faba6A1":0.027314003481948394,"0x3A283D9c08E8b55966afb64C515f5143cf907611":2454.991380916595,"0x3Ed3B47Dd13EC9a98b44e6204A523E766B225811":4.429223,"0x3f0e7916681452D23Cd36B1281457DA721F2E5dF":43.442918889592434,"0x40D16FC0246aD3160Ccc09B8D0D3A2cD28aE6C2f":269.04230597785084,"0x4591DBfF62656E7859Afe5e45f6f47D3669fBB28":217.71607957535394,"0x4647B6D835f3B393C7A955df51EEfcf0db961606":260.86473469735904,"0x466a756E9A7401B5e2444a3fCB3c2C12FBEa0a54":46.30426299858431,"0x48759F220ED983dB51fA7A8C0D2AAb8f3ce4166a":2403.4710783608048,"0x49446A0874197839D15395B908328a74ccc96Bc0":27.73441286200399,"0x4AE86d8732390d852A13cb918463BC6e5775FaDD":155.16654541863898,"0x4D1941a887eC788F059b3bfcC8eE1E97b968825B":301.0590755663393,"0x4DEcE678ceceb27446b35C672dC7d61F30bAD69E":436.47556001408935,"0x4Fabb145d64652a948d72533023f6E7A623C7C53":0.03970918664604729,"0x4c9EDD5852cd905f086C759E8383e09bff1E68B3":2592.7282596504733,"0x4de2ab8177fC5fFAFB7aD11FB8BeB1e5fB95F71C":398.6018603290583,"0x4eBdF703948ddCEA3B11f675B4D1Fba9d2414A14":1414.241964709356,"0x514910771AF9Ca656af840dff83E8264EcF986CA":76.61195220057108,"0x5228a22e72ccC52d415EcFd199F99D0665E7733b":51.84048928542908,"0x5271045F7B73c17825A7A7aee6917eE46b0B7520":177.39898864678995,"0x5426178799ee0a0181A89b4f57eFddfAb49941Ec":59.77250823031496,"0x5555f75e3d5278082200Fb451D1b6bA946D8e13b":109.56325305663078,"0x57Ab1ec28D129707052df4dF418D58a2D46d5f51":152.3071459484313,"0x57a5a0567187FF4A8dcC1A9bBa86155E355878F2":0.7737080277110535,"0x58efE15C0404aB22F87E4495D71f6f2077e862bE":0.001248567846,"0x5905c0290e59aFBDc42a5480add9bD7B20CB3759":0.17791286900542672,"0x59D9356E565Ab3A36dD77763Fc0d87fEaf85508C":179.86441008134773,"0x5BC25f649fc4e26069dDF4cF4010F9f706c23831":3.1020442985806906,"0x5Be6C45e2d074fAa20700C49aDA3E88a1cc0025d":365.20968119985065,"0x5Ca135cB8527d76e932f34B5145575F9d8cbE08E":52.91165707214075,"0x5E8422345238F34275888049021821E8E08CAa1f":13682.370442284015,"0x5Ea630e00D6eE438d3deA1556A110359ACdc10A9":264.4561195067651,"0x5b6C539b224014A09B3388e51CaAA8e354c959C8":43.85295920515736,"0x5e74C9036fb86BD7eCdcb084a0673EFc32eA31cb":7.242707335104298,"0x6359B6d3e327c497453d4376561eE276c6933323":237.91677800950012,"0x63a0964A36c34E81959da5894ad888800e17405b":253.51238611945297,"0x65D72AA8DA931F047169112fcf34f52DbaAE7D18":354.19542880684145,"0x65f228ED6a6001eD6485535e0Dc33E525734f54c":36.41330184448362,"0x661c70333AA1850CcDBAe82776Bb436A0fCfeEfB":78.46411245558578,"0x6663b6D50992ef4fc0380199397c87C2f5256075":100.55838037973041,"0x668308d77be3533c909a692302Cb4D135Bf8041C":0.04116495600082016,"0x66a1E37c9b0eAddca17d3662D6c05F4DECf3e110":20.442572827611627,"0x674C6Ad92Fd080e4004b2312b45f796a192D27a0":4.9751187555547585,"0x677ddbd918637E5F2c79e164D402454dE7dA8619":3.6946092422790637,"0x68749665FF8D2d112Fa859AA293F07A622782F38":13.947648755210574,"0x69000405f9DcE69BD4Cbf4f2865b79144A69BFE0":0.00003895343713659344,"0x6B175474E89094C44Da98b954EedeAC495271d0F":5425.577910650426,"0x6C280dB098dB673d30d5B34eC04B6387185D3620":277.7748943736723,"0x6C5024Cd4F8A59110119C56f8933403A539555EB":120.36698510464475,"0x6C9815826FdF8c7a45cCfEd2064dbaB33a078712":59.42276385058984,"0x6ade6971Ca3d90990C30d39c78b0534C7166e07b":184.04598759491145,"0x6b5204B0Be36771253Cc38e88012E02B752f0f36":162.96025639580887,"0x6c3F90f043a72FA612cbac8115EE7e52BDe6E490":823.3923139858671,"0x6c3ea9036406852006290770BEdFcAbA0e23A0e8":245.60766190900125,"0x6e52cCe4EaFDf77091dD1c82183b2D97b776b397":180.71388884189474,"0x6ef3D766Dfe02Dc4bF04aAe9122EB9A0Ded25615":0.03930755198071125,"0x7223442cad8e9cA474fC40109ab981608F8c4273":87.18002136746092,"0x73968b9a57c6E53d41345FD57a6E6ae27d6CDB2F":91.62710320878047,"0x73A15FeD60Bf67631dC6cd7Bc5B6e8da8190aCF5":998.2141511700236,"0x752B4c6e92d96467fE9b9a2522EF07228E00F87c":21.469208267617333,"0x76237BCfDbe8e06FB774663add96216961df4ff3":29.993515372468078,"0x76Eb2FE28b36B3ee97F3Adae0C69606eeDB2A37c":1187.2253463220723,"0x77E06c9eCCf2E797fd462A92B6D7642EF85b0A44":0.83563637696,"0x78da5799CF427Fee11e9996982F4150eCe7a99A7":85.30911040544483,"0x7988292D0FB141085c092132e2a70B30aA1eccAB":455.0215956225789,"0x7F17A6C77C3938D235b014818092eb6305BdA110":144.2469328305301,"0x7F86Bf177Dd4F3494b841a37e810A34dD56c829B":5674.6976107284,"0x7FA768E035F956c41d6aeaa3Bd857e7E5141CAd5":0.3543377588353504,"0x7ea4aD8C803653498bF6AC1D2dEbc04DCe8Fd2aD":102.66962985275076,"0x7f39C581F595B53c5cb19bD0b3f8dA6c935E2Ca0":721.3681115959978,"0x8064d9Ae6cDf087b1bcd5BDf3531bD5d8C537a68":70.18838536765621,"0x808507121B80c02388fAd14726482e061B8da827":203.37612023896122,"0x80d69e79258FE9D056c822461c4eb0B4ca8802E2":0.18420245139204813,"0x826180541412D574cf1336d22c0C0a287822678A":166.33837340351386,"0x830614aE209FF9d8706d386fcdBc7a55206fcffC":37.032689215758644,