{"0x0000000000085d4780B73119b644AE5ecd22b376":207.770380211132,"0x0000000016E6Cb3038203c1129c8B4aEE7af7a11":2.3042469423521283,"0x005F893EcD7bF9667195642f7649DA8163e23658":176.5151815688595,"0x0100546F2cD4C9D97f798fFC9755E47865FF7Ee6":452.7186639884597,"0x028171bCA77440897B824Ca71D1c56caC55b68A3":842.734654908003,"0x0316EB71485b0Ab14103307bf65a021042c6d380":0.021488865166067274,"0x03ab458634910AaD20eF5f1C8ee96F1D6ac54919":1.2742398887286044,"0x04C154b66CB340F3Ae24111CC767e0184Ed00Cc6":438.21727604455987,"0x051d7e5609917Bd9b73f04BAc0DED8Dd46a74301":388.5393219149726,"0x056Fd409E1d7A124BD7017459dFEa2F387b6d5Cd":559.9849237320942,"0x067079c14B85169e6a29703769dadDef90816f4C":436.3223598018586,"0x075b1bb99792c9E1041bA13afEf80C91a1e70fB3":778.4846480314297,"0x085780639CC2cACd35E474e71f4d000e2405d8f6":966.0435494022518,"0x0E2EC54fC0B509F445631Bf4b91AB8168230C752":0.47147716020261127,"0x0E573Ce2736Dd9637A0b21058352e1667925C7a8":138.92134121095077,"0x0a5E677a6A24b2F1A2Bf4F3bFfC443231d2fDEc8":0.08372322158181801,"0x0bc529c00C6401aEF6D220BE8C6Ea1667F6Ad93e":14.851415167941184,"0x0d86883FAf4FfD7aEb116390af37746F45b6f378":261.35251100238656,"0x0dE54CFdfeD8005176f8b7A9D5438B45c4F1df1e":0.4374372263749999,"0x137469B55D1f15651BA46A89D0588e97dD0B6562":235.80492860041628,"0x1456688345527bE1f37E9e627DA0837D6f08C925":6.78625467738075,"0x15700B564Ca08D9439C58cA5053166E8317aa138":768.6885714012212,"0x16eAd9a10b1A77007E6E329B076aD1Fe97a6F7C0":109.44194134345858,"0x18084fbA666a33d37592fA2633fD49a74DD93a88":437.54719921859135,"0x183395DbD0B5e93323a7286D1973150697FFFCB3":335.9022733037587,"0x196f4727526eA7FB1e17b2071B3d8eAA38486988":2.5687773491138564,"0x1BED97CBC3c24A4fb5C069C6E311a967386131f7":328.4393523614228,"0x1a7e4e63778B4f12a199C062f3eFdD288afCBce8":322.0035495615352,"0x1aBaEA1f7C830bD89Acc67eC4af516284b1bC33c":481.6258080950378,"0x1c48f86ae57291F7686349F12601910BD8D470bb":1.3083519227742981,"0x1ce0D1E19c9514230FF8CD1DAbaC2555fb92122b":0,"0x2191DF768ad71140F9F3E96c1e4407A4aA31d082":15.333267070800213,"0x2260FAC5E5542a773Aa44fBCfeDf7C193bc2C599":432.2774491638314,"0x2302aaBe69e6E7A1b0Aa23aAC68fcCB8A4D2B460":154.62734451581937,"0x2570f1bD5D2735314FC102eb12Fc1aFe9e6E7193":187.53499357332282,"0x25eC98773D7b4ceD4cAFaB96A2A1c0945f145e10":5.854911614867918,"0x2889302a794dA87fBF1D6Db415C1492194663D13":252.909292116453,"0x29059568bB40344487d62f7450E78b8E6C74e0e5":30.460718448665904,"0x2b01d4FdB87eb7F2399E5D68631d8A939a323786":300.6425710502791,"0x3175Df0976dFA876431C2E9eE6Bc45b65d3473CC":9.257169769502192e-7,"0x3231Cb76718CDeF2155FC47b5286d82e6eDA273f":324.4130080633585,"0x32bd822d615A3658A68b6fDD30c2fcb2C996D678":333.490297190889,"0x3432B6A60D23Ca0dFCa7761B7ab56459D9C964D0":355.5147567772188,"0x34635280737b5BFe6c7DC2FC3065D60d66e78185":265.3438324184952,"0x35282d87011f87508D457F08252Bc5bFa52E10A0":148.97092144279813,"0x35D8949372D46B7a3D5A56006AE77B215fc69bC0":175.7706393926901,"0x35fA164735182de50811E8e2E824cFb9B6118ac2":1145.146753911265,"0x365AccFCa291e7D3914637ABf1F7635dB165Bb09":345.8018324528147,"0x383E6b4437b59fff47B619CBA855CA29342A8559":171.76242882753255,"0x38D64ce1Bdf1A9f24E0Ec469C9cAde61236fB4a0":265.5016192065142,"0x393DaD6c76D962Abba489a77dBf37ae948A4A6ee":146.27839973305444,"0x3A2725556Dde7B21fBe3dD64A4913ff29faba6A1":0.037186042270948155,"0x3A283D9c08E8b55966afb64C515f5143cf907611":2028.9983807640933,"0x3Ed3B47Dd13EC9a98b44e6204A523E766B225811":351.7419269805816,"0x3f0e7916681452D23Cd36B1281457DA721F2E5dF":17.160173334853464,"0x401322B9FDdba8c0a8D40fbCECE1D1752C12316B":350.8551940856665,"0x40D16FC0246aD3160Ccc09B8D0D3A2cD28aE6C2f":485.74370799878176,"0x4591DBfF62656E7859Afe5e45f6f47D3669fBB28":113.41293249556583,"0x4647B6D835f3B393C7A955df51EEfcf0db961606":10.950237040316162,"0x466a756E9A7401B5e2444a3fCB3c2C12FBEa0a54":316.39643880064096,"0x48759F220ED983dB51fA7A8C0D2AAb8f3ce4166a":1656.6817893257796,"0x49446A0874197839D15395B908328a74ccc96Bc0":25.58437839488074,"0x4AE86d8732390d852A13cb918463BC6e5775FaDD":140.81267128508597,"0x4D1941a887eC788F059b3bfcC8eE1E97b968825B":338.7027529936493,"0x4DEcE678ceceb27446b35C672dC7d61F30bAD69E":440.45509873143465,"0x4Fabb145d64652a948d72533023f6E7A623C7C53":0.03373598223054035,"0x4c9EDD5852cd905f086C759E8383e09bff1E68B3":2178.5842000578637,"0x4de2ab8177fC5fFAFB7aD11FB8BeB1e5fB95F71C":374.91669315691024,"0x4eBdF703948ddCEA3B11f675B4D1Fba9d2414A14":359.10335285294406,"0x514910771AF9Ca656af840dff83E8264EcF986CA":100.9942702693038,"0x5228a22e72ccC52d415EcFd199F99D0665E7733b":61.07041118694204,"0x5426178799ee0a0181A89b4f57eFddfAb49941Ec":475.37586429152026,"0x5555f75e3d5278082200Fb451D1b6bA946D8e13b":142.7400880484281,"0x57a5a0567187FF4A8dcC1A9bBa86155E355878F2":1.121839442384908,"0x58efE15C0404aB22F87E4495D71f6f2077e862bE":0.00124693222212174,"0x5905c0290e59aFBDc42a5480add9bD7B20CB3759":0.19211404689574563,"0x59D9356E565Ab3A36dD77763Fc0d87fEaf85508C":86.16213030004064,"0x5BC25f649fc4e26069dDF4cF4010F9f706c23831":3.889523744353756,"0x5Be6C45e2d074fAa20700C49aDA3E88a1cc0025d":384.866673789961,"0x5Ca135cB8527d76e932f34B5145575F9d8cbE08E":39.807591216697034,"0x5E8422345238F34275888049021821E8E08CAa1f":16473.04087830026,"0x5Ea630e00D6eE438d3deA1556A110359ACdc10A9":371.3755524570017,"0x5b6C539b224014A09B3388e51CaAA8e354c959C8":579.6399766883736,"0x5e74C9036fb86BD7eCdcb084a0673EFc32eA31cb":1.7654931754083711,"0x6359B6d3e327c497453d4376561eE276c6933323":308.87521615910435,"0x63a0964A36c34E81959da5894ad888800e17405b":284.3698546906331,"0x65D72AA8DA931F047169112fcf34f52DbaAE7D18":145.07777337779584,"0x65f228ED6a6001eD6485535e0Dc33E525734f54c":45.10956677685873,"0x661c70333AA1850CcDBAe82776Bb436A0fCfeEfB":58.24611054464457,"0x6663b6D50992ef4fc0380199397c87C2f5256075":44.529568983575054,"0x668308d77be3533c909a692302Cb4D135Bf8041C":0.05470352564357906,"0x66a1E37c9b0eAddca17d3662D6c05F4DECf3e110":18.76743020177506,"0x674C6Ad92Fd080e4004b2312b45f796a192D27a0":6.597984902889212,"0x677ddbd918637E5F2c79e164D402454dE7dA8619":1.028394856559309,"0x68749665FF8D2d112Fa859AA293F07A622782F38":13.040276586004952,"0x69000405f9DcE69BD4Cbf4f2865b79144A69BFE0":0,"0x6B175474E89094C44Da98b954EedeAC495271d0F":1434.0511049324514,"0x6C280dB098dB673d30d5B34eC04B6387185D3620":317.08793478770065,"0x6C5024Cd4F8A59110119C56f8933403A539555EB":130.42695901251508,"0x6C9815826FdF8c7a45cCfEd2064dbaB33a078712":23.729767531435662,"0x6b5204B0Be36771253Cc38e88012E02B752f0f36":235.23854266659131,"0x6c3F90f043a72FA612cbac8115EE7e52BDe6E490":465.9999885192153,"0x6c3ea9036406852006290770BEdFcAbA0e23A0e8":568.9205700271679,"0x6e52cCe4EaFDf77091dD1c82183b2D97b776b397":250.1043189325409,"0x6ef3D766Dfe02Dc4bF04aAe9122EB9A0Ded25615":0.08328361230435827,"0x7223442cad8e9cA474fC40109ab981608F8c4273":76.57171572321224,"0x73968b9a57c6E53d41345FD57a6E6ae27d6CDB2F":114.44676651282926,"0x73A15FeD60Bf67631dC6cd7Bc5B6e8da8190aCF5":594.6650559378464,"0x752B4c6e92d96467fE9b9a2522EF07228E00F87c":49.18831456757555,"0x76237BCfDbe8e06FB774663add96216961df4ff3":18.261308300332093,"0x76Eb2FE28b36B3ee97F3Adae0C69606eeDB2A37c":890.6871938576782,"0x77E06c9eCCf2E797fd462A92B6D7642EF85b0A44":0.95125165196,"0x78da5799CF427Fee11e9996982F4150eCe7a99A7":78.62221339465384,"0x7F17A6C77C3938D235b014818092eb6305BdA110":115.32108898666918,"0x7F86Bf177Dd4F3494b841a37e810A34dD56c829B":624.9329279542216,"0x7FA768E035F956c41d6aeaa3Bd857e7E5141CAd5":0.47205604048852673,"0x7f39C581F595B53c5cb19bD0b3f8dA6c935E2Ca0":503.7787366683181,"0x8064d9Ae6cDf087b1bcd5BDf3531bD5d8C537a68":72.3629372851396,"0x808507121B80c02388fAd14726482e061B8da827":283.7801776447196,"0x80d69e79258FE9D056c822461c4eb0B4ca8802E2":0.24604291130617428,"0x826180541412D574cf1336d22c0C0a287822678A":207.48329666620936,"0x8282BD15dcA2EA2bDf24163E8f2781B30C43A2ef":325.1895230920384,"0x830614aE209FF9d8706d386fcdBc7a55206fcffC":47.53450273201157,"0x83F20F44975D03b1b09e64809B757c47f942BEeA":2364.9609723367616,"0x853d955aCEf822Db058eb8505911ED77F175b99e":1013.3539961184154,"0x856c4Efb76C1D1AE02e20CEB03A2A6a08b0b8dC3":311.75027423583606,