{"0x0000000000085d4780B73119b644AE5ecd22b376":215.92284283587819,"0x0000000016E6Cb3038203c1129c8B4aEE7af7a11":1.0997176280301155,"0x00000000eFE302BEAA2b3e6e1b18d08D69a9012a":135.8675821976453,"0x005F893EcD7bF9667195642f7649DA8163e23658":170.35104627885642,"0x0100546F2cD4C9D97f798fFC9755E47865FF7Ee6":390.26512563592377,"0x028171bCA77440897B824Ca71D1c56caC55b68A3":1073.38077162127,"0x0316EB71485b0Ab14103307bf65a021042c6d380":0.2551221923068746,"0x03ab458634910AaD20eF5f1C8ee96F1D6ac54919":202.2569733127211,"0x04C154b66CB340F3Ae24111CC767e0184Ed00Cc6":460.2127861496894,"0x051d7e5609917Bd9b73f04BAc0DED8Dd46a74301":365.48060319372195,"0x067079c14B85169e6a29703769dadDef90816f4C":662.7489806580855,"0x075b1bb99792c9E1041bA13afEf80C91a1e70fB3":408.3626879298909,"0x085780639CC2cACd35E474e71f4d000e2405d8f6":879.873108915005,"0x08ceA8E5B4551722dEB97113C139Dd83C26c5398":0.02176891684834895,"0x09db87A538BD693E9d08544577d5cCfAA6373A48":211.9163487703188,"0x0E2EC54fC0B509F445631Bf4b91AB8168230C752":0.4713630560289245,"0x0E573Ce2736Dd9637A0b21058352e1667925C7a8":143.17083528798048,"0x0F83287FF768D1c1e17a42F44d644D7F22e8ee1d":60.915463198074605,"0x0a5E677a6A24b2F1A2Bf4F3bFfC443231d2fDEc8":0.18027791268745522,"0x0bc529c00C6401aEF6D220BE8C6Ea1667F6Ad93e":22.269100884639997,"0x0d86883FAf4FfD7aEb116390af37746F45b6f378":723.3344637838483,"0x0dE54CFdfeD8005176f8b7A9D5438B45c4F1df1e":4.7442069138640255,"0x127091edE112aEd7Bae281747771b3150Bb047bB":2.513120637260324,"0x137469B55D1f15651BA46A89D0588e97dD0B6562":225.076253202938,"0x15700B564Ca08D9439C58cA5053166E8317aa138":1077.3996268341502,"0x16eAd9a10b1A77007E6E329B076aD1Fe97a6F7C0":198.99127597617652,"0x18084fbA666a33d37592fA2633fD49a74DD93a88":99.70253906115612,"0x1830c553dC76d3447B69b7B0dC19CF9e3c739C78":99.43624257749602,"0x196f4727526eA7FB1e17b2071B3d8eAA38486988":1.9723254995307833,"0x1BED97CBC3c24A4fb5C069C6E311a967386131f7":270.036700728411,"0x1CC481cE2BD2EC7Bf67d1Be64d4878b16078F309":128.27699786280596,"0x1a7e4e63778B4f12a199C062f3eFdD288afCBce8":84.5590951153371,"0x1aBaEA1f7C830bD89Acc67eC4af516284b1bC33c":283.1423960481844,"0x1bEFB9B02f7Fc821B96aC1FE2cAF881FdF72b771":3.371465921339054,"0x1c48f86ae57291F7686349F12601910BD8D470bb":1.1276749367119705,"0x1ce0D1E19c9514230FF8CD1DAbaC2555fb92122b":0,"0x2191DF768ad71140F9F3E96c1e4407A4aA31d082":23.621103068592813,"0x2260FAC5E5542a773Aa44fBCfeDf7C193bc2C599":6.551953921151041,"0x22CF19EB64226e0E1A79c69b345b31466fD273A7":4.195208478361731,"0x2302aaBe69e6E7A1b0Aa23aAC68fcCB8A4D2B460":136.07001937467516,"0x2570f1bD5D2735314FC102eb12Fc1aFe9e6E7193":68.36406665720523,"0x25eC98773D7b4ceD4cAFaB96A2A1c0945f145e10":0,"0x2889302a794dA87fBF1D6Db415C1492194663D13":3008.3833695051208,"0x2b01d4FdB87eb7F2399E5D68631d8A939a323786":251.54728150925217,"0x2bd1F344a2398340C2b1119Da98816eA723F5F0f":0.25218832064663793,"0x3175Df0976dFA876431C2E9eE6Bc45b65d3473CC":0.00003872906208919157,"0x3231Cb76718CDeF2155FC47b5286d82e6eDA273f":336.87330948497527,"0x32bd822d615A3658A68b6fDD30c2fcb2C996D678":304.6341678928537,"0x3432B6A60D23Ca0dFCa7761B7ab56459D9C964D0":32.58506475224387,"0x34635280737b5BFe6c7DC2FC3065D60d66e78185":388.3911427216252,"0x35282d87011f87508D457F08252Bc5bFa52E10A0":160.73075864319517,"0x3570E17b1F2DdFD73FBE437F34A34d1D54219138":0.845355014228661,"0x35D8949372D46B7a3D5A56006AE77B215fc69bC0":743.8878755778995,"0x35fA164735182de50811E8e2E824cFb9B6118ac2":994.9106939548965,"0x383E6b4437b59fff47B619CBA855CA29342A8559":198.68817618685733,"0x38D64ce1Bdf1A9f24E0Ec469C9cAde61236fB4a0":265.85823888196313,"0x390f3595bCa2Df7d23783dFd126427CCeb997BF4":24257.762427223246,"0x393DaD6c76D962Abba489a77dBf37ae948A4A6ee":152.93374628947768,"0x3A2725556Dde7B21fBe3dD64A4913ff29faba6A1":0.029391885699543922,"0x3A283D9c08E8b55966afb64C515f5143cf907611":10105.237992086735,"0x3Ed3B47Dd13EC9a98b44e6204A523E766B225811":0.000055,"0x3f0e7916681452D23Cd36B1281457DA721F2E5dF":81.2308177806247,"0x401322B9FDdba8c0a8D40fbCECE1D1752C12316B":296.97223853143305,"0x40D16FC0246aD3160Ccc09B8D0D3A2cD28aE6C2f":282.1733161062858,"0x4591DBfF62656E7859Afe5e45f6f47D3669fBB28":278.83974674494937,"0x4647B6D835f3B393C7A955df51EEfcf0db961606":666.317733547783,"0x466a756E9A7401B5e2444a3fCB3c2C12FBEa0a54":63.45080707511242,"0x4704aB1fb693ce163F7c9D3A31b3FF4eaF797714":0.3725160013179088,"0x48759F220ED983dB51fA7A8C0D2AAb8f3ce4166a":2415.0151826545366,"0x49446A0874197839D15395B908328a74ccc96Bc0":69.5224495285975,"0x4AE86d8732390d852A13cb918463BC6e5775FaDD":391.25786560495163,"0x4D1941a887eC788F059b3bfcC8eE1E97b968825B":376.77136536599886,"0x4D55a36902a6546A79ec4c9c315241De746D5fC3":0,"0x4DEcE678ceceb27446b35C672dC7d61F30bAD69E":31283.27444721454,"0x4Fabb145d64652a948d72533023f6E7A623C7C53":0.03965531544178623,"0x4c9EDD5852cd905f086C759E8383e09bff1E68B3":3656.599548395862,"0x4de2ab8177fC5fFAFB7aD11FB8BeB1e5fB95F71C":579.8254995924589,"0x4e3FBD56CD56c3e72c1403e103b45Db9da5B9D2B":2.2829549119725154,"0x4eBdF703948ddCEA3B11f675B4D1Fba9d2414A14":6408.123638097798,"0x5271045F7B73c17825A7A7aee6917eE46b0B7520":384.8614545238215,"0x527331F3F550f6f85ACFEcAB9Cc0889180C6f1d5":414.95258530641405,"0x5426178799ee0a0181A89b4f57eFddfAb49941Ec":292.61621485134833,"0x5555f75e3d5278082200Fb451D1b6bA946D8e13b":120.52761714646464,"0x57Ab1ec28D129707052df4dF418D58a2D46d5f51":157.60796962552425,"0x57a5a0567187FF4A8dcC1A9bBa86155E355878F2":0.12471422913231715,"0x58efE15C0404aB22F87E4495D71f6f2077e862bE":0.001247991007655148,"0x5905c0290e59aFBDc42a5480add9bD7B20CB3759":0.1740891147109459,"0x59D9356E565Ab3A36dD77763Fc0d87fEaf85508C":458.7898093972464,"0x5Be6C45e2d074fAa20700C49aDA3E88a1cc0025d":786.406732678734,"0x5Ca135cB8527d76e932f34B5145575F9d8cbE08E":58.494891713460156,"0x5E8422345238F34275888049021821E8E08CAa1f":14506.005784134453,"0x5Ea630e00D6eE438d3deA1556A110359ACdc10A9":424.4208311184609,"0x5b6C539b224014A09B3388e51CaAA8e354c959C8":320.87391873948053,"0x5ca0313D44551e32e0d7a298EC024321c4BC59B4":7.195139447338833,"0x5e74C9036fb86BD7eCdcb084a0673EFc32eA31cb":7.866497433521797,"0x5f98805A4E8be255a32880FDeC7F6728C6568bA0":198.02205608881073,"0x625E92624Bc2D88619ACCc1788365A69767f6200":3580.04430997908,"0x62B9c7356A2Dc64a1969e19C23e4f579F9810Aa7":101.29181574048293,"0x6359B6d3e327c497453d4376561eE276c6933323":358.19636083816994,"0x63a0964A36c34E81959da5894ad888800e17405b":316.8200724186833,"0x65D72AA8DA931F047169112fcf34f52DbaAE7D18":375.85617898749973,"0x65f228ED6a6001eD6485535e0Dc33E525734f54c":75.54889998241056,"0x661c70333AA1850CcDBAe82776Bb436A0fCfeEfB":217.87384295807618,"0x6663b6D50992ef4fc0380199397c87C2f5256075":178.1256768833895,"0x668308d77be3533c909a692302Cb4D135Bf8041C":0.04419554565503134,"0x66a1E37c9b0eAddca17d3662D6c05F4DECf3e110":47.85396562570363,"0x674C6Ad92Fd080e4004b2312b45f796a192D27a0":4.086446965243278,"0x677ddbd918637E5F2c79e164D402454dE7dA8619":4.637658190467415,"0x68749665FF8D2d112Fa859AA293F07A622782F38":21.70394532762024,"0x69000405f9DcE69BD4Cbf4f2865b79144A69BFE0":2.5189277611343743,"0x6B175474E89094C44Da98b954EedeAC495271d0F":1358.8130621955356,"0x6C280dB098dB673d30d5B34eC04B6387185D3620":351.5367117046142,"0x6C9815826FdF8c7a45cCfEd2064dbaB33a078712":57.821347997279695,"0x6ade6971Ca3d90990C30d39c78b0534C7166e07b":237.13044732559706,"0x6b5204B0Be36771253Cc38e88012E02B752f0f36":219.51649714767944,"0x6c3F90f043a72FA612cbac8115EE7e52BDe6E490":225.48312478636564,"0x6c3ea9036406852006290770BEdFcAbA0e23A0e8":670.8062148525794,"0x6e52cCe4EaFDf77091dD1c82183b2D97b776b397":1221.8647325250477,"0x6ef3D766Dfe02Dc4bF04aAe9122EB9A0Ded25615":0.023897498272249497,"0x7223442cad8e9cA474fC40109ab981608F8c4273":225.1760967722713,"0x73968b9a57c6E53d41345FD57a6E6ae27d6CDB2F":158.29568291233835,"0x73A15FeD60Bf67631dC6cd7Bc5B6e8da8190aCF5":1866.040873559284,"0x752B4c6e92d96467fE9b9a2522EF07228E00F87c":34.757872281152814,"0x76237BCfDbe8e06FB774663add96216961df4ff3":41.1436241640864,"0x76Eb2FE28b36B3ee97F3Adae0C69606eeDB2A37c":1180.9650615564726,"0x77E06c9eCCf2E797fd462A92B6D7642EF85b0A44":0.633614457335358,