{"0x0000000000085d4780B73119b644AE5ecd22b376":0.005441286565752277,"0x005F893EcD7bF9667195642f7649DA8163e23658":16.20843564055505,"0x0100546F2cD4C9D97f798fFC9755E47865FF7Ee6":152.89301143520612,"0x028171bCA77440897B824Ca71D1c56caC55b68A3":120.18145954160399,"0x0316EB71485b0Ab14103307bf65a021042c6d380":71.42410986088797,"0x03ab458634910AaD20eF5f1C8ee96F1D6ac54919":154.82488947628852,"0x04C154b66CB340F3Ae24111CC767e0184Ed00Cc6":186.34585259271392,"0x056Fd409E1d7A124BD7017459dFEa2F387b6d5Cd":74.18413478307147,"0x067079c14B85169e6a29703769dadDef90816f4C":295.58402308847093,"0x075b1bb99792c9E1041bA13afEf80C91a1e70fB3":781.6025566958361,"0x085780639CC2cACd35E474e71f4d000e2405d8f6":659.2778757265672,"0x09b2E090531228d1b8E3d948C73b990Cb6e60720":546.8118728423385,"0x0E2EC54fC0B509F445631Bf4b91AB8168230C752":0.45004949482110945,"0x0E573Ce2736Dd9637A0b21058352e1667925C7a8":142.16466797991563,"0x0bc529c00C6401aEF6D220BE8C6Ea1667F6Ad93e":6.005918546200201,"0x0d86883FAf4FfD7aEb116390af37746F45b6f378":132.6394791435057,"0x0dE54CFdfeD8005176f8b7A9D5438B45c4F1df1e":0.9843332969171276,"0x1456688345527bE1f37E9e627DA0837D6f08C925":2.18238470772222,"0x1830c553dC76d3447B69b7B0dC19CF9e3c739C78":91.89263448348098,"0x196f4727526eA7FB1e17b2071B3d8eAA38486988":2.480010598009672,"0x1c48f86ae57291F7686349F12601910BD8D470bb":0.03358115418732068,"0x1ce0D1E19c9514230FF8CD1DAbaC2555fb92122b":0,"0x2260FAC5E5542a773Aa44fBCfeDf7C193bc2C599":330.2317162869463,"0x2570f1bD5D2735314FC102eb12Fc1aFe9e6E7193":34.15743326357732,"0x25eC98773D7b4ceD4cAFaB96A2A1c0945f145e10":5.900602975360957,"0x2889302a794dA87fBF1D6Db415C1492194663D13":89.63459310905985,"0x29059568bB40344487d62f7450E78b8E6C74e0e5":276.094298921797,"0x2b01d4FdB87eb7F2399E5D68631d8A939a323786":15.614937562144855,"0x31429d1856aD1377A8A0079410B297e1a9e214c2":550.5429207643629,"0x32bd822d615A3658A68b6fDD30c2fcb2C996D678":40.4991476021556,"0x35282d87011f87508D457F08252Bc5bFa52E10A0":696.3381969622806,"0x35fA164735182de50811E8e2E824cFb9B6118ac2":946.6354792091594,"0x365AccFCa291e7D3914637ABf1F7635dB165Bb09":620.583296611175,"0x383E6b4437b59fff47B619CBA855CA29342A8559":22.83695624852873,"0x38D64ce1Bdf1A9f24E0Ec469C9cAde61236fB4a0":1035.288639975371,"0x3A283D9c08E8b55966afb64C515f5143cf907611":3300.5734419453397,"0x3Ed3B47Dd13EC9a98b44e6204A523E766B225811":14.962595527335429,"0x3f0e7916681452D23Cd36B1281457DA721F2E5dF":537.6768785627479,"0x40D16FC0246aD3160Ccc09B8D0D3A2cD28aE6C2f":790.6672054391112,"0x4591DBfF62656E7859Afe5e45f6f47D3669fBB28":161.5914409412438,"0x4647B6D835f3B393C7A955df51EEfcf0db961606":36.72867901970563,"0x466a756E9A7401B5e2444a3fCB3c2C12FBEa0a54":504.7718242053476,"0x48759F220ED983dB51fA7A8C0D2AAb8f3ce4166a":805.6531253577198,"0x49446A0874197839D15395B908328a74ccc96Bc0":9.327370999888997,"0x4AE86d8732390d852A13cb918463BC6e5775FaDD":23.67536724142103,"0x4DEcE678ceceb27446b35C672dC7d61F30bAD69E":605.5558950243285,"0x4Fabb145d64652a948d72533023f6E7A623C7C53":0.0038651633697386425,"0x4c9EDD5852cd905f086C759E8383e09bff1E68B3":3846.26741902708,"0x4de2ab8177fC5fFAFB7aD11FB8BeB1e5fB95F71C":51.85623401329702,"0x4eBdF703948ddCEA3B11f675B4D1Fba9d2414A14":472.92103599945136,"0x514910771AF9Ca656af840dff83E8264EcF986CA":109.58687239196921,"0x5228a22e72ccC52d415EcFd199F99D0665E7733b":50.32992237885724,"0x5426178799ee0a0181A89b4f57eFddfAb49941Ec":29.31590405667349,"0x5555f75e3d5278082200Fb451D1b6bA946D8e13b":42.14224057684007,"0x57a5a0567187FF4A8dcC1A9bBa86155E355878F2":1.1387955545524706,"0x58efE15C0404aB22F87E4495D71f6f2077e862bE":0.00124704459322788,"0x5905c0290e59aFBDc42a5480add9bD7B20CB3759":0.000009789069007824448,"0x59D9356E565Ab3A36dD77763Fc0d87fEaf85508C":393.3275439313598,"0x5BC25f649fc4e26069dDF4cF4010F9f706c23831":1.1266439473596135,"0x5Be6C45e2d074fAa20700C49aDA3E88a1cc0025d":276.5463905673949,"0x5Ca135cB8527d76e932f34B5145575F9d8cbE08E":50.423703107740636,"0x5E8422345238F34275888049021821E8E08CAa1f":15882.248202829625,"0x5b6C539b224014A09B3388e51CaAA8e354c959C8":123.49982124122062,"0x5e74C9036fb86BD7eCdcb084a0673EFc32eA31cb":200.96990410336312,"0x63a0964A36c34E81959da5894ad888800e17405b":19.841722401159043,"0x65D72AA8DA931F047169112fcf34f52DbaAE7D18":110.40538096682057,"0x661c70333AA1850CcDBAe82776Bb436A0fCfeEfB":0.0012632298072970116,"0x6663b6D50992ef4fc0380199397c87C2f5256075":499.602757644588,"0x668308d77be3533c909a692302Cb4D135Bf8041C":0.05569482702478937,"0x66a1E37c9b0eAddca17d3662D6c05F4DECf3e110":0.10860764571967385,"0x674C6Ad92Fd080e4004b2312b45f796a192D27a0":3.7089509792475575,"0x68749665FF8D2d112Fa859AA293F07A622782F38":17.535116135384712,"0x6B175474E89094C44Da98b954EedeAC495271d0F":2115.65500372718,"0x6C280dB098dB673d30d5B34eC04B6387185D3620":62.6573504902416,"0x6C5024Cd4F8A59110119C56f8933403A539555EB":107.5512474567586,"0x6ade6971Ca3d90990C30d39c78b0534C7166e07b":79.91164282630088,"0x6c3F90f043a72FA612cbac8115EE7e52BDe6E490":1179.191619831228,"0x6c3ea9036406852006290770BEdFcAbA0e23A0e8":1632.4974718022547,"0x6e52cCe4EaFDf77091dD1c82183b2D97b776b397":547.1095178673206,"0x6ef3D766Dfe02Dc4bF04aAe9122EB9A0Ded25615":0.028841402926576852,"0x73968b9a57c6E53d41345FD57a6E6ae27d6CDB2F":74.07262456444788,"0x73A15FeD60Bf67631dC6cd7Bc5B6e8da8190aCF5":0.012571546793086112,"0x76237BCfDbe8e06FB774663add96216961df4ff3":17.32465350936955,"0x76Eb2FE28b36B3ee97F3Adae0C69606eeDB2A37c":722.7854837360607,"0x77E06c9eCCf2E797fd462A92B6D7642EF85b0A44":0.49292697336,"0x78da5799CF427Fee11e9996982F4150eCe7a99A7":263.63113559928996,"0x7988292D0FB141085c092132e2a70B30aA1eccAB":483.0102446250031,"0x7F17A6C77C3938D235b014818092eb6305BdA110":35.277254215161456,"0x7F86Bf177Dd4F3494b841a37e810A34dD56c829B":3629.237466912523,"0x7FA768E035F956c41d6aeaa3Bd857e7E5141CAd5":0.03910929431957426,"0x7ea4aD8C803653498bF6AC1D2dEbc04DCe8Fd2aD":71.77863257398677,"0x7f39C581F595B53c5cb19bD0b3f8dA6c935E2Ca0":2537.4577677294224,"0x8064d9Ae6cDf087b1bcd5BDf3531bD5d8C537a68":70.85643171528305,"0x80d69e79258FE9D056c822461c4eb0B4ca8802E2":0.02659936711215125,"0x826180541412D574cf1336d22c0C0a287822678A":943.0001139198525,"0x830614aE209FF9d8706d386fcdBc7a55206fcffC":37.464483200954966,"0x83F20F44975D03b1b09e64809B757c47f942BEeA":2513.2548899265735,"0x853d955aCEf822Db058eb8505911ED77F175b99e":1831.8840156915164,"0x856c4Efb76C1D1AE02e20CEB03A2A6a08b0b8dC3":1.775592752888903,"0x865377367054516e17014CcdED1e7d814EDC9ce4":371.2959726250475,"0x8C0D76C9B18779665475F3E212D9Ca1Ed6A1A0e6":308.53814633546546,"0x8C88538688aca3b733aD08b12BEe4574c0C00907":35.19913493852094,"0x8Cd52ee292313C4D851e71A7064F096504aB3eE9":63.80735809037125,"0x8E870D67F660D95d5be530380D0eC0bd388289E1":669.4122167414588,"0x8dAEBADE922dF735c38C80C7eBD708Af50815fAa":15.310908865607418,"0x8e595470Ed749b85C6F7669de83EAe304C2ec68F":15.053387246719705,"0x917ceE801a67f933F2e6b33fC0cD1ED2d5909D88":267.22485166018816,"0x9181f633E9B9F15A32d5e37094F4C93b333e0E92":0.45183384762929785,"0x922406EAFC3CcEb32b0256F287fB977c426EDbd8":0.02907664455518282,"0x9559Aaa82d9649C7A7b220E7c461d2E74c9a3593":188.22545910987893,"0x95710BDE45C8D384A976Cc58Cc7a7e489576b098":0.6524065135311515,"0x961D4921e1718E633BAC8Ded88c4a1cAe44b785a":256.73387367311744,"0x96E61422b6A9bA0e068B6c5ADd4fFaBC6a4aae27":537.6198833327587,"0x9961BdBE8B7091E584c2bF9D0a160C583f564A8c":390.4338807835517,"0x99D8a9C45b2ecA8864373A26D1459e3Dff1e17F3":21.528688854683256,"0x9BE89D2a4cd102D8Fecc6BF9dA793be995C22541":226.9791522240296,"0x9D39A5DE30e57443BfF2A8307A4256c8797A3497":2111.1166995690887,"0x9EEAD9ce15383CaEED975427340b3A369410CFBF":0.00000399351795688,"0x9FeE65D5A627e73212989c8BbEdC5Fa5Cae3821F":14.409871735638884,"0x9b77bd0a665F05995b68e36fC1053AFFfAf0d4B5":4.531139425065589,"0x9de1c3D446237ab9BaFF74127eb4F303802a2683":161.9495534382332,"0xA0b86991c6218b36c1d19D4a2e9Eb0cE3606eB48":5123.558142962049,"0xA0d69E286B938e21CBf7E51D71F6A4c8918f482F":482.6322303744633,"0xA1290d69c65A6Fe4DF752f95823fae25cB99e5A7":80.52135040088478,"0xA35b1B31Ce002FBF2058D22F30f95D405200A15b":1.8025293973276282,"0xA5588F7cdf560811710A2D82D3C9c99769DB1Dcb":473.35813328465684,