{"0x0000000000085d4780B73119b644AE5ecd22b376":0.005443391839232969,"0x005F893EcD7bF9667195642f7649DA8163e23658":17.97992471793168,"0x0100546F2cD4C9D97f798fFC9755E47865FF7Ee6":138.3235727548388,"0x028171bCA77440897B824Ca71D1c56caC55b68A3":112.89454457763242,"0x0316EB71485b0Ab14103307bf65a021042c6d380":53.94829818650128,"0x03ab458634910AaD20eF5f1C8ee96F1D6ac54919":169.2254337238237,"0x04C154b66CB340F3Ae24111CC767e0184Ed00Cc6":194.8334460043331,"0x056Fd409E1d7A124BD7017459dFEa2F387b6d5Cd":101.23124083363989,"0x067079c14B85169e6a29703769dadDef90816f4C":484.4237298215192,"0x075b1bb99792c9E1041bA13afEf80C91a1e70fB3":738.0364898954748,"0x085780639CC2cACd35E474e71f4d000e2405d8f6":799.5821127361475,"0x09b2E090531228d1b8E3d948C73b990Cb6e60720":481.8982809299894,"0x0E573Ce2736Dd9637A0b21058352e1667925C7a8":142.22656717119148,"0x0bc529c00C6401aEF6D220BE8C6Ea1667F6Ad93e":0.6606679999677245,"0x0d86883FAf4FfD7aEb116390af37746F45b6f378":138.7156260834965,"0x0dE54CFdfeD8005176f8b7A9D5438B45c4F1df1e":0.9428955776247343,"0x1456688345527bE1f37E9e627DA0837D6f08C925":2.6296366271917697,"0x16eAd9a10b1A77007E6E329B076aD1Fe97a6F7C0":45.792364500026984,"0x18084fbA666a33d37592fA2633fD49a74DD93a88":6.604274241214134,"0x1830c553dC76d3447B69b7B0dC19CF9e3c739C78":88.58810452397047,"0x196f4727526eA7FB1e17b2071B3d8eAA38486988":2.488020061675649,"0x1c48f86ae57291F7686349F12601910BD8D470bb":0.06902665544381967,"0x1ce0D1E19c9514230FF8CD1DAbaC2555fb92122b":0,"0x2260FAC5E5542a773Aa44fBCfeDf7C193bc2C599":309.1313075116963,"0x2570f1bD5D2735314FC102eb12Fc1aFe9e6E7193":290.85262126237603,"0x25eC98773D7b4ceD4cAFaB96A2A1c0945f145e10":5.925556644181466,"0x2889302a794dA87fBF1D6Db415C1492194663D13":1652.8592854019207,"0x29059568bB40344487d62f7450E78b8E6C74e0e5":605.9950833073527,"0x2b01d4FdB87eb7F2399E5D68631d8A939a323786":13.017799183559152,"0x31429d1856aD1377A8A0079410B297e1a9e214c2":485.44763904255046,"0x32bd822d615A3658A68b6fDD30c2fcb2C996D678":38.84650950718497,"0x35282d87011f87508D457F08252Bc5bFa52E10A0":669.0799166425481,"0x35fA164735182de50811E8e2E824cFb9B6118ac2":881.2811360313311,"0x365AccFCa291e7D3914637ABf1F7635dB165Bb09":483.2701964751833,"0x383E6b4437b59fff47B619CBA855CA29342A8559":31.53067982682075,"0x38D64ce1Bdf1A9f24E0Ec469C9cAde61236fB4a0":1201.6554936821426,"0x3A283D9c08E8b55966afb64C515f5143cf907611":7716.085876976967,"0x3Ed3B47Dd13EC9a98b44e6204A523E766B225811":483.5356107324639,"0x3f0e7916681452D23Cd36B1281457DA721F2E5dF":463.44320032992425,"0x40D16FC0246aD3160Ccc09B8D0D3A2cD28aE6C2f":1058.468134217764,"0x4591DBfF62656E7859Afe5e45f6f47D3669fBB28":286.2152797833423,"0x4647B6D835f3B393C7A955df51EEfcf0db961606":152.3478661463226,"0x466a756E9A7401B5e2444a3fCB3c2C12FBEa0a54":525.4852674407878,"0x48759F220ED983dB51fA7A8C0D2AAb8f3ce4166a":914.835132077324,"0x49446A0874197839D15395B908328a74ccc96Bc0":14.927285907251694,"0x4AE86d8732390d852A13cb918463BC6e5775FaDD":27.557736234025846,"0x4D1941a887eC788F059b3bfcC8eE1E97b968825B":11.807571964296354,"0x4DEcE678ceceb27446b35C672dC7d61F30bAD69E":607.0363350080208,"0x4Fabb145d64652a948d72533023f6E7A623C7C53":0.00382025364012757,"0x4c9EDD5852cd905f086C759E8383e09bff1E68B3":9314.44133050084,"0x4de2ab8177fC5fFAFB7aD11FB8BeB1e5fB95F71C":51.80686885062833,"0x4eBdF703948ddCEA3B11f675B4D1Fba9d2414A14":3085.9845847981283,"0x514910771AF9Ca656af840dff83E8264EcF986CA":99.44701305405574,"0x5228a22e72ccC52d415EcFd199F99D0665E7733b":48.978458133984496,"0x5426178799ee0a0181A89b4f57eFddfAb49941Ec":30.265977526281475,"0x5555f75e3d5278082200Fb451D1b6bA946D8e13b":44.438583886349356,"0x57a5a0567187FF4A8dcC1A9bBa86155E355878F2":1.0372055145925694,"0x58efE15C0404aB22F87E4495D71f6f2077e862bE":0.001248567846,"0x5905c0290e59aFBDc42a5480add9bD7B20CB3759":0.060181616493204124,"0x59D9356E565Ab3A36dD77763Fc0d87fEaf85508C":468.75908559785336,"0x5BC25f649fc4e26069dDF4cF4010F9f706c23831":0.9585121950831677,"0x5Be6C45e2d074fAa20700C49aDA3E88a1cc0025d":447.40286466216355,"0x5Ca135cB8527d76e932f34B5145575F9d8cbE08E":52.41234656303772,"0x5E8422345238F34275888049021821E8E08CAa1f":14528.149141680675,"0x5b6C539b224014A09B3388e51CaAA8e354c959C8":213.02671557814878,"0x5e74C9036fb86BD7eCdcb084a0673EFc32eA31cb":180.44220405200417,"0x63a0964A36c34E81959da5894ad888800e17405b":19.892411999934758,"0x65D72AA8DA931F047169112fcf34f52DbaAE7D18":115.70704452177796,"0x661c70333AA1850CcDBAe82776Bb436A0fCfeEfB":23.466234614282232,"0x6663b6D50992ef4fc0380199397c87C2f5256075":520.7716899253589,"0x668308d77be3533c909a692302Cb4D135Bf8041C":0.05051250481500936,"0x66a1E37c9b0eAddca17d3662D6c05F4DECf3e110":0.1087300620832781,"0x674C6Ad92Fd080e4004b2312b45f796a192D27a0":1.2417344190356976,"0x68749665FF8D2d112Fa859AA293F07A622782F38":18.70738620878606,"0x6B175474E89094C44Da98b954EedeAC495271d0F":6550.498454608076,"0x6C280dB098dB673d30d5B34eC04B6387185D3620":56.47792454567768,"0x6C5024Cd4F8A59110119C56f8933403A539555EB":108.11155627644341,"0x6ade6971Ca3d90990C30d39c78b0534C7166e07b":105.32879595683956,"0x6b5204B0Be36771253Cc38e88012E02B752f0f36":19.054833026792934,"0x6c3F90f043a72FA612cbac8115EE7e52BDe6E490":1267.2391582398277,"0x6c3ea9036406852006290770BEdFcAbA0e23A0e8":2032.409402937211,"0x6e52cCe4EaFDf77091dD1c82183b2D97b776b397":886.2369970116788,"0x6ef3D766Dfe02Dc4bF04aAe9122EB9A0Ded25615":0.026376987268958742,"0x73968b9a57c6E53d41345FD57a6E6ae27d6CDB2F":68.87319109943721,"0x73A15FeD60Bf67631dC6cd7Bc5B6e8da8190aCF5":0.012592845605881624,"0x76237BCfDbe8e06FB774663add96216961df4ff3":17.77797115828262,"0x76Eb2FE28b36B3ee97F3Adae0C69606eeDB2A37c":724.2400528272238,"0x77E06c9eCCf2E797fd462A92B6D7642EF85b0A44":0.45394740462,"0x78da5799CF427Fee11e9996982F4150eCe7a99A7":287.04193163007545,"0x7988292D0FB141085c092132e2a70B30aA1eccAB":478.49787740634036,"0x7F17A6C77C3938D235b014818092eb6305BdA110":44.18473168398389,"0x7F86Bf177Dd4F3494b841a37e810A34dD56c829B":10064.329919433238,"0x7FA768E035F956c41d6aeaa3Bd857e7E5141CAd5":0.03570934645600594,"0x7ea4aD8C803653498bF6AC1D2dEbc04DCe8Fd2aD":101.65021369018622,"0x7f39C581F595B53c5cb19bD0b3f8dA6c935E2Ca0":4727.936473471258,"0x8064d9Ae6cDf087b1bcd5BDf3531bD5d8C537a68":67.50430249175285,"0x80d69e79258FE9D056c822461c4eb0B4ca8802E2":0.024255414077071727,"0x826180541412D574cf1336d22c0C0a287822678A":807.1204358567107,"0x830614aE209FF9d8706d386fcdBc7a55206fcffC":35.39539530376621,"0x83F20F44975D03b1b09e64809B757c47f942BEeA":7845.792420823588,"0x84CeCB5525c6B1C20070E742da870062E84Da178":3.847543304803032,"0x853d955aCEf822Db058eb8505911ED77F175b99e":3394.4582592150095,"0x856c4Efb76C1D1AE02e20CEB03A2A6a08b0b8dC3":0.537313438099415,"0x865377367054516e17014CcdED1e7d814EDC9ce4":475.36787394726855,"0x8C0D76C9B18779665475F3E212D9Ca1Ed6A1A0e6":322.47657661049476,"0x8C88538688aca3b733aD08b12BEe4574c0C00907":148.15208135625537,"0x8Cd52ee292313C4D851e71A7064F096504aB3eE9":61.61602336585001,"0x8E870D67F660D95d5be530380D0eC0bd388289E1":667.3016120490447,"0x8dAEBADE922dF735c38C80C7eBD708Af50815fAa":14.533390774529016,"0x8e595470Ed749b85C6F7669de83EAe304C2ec68F":15.073288079535065,"0x917ceE801a67f933F2e6b33fC0cD1ED2d5909D88":297.0148368697693,"0x922406EAFC3CcEb32b0256F287fB977c426EDbd8":0.02910941809583617,"0x9559Aaa82d9649C7A7b220E7c461d2E74c9a3593":170.50131992401782,"0x95710BDE45C8D384A976Cc58Cc7a7e489576b098":0.635419783873896,"0x961D4921e1718E633BAC8Ded88c4a1cAe44b785a":216.6074307308202,"0x96E61422b6A9bA0e068B6c5ADd4fFaBC6a4aae27":539.8650169600068,"0x9961BdBE8B7091E584c2bF9D0a160C583f564A8c":390.64710046594263,"0x99D8a9C45b2ecA8864373A26D1459e3Dff1e17F3":49.434365491224305,"0x9BE89D2a4cd102D8Fecc6BF9dA793be995C22541":215.37584218183582,"0x9D39A5DE30e57443BfF2A8307A4256c8797A3497":7368.358846748141,"0x9EEAD9ce15383CaEED975427340b3A369410CFBF":0.000003998396,"0x9FeE65D5A627e73212989c8BbEdC5Fa5Cae3821F":13.179835560746652,"0x9b77bd0a665F05995b68e36fC1053AFFfAf0d4B5":6.723206795618833,"0x9de1c3D446237ab9BaFF74127eb4F303802a2683":272.1800111588478,"0xA0b86991c6218b36c1d19D4a2e9Eb0cE3606eB48":12689.876600963094,"0xA0d69E286B938e21CBf7E51D71F6A4c8918f482F":524.8024184497433,