{"0x0000000000085d4780B73119b644AE5ecd22b376":0.00846900312465451,"0x005F893EcD7bF9667195642f7649DA8163e23658":198.8182461446124,"0x0100546F2cD4C9D97f798fFC9755E47865FF7Ee6":189.98689739277845,"0x028171bCA77440897B824Ca71D1c56caC55b68A3":796.8157767667172,"0x0316EB71485b0Ab14103307bf65a021042c6d380":67.26495566742223,"0x03ab458634910AaD20eF5f1C8ee96F1D6ac54919":180.50809724647053,"0x04C154b66CB340F3Ae24111CC767e0184Ed00Cc6":434.4688244370123,"0x056Fd409E1d7A124BD7017459dFEa2F387b6d5Cd":424.2790039111466,"0x067079c14B85169e6a29703769dadDef90816f4C":366.4844858955144,"0x075b1bb99792c9E1041bA13afEf80C91a1e70fB3":323.21011681297455,"0x085780639CC2cACd35E474e71f4d000e2405d8f6":789.6207215590294,"0x0E2EC54fC0B509F445631Bf4b91AB8168230C752":0.4715236798297231,"0x0E573Ce2736Dd9637A0b21058352e1667925C7a8":142.50207088075797,"0x0a5E677a6A24b2F1A2Bf4F3bFfC443231d2fDEc8":0.049439059353649686,"0x0bc529c00C6401aEF6D220BE8C6Ea1667F6Ad93e":10.585906202857998,"0x0d86883FAf4FfD7aEb116390af37746F45b6f378":240.18111190753473,"0x0dE54CFdfeD8005176f8b7A9D5438B45c4F1df1e":5.836342697362879,"0x1456688345527bE1f37E9e627DA0837D6f08C925":0.6938908329582816,"0x16eAd9a10b1A77007E6E329B076aD1Fe97a6F7C0":125.18515831328916,"0x18084fbA666a33d37592fA2633fD49a74DD93a88":11.056879988761231,"0x1830c553dC76d3447B69b7B0dC19CF9e3c739C78":112.45736453214462,"0x183395DbD0B5e93323a7286D1973150697FFFCB3":389.88896638130694,"0x196f4727526eA7FB1e17b2071B3d8eAA38486988":2.5321149112901398,"0x1c48f86ae57291F7686349F12601910BD8D470bb":0.029568991357531414,"0x1ce0D1E19c9514230FF8CD1DAbaC2555fb92122b":0,"0x2191DF768ad71140F9F3E96c1e4407A4aA31d082":5.881262073208174,"0x2260FAC5E5542a773Aa44fBCfeDf7C193bc2C599":366.88564863964217,"0x2302aaBe69e6E7A1b0Aa23aAC68fcCB8A4D2B460":127.53304153827108,"0x2570f1bD5D2735314FC102eb12Fc1aFe9e6E7193":891.9361976903749,"0x25eC98773D7b4ceD4cAFaB96A2A1c0945f145e10":0,"0x2889302a794dA87fBF1D6Db415C1492194663D13":572.740979660989,"0x29059568bB40344487d62f7450E78b8E6C74e0e5":279.45604629580424,"0x2b01d4FdB87eb7F2399E5D68631d8A939a323786":11.449029914159413,"0x31429d1856aD1377A8A0079410B297e1a9e214c2":483.8448807881042,"0x32bd822d615A3658A68b6fDD30c2fcb2C996D678":69.52557010225485,"0x34635280737b5BFe6c7DC2FC3065D60d66e78185":354.05736491294397,"0x35282d87011f87508D457F08252Bc5bFa52E10A0":117.31352325325601,"0x35D8949372D46B7a3D5A56006AE77B215fc69bC0":1028.645659784109,"0x35fA164735182de50811E8e2E824cFb9B6118ac2":1161.4731585660795,"0x383E6b4437b59fff47B619CBA855CA29342A8559":164.70843693980612,"0x38D64ce1Bdf1A9f24E0Ec469C9cAde61236fB4a0":251.90255251470717,"0x3A283D9c08E8b55966afb64C515f5143cf907611":3558.588622293065,"0x3Ed3B47Dd13EC9a98b44e6204A523E766B225811":363.5681320904809,"0x401322B9FDdba8c0a8D40fbCECE1D1752C12316B":387.7793211784031,"0x40D16FC0246aD3160Ccc09B8D0D3A2cD28aE6C2f":714.0484787617872,"0x4591DBfF62656E7859Afe5e45f6f47D3669fBB28":288.4035409851642,"0x4647B6D835f3B393C7A955df51EEfcf0db961606":415.65279195334244,"0x466a756E9A7401B5e2444a3fCB3c2C12FBEa0a54":6.430849436494548,"0x48759F220ED983dB51fA7A8C0D2AAb8f3ce4166a":1557.7208342109027,"0x49446A0874197839D15395B908328a74ccc96Bc0":19.840471048605707,"0x4D1941a887eC788F059b3bfcC8eE1E97b968825B":6.460506991741659,"0x4Fabb145d64652a948d72533023f6E7A623C7C53":0.029138644857874835,"0x4c9EDD5852cd905f086C759E8383e09bff1E68B3":6628.231651715001,"0x4de2ab8177fC5fFAFB7aD11FB8BeB1e5fB95F71C":198.98510625744868,"0x4eBdF703948ddCEA3B11f675B4D1Fba9d2414A14":1716.3399608908012,"0x514910771AF9Ca656af840dff83E8264EcF986CA":118.35589660604599,"0x5228a22e72ccC52d415EcFd199F99D0665E7733b":54.69005597875569,"0x5426178799ee0a0181A89b4f57eFddfAb49941Ec":853.2610345850433,"0x5555f75e3d5278082200Fb451D1b6bA946D8e13b":91.43431281523263,"0x57a5a0567187FF4A8dcC1A9bBa86155E355878F2":1.2048104181388006,"0x58efE15C0404aB22F87E4495D71f6f2077e862bE":0.001248567846,"0x5905c0290e59aFBDc42a5480add9bD7B20CB3759":0.1788955150664852,"0x59D9356E565Ab3A36dD77763Fc0d87fEaf85508C":584.585098094636,"0x5BC25f649fc4e26069dDF4cF4010F9f706c23831":4.252326263750879,"0x5Be6C45e2d074fAa20700C49aDA3E88a1cc0025d":627.9008262934951,"0x5Ca135cB8527d76e932f34B5145575F9d8cbE08E":52.006177658436364,"0x5E8422345238F34275888049021821E8E08CAa1f":18108.208139560847,"0x5b6C539b224014A09B3388e51CaAA8e354c959C8":5406.85321697619,"0x5e74C9036fb86BD7eCdcb084a0673EFc32eA31cb":208.7605416873493,"0x6359B6d3e327c497453d4376561eE276c6933323":286.9908688758944,"0x63a0964A36c34E81959da5894ad888800e17405b":86.01162347115516,"0x65D72AA8DA931F047169112fcf34f52DbaAE7D18":128.8239791183755,"0x65f228ED6a6001eD6485535e0Dc33E525734f54c":54.81332003251167,"0x661c70333AA1850CcDBAe82776Bb436A0fCfeEfB":57.54943810451399,"0x668308d77be3533c909a692302Cb4D135Bf8041C":0.05892420210711174,"0x66a1E37c9b0eAddca17d3662D6c05F4DECf3e110":1.7918096930764686,"0x674C6Ad92Fd080e4004b2312b45f796a192D27a0":0.05923635625446719,"0x68749665FF8D2d112Fa859AA293F07A622782F38":16.130831272531136,"0x6B175474E89094C44Da98b954EedeAC495271d0F":4355.504988250416,"0x6C5024Cd4F8A59110119C56f8933403A539555EB":121.29578671543615,"0x6C9815826FdF8c7a45cCfEd2064dbaB33a078712":10.545051217520209,"0x6ade6971Ca3d90990C30d39c78b0534C7166e07b":192.64134204447762,"0x6b5204B0Be36771253Cc38e88012E02B752f0f36":175.70177692395012,"0x6c3F90f043a72FA612cbac8115EE7e52BDe6E490":1293.4403247734251,"0x6c3ea9036406852006290770BEdFcAbA0e23A0e8":935.2630676220218,"0x6e52cCe4EaFDf77091dD1c82183b2D97b776b397":604.1052638114004,"0x6ef3D766Dfe02Dc4bF04aAe9122EB9A0Ded25615":0.08954914810838178,"0x7223442cad8e9cA474fC40109ab981608F8c4273":2.0938058934691837,"0x73968b9a57c6E53d41345FD57a6E6ae27d6CDB2F":113.3298343157151,"0x73A15FeD60Bf67631dC6cd7Bc5B6e8da8190aCF5":4014.4543873586267,"0x76237BCfDbe8e06FB774663add96216961df4ff3":18.289486341008843,"0x76Eb2FE28b36B3ee97F3Adae0C69606eeDB2A37c":797.5162766027894,"0x77E06c9eCCf2E797fd462A92B6D7642EF85b0A44":1.0516365414,"0x78da5799CF427Fee11e9996982F4150eCe7a99A7":86.34630729381014,"0x7988292D0FB141085c092132e2a70B30aA1eccAB":468.65458785997936,"0x7F17A6C77C3938D235b014818092eb6305BdA110":51.55881214983981,"0x7F86Bf177Dd4F3494b841a37e810A34dD56c829B":3810.1039576181415,"0x7FA768E035F956c41d6aeaa3Bd857e7E5141CAd5":0.5066325330693862,"0x7ea4aD8C803653498bF6AC1D2dEbc04DCe8Fd2aD":409.7915001862322,"0x7f39C581F595B53c5cb19bD0b3f8dA6c935E2Ca0":1656.969220790511,"0x8064d9Ae6cDf087b1bcd5BDf3531bD5d8C537a68":77.72090705073136,"0x80d69e79258FE9D056c822461c4eb0B4ca8802E2":0.2649736505658268,"0x826180541412D574cf1336d22c0C0a287822678A":261.21208087116145,"0x830614aE209FF9d8706d386fcdBc7a55206fcffC":67.57224100782531,"0x83F20F44975D03b1b09e64809B757c47f942BEeA":4182.1236222222315,"0x853d955aCEf822Db058eb8505911ED77F175b99e":2577.355921399207,"0x856c4Efb76C1D1AE02e20CEB03A2A6a08b0b8dC3":1.980261269058446,"0x865377367054516e17014CcdED1e7d814EDC9ce4":658.874909614533,"0x8C0D76C9B18779665475F3E212D9Ca1Ed6A1A0e6":910.5367543030129,"0x8C88538688aca3b733aD08b12BEe4574c0C00907":616.0306745376067,"0x8Cd52ee292313C4D851e71A7064F096504aB3eE9":65.68335405511198,"0x8E870D67F660D95d5be530380D0eC0bd388289E1":0.007676933965674135,"0x8c9532a60E0E7C6BbD2B2c1303F63aCE1c3E9811":1.2230299696796934,"0x8dAEBADE922dF735c38C80C7eBD708Af50815fAa":16.333813605899827,"0x8e595470Ed749b85C6F7669de83EAe304C2ec68F":48.855269104738404,"0x917ceE801a67f933F2e6b33fC0cD1ED2d5909D88":583.1999873938566,"0x9181f633E9B9F15A32d5e37094F4C93b333e0E92":1.205678005908648,"0x922406EAFC3CcEb32b0256F287fB977c426EDbd8":0.029080337758078095,"0x954313005C56b555bdC41B84D6c63B69049d7847":487.14071614492735,"0x9559Aaa82d9649C7A7b220E7c461d2E74c9a3593":215.20031300153872,"0x95710BDE45C8D384A976Cc58Cc7a7e489576b098":2.4531418321890364,"0x961D4921e1718E633BAC8Ded88c4a1cAe44b785a":1113.6173100229355,"0x9961BdBE8B7091E584c2bF9D0a160C583f564A8c":400.3590869371502,"0x99D8a9C45b2ecA8864373A26D1459e3Dff1e17F3":21.424005541367944,"0x9BE89D2a4cd102D8Fecc6BF9dA793be995C22541":266.65186226951886,"0x9D39A5DE30e57443BfF2A8307A4256c8797A3497":3436.1629583832814,