{"0x0000000000085d4780B73119b644AE5ecd22b376":0.008466411609698365,"0x005F893EcD7bF9667195642f7649DA8163e23658":160.39035134021782,"0x0100546F2cD4C9D97f798fFC9755E47865FF7Ee6":175.87643539270147,"0x028171bCA77440897B824Ca71D1c56caC55b68A3":740.7509738932179,"0x0316EB71485b0Ab14103307bf65a021042c6d380":62.950843344165825,"0x03ab458634910AaD20eF5f1C8ee96F1D6ac54919":174.96613620189768,"0x04C154b66CB340F3Ae24111CC767e0184Ed00Cc6":305.50448390881513,"0x056Fd409E1d7A124BD7017459dFEa2F387b6d5Cd":0.64163136312905,"0x075b1bb99792c9E1041bA13afEf80C91a1e70fB3":299.2483431781942,"0x085780639CC2cACd35E474e71f4d000e2405d8f6":467.53351514917614,"0x09b2E090531228d1b8E3d948C73b990Cb6e60720":531.0782558046113,"0x0E2EC54fC0B509F445631Bf4b91AB8168230C752":0.4715433348408874,"0x0E573Ce2736Dd9637A0b21058352e1667925C7a8":142.2929164799238,"0x0a5E677a6A24b2F1A2Bf4F3bFfC443231d2fDEc8":0.04862465624414188,"0x0bc529c00C6401aEF6D220BE8C6Ea1667F6Ad93e":12.071086979778952,"0x0d86883FAf4FfD7aEb116390af37746F45b6f378":186.5471771576832,"0x0dE54CFdfeD8005176f8b7A9D5438B45c4F1df1e":5.834408518861702,"0x1456688345527bE1f37E9e627DA0837D6f08C925":6.141945941296036,"0x18084fbA666a33d37592fA2633fD49a74DD93a88":9.821320550797283,"0x183395DbD0B5e93323a7286D1973150697FFFCB3":395.462719378612,"0x196f4727526eA7FB1e17b2071B3d8eAA38486988":2.5274978951748928,"0x1c48f86ae57291F7686349F12601910BD8D470bb":1.2742919919992575,"0x1ce0D1E19c9514230FF8CD1DAbaC2555fb92122b":0,"0x2191DF768ad71140F9F3E96c1e4407A4aA31d082":0.0038230833788745885,"0x2260FAC5E5542a773Aa44fBCfeDf7C193bc2C599":349.04453891882497,"0x2570f1bD5D2735314FC102eb12Fc1aFe9e6E7193":669.8155022296053,"0x25eC98773D7b4ceD4cAFaB96A2A1c0945f145e10":0,"0x2889302a794dA87fBF1D6Db415C1492194663D13":230.09949325023382,"0x2b01d4FdB87eb7F2399E5D68631d8A939a323786":15.928608258792789,"0x31429d1856aD1377A8A0079410B297e1a9e214c2":475.11416040042803,"0x32bd822d615A3658A68b6fDD30c2fcb2C996D678":63.65879872394573,"0x34635280737b5BFe6c7DC2FC3065D60d66e78185":425.0546400417031,"0x35282d87011f87508D457F08252Bc5bFa52E10A0":94.86818684090782,"0x35D8949372D46B7a3D5A56006AE77B215fc69bC0":235.23531477766727,"0x35fA164735182de50811E8e2E824cFb9B6118ac2":1092.3160368155532,"0x383E6b4437b59fff47B619CBA855CA29342A8559":118.86206559881292,"0x38D64ce1Bdf1A9f24E0Ec469C9cAde61236fB4a0":210.76099416782324,"0x3A283D9c08E8b55966afb64C515f5143cf907611":934.767421649413,"0x3Ed3B47Dd13EC9a98b44e6204A523E766B225811":158.084128479984,"0x40D16FC0246aD3160Ccc09B8D0D3A2cD28aE6C2f":425.62889968396104,"0x4591DBfF62656E7859Afe5e45f6f47D3669fBB28":161.14127601912753,"0x466a756E9A7401B5e2444a3fCB3c2C12FBEa0a54":6.424181132601121,"0x48759F220ED983dB51fA7A8C0D2AAb8f3ce4166a":1499.5520719832482,"0x49446A0874197839D15395B908328a74ccc96Bc0":17.518518092380923,"0x4D1941a887eC788F059b3bfcC8eE1E97b968825B":8.108195194801494,"0x4Fabb145d64652a948d72533023f6E7A623C7C53":0.02914375667534868,"0x4c9EDD5852cd905f086C759E8383e09bff1E68B3":1336.7385309358654,"0x4eBdF703948ddCEA3B11f675B4D1Fba9d2414A14":357.94312928479155,"0x514910771AF9Ca656af840dff83E8264EcF986CA":111.5022037853981,"0x5228a22e72ccC52d415EcFd199F99D0665E7733b":53.382139278204136,"0x5426178799ee0a0181A89b4f57eFddfAb49941Ec":273.1926032786794,"0x5555f75e3d5278082200Fb451D1b6bA946D8e13b":18.791042034265114,"0x57a5a0567187FF4A8dcC1A9bBa86155E355878F2":1.1781765249699405,"0x58efE15C0404aB22F87E4495D71f6f2077e862bE":0.00124774379122164,"0x5905c0290e59aFBDc42a5480add9bD7B20CB3759":0.17877744402654133,"0x59D9356E565Ab3A36dD77763Fc0d87fEaf85508C":563.6107088643961,"0x5BC25f649fc4e26069dDF4cF4010F9f706c23831":3.494315561361883,"0x5Ca135cB8527d76e932f34B5145575F9d8cbE08E":48.97200782039613,"0x5E8422345238F34275888049021821E8E08CAa1f":17327.262692711003,"0x5e74C9036fb86BD7eCdcb084a0673EFc32eA31cb":203.1340758007582,"0x63a0964A36c34E81959da5894ad888800e17405b":24.962239324623674,"0x65D72AA8DA931F047169112fcf34f52DbaAE7D18":128.13509683796758,"0x661c70333AA1850CcDBAe82776Bb436A0fCfeEfB":52.61567653681544,"0x668308d77be3533c909a692302Cb4D135Bf8041C":0.05758243908146919,"0x66a1E37c9b0eAddca17d3662D6c05F4DECf3e110":0.10856213255241562,"0x674C6Ad92Fd080e4004b2312b45f796a192D27a0":4.570813836675008,"0x68749665FF8D2d112Fa859AA293F07A622782F38":16.199165682151868,"0x6B175474E89094C44Da98b954EedeAC495271d0F":1231.621779606685,"0x6C5024Cd4F8A59110119C56f8933403A539555EB":120.73799526716421,"0x6C9815826FdF8c7a45cCfEd2064dbaB33a078712":0.0038280174912456045,"0x6b5204B0Be36771253Cc38e88012E02B752f0f36":186.11061299535768,"0x6c3F90f043a72FA612cbac8115EE7e52BDe6E490":908.957976466687,"0x6c3ea9036406852006290770BEdFcAbA0e23A0e8":540.7722073040627,"0x6ef3D766Dfe02Dc4bF04aAe9122EB9A0Ded25615":0.029829087291730692,"0x7223442cad8e9cA474fC40109ab981608F8c4273":0.0034887275710359217,"0x73968b9a57c6E53d41345FD57a6E6ae27d6CDB2F":89.4773010562323,"0x73A15FeD60Bf67631dC6cd7Bc5B6e8da8190aCF5":739.7918432574339,"0x76237BCfDbe8e06FB774663add96216961df4ff3":17.349321021441487,"0x76Eb2FE28b36B3ee97F3Adae0C69606eeDB2A37c":746.232496511088,"0x77E06c9eCCf2E797fd462A92B6D7642EF85b0A44":0.77316338918,"0x78da5799CF427Fee11e9996982F4150eCe7a99A7":55.2229574104759,"0x7F17A6C77C3938D235b014818092eb6305BdA110":57.06628525782919,"0x7F86Bf177Dd4F3494b841a37e810A34dD56c829B":1224.0316354244208,"0x7FA768E035F956c41d6aeaa3Bd857e7E5141CAd5":0.4937992824010467,"0x7f39C581F595B53c5cb19bD0b3f8dA6c935E2Ca0":593.6287430431041,"0x8064d9Ae6cDf087b1bcd5BDf3531bD5d8C537a68":74.36581221047838,"0x80d69e79258FE9D056c822461c4eb0B4ca8802E2":0.258133987836095,"0x826180541412D574cf1336d22c0C0a287822678A":245.95667081257926,"0x830614aE209FF9d8706d386fcdBc7a55206fcffC":55.67436710592511,"0x83F20F44975D03b1b09e64809B757c47f942BEeA":906.3974214220017,"0x84CeCB5525c6B1C20070E742da870062E84Da178":17.45939401550046,"0x853d955aCEf822Db058eb8505911ED77F175b99e":1281.2032237359883,"0x856c4Efb76C1D1AE02e20CEB03A2A6a08b0b8dC3":1.840825088614443,"0x865377367054516e17014CcdED1e7d814EDC9ce4":294.165347557798,"0x8C0D76C9B18779665475F3E212D9Ca1Ed6A1A0e6":576.9470336420081,"0x8E870D67F660D95d5be530380D0eC0bd388289E1":0.007669264700973163,"0x8c9532a60E0E7C6BbD2B2c1303F63aCE1c3E9811":1.1877926796015443,"0x8dAEBADE922dF735c38C80C7eBD708Af50815fAa":15.202159670134883,"0x8e595470Ed749b85C6F7669de83EAe304C2ec68F":38.124772089459206,"0x917ceE801a67f933F2e6b33fC0cD1ED2d5909D88":501.799630849614,"0x9181f633E9B9F15A32d5e37094F4C93b333e0E92":1.1765041971090473,"0x922406EAFC3CcEb32b0256F287fB977c426EDbd8":0.02906466345602649,"0x954313005C56b555bdC41B84D6c63B69049d7847":473.8649398496624,"0x9559Aaa82d9649C7A7b220E7c461d2E74c9a3593":198.131609261202,"0x95710BDE45C8D384A976Cc58Cc7a7e489576b098":2.367018063359345,"0x961D4921e1718E633BAC8Ded88c4a1cAe44b785a":1039.3691135290069,"0x9961BdBE8B7091E584c2bF9D0a160C583f564A8c":392.97866772134967,"0x99D8a9C45b2ecA8864373A26D1459e3Dff1e17F3":11.234950691388592,"0x9BE89D2a4cd102D8Fecc6BF9dA793be995C22541":248.16888427201113,"0x9D39A5DE30e57443BfF2A8307A4256c8797A3497":824.1799590689318,"0x9EEAD9ce15383CaEED975427340b3A369410CFBF":14.029746772458589,"0x9FeE65D5A627e73212989c8BbEdC5Fa5Cae3821F":15.001601461227112,"0x9de1c3D446237ab9BaFF74127eb4F303802a2683":493.33401215279235,"0xA0b86991c6218b36c1d19D4a2e9Eb0cE3606eB48":3547.098755760723,"0xA0d69E286B938e21CBf7E51D71F6A4c8918f482F":1103.1577352321854,"0xA1290d69c65A6Fe4DF752f95823fae25cB99e5A7":21.956385378864468,"0xA35b1B31Ce002FBF2058D22F30f95D405200A15b":1.9210700213374179,"0xA5588F7cdf560811710A2D82D3C9c99769DB1Dcb":649.9978702998623,"0xA663B02CF0a4b149d2aD41910CB81e23e1c41c32":88.04786395190932,"0xAB846Fb6C81370327e784Ae7CbB6d6a6af6Ff4BF":65.08353074499517,"0xBC6DA0FE9aD5f3b0d58160288917AA56653660E9":4.31590984284088,"0xBcca60bB61934080951369a648Fb03DF4F96263C":147.5144561752524,"0xC02aaA39b223FE8D0A0e5C4F27eAD9083C756Cc2":1672.7301791305042,"0xC272B96bCcdaf1BF98F2197D355066Da3C15982a":70.01072184397853,"0xC3ADe5aCe1bBb033CcAE8177C12Ecbfa16bD6A9D":0.7428901494042559,"0xC975342A95cCb75378ddc646B8620fa3Cd5bc051":153.38070492398984,