{"0x0000000000085d4780B73119b644AE5ecd22b376":0.005459530451226154,"0x005F893EcD7bF9667195642f7649DA8163e23658":17.76422301842017,"0x0100546F2cD4C9D97f798fFC9755E47865FF7Ee6":138.5805249060994,"0x028171bCA77440897B824Ca71D1c56caC55b68A3":119.8195971223829,"0x0316EB71485b0Ab14103307bf65a021042c6d380":53.4400393359993,"0x03ab458634910AaD20eF5f1C8ee96F1D6ac54919":169.51773680410167,"0x04C154b66CB340F3Ae24111CC767e0184Ed00Cc6":194.49201578112144,"0x056Fd409E1d7A124BD7017459dFEa2F387b6d5Cd":101.74460010689572,"0x075b1bb99792c9E1041bA13afEf80C91a1e70fB3":739.0010608854801,"0x085780639CC2cACd35E474e71f4d000e2405d8f6":788.6401657478622,"0x09b2E090531228d1b8E3d948C73b990Cb6e60720":483.7008090794887,"0x0E2EC54fC0B509F445631Bf4b91AB8168230C752":0.45001883491930705,"0x0E573Ce2736Dd9637A0b21058352e1667925C7a8":142.8020271039904,"0x0bc529c00C6401aEF6D220BE8C6Ea1667F6Ad93e":7.167092906472137,"0x0d86883FAf4FfD7aEb116390af37746F45b6f378":136.95898547937148,"0x0dE54CFdfeD8005176f8b7A9D5438B45c4F1df1e":2.4674318481973576,"0x1456688345527bE1f37E9e627DA0837D6f08C925":6.660694412818604,"0x16eAd9a10b1A77007E6E329B076aD1Fe97a6F7C0":47.42469263335922,"0x18084fbA666a33d37592fA2633fD49a74DD93a88":7.520454347708769,"0x196f4727526eA7FB1e17b2071B3d8eAA38486988":0.6378865640099324,"0x1c48f86ae57291F7686349F12601910BD8D470bb":0.11249276716709944,"0x1ce0D1E19c9514230FF8CD1DAbaC2555fb92122b":0,"0x2260FAC5E5542a773Aa44fBCfeDf7C193bc2C599":309.7841799684764,"0x22CF19EB64226e0E1A79c69b345b31466fD273A7":0.6937740646497502,"0x2570f1bD5D2735314FC102eb12Fc1aFe9e6E7193":289.0004154619757,"0x25eC98773D7b4ceD4cAFaB96A2A1c0945f145e10":6.266173378931243,"0x2889302a794dA87fBF1D6Db415C1492194663D13":1605.3174360474454,"0x29059568bB40344487d62f7450E78b8E6C74e0e5":597.0179706110346,"0x2b01d4FdB87eb7F2399E5D68631d8A939a323786":15.18981672517046,"0x31429d1856aD1377A8A0079410B297e1a9e214c2":486.7175072214968,"0x32bd822d615A3658A68b6fDD30c2fcb2C996D678":41.12131741201865,"0x35282d87011f87508D457F08252Bc5bFa52E10A0":704.3792580029908,"0x35fA164735182de50811E8e2E824cFb9B6118ac2":876.1395142198418,"0x365AccFCa291e7D3914637ABf1F7635dB165Bb09":481.1689679925305,"0x383E6b4437b59fff47B619CBA855CA29342A8559":32.38197499100221,"0x38D64ce1Bdf1A9f24E0Ec469C9cAde61236fB4a0":1201.7527986787718,"0x3A283D9c08E8b55966afb64C515f5143cf907611":7649.554703013407,"0x3Ed3B47Dd13EC9a98b44e6204A523E766B225811":438.94208735469175,"0x3f0e7916681452D23Cd36B1281457DA721F2E5dF":419.0945548382171,"0x40D16FC0246aD3160Ccc09B8D0D3A2cD28aE6C2f":1057.3239618548282,"0x4591DBfF62656E7859Afe5e45f6f47D3669fBB28":259.1067459921824,"0x4647B6D835f3B393C7A955df51EEfcf0db961606":147.74468064721756,"0x466a756E9A7401B5e2444a3fCB3c2C12FBEa0a54":525.9450235693523,"0x48759F220ED983dB51fA7A8C0D2AAb8f3ce4166a":887.1653684956269,"0x49446A0874197839D15395B908328a74ccc96Bc0":15.075318904349954,"0x4AE86d8732390d852A13cb918463BC6e5775FaDD":29.47985191959963,"0x4D1941a887eC788F059b3bfcC8eE1E97b968825B":12.09511185213974,"0x4DEcE678ceceb27446b35C672dC7d61F30bAD69E":607.1208526499403,"0x4Fabb145d64652a948d72533023f6E7A623C7C53":0.003841518112565603,"0x4c9EDD5852cd905f086C759E8383e09bff1E68B3":9190.807137166465,"0x4de2ab8177fC5fFAFB7aD11FB8BeB1e5fB95F71C":55.454345604765386,"0x4eBdF703948ddCEA3B11f675B4D1Fba9d2414A14":3042.3316125734054,"0x514910771AF9Ca656af840dff83E8264EcF986CA":100.40949736322824,"0x5228a22e72ccC52d415EcFd199F99D0665E7733b":49.25395170379094,"0x5426178799ee0a0181A89b4f57eFddfAb49941Ec":32.21428064781036,"0x5555f75e3d5278082200Fb451D1b6bA946D8e13b":133.4618814927448,"0x57a5a0567187FF4A8dcC1A9bBa86155E355878F2":1.0280409492504317,"0x58efE15C0404aB22F87E4495D71f6f2077e862bE":0.001248314386727262,"0x5905c0290e59aFBDc42a5480add9bD7B20CB3759":0.04118878062696967,"0x59D9356E565Ab3A36dD77763Fc0d87fEaf85508C":468.65976126676804,"0x5BC25f649fc4e26069dDF4cF4010F9f706c23831":1.3907132931753725,"0x5Be6C45e2d074fAa20700C49aDA3E88a1cc0025d":412.7994390814539,"0x5Ca135cB8527d76e932f34B5145575F9d8cbE08E":53.13542598238096,"0x5E8422345238F34275888049021821E8E08CAa1f":14472.127754522347,"0x5b6C539b224014A09B3388e51CaAA8e354c959C8":213.94907422058768,"0x5e74C9036fb86BD7eCdcb084a0673EFc32eA31cb":180.0836619183262,"0x63a0964A36c34E81959da5894ad888800e17405b":20.120436088165057,"0x65D72AA8DA931F047169112fcf34f52DbaAE7D18":117.2528056367663,"0x661c70333AA1850CcDBAe82776Bb436A0fCfeEfB":22.974944641328133,"0x6663b6D50992ef4fc0380199397c87C2f5256075":520.7771095520487,"0x668308d77be3533c909a692302Cb4D135Bf8041C":0.05035109784346608,"0x66a1E37c9b0eAddca17d3662D6c05F4DECf3e110":0.10857647136620942,"0x674C6Ad92Fd080e4004b2312b45f796a192D27a0":1.8243569514596116,"0x68749665FF8D2d112Fa859AA293F07A622782F38":19.261706178816492,"0x6B175474E89094C44Da98b954EedeAC495271d0F":6504.9578998926145,"0x6C5024Cd4F8A59110119C56f8933403A539555EB":110.83266828616468,"0x6ade6971Ca3d90990C30d39c78b0534C7166e07b":105.95360612145383,"0x6b5204B0Be36771253Cc38e88012E02B752f0f36":19.604135030946793,"0x6c38cE8984a890F5e46e6dF6117C26b3F1EcfC9C":0.000196702992305806,"0x6c3F90f043a72FA612cbac8115EE7e52BDe6E490":1267.9732174183976,"0x6c3ea9036406852006290770BEdFcAbA0e23A0e8":1997.0083543643905,"0x6e52cCe4EaFDf77091dD1c82183b2D97b776b397":878.0341001774756,"0x6ef3D766Dfe02Dc4bF04aAe9122EB9A0Ded25615":0.02602740191226499,"0x73968b9a57c6E53d41345FD57a6E6ae27d6CDB2F":69.57439805737445,"0x73A15FeD60Bf67631dC6cd7Bc5B6e8da8190aCF5":0.012580265090216095,"0x76237BCfDbe8e06FB774663add96216961df4ff3":18.13111562718079,"0x76Eb2FE28b36B3ee97F3Adae0C69606eeDB2A37c":722.9871061177876,"0x77E06c9eCCf2E797fd462A92B6D7642EF85b0A44":0.44626741524,"0x78da5799CF427Fee11e9996982F4150eCe7a99A7":277.25506283665385,"0x7988292D0FB141085c092132e2a70B30aA1eccAB":480.2188498707699,"0x7F17A6C77C3938D235b014818092eb6305BdA110":46.84351453220104,"0x7F86Bf177Dd4F3494b841a37e810A34dD56c829B":9554.367079520382,"0x7FA768E035F956c41d6aeaa3Bd857e7E5141CAd5":0.035300834705251215,"0x7ea4aD8C803653498bF6AC1D2dEbc04DCe8Fd2aD":91.05124790169484,"0x7f39C581F595B53c5cb19bD0b3f8dA6c935E2Ca0":4700.794243775402,"0x8064d9Ae6cDf087b1bcd5BDf3531bD5d8C537a68":67.57340328298699,"0x80d69e79258FE9D056c822461c4eb0B4ca8802E2":0.024050613848803637,"0x826180541412D574cf1336d22c0C0a287822678A":803.7127293456817,"0x830614aE209FF9d8706d386fcdBc7a55206fcffC":35.810052996388265,"0x83F20F44975D03b1b09e64809B757c47f942BEeA":7605.2871109529815,"0x84CeCB5525c6B1C20070E742da870062E84Da178":5.241614100991182,"0x853d955aCEf822Db058eb8505911ED77F175b99e":3341.545587366896,"0x856c4Efb76C1D1AE02e20CEB03A2A6a08b0b8dC3":1.6111863164870124,"0x865377367054516e17014CcdED1e7d814EDC9ce4":475.6921928751406,"0x8C0D76C9B18779665475F3E212D9Ca1Ed6A1A0e6":323.1133588671144,"0x8C88538688aca3b733aD08b12BEe4574c0C00907":141.64771018680122,"0x8Cd52ee292313C4D851e71A7064F096504aB3eE9":63.1531682925621,"0x8E870D67F660D95d5be530380D0eC0bd388289E1":668.6731835008005,"0x8dAEBADE922dF735c38C80C7eBD708Af50815fAa":15.230607849614394,"0x8e595470Ed749b85C6F7669de83EAe304C2ec68F":15.056445436445614,"0x917ceE801a67f933F2e6b33fC0cD1ED2d5909D88":295.83016216683075,"0x9181f633E9B9F15A32d5e37094F4C93b333e0E92":0.407749548347196,"0x922406EAFC3CcEb32b0256F287fB977c426EDbd8":0.02906829849824625,"0x9559Aaa82d9649C7A7b220E7c461d2E74c9a3593":170.14211321956762,"0x95710BDE45C8D384A976Cc58Cc7a7e489576b098":0.6283627165744122,"0x961D4921e1718E633BAC8Ded88c4a1cAe44b785a":216.60752306603894,"0x96E61422b6A9bA0e068B6c5ADd4fFaBC6a4aae27":543.8677749791225,"0x9961BdBE8B7091E584c2bF9D0a160C583f564A8c":391.21041424955587,"0x99D8a9C45b2ecA8864373A26D1459e3Dff1e17F3":38.77517899530542,"0x9BE89D2a4cd102D8Fecc6BF9dA793be995C22541":216.0180676277871,"0x9D39A5DE30e57443BfF2A8307A4256c8797A3497":7052.864164408231,"0x9EEAD9ce15383CaEED975427340b3A369410CFBF":0.000003997584325612,"0x9FeE65D5A627e73212989c8BbEdC5Fa5Cae3821F":15.309194342407777,"0x9b77bd0a665F05995b68e36fC1053AFFfAf0d4B5":8.091829283973528,"0x9de1c3D446237ab9BaFF74127eb4F303802a2683":265.4503904133778,"0xA0b86991c6218b36c1d19D4a2e9Eb0cE3606eB48":12502.451722364587,