{"0x0000000000085d4780B73119b644AE5ecd22b376":215.63861782830614,"0x0000000016E6Cb3038203c1129c8B4aEE7af7a11":2.0616840430245444,"0x005F893EcD7bF9667195642f7649DA8163e23658":188.67788531017686,"0x0100546F2cD4C9D97f798fFC9755E47865FF7Ee6":424.53683800124503,"0x028171bCA77440897B824Ca71D1c56caC55b68A3":1141.8767878535361,"0x0316EB71485b0Ab14103307bf65a021042c6d380":0.02034980264761852,"0x03ab458634910AaD20eF5f1C8ee96F1D6ac54919":1.4834252336502252,"0x04C154b66CB340F3Ae24111CC767e0184Ed00Cc6":548.5083594899711,"0x051d7e5609917Bd9b73f04BAc0DED8Dd46a74301":386.98061746586944,"0x056Fd409E1d7A124BD7017459dFEa2F387b6d5Cd":772.4508904541308,"0x075b1bb99792c9E1041bA13afEf80C91a1e70fB3":772.9213375423597,"0x085780639CC2cACd35E474e71f4d000e2405d8f6":1019.6525203883836,"0x09db87A538BD693E9d08544577d5cCfAA6373A48":85.70069723203808,"0x0E2EC54fC0B509F445631Bf4b91AB8168230C752":0.471447054069029,"0x0E573Ce2736Dd9637A0b21058352e1667925C7a8":146.64705041511328,"0x0a5E677a6A24b2F1A2Bf4F3bFfC443231d2fDEc8":0.07889713627646458,"0x0bc529c00C6401aEF6D220BE8C6Ea1667F6Ad93e":23.386768469098836,"0x0d86883FAf4FfD7aEb116390af37746F45b6f378":276.6560501003225,"0x0dE54CFdfeD8005176f8b7A9D5438B45c4F1df1e":4.4910129551577285,"0x137469B55D1f15651BA46A89D0588e97dD0B6562":235.83909851066545,"0x1456688345527bE1f37E9e627DA0837D6f08C925":5.577432325344389,"0x15700B564Ca08D9439C58cA5053166E8317aa138":1791.7278409423616,"0x16eAd9a10b1A77007E6E329B076aD1Fe97a6F7C0":114.86747429107051,"0x18084fbA666a33d37592fA2633fD49a74DD93a88":418.20685005120293,"0x1830c553dC76d3447B69b7B0dC19CF9e3c739C78":104.5625700827554,"0x183395DbD0B5e93323a7286D1973150697FFFCB3":294.9892962607022,"0x196f4727526eA7FB1e17b2071B3d8eAA38486988":1.6087604206285013,"0x1BED97CBC3c24A4fb5C069C6E311a967386131f7":308.16003195543055,"0x1a7e4e63778B4f12a199C062f3eFdD288afCBce8":331.38660226273345,"0x1aBaEA1f7C830bD89Acc67eC4af516284b1bC33c":493.03748969388437,"0x1c48f86ae57291F7686349F12601910BD8D470bb":1.117952654756234,"0x1ce0D1E19c9514230FF8CD1DAbaC2555fb92122b":0,"0x2191DF768ad71140F9F3E96c1e4407A4aA31d082":16.824355654814557,"0x2260FAC5E5542a773Aa44fBCfeDf7C193bc2C599":415.5456753251015,"0x2570f1bD5D2735314FC102eb12Fc1aFe9e6E7193":244.08898774328853,"0x25eC98773D7b4ceD4cAFaB96A2A1c0945f145e10":0,"0x2889302a794dA87fBF1D6Db415C1492194663D13":642.1143711401376,"0x2b01d4FdB87eb7F2399E5D68631d8A939a323786":286.20058230545783,"0x3175Df0976dFA876431C2E9eE6Bc45b65d3473CC":9.260345556596201e-7,"0x3231Cb76718CDeF2155FC47b5286d82e6eDA273f":337.4510254566371,"0x32bd822d615A3658A68b6fDD30c2fcb2C996D678":328.8901041912486,"0x3432B6A60D23Ca0dFCa7761B7ab56459D9C964D0":363.1757222362597,"0x34635280737b5BFe6c7DC2FC3065D60d66e78185":250.25562332827732,"0x35282d87011f87508D457F08252Bc5bFa52E10A0":168.61930374621608,"0x3570E17b1F2DdFD73FBE437F34A34d1D54219138":0.11161993912785133,"0x35D8949372D46B7a3D5A56006AE77B215fc69bC0":347.78262772732785,"0x35fA164735182de50811E8e2E824cFb9B6118ac2":1052.4912358045374,"0x365AccFCa291e7D3914637ABf1F7635dB165Bb09":291.54163535950187,"0x383E6b4437b59fff47B619CBA855CA29342A8559":182.7421283420472,"0x38D64ce1Bdf1A9f24E0Ec469C9cAde61236fB4a0":252.65846694619546,"0x393DaD6c76D962Abba489a77dBf37ae948A4A6ee":161.32797731946613,"0x3A2725556Dde7B21fBe3dD64A4913ff29faba6A1":0.03336087217643285,"0x3Ed3B47Dd13EC9a98b44e6204A523E766B225811":359.7510771989774,"0x3f0e7916681452D23Cd36B1281457DA721F2E5dF":26.275592986027775,"0x401322B9FDdba8c0a8D40fbCECE1D1752C12316B":335.81003364407627,"0x40D16FC0246aD3160Ccc09B8D0D3A2cD28aE6C2f":781.8917922870662,"0x4591DBfF62656E7859Afe5e45f6f47D3669fBB28":130.36373492863277,"0x4647B6D835f3B393C7A955df51EEfcf0db961606":54.41132394788182,"0x466a756E9A7401B5e2444a3fCB3c2C12FBEa0a54":402.7209692663492,"0x48759F220ED983dB51fA7A8C0D2AAb8f3ce4166a":1663.9584177606998,"0x49446A0874197839D15395B908328a74ccc96Bc0":33.52067015833985,"0x4AE86d8732390d852A13cb918463BC6e5775FaDD":158.04186883044963,"0x4D1941a887eC788F059b3bfcC8eE1E97b968825B":335.3127471913601,"0x4DEcE678ceceb27446b35C672dC7d61F30bAD69E":445.1743225050592,"0x4Fabb145d64652a948d72533023f6E7A623C7C53":0.03509286868960425,"0x4c9EDD5852cd905f086C759E8383e09bff1E68B3":4429.366359462337,"0x4de2ab8177fC5fFAFB7aD11FB8BeB1e5fB95F71C":405.9672217175142,"0x4eBdF703948ddCEA3B11f675B4D1Fba9d2414A14":2403.151625142362,"0x514910771AF9Ca656af840dff83E8264EcF986CA":100.04897438621487,"0x5228a22e72ccC52d415EcFd199F99D0665E7733b":64.30900884343849,"0x527331F3F550f6f85ACFEcAB9Cc0889180C6f1d5":222.7141704848513,"0x5426178799ee0a0181A89b4f57eFddfAb49941Ec":878.3144883773529,"0x5555f75e3d5278082200Fb451D1b6bA946D8e13b":95.15212532811778,"0x57a5a0567187FF4A8dcC1A9bBa86155E355878F2":1.0257681370455818,"0x58efE15C0404aB22F87E4495D71f6f2077e862bE":0.00124721314988709,"0x5905c0290e59aFBDc42a5480add9bD7B20CB3759":0.19215732925618934,"0x59D9356E565Ab3A36dD77763Fc0d87fEaf85508C":143.8807444401122,"0x5BC25f649fc4e26069dDF4cF4010F9f706c23831":2.3875473535734204,"0x5Be6C45e2d074fAa20700C49aDA3E88a1cc0025d":486.35214267595535,"0x5Ca135cB8527d76e932f34B5145575F9d8cbE08E":56.438615326031886,"0x5E8422345238F34275888049021821E8E08CAa1f":15236.99577854902,"0x5Ea630e00D6eE438d3deA1556A110359ACdc10A9":299.6358815351623,"0x5b6C539b224014A09B3388e51CaAA8e354c959C8":628.1530415366171,"0x5e74C9036fb86BD7eCdcb084a0673EFc32eA31cb":8.729552030563772,"0x63a0964A36c34E81959da5894ad888800e17405b":302.9687145505206,"0x65D72AA8DA931F047169112fcf34f52DbaAE7D18":153.7687426226135,"0x65f228ED6a6001eD6485535e0Dc33E525734f54c":58.32354262495556,"0x661c70333AA1850CcDBAe82776Bb436A0fCfeEfB":63.019333766902676,"0x6663b6D50992ef4fc0380199397c87C2f5256075":87.81987990387094,"0x668308d77be3533c909a692302Cb4D135Bf8041C":0.050105975485725235,"0x66a1E37c9b0eAddca17d3662D6c05F4DECf3e110":30.80566444772225,"0x674C6Ad92Fd080e4004b2312b45f796a192D27a0":3.731077248006563,"0x677ddbd918637E5F2c79e164D402454dE7dA8619":0.8440004997859855,"0x68749665FF8D2d112Fa859AA293F07A622782F38":21.17115679927347,"0x69000405f9DcE69BD4Cbf4f2865b79144A69BFE0":0,"0x6B175474E89094C44Da98b954EedeAC495271d0F":6686.620477015966,"0x6C280dB098dB673d30d5B34eC04B6387185D3620":353.1570725918848,"0x6C5024Cd4F8A59110119C56f8933403A539555EB":125.58395961498385,"0x6C9815826FdF8c7a45cCfEd2064dbaB33a078712":68.55118610215419,"0x6b5204B0Be36771253Cc38e88012E02B752f0f36":239.8713014650634,"0x6c3F90f043a72FA612cbac8115EE7e52BDe6E490":597.1777569358469,"0x6c3ea9036406852006290770BEdFcAbA0e23A0e8":878.304508963479,"0x6e52cCe4EaFDf77091dD1c82183b2D97b776b397":616.1442242022127,"0x6ef3D766Dfe02Dc4bF04aAe9122EB9A0Ded25615":0.08526406593837657,"0x7223442cad8e9cA474fC40109ab981608F8c4273":84.92506347180442,"0x73968b9a57c6E53d41345FD57a6E6ae27d6CDB2F":115.6615684063815,"0x73A15FeD60Bf67631dC6cd7Bc5B6e8da8190aCF5":1291.3957628646212,"0x752B4c6e92d96467fE9b9a2522EF07228E00F87c":49.46138256546951,"0x76237BCfDbe8e06FB774663add96216961df4ff3":33.08050004142257,"0x76Eb2FE28b36B3ee97F3Adae0C69606eeDB2A37c":1172.6075875686486,"0x77E06c9eCCf2E797fd462A92B6D7642EF85b0A44":0.0543678611188602,"0x78da5799CF427Fee11e9996982F4150eCe7a99A7":91.9633129993429,"0x7988292D0FB141085c092132e2a70B30aA1eccAB":477.14666454021807,"0x7F17A6C77C3938D235b014818092eb6305BdA110":139.21403947598256,"0x7F86Bf177Dd4F3494b841a37e810A34dD56c829B":2687.299182434789,"0x7FA768E035F956c41d6aeaa3Bd857e7E5141CAd5":0.43044251579306814,"0x7f39C581F595B53c5cb19bD0b3f8dA6c935E2Ca0":1159.1965848655154,"0x8064d9Ae6cDf087b1bcd5BDf3531bD5d8C537a68":75.79710331700781,"0x808507121B80c02388fAd14726482e061B8da827":241.2106574326969,"0x80d69e79258FE9D056c822461c4eb0B4ca8802E2":0.2244810652350647,"0x826180541412D574cf1336d22c0C0a287822678A":193.64460461452276,"0x8282BD15dcA2EA2bDf24163E8f2781B30C43A2ef":307.7106524578465,"0x830614aE209FF9d8706d386fcdBc7a55206fcffC":53.83829748385348,"0x83F20F44975D03b1b09e64809B757c47f942BEeA":4658.05227977547,"0x84CeCB5525c6B1C20070E742da870062E84Da178":64.84687704667013,"0x853d955aCEf822Db058eb8505911ED77F175b99e":1985.2548630656186,