{"0x0000000000085d4780B73119b644AE5ecd22b376":0.00846900312465451,"0x005F893EcD7bF9667195642f7649DA8163e23658":201.9701867786191,"0x0100546F2cD4C9D97f798fFC9755E47865FF7Ee6":470.1339985786273,"0x028171bCA77440897B824Ca71D1c56caC55b68A3":822.474107357783,"0x0316EB71485b0Ab14103307bf65a021042c6d380":0.022874691661649637,"0x03ab458634910AaD20eF5f1C8ee96F1D6ac54919":201.45279963500306,"0x04C154b66CB340F3Ae24111CC767e0184Ed00Cc6":441.1842505087554,"0x056Fd409E1d7A124BD7017459dFEa2F387b6d5Cd":292.02034580169624,"0x075b1bb99792c9E1041bA13afEf80C91a1e70fB3":350.7039100138046,"0x085780639CC2cACd35E474e71f4d000e2405d8f6":883.6707917210871,"0x0E2EC54fC0B509F445631Bf4b91AB8168230C752":0.4714884609938276,"0x0E573Ce2736Dd9637A0b21058352e1667925C7a8":146.35462274582028,"0x0a5E677a6A24b2F1A2Bf4F3bFfC443231d2fDEc8":0.08617868030370673,"0x0bc529c00C6401aEF6D220BE8C6Ea1667F6Ad93e":23.753114327173737,"0x0d86883FAf4FfD7aEb116390af37746F45b6f378":268.6104762142594,"0x0dE54CFdfeD8005176f8b7A9D5438B45c4F1df1e":3.0349437297214896,"0x137469B55D1f15651BA46A89D0588e97dD0B6562":3.6013334183544745,"0x1456688345527bE1f37E9e627DA0837D6f08C925":4.708656117566602,"0x15700B564Ca08D9439C58cA5053166E8317aa138":891.9609305320402,"0x16eAd9a10b1A77007E6E329B076aD1Fe97a6F7C0":133.68007315082048,"0x18084fbA666a33d37592fA2633fD49a74DD93a88":2.4288112637435706,"0x1830c553dC76d3447B69b7B0dC19CF9e3c739C78":115.76098594686492,"0x183395DbD0B5e93323a7286D1973150697FFFCB3":372.0597863083082,"0x196f4727526eA7FB1e17b2071B3d8eAA38486988":0.9773137385517227,"0x1aBaEA1f7C830bD89Acc67eC4af516284b1bC33c":493.1482660377944,"0x1bEFB9B02f7Fc821B96aC1FE2cAF881FdF72b771":3.4693353079058626,"0x1c48f86ae57291F7686349F12601910BD8D470bb":0.8932171769148477,"0x1ce0D1E19c9514230FF8CD1DAbaC2555fb92122b":0,"0x2191DF768ad71140F9F3E96c1e4407A4aA31d082":14.831506587328478,"0x2260FAC5E5542a773Aa44fBCfeDf7C193bc2C599":17.95682017915743,"0x22CF19EB64226e0E1A79c69b345b31466fD273A7":0.3305298899454335,"0x2302aaBe69e6E7A1b0Aa23aAC68fcCB8A4D2B460":179.64842285476763,"0x2570f1bD5D2735314FC102eb12Fc1aFe9e6E7193":152.4065031842148,"0x25eC98773D7b4ceD4cAFaB96A2A1c0945f145e10":0,"0x2889302a794dA87fBF1D6Db415C1492194663D13":1352.631637177237,"0x2b01d4FdB87eb7F2399E5D68631d8A939a323786":18.88239769844994,"0x31429d1856aD1377A8A0079410B297e1a9e214c2":454.1892603487497,"0x32bd822d615A3658A68b6fDD30c2fcb2C996D678":90.25031305498311,"0x34635280737b5BFe6c7DC2FC3065D60d66e78185":299.0266206053385,"0x35282d87011f87508D457F08252Bc5bFa52E10A0":156.2484855161825,"0x35D8949372D46B7a3D5A56006AE77B215fc69bC0":1042.0034495434904,"0x35fA164735182de50811E8e2E824cFb9B6118ac2":1174.1798366180517,"0x365AccFCa291e7D3914637ABf1F7635dB165Bb09":367.15245959534053,"0x383E6b4437b59fff47B619CBA855CA29342A8559":176.21415202349945,"0x38D64ce1Bdf1A9f24E0Ec469C9cAde61236fB4a0":282.76349709630466,"0x393DaD6c76D962Abba489a77dBf37ae948A4A6ee":180.5625676481782,"0x3A2725556Dde7B21fBe3dD64A4913ff29faba6A1":0.03777839189888887,"0x3A283D9c08E8b55966afb64C515f5143cf907611":8182.412848738133,"0x3D229E1B4faab62F621eF2F6A610961f7BD7b23B":5235.163844042107,"0x3Ed3B47Dd13EC9a98b44e6204A523E766B225811":0.000091942776,"0x40D16FC0246aD3160Ccc09B8D0D3A2cD28aE6C2f":1008.892889278703,"0x4591DBfF62656E7859Afe5e45f6f47D3669fBB28":442.50523848989116,"0x4647B6D835f3B393C7A955df51EEfcf0db961606":625.7927199933737,"0x466a756E9A7401B5e2444a3fCB3c2C12FBEa0a54":6.476612421536091,"0x48759F220ED983dB51fA7A8C0D2AAb8f3ce4166a":1653.0024405316417,"0x49446A0874197839D15395B908328a74ccc96Bc0":30.61868290851804,"0x4AE86d8732390d852A13cb918463BC6e5775FaDD":170.8617736412612,"0x4Fabb145d64652a948d72533023f6E7A623C7C53":0.03499849373605158,"0x4c9EDD5852cd905f086C759E8383e09bff1E68B3":10151.17892978467,"0x4eBdF703948ddCEA3B11f675B4D1Fba9d2414A14":4118.361110534125,"0x514910771AF9Ca656af840dff83E8264EcF986CA":115.99873604736493,"0x5228a22e72ccC52d415EcFd199F99D0665E7733b":72.15566319493325,"0x5426178799ee0a0181A89b4f57eFddfAb49941Ec":90.33711915159405,"0x5555f75e3d5278082200Fb451D1b6bA946D8e13b":95.94590051575317,"0x57a5a0567187FF4A8dcC1A9bBa86155E355878F2":1.1615636674315561,"0x58efE15C0404aB22F87E4495D71f6f2077e862bE":0.001248078407404368,"0x5905c0290e59aFBDc42a5480add9bD7B20CB3759":0.19229063892635603,"0x59D9356E565Ab3A36dD77763Fc0d87fEaf85508C":656.7664961610764,"0x5BC25f649fc4e26069dDF4cF4010F9f706c23831":2.4546866404172403,"0x5Ca135cB8527d76e932f34B5145575F9d8cbE08E":55.59302651859693,"0x5E8422345238F34275888049021821E8E08CAa1f":17323.732995847407,"0x5Ea630e00D6eE438d3deA1556A110359ACdc10A9":456.33251858525483,"0x5e74C9036fb86BD7eCdcb084a0673EFc32eA31cb":199.76972999267684,"0x62B9c7356A2Dc64a1969e19C23e4f579F9810Aa7":264.85699992926,"0x6359B6d3e327c497453d4376561eE276c6933323":313.05055911346955,"0x63a0964A36c34E81959da5894ad888800e17405b":180.51470654565986,"0x65D72AA8DA931F047169112fcf34f52DbaAE7D18":151.98660091977726,"0x65f228ED6a6001eD6485535e0Dc33E525734f54c":60.32428916738502,"0x661c70333AA1850CcDBAe82776Bb436A0fCfeEfB":68.64237588404431,"0x6663b6D50992ef4fc0380199397c87C2f5256075":61.88021566182292,"0x668308d77be3533c909a692302Cb4D135Bf8041C":0.0567750953108886,"0x66a1E37c9b0eAddca17d3662D6c05F4DECf3e110":23.383729561718027,"0x674C6Ad92Fd080e4004b2312b45f796a192D27a0":3.0073965513248324,"0x677ddbd918637E5F2c79e164D402454dE7dA8619":0.7989357010013757,"0x68749665FF8D2d112Fa859AA293F07A622782F38":19.32690088956076,"0x6B175474E89094C44Da98b954EedeAC495271d0F":5735.951778611911,"0x6C280dB098dB673d30d5B34eC04B6387185D3620":65.11588639278199,"0x6C5024Cd4F8A59110119C56f8933403A539555EB":125.89846011581957,"0x6C9815826FdF8c7a45cCfEd2064dbaB33a078712":19.738863246644794,"0x6b5204B0Be36771253Cc38e88012E02B752f0f36":247.98460389266654,"0x6c3F90f043a72FA612cbac8115EE7e52BDe6E490":1173.2793266517829,"0x6c3ea9036406852006290770BEdFcAbA0e23A0e8":958.2796202570304,"0x6e52cCe4EaFDf77091dD1c82183b2D97b776b397":1007.5890927172863,"0x6ef3D766Dfe02Dc4bF04aAe9122EB9A0Ded25615":0.08605612846941538,"0x7223442cad8e9cA474fC40109ab981608F8c4273":79.5955759108353,"0x73968b9a57c6E53d41345FD57a6E6ae27d6CDB2F":113.21270140119782,"0x73A15FeD60Bf67631dC6cd7Bc5B6e8da8190aCF5":2394.213550241562,"0x76237BCfDbe8e06FB774663add96216961df4ff3":28.967320044171412,"0x76Eb2FE28b36B3ee97F3Adae0C69606eeDB2A37c":840.7928533405969,"0x77E06c9eCCf2E797fd462A92B6D7642EF85b0A44":1.06174902412,"0x78da5799CF427Fee11e9996982F4150eCe7a99A7":90.02787562982701,"0x7F17A6C77C3938D235b014818092eb6305BdA110":112.53184377370111,"0x7F86Bf177Dd4F3494b841a37e810A34dD56c829B":4524.975656216859,"0x7FA768E035F956c41d6aeaa3Bd857e7E5141CAd5":0.48748380987119666,"0x7ea4aD8C803653498bF6AC1D2dEbc04DCe8Fd2aD":504.30063036086256,"0x7f39C581F595B53c5cb19bD0b3f8dA6c935E2Ca0":2927.971426382482,"0x8064d9Ae6cDf087b1bcd5BDf3531bD5d8C537a68":84.86243227888714,"0x808507121B80c02388fAd14726482e061B8da827":334.2079236235249,"0x80d69e79258FE9D056c822461c4eb0B4ca8802E2":0.2543439250484265,"0x826180541412D574cf1336d22c0C0a287822678A":233.62066102453298,"0x830614aE209FF9d8706d386fcdBc7a55206fcffC":63.84743830308582,"0x83F20F44975D03b1b09e64809B757c47f942BEeA":9043.197958405957,"0x84CeCB5525c6B1C20070E742da870062E84Da178":23.657335011217597,"0x853d955aCEf822Db058eb8505911ED77F175b99e":3203.1265149427486,"0x856c4Efb76C1D1AE02e20CEB03A2A6a08b0b8dC3":0.08741187660521517,"0x865377367054516e17014CcdED1e7d814EDC9ce4":376.16964552650046,"0x8C0D76C9B18779665475F3E212D9Ca1Ed6A1A0e6":467.268999993705,"0x8Cd52ee292313C4D851e71A7064F096504aB3eE9":74.34181569274136,"0x8E870D67F660D95d5be530380D0eC0bd388289E1":0.10386785383024753,"0x8c9532a60E0E7C6BbD2B2c1303F63aCE1c3E9811":17.04601357836702,"0x8dAEBADE922dF735c38C80C7eBD708Af50815fAa":20.46218029263353,"0x8e595470Ed749b85C6F7669de83EAe304C2ec68F":11.545612264978052,"0x90244F43D548a4f8dFecfAD91a193465B1fad6F7":230.88116686107227,"0x917ceE801a67f933F2e6b33fC0cD1ED2d5909D88":150.19379511764126,"0x9181f633E9B9F15A32d5e37094F4C93b333e0E92":1.1587198828992828,"0x922406EAFC3CcEb32b0256F287fB977c426EDbd8":0.0072870484118919,