{"0x0000000000085d4780B73119b644AE5ecd22b376":0.008450684670895882,"0x005F893EcD7bF9667195642f7649DA8163e23658":201.90122704256828,"0x0100546F2cD4C9D97f798fFC9755E47865FF7Ee6":187.26450758651455,"0x028171bCA77440897B824Ca71D1c56caC55b68A3":756.5180024673107,"0x0316EB71485b0Ab14103307bf65a021042c6d380":62.31084866268,"0x03ab458634910AaD20eF5f1C8ee96F1D6ac54919":178.80092191329035,"0x04C154b66CB340F3Ae24111CC767e0184Ed00Cc6":372.5206219242719,"0x056Fd409E1d7A124BD7017459dFEa2F387b6d5Cd":353.59796558412427,"0x075b1bb99792c9E1041bA13afEf80C91a1e70fB3":292.4976989476669,"0x085780639CC2cACd35E474e71f4d000e2405d8f6":687.6787380760933,"0x0E2EC54fC0B509F445631Bf4b91AB8168230C752":0.4715329298418987,"0x0E573Ce2736Dd9637A0b21058352e1667925C7a8":141.85972250986654,"0x0a5E677a6A24b2F1A2Bf4F3bFfC443231d2fDEc8":0.04886418657046771,"0x0bc529c00C6401aEF6D220BE8C6Ea1667F6Ad93e":10.815833258014216,"0x0d86883FAf4FfD7aEb116390af37746F45b6f378":183.10463350917044,"0x0dE54CFdfeD8005176f8b7A9D5438B45c4F1df1e":5.834650545594648,"0x1456688345527bE1f37E9e627DA0837D6f08C925":0.7037991085969484,"0x16eAd9a10b1A77007E6E329B076aD1Fe97a6F7C0":69.7307929734444,"0x18084fbA666a33d37592fA2633fD49a74DD93a88":7.6857340843672235,"0x1830c553dC76d3447B69b7B0dC19CF9e3c739C78":105.2679888330605,"0x183395DbD0B5e93323a7286D1973150697FFFCB3":367.4191262346155,"0x196f4727526eA7FB1e17b2071B3d8eAA38486988":2.5274266877152964,"0x1c48f86ae57291F7686349F12601910BD8D470bb":1.2893657194654013,"0x1ce0D1E19c9514230FF8CD1DAbaC2555fb92122b":0,"0x2191DF768ad71140F9F3E96c1e4407A4aA31d082":5.742429023282245,"0x2260FAC5E5542a773Aa44fBCfeDf7C193bc2C599":347.6895233646026,"0x2570f1bD5D2735314FC102eb12Fc1aFe9e6E7193":799.9438619844468,"0x25eC98773D7b4ceD4cAFaB96A2A1c0945f145e10":5.917456586491891,"0x2889302a794dA87fBF1D6Db415C1492194663D13":398.87455971997855,"0x2b01d4FdB87eb7F2399E5D68631d8A939a323786":12.142062565622473,"0x31429d1856aD1377A8A0079410B297e1a9e214c2":477.1074972620128,"0x32bd822d615A3658A68b6fDD30c2fcb2C996D678":67.48158805796305,"0x34635280737b5BFe6c7DC2FC3065D60d66e78185":406.3950380320346,"0x35282d87011f87508D457F08252Bc5bFa52E10A0":102.7957963336999,"0x35D8949372D46B7a3D5A56006AE77B215fc69bC0":466.9935469988546,"0x35fA164735182de50811E8e2E824cFb9B6118ac2":1101.676971014992,"0x383E6b4437b59fff47B619CBA855CA29342A8559":142.6783347664245,"0x38D64ce1Bdf1A9f24E0Ec469C9cAde61236fB4a0":234.01248425386643,"0x3A283D9c08E8b55966afb64C515f5143cf907611":2415.9688960124145,"0x3Ed3B47Dd13EC9a98b44e6204A523E766B225811":337.00254569247846,"0x401322B9FDdba8c0a8D40fbCECE1D1752C12316B":454.0830173302088,"0x40D16FC0246aD3160Ccc09B8D0D3A2cD28aE6C2f":503.6178377157728,"0x4591DBfF62656E7859Afe5e45f6f47D3669fBB28":213.57315742923961,"0x466a756E9A7401B5e2444a3fCB3c2C12FBEa0a54":6.428031874387354,"0x48759F220ED983dB51fA7A8C0D2AAb8f3ce4166a":1524.1756656515497,"0x49446A0874197839D15395B908328a74ccc96Bc0":17.54484161193911,"0x4AE86d8732390d852A13cb918463BC6e5775FaDD":103.39843255780315,"0x4D1941a887eC788F059b3bfcC8eE1E97b968825B":5.397574421635836,"0x4Fabb145d64652a948d72533023f6E7A623C7C53":0.028243142067614087,"0x4c9EDD5852cd905f086C759E8383e09bff1E68B3":1875.6991838349381,"0x4de2ab8177fC5fFAFB7aD11FB8BeB1e5fB95F71C":192.1509700237466,"0x4eBdF703948ddCEA3B11f675B4D1Fba9d2414A14":956.2517172555113,"0x514910771AF9Ca656af840dff83E8264EcF986CA":107.90550144351236,"0x5228a22e72ccC52d415EcFd199F99D0665E7733b":52.043337545529546,"0x5426178799ee0a0181A89b4f57eFddfAb49941Ec":263.149218866028,"0x5555f75e3d5278082200Fb451D1b6bA946D8e13b":80.287743905477,"0x57a5a0567187FF4A8dcC1A9bBa86155E355878F2":1.1784864539069655,"0x58efE15C0404aB22F87E4495D71f6f2077e862bE":0.001248567846,"0x5905c0290e59aFBDc42a5480add9bD7B20CB3759":0.1788955150664852,"0x59D9356E565Ab3A36dD77763Fc0d87fEaf85508C":569.595066044762,"0x5BC25f649fc4e26069dDF4cF4010F9f706c23831":4.252266720999634,"0x5Be6C45e2d074fAa20700C49aDA3E88a1cc0025d":559.8174653039536,"0x5Ca135cB8527d76e932f34B5145575F9d8cbE08E":50.703242625952626,"0x5E8422345238F34275888049021821E8E08CAa1f":17351.19569455485,"0x5b6C539b224014A09B3388e51CaAA8e354c959C8":1142.5873990684852,"0x5e74C9036fb86BD7eCdcb084a0673EFc32eA31cb":196.803674583304,"0x6359B6d3e327c497453d4376561eE276c6933323":261.9816434217528,"0x63a0964A36c34E81959da5894ad888800e17405b":33.148568084010016,"0x65D72AA8DA931F047169112fcf34f52DbaAE7D18":125.65258733674604,"0x661c70333AA1850CcDBAe82776Bb436A0fCfeEfB":47.79487339074397,"0x668308d77be3533c909a692302Cb4D135Bf8041C":0.057480806749148156,"0x66a1E37c9b0eAddca17d3662D6c05F4DECf3e110":0.7654231574054422,"0x674C6Ad92Fd080e4004b2312b45f796a192D27a0":5.485387293581563,"0x68749665FF8D2d112Fa859AA293F07A622782F38":12.965746843674028,"0x6B175474E89094C44Da98b954EedeAC495271d0F":2687.4367223683066,"0x6C280dB098dB673d30d5B34eC04B6387185D3620":63.60954564310526,"0x6C5024Cd4F8A59110119C56f8933403A539555EB":119.52792691585289,"0x6C9815826FdF8c7a45cCfEd2064dbaB33a078712":10.02765156329526,"0x6ade6971Ca3d90990C30d39c78b0534C7166e07b":175.59311944927057,"0x6b5204B0Be36771253Cc38e88012E02B752f0f36":154.77495182401904,"0x6c3F90f043a72FA612cbac8115EE7e52BDe6E490":1198.0910261633337,"0x6c3ea9036406852006290770BEdFcAbA0e23A0e8":834.0861533492915,"0x6ef3D766Dfe02Dc4bF04aAe9122EB9A0Ded25615":0.08702917894783183,"0x7223442cad8e9cA474fC40109ab981608F8c4273":0.5662309486262492,"0x73968b9a57c6E53d41345FD57a6E6ae27d6CDB2F":108.61331740704739,"0x73A15FeD60Bf67631dC6cd7Bc5B6e8da8190aCF5":2280.42238584341,"0x76237BCfDbe8e06FB774663add96216961df4ff3":13.451578949624993,"0x76Eb2FE28b36B3ee97F3Adae0C69606eeDB2A37c":759.1749774239441,"0x77E06c9eCCf2E797fd462A92B6D7642EF85b0A44":1.0044655092,"0x78da5799CF427Fee11e9996982F4150eCe7a99A7":50.01912692324516,"0x7F17A6C77C3938D235b014818092eb6305BdA110":44.153865126893116,"0x7F86Bf177Dd4F3494b841a37e810A34dD56c829B":2919.7569115057654,"0x7FA768E035F956c41d6aeaa3Bd857e7E5141CAd5":0.49298685022847677,"0x7ea4aD8C803653498bF6AC1D2dEbc04DCe8Fd2aD":280.1828255428623,"0x7f39C581F595B53c5cb19bD0b3f8dA6c935E2Ca0":1200.9413648445643,"0x8064d9Ae6cDf087b1bcd5BDf3531bD5d8C537a68":71.67383601811355,"0x80d69e79258FE9D056c822461c4eb0B4ca8802E2":0.2575852218438644,"0x826180541412D574cf1336d22c0C0a287822678A":257.45812335925217,"0x830614aE209FF9d8706d386fcdBc7a55206fcffC":56.6698918892792,"0x83F20F44975D03b1b09e64809B757c47f942BEeA":2023.826439976277,"0x84CeCB5525c6B1C20070E742da870062E84Da178":8.081652790825354,"0x853d955aCEf822Db058eb8505911ED77F175b99e":1753.6340427382966,"0x856c4Efb76C1D1AE02e20CEB03A2A6a08b0b8dC3":1.931225785298378,"0x865377367054516e17014CcdED1e7d814EDC9ce4":565.8075555136713,"0x8C0D76C9B18779665475F3E212D9Ca1Ed6A1A0e6":758.6439903767688,"0x8Cd52ee292313C4D851e71A7064F096504aB3eE9":43.71454674667143,"0x8E870D67F660D95d5be530380D0eC0bd388289E1":0.007669264700973163,"0x8c9532a60E0E7C6BbD2B2c1303F63aCE1c3E9811":1.2111629828087762,"0x8dAEBADE922dF735c38C80C7eBD708Af50815fAa":13.881201605980719,"0x8e595470Ed749b85C6F7669de83EAe304C2ec68F":42.463049661129666,"0x917ceE801a67f933F2e6b33fC0cD1ED2d5909D88":524.2904812182674,"0x9181f633E9B9F15A32d5e37094F4C93b333e0E92":1.1717298740529265,"0x922406EAFC3CcEb32b0256F287fB977c426EDbd8":0.029080337758078095,"0x954313005C56b555bdC41B84D6c63B69049d7847":475.4451122854874,"0x9559Aaa82d9649C7A7b220E7c461d2E74c9a3593":200.7800442507539,"0x95710BDE45C8D384A976Cc58Cc7a7e489576b098":2.3311570660160106,"0x961D4921e1718E633BAC8Ded88c4a1cAe44b785a":1137.2409745623956,"0x9961BdBE8B7091E584c2bF9D0a160C583f564A8c":398.699657745961,"0x99D8a9C45b2ecA8864373A26D1459e3Dff1e17F3":13.972653266251589,"0x9BE89D2a4cd102D8Fecc6BF9dA793be995C22541":247.7548438794059,"0x9D39A5DE30e57443BfF2A8307A4256c8797A3497":1419.4403812702274,"0x9EEAD9ce15383CaEED975427340b3A369410CFBF":13.859483205941457,"0x9FeE65D5A627e73212989c8BbEdC5Fa5Cae3821F":14.544159434519031,"0x9de1c3D446237ab9BaFF74127eb4F303802a2683":555.8428711724953,"0xA0b86991c6218b36c1d19D4a2e9Eb0cE3606eB48":6727.08549723298,"0xA0d69E286B938e21CBf7E51D71F6A4c8918f482F":1179.3369756956124,