{"0x0000000000085d4780B73119b644AE5ecd22b376":216.8700381332391,"0x0000000016E6Cb3038203c1129c8B4aEE7af7a11":1.054049512069656,"0x005F893EcD7bF9667195642f7649DA8163e23658":199.59739130359245,"0x0100546F2cD4C9D97f798fFC9755E47865FF7Ee6":474.5907553474578,"0x028171bCA77440897B824Ca71D1c56caC55b68A3":818.533932559112,"0x0316EB71485b0Ab14103307bf65a021042c6d380":0.02190836392719441,"0x03ab458634910AaD20eF5f1C8ee96F1D6ac54919":0.6191573770993956,"0x04C154b66CB340F3Ae24111CC767e0184Ed00Cc6":460.98510519007385,"0x051d7e5609917Bd9b73f04BAc0DED8Dd46a74301":440.55037265428007,"0x056Fd409E1d7A124BD7017459dFEa2F387b6d5Cd":501.76780222495694,"0x067079c14B85169e6a29703769dadDef90816f4C":449.23965774504586,"0x075b1bb99792c9E1041bA13afEf80C91a1e70fB3":847.4882953800936,"0x085780639CC2cACd35E474e71f4d000e2405d8f6":910.6757093394235,"0x0E2EC54fC0B509F445631Bf4b91AB8168230C752":0.4714854379843094,"0x0E573Ce2736Dd9637A0b21058352e1667925C7a8":146.90843484263686,"0x0a5E677a6A24b2F1A2Bf4F3bFfC443231d2fDEc8":0.08269351308554211,"0x0bc529c00C6401aEF6D220BE8C6Ea1667F6Ad93e":23.954390056806027,"0x0d86883FAf4FfD7aEb116390af37746F45b6f378":270.7262790021932,"0x0dE54CFdfeD8005176f8b7A9D5438B45c4F1df1e":4.222271920997618,"0x127091edE112aEd7Bae281747771b3150Bb047bB":0.009536619193623298,"0x137469B55D1f15651BA46A89D0588e97dD0B6562":284.6520985847062,"0x1456688345527bE1f37E9e627DA0837D6f08C925":4.9022590974480975,"0x15700B564Ca08D9439C58cA5053166E8317aa138":221.7688257023726,"0x16eAd9a10b1A77007E6E329B076aD1Fe97a6F7C0":132.35096855676417,"0x18084fbA666a33d37592fA2633fD49a74DD93a88":470.1986755289245,"0x1830c553dC76d3447B69b7B0dC19CF9e3c739C78":118.57508787765335,"0x183395DbD0B5e93323a7286D1973150697FFFCB3":364.1191837465441,"0x196f4727526eA7FB1e17b2071B3d8eAA38486988":1.481352756232393,"0x1BED97CBC3c24A4fb5C069C6E311a967386131f7":349.4998960564162,"0x1a7e4e63778B4f12a199C062f3eFdD288afCBce8":331.0258916162948,"0x1aBaEA1f7C830bD89Acc67eC4af516284b1bC33c":492.68170697339474,"0x1bEFB9B02f7Fc821B96aC1FE2cAF881FdF72b771":4.472424189703402,"0x1c48f86ae57291F7686349F12601910BD8D470bb":1.0402867891864973,"0x1ce0D1E19c9514230FF8CD1DAbaC2555fb92122b":0,"0x2191DF768ad71140F9F3E96c1e4407A4aA31d082":17.294139563034317,"0x2260FAC5E5542a773Aa44fBCfeDf7C193bc2C599":469.50362020959017,"0x2302aaBe69e6E7A1b0Aa23aAC68fcCB8A4D2B460":174.05621868440366,"0x2570f1bD5D2735314FC102eb12Fc1aFe9e6E7193":199.65493802187882,"0x25eC98773D7b4ceD4cAFaB96A2A1c0945f145e10":0,"0x2889302a794dA87fBF1D6Db415C1492194663D13":262.16084217206367,"0x29059568bB40344487d62f7450E78b8E6C74e0e5":657.4874772359223,"0x2b01d4FdB87eb7F2399E5D68631d8A939a323786":324.20917700493294,"0x3231Cb76718CDeF2155FC47b5286d82e6eDA273f":332.43816584843717,"0x32bd822d615A3658A68b6fDD30c2fcb2C996D678":359.2870715334333,"0x3432B6A60D23Ca0dFCa7761B7ab56459D9C964D0":367.81883439242324,"0x34635280737b5BFe6c7DC2FC3065D60d66e78185":284.5508618966132,"0x35282d87011f87508D457F08252Bc5bFa52E10A0":158.01680252746252,"0x35D8949372D46B7a3D5A56006AE77B215fc69bC0":90.37864001371713,"0x35fA164735182de50811E8e2E824cFb9B6118ac2":1157.8558830959184,"0x365AccFCa291e7D3914637ABf1F7635dB165Bb09":367.40454123235327,"0x383E6b4437b59fff47B619CBA855CA29342A8559":177.91944803225223,"0x38D64ce1Bdf1A9f24E0Ec469C9cAde61236fB4a0":283.22515572252877,"0x393DaD6c76D962Abba489a77dBf37ae948A4A6ee":177.1904704532069,"0x3A2725556Dde7B21fBe3dD64A4913ff29faba6A1":0.03747496749956299,"0x3A283D9c08E8b55966afb64C515f5143cf907611":459.76706417633295,"0x3Ed3B47Dd13EC9a98b44e6204A523E766B225811":361.51939219131185,"0x3f0e7916681452D23Cd36B1281457DA721F2E5dF":30.108163913122137,"0x401322B9FDdba8c0a8D40fbCECE1D1752C12316B":382.0850155004951,"0x40D16FC0246aD3160Ccc09B8D0D3A2cD28aE6C2f":198.14326629611696,"0x4591DBfF62656E7859Afe5e45f6f47D3669fBB28":115.8653723296897,"0x4647B6D835f3B393C7A955df51EEfcf0db961606":639.380496489973,"0x466a756E9A7401B5e2444a3fCB3c2C12FBEa0a54":321.71372955496514,"0x48759F220ED983dB51fA7A8C0D2AAb8f3ce4166a":1653.6275487409764,"0x49446A0874197839D15395B908328a74ccc96Bc0":35.234562663057986,"0x4AE86d8732390d852A13cb918463BC6e5775FaDD":171.37372286418693,"0x4D1941a887eC788F059b3bfcC8eE1E97b968825B":366.11310334517776,"0x4DEcE678ceceb27446b35C672dC7d61F30bAD69E":445.33765481962905,"0x4Fabb145d64652a948d72533023f6E7A623C7C53":0.03497972438894577,"0x4c9EDD5852cd905f086C759E8383e09bff1E68B3":272.766462841924,"0x4de2ab8177fC5fFAFB7aD11FB8BeB1e5fB95F71C":379.22400923652975,"0x514910771AF9Ca656af840dff83E8264EcF986CA":115.53363780903402,"0x5228a22e72ccC52d415EcFd199F99D0665E7733b":71.01440263393621,"0x5426178799ee0a0181A89b4f57eFddfAb49941Ec":91.52472110100429,"0x5555f75e3d5278082200Fb451D1b6bA946D8e13b":96.41354847025883,"0x57a5a0567187FF4A8dcC1A9bBa86155E355878F2":0.05767952324616035,"0x58efE15C0404aB22F87E4495D71f6f2077e862bE":0.0012479023593380818,"0x5905c0290e59aFBDc42a5480add9bD7B20CB3759":0.1922635153138113,"0x59D9356E565Ab3A36dD77763Fc0d87fEaf85508C":78.58684002763219,"0x5BC25f649fc4e26069dDF4cF4010F9f706c23831":2.946949759642875,"0x5Be6C45e2d074fAa20700C49aDA3E88a1cc0025d":397.1543459829523,"0x5Ca135cB8527d76e932f34B5145575F9d8cbE08E":55.60829662028682,"0x5E8422345238F34275888049021821E8E08CAa1f":17222.064089841064,"0x5Ea630e00D6eE438d3deA1556A110359ACdc10A9":436.96456247930973,"0x5b6C539b224014A09B3388e51CaAA8e354c959C8":437.5996777067835,"0x5ca0313D44551e32e0d7a298EC024321c4BC59B4":0.1665492888436324,"0x6359B6d3e327c497453d4376561eE276c6933323":315.5356664933291,"0x63a0964A36c34E81959da5894ad888800e17405b":250.3188458227061,"0x65D72AA8DA931F047169112fcf34f52DbaAE7D18":152.17532611153996,"0x65f228ED6a6001eD6485535e0Dc33E525734f54c":61.533956827765394,"0x661c70333AA1850CcDBAe82776Bb436A0fCfeEfB":66.61187970896901,"0x6663b6D50992ef4fc0380199397c87C2f5256075":64.0893224336686,"0x668308d77be3533c909a692302Cb4D135Bf8041C":0.055885271805567224,"0x66a1E37c9b0eAddca17d3662D6c05F4DECf3e110":25.395547228208486,"0x674C6Ad92Fd080e4004b2312b45f796a192D27a0":3.517308267663831,"0x677ddbd918637E5F2c79e164D402454dE7dA8619":0.13271995897627295,"0x68749665FF8D2d112Fa859AA293F07A622782F38":20.287905648587476,"0x6B175474E89094C44Da98b954EedeAC495271d0F":206.13525735800468,"0x6C280dB098dB673d30d5B34eC04B6387185D3620":65.67577221048973,"0x6C5024Cd4F8A59110119C56f8933403A539555EB":127.07641375989095,"0x6C9815826FdF8c7a45cCfEd2064dbaB33a078712":27.870532335578798,"0x6ade6971Ca3d90990C30d39c78b0534C7166e07b":572.1062980425811,"0x6b5204B0Be36771253Cc38e88012E02B752f0f36":254.49854652039906,"0x6c3F90f043a72FA612cbac8115EE7e52BDe6E490":303.13199372066896,"0x6c3ea9036406852006290770BEdFcAbA0e23A0e8":464.51550067524397,"0x6e52cCe4EaFDf77091dD1c82183b2D97b776b397":1385.891968280462,"0x6ef3D766Dfe02Dc4bF04aAe9122EB9A0Ded25615":0.08476485598725571,"0x7223442cad8e9cA474fC40109ab981608F8c4273":84.25288362400681,"0x73968b9a57c6E53d41345FD57a6E6ae27d6CDB2F":114.17166863316066,"0x73A15FeD60Bf67631dC6cd7Bc5B6e8da8190aCF5":82.62593213158425,"0x752B4c6e92d96467fE9b9a2522EF07228E00F87c":63.33980312954388,"0x76237BCfDbe8e06FB774663add96216961df4ff3":29.633705961094275,"0x76Eb2FE28b36B3ee97F3Adae0C69606eeDB2A37c":842.2384991627017,"0x77E06c9eCCf2E797fd462A92B6D7642EF85b0A44":0.18271371395568187,"0x78da5799CF427Fee11e9996982F4150eCe7a99A7":91.62339838767672,"0x7988292D0FB141085c092132e2a70B30aA1eccAB":486.76799819413355,"0x7F17A6C77C3938D235b014818092eb6305BdA110":136.77976413116622,"0x7F86Bf177Dd4F3494b841a37e810A34dD56c829B":262.54843683226756,"0x7FA768E035F956c41d6aeaa3Bd857e7E5141CAd5":0.4801677243966961,"0x7ea4aD8C803653498bF6AC1D2dEbc04DCe8Fd2aD":875.8559962615618,"0x7f39C581F595B53c5cb19bD0b3f8dA6c935E2Ca0":372.28566710431323,"0x8064d9Ae6cDf087b1bcd5BDf3531bD5d8C537a68":82.37872509783956,"0x808507121B80c02388fAd14726482e061B8da827":326.9743353590695,"0x80d69e79258FE9D056c822461c4eb0B4ca8802E2":0.2505153878922991,"0x826180541412D574cf1336d22c0C0a287822678A":223.7584140553951,"0x8282BD15dcA2EA2bDf24163E8f2781B30C43A2ef":355.74728681173127,"0x830614aE209FF9d8706d386fcdBc7a55206fcffC":64.39038680971495,