{"0x0000000000085d4780B73119b644AE5ecd22b376":214.28141350854116,"0x0000000016E6Cb3038203c1129c8B4aEE7af7a11":1.7308330697640852,"0x005F893EcD7bF9667195642f7649DA8163e23658":161.06536134841244,"0x0100546F2cD4C9D97f798fFC9755E47865FF7Ee6":369.19155083745363,"0x028171bCA77440897B824Ca71D1c56caC55b68A3":1193.1124293954783,"0x0316EB71485b0Ab14103307bf65a021042c6d380":0.02735023541721892,"0x03ab458634910AaD20eF5f1C8ee96F1D6ac54919":247.1891371110797,"0x04C154b66CB340F3Ae24111CC767e0184Ed00Cc6":287.7672932408394,"0x051d7e5609917Bd9b73f04BAc0DED8Dd46a74301":370.23251503949916,"0x056Fd409E1d7A124BD7017459dFEa2F387b6d5Cd":337.6942287177517,"0x067079c14B85169e6a29703769dadDef90816f4C":566.7597163798687,"0x075b1bb99792c9E1041bA13afEf80C91a1e70fB3":588.0774761679221,"0x085780639CC2cACd35E474e71f4d000e2405d8f6":456.17920585330836,"0x09db87A538BD693E9d08544577d5cCfAA6373A48":101.2041337005629,"0x0E2EC54fC0B509F445631Bf4b91AB8168230C752":0.4711312170844218,"0x0E573Ce2736Dd9637A0b21058352e1667925C7a8":139.79381561601937,"0x0a5E677a6A24b2F1A2Bf4F3bFfC443231d2fDEc8":0.1263362944597535,"0x0bc529c00C6401aEF6D220BE8C6Ea1667F6Ad93e":20.36903827338415,"0x0d86883FAf4FfD7aEb116390af37746F45b6f378":298.0775958406622,"0x0dE54CFdfeD8005176f8b7A9D5438B45c4F1df1e":5.831342377645777,"0x1456688345527bE1f37E9e627DA0837D6f08C925":2.895024104926036,"0x15700B564Ca08D9439C58cA5053166E8317aa138":212.75008167933385,"0x16eAd9a10b1A77007E6E329B076aD1Fe97a6F7C0":172.16199396392315,"0x18084fbA666a33d37592fA2633fD49a74DD93a88":18.358962336579015,"0x183395DbD0B5e93323a7286D1973150697FFFCB3":514.4912871245302,"0x196f4727526eA7FB1e17b2071B3d8eAA38486988":0.27660850969930423,"0x1BED97CBC3c24A4fb5C069C6E311a967386131f7":262.56859689035457,"0x1aBaEA1f7C830bD89Acc67eC4af516284b1bC33c":115.3772593260709,"0x1c48f86ae57291F7686349F12601910BD8D470bb":0.8082142979884568,"0x1ce0D1E19c9514230FF8CD1DAbaC2555fb92122b":0,"0x2191DF768ad71140F9F3E96c1e4407A4aA31d082":25.227951935458716,"0x2260FAC5E5542a773Aa44fBCfeDf7C193bc2C599":24.38857369281745,"0x2302aaBe69e6E7A1b0Aa23aAC68fcCB8A4D2B460":117.86159381669187,"0x2570f1bD5D2735314FC102eb12Fc1aFe9e6E7193":34.42801842413978,"0x25eC98773D7b4ceD4cAFaB96A2A1c0945f145e10":0,"0x2889302a794dA87fBF1D6Db415C1492194663D13":1248.0736691289758,"0x2b01d4FdB87eb7F2399E5D68631d8A939a323786":242.09093792894353,"0x3175Df0976dFA876431C2E9eE6Bc45b65d3473CC":0.00003870560386426557,"0x3231Cb76718CDeF2155FC47b5286d82e6eDA273f":336.38032951690667,"0x32bd822d615A3658A68b6fDD30c2fcb2C996D678":289.98532784349186,"0x3432B6A60D23Ca0dFCa7761B7ab56459D9C964D0":290.97756998944243,"0x34635280737b5BFe6c7DC2FC3065D60d66e78185":259.2150710595216,"0x35282d87011f87508D457F08252Bc5bFa52E10A0":158.79778916057307,"0x35D8949372D46B7a3D5A56006AE77B215fc69bC0":1631.8848543707754,"0x35fA164735182de50811E8e2E824cFb9B6118ac2":941.5724347030822,"0x365AccFCa291e7D3914637ABf1F7635dB165Bb09":517.6652013799209,"0x383E6b4437b59fff47B619CBA855CA29342A8559":196.5246474424825,"0x38D64ce1Bdf1A9f24E0Ec469C9cAde61236fB4a0":230.81201710937592,"0x3A2725556Dde7B21fBe3dD64A4913ff29faba6A1":0.029112248199844773,"0x3A283D9c08E8b55966afb64C515f5143cf907611":2802.5572861582605,"0x3Ed3B47Dd13EC9a98b44e6204A523E766B225811":1.0709346723850013,"0x40D16FC0246aD3160Ccc09B8D0D3A2cD28aE6C2f":297.1648461956651,"0x4591DBfF62656E7859Afe5e45f6f47D3669fBB28":223.31230683700764,"0x466a756E9A7401B5e2444a3fCB3c2C12FBEa0a54":53.82514978429696,"0x48759F220ED983dB51fA7A8C0D2AAb8f3ce4166a":2401.0700083524525,"0x49446A0874197839D15395B908328a74ccc96Bc0":36.55005123574425,"0x4D1941a887eC788F059b3bfcC8eE1E97b968825B":312.77134202397696,"0x4DEcE678ceceb27446b35C672dC7d61F30bAD69E":444.02737786534044,"0x4Fabb145d64652a948d72533023f6E7A623C7C53":0.03978852568030513,"0x4c9EDD5852cd905f086C759E8383e09bff1E68B3":2910.6473489085897,"0x4de2ab8177fC5fFAFB7aD11FB8BeB1e5fB95F71C":422.2429125289812,"0x514910771AF9Ca656af840dff83E8264EcF986CA":85.22031011689505,"0x5228a22e72ccC52d415EcFd199F99D0665E7733b":60.68922368596279,"0x5271045F7B73c17825A7A7aee6917eE46b0B7520":198.81359376262614,"0x5426178799ee0a0181A89b4f57eFddfAb49941Ec":141.1364925770477,"0x5555f75e3d5278082200Fb451D1b6bA946D8e13b":126.9058710465216,"0x57Ab1ec28D129707052df4dF418D58a2D46d5f51":156.57965047620138,"0x57a5a0567187FF4A8dcC1A9bBa86155E355878F2":0.8258561192919268,"0x58efE15C0404aB22F87E4495D71f6f2077e862bE":0.001248567846,"0x5905c0290e59aFBDc42a5480add9bD7B20CB3759":0.17791286900542672,"0x59D9356E565Ab3A36dD77763Fc0d87fEaf85508C":192.09393285646064,"0x5BC25f649fc4e26069dDF4cF4010F9f706c23831":0.40431082524790984,"0x5Ca135cB8527d76e932f34B5145575F9d8cbE08E":55.489923735430445,"0x5E8422345238F34275888049021821E8E08CAa1f":14021.501399844215,"0x5Ea630e00D6eE438d3deA1556A110359ACdc10A9":284.2307218756305,"0x5e74C9036fb86BD7eCdcb084a0673EFc32eA31cb":6.016345660321706,"0x6359B6d3e327c497453d4376561eE276c6933323":256.2754661464854,"0x63a0964A36c34E81959da5894ad888800e17405b":270.3560538396675,"0x65D72AA8DA931F047169112fcf34f52DbaAE7D18":358.1802299651225,"0x65f228ED6a6001eD6485535e0Dc33E525734f54c":51.506966362492044,"0x661c70333AA1850CcDBAe82776Bb436A0fCfeEfB":86.30758596508262,"0x6663b6D50992ef4fc0380199397c87C2f5256075":120.87360082541016,"0x668308d77be3533c909a692302Cb4D135Bf8041C":0.04362807272350023,"0x66a1E37c9b0eAddca17d3662D6c05F4DECf3e110":30.176702395761243,"0x674C6Ad92Fd080e4004b2312b45f796a192D27a0":1.7782266090707854,"0x677ddbd918637E5F2c79e164D402454dE7dA8619":1.9321928755439712,"0x68749665FF8D2d112Fa859AA293F07A622782F38":19.03906076478579,"0x69000405f9DcE69BD4Cbf4f2865b79144A69BFE0":0.00003885567677705658,"0x6B175474E89094C44Da98b954EedeAC495271d0F":5505.552027259794,"0x6C5024Cd4F8A59110119C56f8933403A539555EB":123.76945327046893,"0x6C9815826FdF8c7a45cCfEd2064dbaB33a078712":60.43853759162556,"0x6ade6971Ca3d90990C30d39c78b0534C7166e07b":196.09901646854348,"0x6b5204B0Be36771253Cc38e88012E02B752f0f36":171.41794938367738,"0x6c3F90f043a72FA612cbac8115EE7e52BDe6E490":882.3026115056008,"0x6c3ea9036406852006290770BEdFcAbA0e23A0e8":252.09110697134275,"0x6e52cCe4EaFDf77091dD1c82183b2D97b776b397":205.6334809297193,"0x6ef3D766Dfe02Dc4bF04aAe9122EB9A0Ded25615":0.041315508775545455,"0x7223442cad8e9cA474fC40109ab981608F8c4273":98.24980887411597,"0x73968b9a57c6E53d41345FD57a6E6ae27d6CDB2F":144.24046646045403,"0x73A15FeD60Bf67631dC6cd7Bc5B6e8da8190aCF5":1377.9646724462723,"0x752B4c6e92d96467fE9b9a2522EF07228E00F87c":44.95380050944788,"0x76237BCfDbe8e06FB774663add96216961df4ff3":34.120028688504505,"0x76Eb2FE28b36B3ee97F3Adae0C69606eeDB2A37c":1184.8947790837876,"0x77E06c9eCCf2E797fd462A92B6D7642EF85b0A44":0.89905520914,"0x78da5799CF427Fee11e9996982F4150eCe7a99A7":93.49573866197963,"0x7988292D0FB141085c092132e2a70B30aA1eccAB":465.0160855562683,"0x7F17A6C77C3938D235b014818092eb6305BdA110":149.18739204207273,"0x7FA768E035F956c41d6aeaa3Bd857e7E5141CAd5":0.37234734537300124,"0x7ea4aD8C803653498bF6AC1D2dEbc04DCe8Fd2aD":114.76646130567147,"0x7f39C581F595B53c5cb19bD0b3f8dA6c935E2Ca0":883.9451213006892,"0x8064d9Ae6cDf087b1bcd5BDf3531bD5d8C537a68":78.97387079025096,"0x808507121B80c02388fAd14726482e061B8da827":217.68094805669304,"0x80d69e79258FE9D056c822461c4eb0B4ca8802E2":0.1939607662132988,"0x826180541412D574cf1336d22c0C0a287822678A":205.99105615743247,"0x830614aE209FF9d8706d386fcdBc7a55206fcffC":45.65589546359157,"0x83F20F44975D03b1b09e64809B757c47f942BEeA":2656.030038924358,"0x853d955aCEf822Db058eb8505911ED77F175b99e":1292.0495435152445,"0x856c4Efb76C1D1AE02e20CEB03A2A6a08b0b8dC3":289.70388073906065,"0x865377367054516e17014CcdED1e7d814EDC9ce4":14.266464588379543,"0x8Bc3F1e82Ca3d63987dc12F90538c6bF818FcD0f":318.65009183778244,"0x8C0D76C9B18779665475F3E212D9Ca1Ed6A1A0e6":652.1925727775928,"0x8E870D67F660D95d5be530380D0eC0bd388289E1":170.63179033129092,"0x8c9532a60E0E7C6BbD2B2c1303F63aCE1c3E9811":166.09907943496123,"0x8dAEBADE922dF735c38C80C7eBD708Af50815fAa":19.004449787444916,"0x8e595470Ed749b85C6F7669de83EAe304C2ec68F":456.04714314053547,"0x90244F43D548a4f8dFecfAD91a193465B1fad6F7":171.7803351710483,