{"0x0000000000085d4780B73119b644AE5ecd22b376":0.00846789368524518,"0x005F893EcD7bF9667195642f7649DA8163e23658":200.4289131561973,"0x0100546F2cD4C9D97f798fFC9755E47865FF7Ee6":468.9180494885623,"0x028171bCA77440897B824Ca71D1c56caC55b68A3":823.5109476292616,"0x0316EB71485b0Ab14103307bf65a021042c6d380":0.02284804115211921,"0x03ab458634910AaD20eF5f1C8ee96F1D6ac54919":201.7735806156771,"0x04C154b66CB340F3Ae24111CC767e0184Ed00Cc6":438.73910209085113,"0x056Fd409E1d7A124BD7017459dFEa2F387b6d5Cd":291.5553845238268,"0x075b1bb99792c9E1041bA13afEf80C91a1e70fB3":348.75506197161315,"0x085780639CC2cACd35E474e71f4d000e2405d8f6":881.328960822869,"0x0E2EC54fC0B509F445631Bf4b91AB8168230C752":0.47148859678080346,"0x0E573Ce2736Dd9637A0b21058352e1667925C7a8":147.2397174430465,"0x0a5E677a6A24b2F1A2Bf4F3bFfC443231d2fDEc8":0.08609947195783935,"0x0bc529c00C6401aEF6D220BE8C6Ea1667F6Ad93e":24.773714039523995,"0x0d86883FAf4FfD7aEb116390af37746F45b6f378":270.18897056286914,"0x0dE54CFdfeD8005176f8b7A9D5438B45c4F1df1e":4.2010873413715775,"0x127091edE112aEd7Bae281747771b3150Bb047bB":0.46992808172682515,"0x137469B55D1f15651BA46A89D0588e97dD0B6562":4.833332691168566,"0x1456688345527bE1f37E9e627DA0837D6f08C925":5.65506459865411,"0x15700B564Ca08D9439C58cA5053166E8317aa138":807.9965814561864,"0x18084fbA666a33d37592fA2633fD49a74DD93a88":2.918810237887524,"0x1830c553dC76d3447B69b7B0dC19CF9e3c739C78":117.37781296206319,"0x183395DbD0B5e93323a7286D1973150697FFFCB3":371.9680420560789,"0x196f4727526eA7FB1e17b2071B3d8eAA38486988":1.7779972454201405,"0x1aBaEA1f7C830bD89Acc67eC4af516284b1bC33c":494.1350388284818,"0x1bEFB9B02f7Fc821B96aC1FE2cAF881FdF72b771":4.7709517713497425,"0x1c48f86ae57291F7686349F12601910BD8D470bb":1.1209535404977702,"0x1ce0D1E19c9514230FF8CD1DAbaC2555fb92122b":0,"0x2191DF768ad71140F9F3E96c1e4407A4aA31d082":14.831506587328478,"0x2260FAC5E5542a773Aa44fBCfeDf7C193bc2C599":18.563536785720864,"0x22CF19EB64226e0E1A79c69b345b31466fD273A7":2.6417573476236846,"0x2302aaBe69e6E7A1b0Aa23aAC68fcCB8A4D2B460":177.32003056725293,"0x2570f1bD5D2735314FC102eb12Fc1aFe9e6E7193":153.40987980194495,"0x25eC98773D7b4ceD4cAFaB96A2A1c0945f145e10":0,"0x2889302a794dA87fBF1D6Db415C1492194663D13":1349.221047930382,"0x29059568bB40344487d62f7450E78b8E6C74e0e5":386.9609198358116,"0x2b01d4FdB87eb7F2399E5D68631d8A939a323786":21.931122697814487,"0x31429d1856aD1377A8A0079410B297e1a9e214c2":452.3511990933263,"0x32bd822d615A3658A68b6fDD30c2fcb2C996D678":89.41230873063591,"0x34635280737b5BFe6c7DC2FC3065D60d66e78185":298.7402374232529,"0x35282d87011f87508D457F08252Bc5bFa52E10A0":157.80543222197434,"0x3570E17b1F2DdFD73FBE437F34A34d1D54219138":0.007390116495332205,"0x35D8949372D46B7a3D5A56006AE77B215fc69bC0":1029.001999074592,"0x35fA164735182de50811E8e2E824cFb9B6118ac2":1167.2219128546114,"0x365AccFCa291e7D3914637ABf1F7635dB165Bb09":366.23318020782943,"0x383E6b4437b59fff47B619CBA855CA29342A8559":176.5733672904167,"0x38D64ce1Bdf1A9f24E0Ec469C9cAde61236fB4a0":281.54827400001216,"0x393DaD6c76D962Abba489a77dBf37ae948A4A6ee":180.6595297317407,"0x3A2725556Dde7B21fBe3dD64A4913ff29faba6A1":0.037004972792018156,"0x3A283D9c08E8b55966afb64C515f5143cf907611":8205.454178176127,"0x3Ed3B47Dd13EC9a98b44e6204A523E766B225811":0.000092276,"0x3f0e7916681452D23Cd36B1281457DA721F2E5dF":29.991692441855733,"0x40D16FC0246aD3160Ccc09B8D0D3A2cD28aE6C2f":992.0342852968928,"0x4591DBfF62656E7859Afe5e45f6f47D3669fBB28":438.6014987749731,"0x466a756E9A7401B5e2444a3fCB3c2C12FBEa0a54":8.046220265576524,"0x48759F220ED983dB51fA7A8C0D2AAb8f3ce4166a":1647.6754306255002,"0x49446A0874197839D15395B908328a74ccc96Bc0":31.08579422096767,"0x4AE86d8732390d852A13cb918463BC6e5775FaDD":172.357073221707,"0x4D1941a887eC788F059b3bfcC8eE1E97b968825B":15.857082709488003,"0x4Fabb145d64652a948d72533023f6E7A623C7C53":0.0351287523006752,"0x4c9EDD5852cd905f086C759E8383e09bff1E68B3":10123.577778404104,"0x4eBdF703948ddCEA3B11f675B4D1Fba9d2414A14":3986.6173807950504,"0x514910771AF9Ca656af840dff83E8264EcF986CA":115.94392244720687,"0x5228a22e72ccC52d415EcFd199F99D0665E7733b":73.29838322604466,"0x5426178799ee0a0181A89b4f57eFddfAb49941Ec":93.47317093495738,"0x5555f75e3d5278082200Fb451D1b6bA946D8e13b":95.586265831171,"0x57a5a0567187FF4A8dcC1A9bBa86155E355878F2":1.1524290952123564,"0x58efE15C0404aB22F87E4495D71f6f2077e862bE":0.001248567846,"0x5905c0290e59aFBDc42a5480add9bD7B20CB3759":0.1923660464165513,"0x59D9356E565Ab3A36dD77763Fc0d87fEaf85508C":658.3478114732966,"0x5BC25f649fc4e26069dDF4cF4010F9f706c23831":3.0450657516688695,"0x5Be6C45e2d074fAa20700C49aDA3E88a1cc0025d":216.5961429644146,"0x5Ca135cB8527d76e932f34B5145575F9d8cbE08E":55.70866885466057,"0x5E8422345238F34275888049021821E8E08CAa1f":17238.687704993587,"0x5Ea630e00D6eE438d3deA1556A110359ACdc10A9":446.9168687348562,"0x5b6C539b224014A09B3388e51CaAA8e354c959C8":155.3556913327984,"0x5e74C9036fb86BD7eCdcb084a0673EFc32eA31cb":213.60707767019028,"0x62B9c7356A2Dc64a1969e19C23e4f579F9810Aa7":267.7723648479707,"0x6359B6d3e327c497453d4376561eE276c6933323":312.78133302132363,"0x63a0964A36c34E81959da5894ad888800e17405b":180.0949163981794,"0x65D72AA8DA931F047169112fcf34f52DbaAE7D18":152.91518583673405,"0x65f228ED6a6001eD6485535e0Dc33E525734f54c":61.53475604332821,"0x661c70333AA1850CcDBAe82776Bb436A0fCfeEfB":69.5071544406832,"0x6663b6D50992ef4fc0380199397c87C2f5256075":65.89070478339838,"0x668308d77be3533c909a692302Cb4D135Bf8041C":0.05652719273736997,"0x66a1E37c9b0eAddca17d3662D6c05F4DECf3e110":22.60407864666952,"0x674C6Ad92Fd080e4004b2312b45f796a192D27a0":3.6079462898893424,"0x677ddbd918637E5F2c79e164D402454dE7dA8619":0.7207795040326657,"0x68749665FF8D2d112Fa859AA293F07A622782F38":20.625965015780665,"0x6B175474E89094C44Da98b954EedeAC495271d0F":5724.713952430612,"0x6C5024Cd4F8A59110119C56f8933403A539555EB":130.68682534123616,"0x6C9815826FdF8c7a45cCfEd2064dbaB33a078712":19.940280218549336,"0x6ade6971Ca3d90990C30d39c78b0534C7166e07b":223.36540377714599,"0x6b5204B0Be36771253Cc38e88012E02B752f0f36":247.02199371622763,"0x6c3F90f043a72FA612cbac8115EE7e52BDe6E490":1174.073818979236,"0x6c3ea9036406852006290770BEdFcAbA0e23A0e8":957.5244502005218,"0x6e52cCe4EaFDf77091dD1c82183b2D97b776b397":1001.7441983185988,"0x6ef3D766Dfe02Dc4bF04aAe9122EB9A0Ded25615":0.0855870471432497,"0x7223442cad8e9cA474fC40109ab981608F8c4273":78.54158899150183,"0x73968b9a57c6E53d41345FD57a6E6ae27d6CDB2F":113.51894746699146,"0x73A15FeD60Bf67631dC6cd7Bc5B6e8da8190aCF5":2329.165071549801,"0x76237BCfDbe8e06FB774663add96216961df4ff3":29.592247243138637,"0x76Eb2FE28b36B3ee97F3Adae0C69606eeDB2A37c":841.3700292225625,"0x77E06c9eCCf2E797fd462A92B6D7642EF85b0A44":0.16384079324183928,"0x78da5799CF427Fee11e9996982F4150eCe7a99A7":92.03379188834661,"0x7988292D0FB141085c092132e2a70B30aA1eccAB":478.29974220538315,"0x7F17A6C77C3938D235b014818092eb6305BdA110":115.85679312588353,"0x7F86Bf177Dd4F3494b841a37e810A34dD56c829B":4510.665690037151,"0x7FA768E035F956c41d6aeaa3Bd857e7E5141CAd5":0.4864883308577202,"0x7f39C581F595B53c5cb19bD0b3f8dA6c935E2Ca0":2836.214958199763,"0x8064d9Ae6cDf087b1bcd5BDf3531bD5d8C537a68":85.68990340955918,"0x808507121B80c02388fAd14726482e061B8da827":329.14735969005767,"0x80d69e79258FE9D056c822461c4eb0B4ca8802E2":0.2526645526146386,"0x826180541412D574cf1336d22c0C0a287822678A":234.99291135794806,"0x830614aE209FF9d8706d386fcdBc7a55206fcffC":64.31710593865166,"0x83F20F44975D03b1b09e64809B757c47f942BEeA":8933.738188834846,"0x84CeCB5525c6B1C20070E742da870062E84Da178":25.766451088372097,"0x853d955aCEf822Db058eb8505911ED77F175b99e":3167.989347315018,"0x856c4Efb76C1D1AE02e20CEB03A2A6a08b0b8dC3":0.8870791561723325,"0x865377367054516e17014CcdED1e7d814EDC9ce4":361.4737279729483,"0x8C0D76C9B18779665475F3E212D9Ca1Ed6A1A0e6":463.5089391672827,"0x8C88538688aca3b733aD08b12BEe4574c0C00907":549.2182392431337,"0x8Cd52ee292313C4D851e71A7064F096504aB3eE9":75.50898820782265,"0x8E870D67F660D95d5be530380D0eC0bd388289E1":0.10386785383024753,"0x8c9532a60E0E7C6BbD2B2c1303F63aCE1c3E9811":17.736566469794383,"0x8dAEBADE922dF735c38C80C7eBD708Af50815fAa":20.97149058745544,