{"0x0000000000085d4780B73119b644AE5ecd22b376":0.00846900312465451,"0x005F893EcD7bF9667195642f7649DA8163e23658":101.69123682477695,"0x0100546F2cD4C9D97f798fFC9755E47865FF7Ee6":147.58174220275274,"0x028171bCA77440897B824Ca71D1c56caC55b68A3":715.4430932833122,"0x0316EB71485b0Ab14103307bf65a021042c6d380":56.66771328505699,"0x03ab458634910AaD20eF5f1C8ee96F1D6ac54919":167.27681549079185,"0x04C154b66CB340F3Ae24111CC767e0184Ed00Cc6":226.9571846822615,"0x056Fd409E1d7A124BD7017459dFEa2F387b6d5Cd":349.8092091533193,"0x067079c14B85169e6a29703769dadDef90816f4C":95.70272284834454,"0x075b1bb99792c9E1041bA13afEf80C91a1e70fB3":737.3422245389905,"0x085780639CC2cACd35E474e71f4d000e2405d8f6":1017.8574541986563,"0x09b2E090531228d1b8E3d948C73b990Cb6e60720":482.2264563225975,"0x0E2EC54fC0B509F445631Bf4b91AB8168230C752":0.4715736598109292,"0x0E573Ce2736Dd9637A0b21058352e1667925C7a8":136.18103924115147,"0x0a5E677a6A24b2F1A2Bf4F3bFfC443231d2fDEc8":0.008264626965065771,"0x0bc529c00C6401aEF6D220BE8C6Ea1667F6Ad93e":0.1093590042582022,"0x0d86883FAf4FfD7aEb116390af37746F45b6f378":171.90585657646486,"0x0dE54CFdfeD8005176f8b7A9D5438B45c4F1df1e":5.826702470944755,"0x1456688345527bE1f37E9e627DA0837D6f08C925":6.766719665537574,"0x16eAd9a10b1A77007E6E329B076aD1Fe97a6F7C0":45.027754028902415,"0x18084fbA666a33d37592fA2633fD49a74DD93a88":7.896075042123492,"0x1830c553dC76d3447B69b7B0dC19CF9e3c739C78":87.49801758831414,"0x183395DbD0B5e93323a7286D1973150697FFFCB3":307.6340103834512,"0x196f4727526eA7FB1e17b2071B3d8eAA38486988":2.4980033691199677,"0x1c48f86ae57291F7686349F12601910BD8D470bb":1.2643248797785294,"0x1ce0D1E19c9514230FF8CD1DAbaC2555fb92122b":0,"0x2260FAC5E5542a773Aa44fBCfeDf7C193bc2C599":311.7504503236454,"0x2570f1bD5D2735314FC102eb12Fc1aFe9e6E7193":563.6284081503642,"0x25eC98773D7b4ceD4cAFaB96A2A1c0945f145e10":0,"0x2889302a794dA87fBF1D6Db415C1492194663D13":957.5947379091245,"0x2b01d4FdB87eb7F2399E5D68631d8A939a323786":9.47500491002155,"0x31429d1856aD1377A8A0079410B297e1a9e214c2":460.2027714035765,"0x32bd822d615A3658A68b6fDD30c2fcb2C996D678":44.31871036335913,"0x34635280737b5BFe6c7DC2FC3065D60d66e78185":394.26616748026703,"0x35282d87011f87508D457F08252Bc5bFa52E10A0":65.85847986500872,"0x35D8949372D46B7a3D5A56006AE77B215fc69bC0":945.9025773434851,"0x35fA164735182de50811E8e2E824cFb9B6118ac2":960.1909013374237,"0x383E6b4437b59fff47B619CBA855CA29342A8559":33.71660986431258,"0x38D64ce1Bdf1A9f24E0Ec469C9cAde61236fB4a0":152.52763597471673,"0x3A283D9c08E8b55966afb64C515f5143cf907611":1648.1429208594222,"0x3Ed3B47Dd13EC9a98b44e6204A523E766B225811":998.5536961295518,"0x40D16FC0246aD3160Ccc09B8D0D3A2cD28aE6C2f":184.78736779449784,"0x4591DBfF62656E7859Afe5e45f6f47D3669fBB28":329.7138301576886,"0x4647B6D835f3B393C7A955df51EEfcf0db961606":215.7322796468863,"0x466a756E9A7401B5e2444a3fCB3c2C12FBEa0a54":1.7800233040478202,"0x48759F220ED983dB51fA7A8C0D2AAb8f3ce4166a":1004.0445407769281,"0x49446A0874197839D15395B908328a74ccc96Bc0":11.437682896575064,"0x4AE86d8732390d852A13cb918463BC6e5775FaDD":63.44984801832788,"0x4Fabb145d64652a948d72533023f6E7A623C7C53":0.02921038556482204,"0x4c9EDD5852cd905f086C759E8383e09bff1E68B3":2517.95760510908,"0x4de2ab8177fC5fFAFB7aD11FB8BeB1e5fB95F71C":127.03441727682542,"0x4eBdF703948ddCEA3B11f675B4D1Fba9d2414A14":1221.1407450822853,"0x514910771AF9Ca656af840dff83E8264EcF986CA":97.89935223658428,"0x5228a22e72ccC52d415EcFd199F99D0665E7733b":46.49257449248924,"0x5426178799ee0a0181A89b4f57eFddfAb49941Ec":213.68253771189222,"0x5555f75e3d5278082200Fb451D1b6bA946D8e13b":39.474128266682754,"0x57a5a0567187FF4A8dcC1A9bBa86155E355878F2":1.0702912617622946,"0x58efE15C0404aB22F87E4495D71f6f2077e862bE":0.001248567846,"0x5905c0290e59aFBDc42a5480add9bD7B20CB3759":0.14727880661317833,"0x59D9356E565Ab3A36dD77763Fc0d87fEaf85508C":532.0595732014392,"0x5BC25f649fc4e26069dDF4cF4010F9f706c23831":3.2755178902955295,"0x5Be6C45e2d074fAa20700C49aDA3E88a1cc0025d":78.30540590886653,"0x5Ca135cB8527d76e932f34B5145575F9d8cbE08E":47.4378649893629,"0x5E8422345238F34275888049021821E8E08CAa1f":15630.947850206561,"0x5e74C9036fb86BD7eCdcb084a0673EFc32eA31cb":176.35227453143662,"0x63a0964A36c34E81959da5894ad888800e17405b":16.614279573172457,"0x65D72AA8DA931F047169112fcf34f52DbaAE7D18":122.49015776110306,"0x661c70333AA1850CcDBAe82776Bb436A0fCfeEfB":38.52177067053499,"0x668308d77be3533c909a692302Cb4D135Bf8041C":0.052399499045960786,"0x66a1E37c9b0eAddca17d3662D6c05F4DECf3e110":0.10842657377812258,"0x674C6Ad92Fd080e4004b2312b45f796a192D27a0":3.9379930019212606,"0x68749665FF8D2d112Fa859AA293F07A622782F38":11.591152678586411,"0x6B175474E89094C44Da98b954EedeAC495271d0F":1706.3578004554115,"0x6C280dB098dB673d30d5B34eC04B6387185D3620":47.90782874818945,"0x6C5024Cd4F8A59110119C56f8933403A539555EB":114.64035255984994,"0x6ade6971Ca3d90990C30d39c78b0534C7166e07b":123.0335560324159,"0x6b5204B0Be36771253Cc38e88012E02B752f0f36":50.69827703239146,"0x6c3F90f043a72FA612cbac8115EE7e52BDe6E490":1260.3855682819933,"0x6c3ea9036406852006290770BEdFcAbA0e23A0e8":618.3347604081438,"0x6e52cCe4EaFDf77091dD1c82183b2D97b776b397":92.66356329824482,"0x6ef3D766Dfe02Dc4bF04aAe9122EB9A0Ded25615":0.027237507736652008,"0x73968b9a57c6E53d41345FD57a6E6ae27d6CDB2F":76.76897146021821,"0x73A15FeD60Bf67631dC6cd7Bc5B6e8da8190aCF5":2831.7924404232385,"0x76237BCfDbe8e06FB774663add96216961df4ff3":13.7475624777736,"0x76Eb2FE28b36B3ee97F3Adae0C69606eeDB2A37c":729.8420550281159,"0x77E06c9eCCf2E797fd462A92B6D7642EF85b0A44":0.66386958183,"0x78da5799CF427Fee11e9996982F4150eCe7a99A7":51.35235318203093,"0x7988292D0FB141085c092132e2a70B30aA1eccAB":454.4110413380186,"0x7F17A6C77C3938D235b014818092eb6305BdA110":38.50698327788853,"0x7F86Bf177Dd4F3494b841a37e810A34dD56c829B":2982.558848427553,"0x7FA768E035F956c41d6aeaa3Bd857e7E5141CAd5":0.03697776194159675,"0x7ea4aD8C803653498bF6AC1D2dEbc04DCe8Fd2aD":100.2324720218516,"0x7f39C581F595B53c5cb19bD0b3f8dA6c935E2Ca0":677.3102677401574,"0x8064d9Ae6cDf087b1bcd5BDf3531bD5d8C537a68":63.70131344745258,"0x80d69e79258FE9D056c822461c4eb0B4ca8802E2":0.025123940115543846,"0x826180541412D574cf1336d22c0C0a287822678A":193.85139694501493,"0x830614aE209FF9d8706d386fcdBc7a55206fcffC":45.413639913257306,"0x83F20F44975D03b1b09e64809B757c47f942BEeA":1837.9840571605166,"0x84CeCB5525c6B1C20070E742da870062E84Da178":0.7701471982493299,"0x853d955aCEf822Db058eb8505911ED77F175b99e":886.5213588569925,"0x856c4Efb76C1D1AE02e20CEB03A2A6a08b0b8dC3":1.686078502275709,"0x865377367054516e17014CcdED1e7d814EDC9ce4":504.12886801494835,"0x8682Fbf0CbF312C891532BA9F1A91e44f81ad7DF":467.8564348793823,"0x8C0D76C9B18779665475F3E212D9Ca1Ed6A1A0e6":414.2551127764661,"0x8C88538688aca3b733aD08b12BEe4574c0C00907":251.55798857459754,"0x8c9532a60E0E7C6BbD2B2c1303F63aCE1c3E9811":0.04437598145179531,"0x8dAEBADE922dF735c38C80C7eBD708Af50815fAa":11.233238548972913,"0x8e595470Ed749b85C6F7669de83EAe304C2ec68F":19.718514126389906,"0x917ceE801a67f933F2e6b33fC0cD1ED2d5909D88":410.8739316842078,"0x9181f633E9B9F15A32d5e37094F4C93b333e0E92":0.42670804399073936,"0x922406EAFC3CcEb32b0256F287fB977c426EDbd8":0.0290281676321401,"0x954313005C56b555bdC41B84D6c63B69049d7847":435.93561362662604,"0x9559Aaa82d9649C7A7b220E7c461d2E74c9a3593":175.92404864068055,"0x95710BDE45C8D384A976Cc58Cc7a7e489576b098":2.3637372640862213,"0x961D4921e1718E633BAC8Ded88c4a1cAe44b785a":878.9020316964568,"0x9961BdBE8B7091E584c2bF9D0a160C583f564A8c":388.415819226142,"0x99D8a9C45b2ecA8864373A26D1459e3Dff1e17F3":37.75429997322507,"0x9BE89D2a4cd102D8Fecc6BF9dA793be995C22541":663.9260092046808,"0x9D39A5DE30e57443BfF2A8307A4256c8797A3497":1617.0437673435652,"0x9EEAD9ce15383CaEED975427340b3A369410CFBF":9.519575276640001,"0x9FeE65D5A627e73212989c8BbEdC5Fa5Cae3821F":7.028028648349727,"0x9de1c3D446237ab9BaFF74127eb4F303802a2683":415.0041730327281,"0xA0b86991c6218b36c1d19D4a2e9Eb0cE3606eB48":4462.269270603845,"0xA0d69E286B938e21CBf7E51D71F6A4c8918f482F":927.0489723729447,"0xA1290d69c65A6Fe4DF752f95823fae25cB99e5A7":112.52076690099686,"0xA35b1B31Ce002FBF2058D22F30f95D405200A15b":1.7489770414845822,