{"0x0000000000085d4780B73119b644AE5ecd22b376":216.3658053566607,"0x0000000016E6Cb3038203c1129c8B4aEE7af7a11":1.0576799132897454,"0x005F893EcD7bF9667195642f7649DA8163e23658":194.5508286269507,"0x0100546F2cD4C9D97f798fFC9755E47865FF7Ee6":465.4696503436631,"0x028171bCA77440897B824Ca71D1c56caC55b68A3":819.3316703319022,"0x0316EB71485b0Ab14103307bf65a021042c6d380":0.021758002410460997,"0x03ab458634910AaD20eF5f1C8ee96F1D6ac54919":0.0675794379208131,"0x04C154b66CB340F3Ae24111CC767e0184Ed00Cc6":453.2690343039806,"0x051d7e5609917Bd9b73f04BAc0DED8Dd46a74301":412.28777472242155,"0x056Fd409E1d7A124BD7017459dFEa2F387b6d5Cd":564.9763600658015,"0x067079c14B85169e6a29703769dadDef90816f4C":430.37285231749905,"0x075b1bb99792c9E1041bA13afEf80C91a1e70fB3":812.295270560347,"0x085780639CC2cACd35E474e71f4d000e2405d8f6":939.1972977551732,"0x0E2EC54fC0B509F445631Bf4b91AB8168230C752":0.47148006220171634,"0x0E573Ce2736Dd9637A0b21058352e1667925C7a8":146.59252859520925,"0x0a5E677a6A24b2F1A2Bf4F3bFfC443231d2fDEc8":0.08285192977727687,"0x0bc529c00C6401aEF6D220BE8C6Ea1667F6Ad93e":23.40821801530177,"0x0d86883FAf4FfD7aEb116390af37746F45b6f378":270.3681635957026,"0x0dE54CFdfeD8005176f8b7A9D5438B45c4F1df1e":3.7100213328154457,"0x137469B55D1f15651BA46A89D0588e97dD0B6562":266.81029735822784,"0x1456688345527bE1f37E9e627DA0837D6f08C925":4.671766319399755,"0x15700B564Ca08D9439C58cA5053166E8317aa138":415.35210081412913,"0x16eAd9a10b1A77007E6E329B076aD1Fe97a6F7C0":127.89519358698658,"0x18084fbA666a33d37592fA2633fD49a74DD93a88":443.84513458615805,"0x1830c553dC76d3447B69b7B0dC19CF9e3c739C78":111.16529923063021,"0x183395DbD0B5e93323a7286D1973150697FFFCB3":361.56663349160027,"0x196f4727526eA7FB1e17b2071B3d8eAA38486988":1.3381115444783793,"0x1BED97CBC3c24A4fb5C069C6E311a967386131f7":339.1302785485473,"0x1a7e4e63778B4f12a199C062f3eFdD288afCBce8":330.2875556537464,"0x1aBaEA1f7C830bD89Acc67eC4af516284b1bC33c":491.3543561393248,"0x1bEFB9B02f7Fc821B96aC1FE2cAF881FdF72b771":3.9968284504497538,"0x1c48f86ae57291F7686349F12601910BD8D470bb":0.7546173369008587,"0x1ce0D1E19c9514230FF8CD1DAbaC2555fb92122b":0,"0x2191DF768ad71140F9F3E96c1e4407A4aA31d082":15.986891237681936,"0x2260FAC5E5542a773Aa44fBCfeDf7C193bc2C599":443.2209963227038,"0x22CF19EB64226e0E1A79c69b345b31466fD273A7":1.2386716813925929,"0x2570f1bD5D2735314FC102eb12Fc1aFe9e6E7193":193.594837159054,"0x25eC98773D7b4ceD4cAFaB96A2A1c0945f145e10":0,"0x2889302a794dA87fBF1D6Db415C1492194663D13":259.9050926000309,"0x29059568bB40344487d62f7450E78b8E6C74e0e5":48.97820386986572,"0x2b01d4FdB87eb7F2399E5D68631d8A939a323786":315.0271957916133,"0x3175Df0976dFA876431C2E9eE6Bc45b65d3473CC":9.264424689447789e-7,"0x3231Cb76718CDeF2155FC47b5286d82e6eDA273f":333.3295714961741,"0x32bd822d615A3658A68b6fDD30c2fcb2C996D678":349.8594034006321,"0x3432B6A60D23Ca0dFCa7761B7ab56459D9C964D0":364.4220624069927,"0x34635280737b5BFe6c7DC2FC3065D60d66e78185":269.97159529193743,"0x35282d87011f87508D457F08252Bc5bFa52E10A0":157.45001503720295,"0x35D8949372D46B7a3D5A56006AE77B215fc69bC0":132.7975842765042,"0x35fA164735182de50811E8e2E824cFb9B6118ac2":1150.8442792935814,"0x365AccFCa291e7D3914637ABf1F7635dB165Bb09":355.67621540314,"0x383E6b4437b59fff47B619CBA855CA29342A8559":180.4726533430074,"0x38D64ce1Bdf1A9f24E0Ec469C9cAde61236fB4a0":276.04611635917837,"0x393DaD6c76D962Abba489a77dBf37ae948A4A6ee":166.60725588802208,"0x3A2725556Dde7B21fBe3dD64A4913ff29faba6A1":0.03704882096780261,"0x3A283D9c08E8b55966afb64C515f5143cf907611":2119.043178391557,"0x3Ed3B47Dd13EC9a98b44e6204A523E766B225811":359.96505457313293,"0x3f0e7916681452D23Cd36B1281457DA721F2E5dF":28.43207582153966,"0x401322B9FDdba8c0a8D40fbCECE1D1752C12316B":370.0480884012286,"0x40D16FC0246aD3160Ccc09B8D0D3A2cD28aE6C2f":245.35103852720545,"0x4591DBfF62656E7859Afe5e45f6f47D3669fBB28":116.27782245993608,"0x4647B6D835f3B393C7A955df51EEfcf0db961606":20.604000800691868,"0x466a756E9A7401B5e2444a3fCB3c2C12FBEa0a54":327.6755671048517,"0x48759F220ED983dB51fA7A8C0D2AAb8f3ce4166a":1656.2629498230476,"0x49446A0874197839D15395B908328a74ccc96Bc0":35.04994391483126,"0x4AE86d8732390d852A13cb918463BC6e5775FaDD":164.99003998671233,"0x4DEcE678ceceb27446b35C672dC7d61F30bAD69E":444.94854483747025,"0x4Fabb145d64652a948d72533023f6E7A623C7C53":0.034765796089381434,"0x4c9EDD5852cd905f086C759E8383e09bff1E68B3":1270.85715227661,"0x4de2ab8177fC5fFAFB7aD11FB8BeB1e5fB95F71C":426.38627494237875,"0x4eBdF703948ddCEA3B11f675B4D1Fba9d2414A14":367.23425827412166,"0x514910771AF9Ca656af840dff83E8264EcF986CA":111.19036742769774,"0x5228a22e72ccC52d415EcFd199F99D0665E7733b":69.31132498867356,"0x5426178799ee0a0181A89b4f57eFddfAb49941Ec":493.13915015648314,"0x5555f75e3d5278082200Fb451D1b6bA946D8e13b":96.25945800788863,"0x57a5a0567187FF4A8dcC1A9bBa86155E355878F2":1.1353263499993196,"0x58efE15C0404aB22F87E4495D71f6f2077e862bE":0.0012482906639381878,"0x5905c0290e59aFBDc42a5480add9bD7B20CB3759":0.19232334115424685,"0x59D9356E565Ab3A36dD77763Fc0d87fEaf85508C":93.79982957397506,"0x5BC25f649fc4e26069dDF4cF4010F9f706c23831":2.737069910063502,"0x5Be6C45e2d074fAa20700C49aDA3E88a1cc0025d":400.5994660457769,"0x5Ca135cB8527d76e932f34B5145575F9d8cbE08E":55.7935482777869,"0x5E8422345238F34275888049021821E8E08CAa1f":16704.11783186875,"0x5Ea630e00D6eE438d3deA1556A110359ACdc10A9":408.1289622043521,"0x5b6C539b224014A09B3388e51CaAA8e354c959C8":432.6384139720503,"0x5e74C9036fb86BD7eCdcb084a0673EFc32eA31cb":8.972600752664254,"0x6359B6d3e327c497453d4376561eE276c6933323":326.5393109716627,"0x63a0964A36c34E81959da5894ad888800e17405b":267.768552247981,"0x65D72AA8DA931F047169112fcf34f52DbaAE7D18":152.29003519326463,"0x65f228ED6a6001eD6485535e0Dc33E525734f54c":60.374046375814096,"0x661c70333AA1850CcDBAe82776Bb436A0fCfeEfB":65.72120285805818,"0x6663b6D50992ef4fc0380199397c87C2f5256075":61.463243286983335,"0x668308d77be3533c909a692302Cb4D135Bf8041C":0.05546669487457939,"0x66a1E37c9b0eAddca17d3662D6c05F4DECf3e110":25.824928106818973,"0x674C6Ad92Fd080e4004b2312b45f796a192D27a0":3.2945551295252455,"0x677ddbd918637E5F2c79e164D402454dE7dA8619":1.0312079504505456,"0x68749665FF8D2d112Fa859AA293F07A622782F38":19.92636957850286,"0x69000405f9DcE69BD4Cbf4f2865b79144A69BFE0":0,"0x6B175474E89094C44Da98b954EedeAC495271d0F":1177.2618978033645,"0x6C280dB098dB673d30d5B34eC04B6387185D3620":348.15890221652694,"0x6C5024Cd4F8A59110119C56f8933403A539555EB":125.09507043024668,"0x6C9815826FdF8c7a45cCfEd2064dbaB33a078712":25.00384900963355,"0x6b5204B0Be36771253Cc38e88012E02B752f0f36":229.9944045850232,"0x6c3F90f043a72FA612cbac8115EE7e52BDe6E490":362.3283148827715,"0x6c3ea9036406852006290770BEdFcAbA0e23A0e8":559.0349972663449,"0x6e52cCe4EaFDf77091dD1c82183b2D97b776b397":266.7285363925584,"0x6ef3D766Dfe02Dc4bF04aAe9122EB9A0Ded25615":0.08420278191393864,"0x7223442cad8e9cA474fC40109ab981608F8c4273":88.25478554751328,"0x73968b9a57c6E53d41345FD57a6E6ae27d6CDB2F":121.7371306749845,"0x73A15FeD60Bf67631dC6cd7Bc5B6e8da8190aCF5":297.38034984391015,"0x752B4c6e92d96467fE9b9a2522EF07228E00F87c":63.55364327193361,"0x76237BCfDbe8e06FB774663add96216961df4ff3":29.550110433056187,"0x76Eb2FE28b36B3ee97F3Adae0C69606eeDB2A37c":891.063283866141,"0x77E06c9eCCf2E797fd462A92B6D7642EF85b0A44":0.03832700823527904,"0x78da5799CF427Fee11e9996982F4150eCe7a99A7":91.49143868020356,"0x7988292D0FB141085c092132e2a70B30aA1eccAB":484.7838883197745,"0x7F17A6C77C3938D235b014818092eb6305BdA110":131.10857760006743,"0x7F86Bf177Dd4F3494b841a37e810A34dD56c829B":642.8620026921731,"0x7FA768E035F956c41d6aeaa3Bd857e7E5141CAd5":0.4769848362501863,"0x7f39C581F595B53c5cb19bD0b3f8dA6c935E2Ca0":441.39379977455496,"0x8064d9Ae6cDf087b1bcd5BDf3531bD5d8C537a68":81.29070722065785,"0x808507121B80c02388fAd14726482e061B8da827":301.8368091855223,"0x80d69e79258FE9D056c822461c4eb0B4ca8802E2":0.24836082325859696,"0x826180541412D574cf1336d22c0C0a287822678A":216.11941373559537,"0x8282BD15dcA2EA2bDf24163E8f2781B30C43A2ef":349.49069240331175,"0x830614aE209FF9d8706d386fcdBc7a55206fcffC":57.02588381015356,"0x83F20F44975D03b1b09e64809B757c47f942BEeA":1350.6167058093836,