{"0x0000000000085d4780B73119b644AE5ecd22b376":0.00848594113090382,"0x005F893EcD7bF9667195642f7649DA8163e23658":155.1112313119597,"0x0100546F2cD4C9D97f798fFC9755E47865FF7Ee6":176.98578701507358,"0x028171bCA77440897B824Ca71D1c56caC55b68A3":748.0297347206658,"0x0316EB71485b0Ab14103307bf65a021042c6d380":65.66144152986422,"0x03ab458634910AaD20eF5f1C8ee96F1D6ac54919":177.1354060142945,"0x04C154b66CB340F3Ae24111CC767e0184Ed00Cc6":297.55294316830833,"0x056Fd409E1d7A124BD7017459dFEa2F387b6d5Cd":0.77077,"0x075b1bb99792c9E1041bA13afEf80C91a1e70fB3":306.80527552158463,"0x085780639CC2cACd35E474e71f4d000e2405d8f6":430.17546816630926,"0x09b2E090531228d1b8E3d948C73b990Cb6e60720":534.7651150105874,"0x0E2EC54fC0B509F445631Bf4b91AB8168230C752":0.47154437042874486,"0x0E573Ce2736Dd9637A0b21058352e1667925C7a8":141.69163061110655,"0x0a5E677a6A24b2F1A2Bf4F3bFfC443231d2fDEc8":0.03458342240217529,"0x0bc529c00C6401aEF6D220BE8C6Ea1667F6Ad93e":14.604949472558364,"0x0d86883FAf4FfD7aEb116390af37746F45b6f378":190.25421267856834,"0x0dE54CFdfeD8005176f8b7A9D5438B45c4F1df1e":2.4437926728376045,"0x1456688345527bE1f37E9e627DA0837D6f08C925":3.4745467086879476,"0x18084fbA666a33d37592fA2633fD49a74DD93a88":12.273034819038285,"0x183395DbD0B5e93323a7286D1973150697FFFCB3":394.144930098318,"0x196f4727526eA7FB1e17b2071B3d8eAA38486988":2.5275049823540767,"0x1c48f86ae57291F7686349F12601910BD8D470bb":0.058924556763733545,"0x1ce0D1E19c9514230FF8CD1DAbaC2555fb92122b":0,"0x2191DF768ad71140F9F3E96c1e4407A4aA31d082":0.003987920637370377,"0x2260FAC5E5542a773Aa44fBCfeDf7C193bc2C599":355.6919335564696,"0x2570f1bD5D2735314FC102eb12Fc1aFe9e6E7193":684.4255041740531,"0x25eC98773D7b4ceD4cAFaB96A2A1c0945f145e10":0,"0x2889302a794dA87fBF1D6Db415C1492194663D13":146.08685307874805,"0x2b01d4FdB87eb7F2399E5D68631d8A939a323786":24.008896402542735,"0x31429d1856aD1377A8A0079410B297e1a9e214c2":481.62080661516774,"0x32bd822d615A3658A68b6fDD30c2fcb2C996D678":69.03334492807717,"0x34635280737b5BFe6c7DC2FC3065D60d66e78185":405.62560210351825,"0x35282d87011f87508D457F08252Bc5bFa52E10A0":98.32367297077936,"0x35D8949372D46B7a3D5A56006AE77B215fc69bC0":103.9841607113885,"0x35fA164735182de50811E8e2E824cFb9B6118ac2":1104.0613277662449,"0x383E6b4437b59fff47B619CBA855CA29342A8559":121.8133627871344,"0x38D64ce1Bdf1A9f24E0Ec469C9cAde61236fB4a0":213.04498448633103,"0x3A283D9c08E8b55966afb64C515f5143cf907611":641.4743796158536,"0x3Ed3B47Dd13EC9a98b44e6204A523E766B225811":79.75775119971128,"0x40D16FC0246aD3160Ccc09B8D0D3A2cD28aE6C2f":417.5748211756592,"0x4591DBfF62656E7859Afe5e45f6f47D3669fBB28":161.82320770598855,"0x466a756E9A7401B5e2444a3fCB3c2C12FBEa0a54":2.6017866025207788,"0x48759F220ED983dB51fA7A8C0D2AAb8f3ce4166a":1504.423438755611,"0x49446A0874197839D15395B908328a74ccc96Bc0":19.516155274459226,"0x4Fabb145d64652a948d72533023f6E7A623C7C53":0.030028276360637055,"0x4c9EDD5852cd905f086C759E8383e09bff1E68B3":1029.4747953647154,"0x4eBdF703948ddCEA3B11f675B4D1Fba9d2414A14":368.4885359971599,"0x514910771AF9Ca656af840dff83E8264EcF986CA":116.75646685930053,"0x5228a22e72ccC52d415EcFd199F99D0665E7733b":56.60875475544769,"0x5426178799ee0a0181A89b4f57eFddfAb49941Ec":286.7914990907723,"0x5555f75e3d5278082200Fb451D1b6bA946D8e13b":19.641698539012793,"0x57a5a0567187FF4A8dcC1A9bBa86155E355878F2":1.1947960476467554,"0x58efE15C0404aB22F87E4495D71f6f2077e862bE":0.001248567846,"0x5905c0290e59aFBDc42a5480add9bD7B20CB3759":0.1788955150664852,"0x59D9356E565Ab3A36dD77763Fc0d87fEaf85508C":565.2089691137695,"0x5BC25f649fc4e26069dDF4cF4010F9f706c23831":0.8034145941814542,"0x5Ca135cB8527d76e932f34B5145575F9d8cbE08E":54.03028770934757,"0x5E8422345238F34275888049021821E8E08CAa1f":17574.793735710922,"0x5e74C9036fb86BD7eCdcb084a0673EFc32eA31cb":209.54850366630006,"0x63a0964A36c34E81959da5894ad888800e17405b":28.408056258507003,"0x65D72AA8DA931F047169112fcf34f52DbaAE7D18":132.9085911576434,"0x661c70333AA1850CcDBAe82776Bb436A0fCfeEfB":55.87093927292926,"0x668308d77be3533c909a692302Cb4D135Bf8041C":0.05851365691059305,"0x66a1E37c9b0eAddca17d3662D6c05F4DECf3e110":0.10860818772035337,"0x674C6Ad92Fd080e4004b2312b45f796a192D27a0":1.9091781700506996,"0x68749665FF8D2d112Fa859AA293F07A622782F38":17.925342020290213,"0x6B175474E89094C44Da98b954EedeAC495271d0F":1140.2167760919485,"0x6C5024Cd4F8A59110119C56f8933403A539555EB":123.75990280334229,"0x6C9815826FdF8c7a45cCfEd2064dbaB33a078712":0.004009518320571905,"0x6b5204B0Be36771253Cc38e88012E02B752f0f36":183.67377815007708,"0x6c3F90f043a72FA612cbac8115EE7e52BDe6E490":911.7488045642232,"0x6c3ea9036406852006290770BEdFcAbA0e23A0e8":522.075273884732,"0x6ef3D766Dfe02Dc4bF04aAe9122EB9A0Ded25615":0.030264336287917824,"0x7223442cad8e9cA474fC40109ab981608F8c4273":0.003557148318535161,"0x73968b9a57c6E53d41345FD57a6E6ae27d6CDB2F":91.54197756537063,"0x73A15FeD60Bf67631dC6cd7Bc5B6e8da8190aCF5":535.52186425468,"0x76237BCfDbe8e06FB774663add96216961df4ff3":19.36164717358473,"0x76Eb2FE28b36B3ee97F3Adae0C69606eeDB2A37c":747.3130466305804,"0x77E06c9eCCf2E797fd462A92B6D7642EF85b0A44":0.7975638671,"0x78da5799CF427Fee11e9996982F4150eCe7a99A7":57.50460294950726,"0x7F17A6C77C3938D235b014818092eb6305BdA110":60.77843754621738,"0x7F86Bf177Dd4F3494b841a37e810A34dD56c829B":1239.969874594816,"0x7FA768E035F956c41d6aeaa3Bd857e7E5141CAd5":0.5018926982908747,"0x7f39C581F595B53c5cb19bD0b3f8dA6c935E2Ca0":366.2523874488301,"0x8064d9Ae6cDf087b1bcd5BDf3531bD5d8C537a68":77.44776903296679,"0x80d69e79258FE9D056c822461c4eb0B4ca8802E2":0.2620570234410689,"0x826180541412D574cf1336d22c0C0a287822678A":249.0671319044597,"0x830614aE209FF9d8706d386fcdBc7a55206fcffC":59.430430363478834,"0x83F20F44975D03b1b09e64809B757c47f942BEeA":776.5552481440867,"0x84CeCB5525c6B1C20070E742da870062E84Da178":22.826025150153928,"0x853d955aCEf822Db058eb8505911ED77F175b99e":1146.4398045630185,"0x856c4Efb76C1D1AE02e20CEB03A2A6a08b0b8dC3":1.8700206220361795,"0x865377367054516e17014CcdED1e7d814EDC9ce4":284.49940647108764,"0x8C0D76C9B18779665475F3E212D9Ca1Ed6A1A0e6":578.1531966260706,"0x8Cd52ee292313C4D851e71A7064F096504aB3eE9":4.353232700917206,"0x8E870D67F660D95d5be530380D0eC0bd388289E1":0.007692272495076082,"0x8c9532a60E0E7C6BbD2B2c1303F63aCE1c3E9811":1.2169906540804776,"0x8dAEBADE922dF735c38C80C7eBD708Af50815fAa":17.621177901982865,"0x8e595470Ed749b85C6F7669de83EAe304C2ec68F":37.674125393472224,"0x917ceE801a67f933F2e6b33fC0cD1ED2d5909D88":509.8315540970056,"0x9181f633E9B9F15A32d5e37094F4C93b333e0E92":1.1936651165673695,"0x922406EAFC3CcEb32b0256F287fB977c426EDbd8":0.029076993519235914,"0x954313005C56b555bdC41B84D6c63B69049d7847":478.7515888496224,"0x9559Aaa82d9649C7A7b220E7c461d2E74c9a3593":203.0013578087031,"0x95710BDE45C8D384A976Cc58Cc7a7e489576b098":2.4245730106663825,"0x961D4921e1718E633BAC8Ded88c4a1cAe44b785a":1058.79846439405,"0x9961BdBE8B7091E584c2bF9D0a160C583f564A8c":394.3086708011178,"0x99D8a9C45b2ecA8864373A26D1459e3Dff1e17F3":11.812670193992876,"0x9BE89D2a4cd102D8Fecc6BF9dA793be995C22541":251.87931395487323,"0x9D39A5DE30e57443BfF2A8307A4256c8797A3497":565.2767830589302,"0x9EEAD9ce15383CaEED975427340b3A369410CFBF":15.937154805871607,"0x9FeE65D5A627e73212989c8BbEdC5Fa5Cae3821F":16.672703665470078,"0xA0b86991c6218b36c1d19D4a2e9Eb0cE3606eB48":3135.7336974987174,"0xA0d69E286B938e21CBf7E51D71F6A4c8918f482F":1090.9772753896905,"0xA1290d69c65A6Fe4DF752f95823fae25cB99e5A7":3.0391351506002042,"0xA35b1B31Ce002FBF2058D22F30f95D405200A15b":1.9533515556611885,"0xA5588F7cdf560811710A2D82D3C9c99769DB1Dcb":627.062918728969,"0xA663B02CF0a4b149d2aD41910CB81e23e1c41c32":89.70306412821448,"0xAB846Fb6C81370327e784Ae7CbB6d6a6af6Ff4BF":67.0818405595001,"0xBC6DA0FE9aD5f3b0d58160288917AA56653660E9":1.3869638447075465,"0xBcca60bB61934080951369a648Fb03DF4F96263C":81.6285801207808,"0xC02aaA39b223FE8D0A0e5C4F27eAD9083C756Cc2":1622.28906083284,"0xC272B96bCcdaf1BF98F2197D355066Da3C15982a":76.12307442557363,"0xC3ADe5aCe1bBb033CcAE8177C12Ecbfa16bD6A9D":0.7536885689076338,"0xC975342A95cCb75378ddc646B8620fa3Cd5bc051":158.86693492676298,"0xCFC5bD99915aAa815401C5a41A927aB7a38d29cf":106.30061160233303,