{"0x0000000000085d4780B73119b644AE5ecd22b376":0.008477472127779164,"0x005F893EcD7bF9667195642f7649DA8163e23658":192.90817233673297,"0x0100546F2cD4C9D97f798fFC9755E47865FF7Ee6":184.0136881953515,"0x028171bCA77440897B824Ca71D1c56caC55b68A3":794.8975119268423,"0x0316EB71485b0Ab14103307bf65a021042c6d380":63.72382822997701,"0x03ab458634910AaD20eF5f1C8ee96F1D6ac54919":177.85050385044482,"0x04C154b66CB340F3Ae24111CC767e0184Ed00Cc6":375.6524938912333,"0x056Fd409E1d7A124BD7017459dFEa2F387b6d5Cd":368.9691498681254,"0x067079c14B85169e6a29703769dadDef90816f4C":312.75566541731723,"0x075b1bb99792c9E1041bA13afEf80C91a1e70fB3":308.61808324268463,"0x085780639CC2cACd35E474e71f4d000e2405d8f6":703.5130829391992,"0x0E2EC54fC0B509F445631Bf4b91AB8168230C752":0.47153124104272226,"0x0E573Ce2736Dd9637A0b21058352e1667925C7a8":143.47219898595108,"0x0a5E677a6A24b2F1A2Bf4F3bFfC443231d2fDEc8":0.04929534115785419,"0x0bc529c00C6401aEF6D220BE8C6Ea1667F6Ad93e":11.641516859724273,"0x0d86883FAf4FfD7aEb116390af37746F45b6f378":189.21850735136357,"0x0dE54CFdfeD8005176f8b7A9D5438B45c4F1df1e":2.7703035513923386,"0x1456688345527bE1f37E9e627DA0837D6f08C925":1.4769734542453952,"0x16eAd9a10b1A77007E6E329B076aD1Fe97a6F7C0":74.07492347617085,"0x18084fbA666a33d37592fA2633fD49a74DD93a88":10.034401199514845,"0x1830c553dC76d3447B69b7B0dC19CF9e3c739C78":104.30761664725554,"0x183395DbD0B5e93323a7286D1973150697FFFCB3":380.2196615946242,"0x196f4727526eA7FB1e17b2071B3d8eAA38486988":2.5274151303651107,"0x1c48f86ae57291F7686349F12601910BD8D470bb":1.289604641307128,"0x1ce0D1E19c9514230FF8CD1DAbaC2555fb92122b":0,"0x2191DF768ad71140F9F3E96c1e4407A4aA31d082":5.7797740953771735,"0x2260FAC5E5542a773Aa44fBCfeDf7C193bc2C599":352.44055692824253,"0x2302aaBe69e6E7A1b0Aa23aAC68fcCB8A4D2B460":132.1397267902361,"0x2570f1bD5D2735314FC102eb12Fc1aFe9e6E7193":810.3842609152917,"0x25eC98773D7b4ceD4cAFaB96A2A1c0945f145e10":0,"0x2b01d4FdB87eb7F2399E5D68631d8A939a323786":8.377000907156324,"0x31429d1856aD1377A8A0079410B297e1a9e214c2":480.56224323498043,"0x32bd822d615A3658A68b6fDD30c2fcb2C996D678":68.9949799015523,"0x34635280737b5BFe6c7DC2FC3065D60d66e78185":405.82715155594184,"0x35282d87011f87508D457F08252Bc5bFa52E10A0":116.04071886996341,"0x35D8949372D46B7a3D5A56006AE77B215fc69bC0":487.00679513448756,"0x35fA164735182de50811E8e2E824cFb9B6118ac2":1114.8309126873585,"0x383E6b4437b59fff47B619CBA855CA29342A8559":143.17051402349728,"0x38D64ce1Bdf1A9f24E0Ec469C9cAde61236fB4a0":235.54761151575798,"0x3A283D9c08E8b55966afb64C515f5143cf907611":2604.379261727633,"0x3Ed3B47Dd13EC9a98b44e6204A523E766B225811":339.2381065704249,"0x3f0e7916681452D23Cd36B1281457DA721F2E5dF":7.345054650360063,"0x40D16FC0246aD3160Ccc09B8D0D3A2cD28aE6C2f":590.6366578923718,"0x4591DBfF62656E7859Afe5e45f6f47D3669fBB28":214.97954656097667,"0x466a756E9A7401B5e2444a3fCB3c2C12FBEa0a54":6.429222976082344,"0x48759F220ED983dB51fA7A8C0D2AAb8f3ce4166a":1525.7984538632531,"0x49446A0874197839D15395B908328a74ccc96Bc0":17.343843127250945,"0x4AE86d8732390d852A13cb918463BC6e5775FaDD":105.2475842155465,"0x4D1941a887eC788F059b3bfcC8eE1E97b968825B":7.007006036602466,"0x4Fabb145d64652a948d72533023f6E7A623C7C53":0.02798921618589909,"0x4c9EDD5852cd905f086C759E8383e09bff1E68B3":4459.197656008395,"0x4eBdF703948ddCEA3B11f675B4D1Fba9d2414A14":968.5603893090295,"0x514910771AF9Ca656af840dff83E8264EcF986CA":111.02565344391549,"0x5228a22e72ccC52d415EcFd199F99D0665E7733b":54.47818510070688,"0x5426178799ee0a0181A89b4f57eFddfAb49941Ec":270.1926833169031,"0x5555f75e3d5278082200Fb451D1b6bA946D8e13b":82.56387445405626,"0x57a5a0567187FF4A8dcC1A9bBa86155E355878F2":1.182642167718473,"0x58efE15C0404aB22F87E4495D71f6f2077e862bE":0.001248567846,"0x5905c0290e59aFBDc42a5480add9bD7B20CB3759":0.1788955150664852,"0x59D9356E565Ab3A36dD77763Fc0d87fEaf85508C":577.9415922849374,"0x5BC25f649fc4e26069dDF4cF4010F9f706c23831":4.2522775917950595,"0x5Be6C45e2d074fAa20700C49aDA3E88a1cc0025d":581.6756047113784,"0x5Ca135cB8527d76e932f34B5145575F9d8cbE08E":51.4509938125613,"0x5E8422345238F34275888049021821E8E08CAa1f":17442.549072656202,"0x5b6C539b224014A09B3388e51CaAA8e354c959C8":1159.2750444018307,"0x5e74C9036fb86BD7eCdcb084a0673EFc32eA31cb":207.52272022216667,"0x6359B6d3e327c497453d4376561eE276c6933323":268.3780898611995,"0x63a0964A36c34E81959da5894ad888800e17405b":37.5242767744052,"0x65D72AA8DA931F047169112fcf34f52DbaAE7D18":127.20756459498617,"0x661c70333AA1850CcDBAe82776Bb436A0fCfeEfB":52.02676667703504,"0x668308d77be3533c909a692302Cb4D135Bf8041C":0.057781996791740876,"0x66a1E37c9b0eAddca17d3662D6c05F4DECf3e110":3.1960010855701744,"0x674C6Ad92Fd080e4004b2312b45f796a192D27a0":5.450005591714491,"0x68749665FF8D2d112Fa859AA293F07A622782F38":14.412858158607627,"0x6B175474E89094C44Da98b954EedeAC495271d0F":3258.239724181269,"0x6C280dB098dB673d30d5B34eC04B6387185D3620":68.18675756003753,"0x6C5024Cd4F8A59110119C56f8933403A539555EB":120.60328905918298,"0x6C9815826FdF8c7a45cCfEd2064dbaB33a078712":10.372887116009675,"0x6ade6971Ca3d90990C30d39c78b0534C7166e07b":178.99085934067307,"0x6b5204B0Be36771253Cc38e88012E02B752f0f36":142.4962743062519,"0x6c3F90f043a72FA612cbac8115EE7e52BDe6E490":1202.7678051320581,"0x6c3ea9036406852006290770BEdFcAbA0e23A0e8":853.9426910863816,"0x6e52cCe4EaFDf77091dD1c82183b2D97b776b397":417.14854723480977,"0x6ef3D766Dfe02Dc4bF04aAe9122EB9A0Ded25615":0.0876637914623658,"0x7223442cad8e9cA474fC40109ab981608F8c4273":1.830932044980798,"0x73968b9a57c6E53d41345FD57a6E6ae27d6CDB2F":108.6325143059629,"0x73A15FeD60Bf67631dC6cd7Bc5B6e8da8190aCF5":2340.088720942968,"0x76237BCfDbe8e06FB774663add96216961df4ff3":18.76026197124285,"0x76Eb2FE28b36B3ee97F3Adae0C69606eeDB2A37c":766.9563501460692,"0x77E06c9eCCf2E797fd462A92B6D7642EF85b0A44":1.05706275164,"0x78da5799CF427Fee11e9996982F4150eCe7a99A7":57.28082612921684,"0x7F17A6C77C3938D235b014818092eb6305BdA110":51.68613761140381,"0x7F86Bf177Dd4F3494b841a37e810A34dD56c829B":2934.6891006443534,"0x7FA768E035F956c41d6aeaa3Bd857e7E5141CAd5":0.49664785537200395,"0x7ea4aD8C803653498bF6AC1D2dEbc04DCe8Fd2aD":298.35064592036366,"0x7f39C581F595B53c5cb19bD0b3f8dA6c935E2Ca0":1244.6465107192937,"0x8064d9Ae6cDf087b1bcd5BDf3531bD5d8C537a68":75.67543415421994,"0x80d69e79258FE9D056c822461c4eb0B4ca8802E2":0.2591174466930198,"0x826180541412D574cf1336d22c0C0a287822678A":251.09002702875523,"0x830614aE209FF9d8706d386fcdBc7a55206fcffC":57.67409100325931,"0x83F20F44975D03b1b09e64809B757c47f942BEeA":2223.0198410432495,"0x84CeCB5525c6B1C20070E742da870062E84Da178":12.105405396241384,"0x853d955aCEf822Db058eb8505911ED77F175b99e":2066.521826822115,"0x856c4Efb76C1D1AE02e20CEB03A2A6a08b0b8dC3":1.943938268484094,"0x865377367054516e17014CcdED1e7d814EDC9ce4":589.9505957657462,"0x8C0D76C9B18779665475F3E212D9Ca1Ed6A1A0e6":767.635376266465,"0x8C88538688aca3b733aD08b12BEe4574c0C00907":544.4556815434553,"0x8Cd52ee292313C4D851e71A7064F096504aB3eE9":42.25051097812808,"0x8E870D67F660D95d5be530380D0eC0bd388289E1":0.007669264700973163,"0x8c9532a60E0E7C6BbD2B2c1303F63aCE1c3E9811":1.199224454193347,"0x8dAEBADE922dF735c38C80C7eBD708Af50815fAa":14.656718320458545,"0x8e595470Ed749b85C6F7669de83EAe304C2ec68F":42.79318370609947,"0x917ceE801a67f933F2e6b33fC0cD1ED2d5909D88":533.2328792634888,"0x9181f633E9B9F15A32d5e37094F4C93b333e0E92":1.180274070961564,"0x922406EAFC3CcEb32b0256F287fB977c426EDbd8":0.029080337758078095,"0x954313005C56b555bdC41B84D6c63B69049d7847":475.67094016111014,"0x9559Aaa82d9649C7A7b220E7c461d2E74c9a3593":198.4956155705719,"0x95710BDE45C8D384A976Cc58Cc7a7e489576b098":2.344314171809861,"0x961D4921e1718E633BAC8Ded88c4a1cAe44b785a":1085.3113448167035,"0x9961BdBE8B7091E584c2bF9D0a160C583f564A8c":400.65613399393413,"0x99D8a9C45b2ecA8864373A26D1459e3Dff1e17F3":14.534276829763087,"0x9BE89D2a4cd102D8Fecc6BF9dA793be995C22541":247.53991619676256,"0x9D39A5DE30e57443BfF2A8307A4256c8797A3497":1576.190273559206,"0x9EEAD9ce15383CaEED975427340b3A369410CFBF":13.736855470855293,"0x9FeE65D5A627e73212989c8BbEdC5Fa5Cae3821F":10.72681103898052,"0x9b77bd0a665F05995b68e36fC1053AFFfAf0d4B5":6.306453881238713,