{"0x0000000000085d4780B73119b644AE5ecd22b376":0.00846900312465451,"0x005F893EcD7bF9667195642f7649DA8163e23658":191.1418648329594,"0x0100546F2cD4C9D97f798fFC9755E47865FF7Ee6":455.17490878604036,"0x028171bCA77440897B824Ca71D1c56caC55b68A3":819.7300170925671,"0x0316EB71485b0Ab14103307bf65a021042c6d380":0.022453469911078938,"0x03ab458634910AaD20eF5f1C8ee96F1D6ac54919":194.87832755243343,"0x04C154b66CB340F3Ae24111CC767e0184Ed00Cc6":421.1165588710498,"0x056Fd409E1d7A124BD7017459dFEa2F387b6d5Cd":278.3532115637051,"0x067079c14B85169e6a29703769dadDef90816f4C":392.94580040761434,"0x075b1bb99792c9E1041bA13afEf80C91a1e70fB3":334.77743116845744,"0x085780639CC2cACd35E474e71f4d000e2405d8f6":603.6623422474191,"0x0E2EC54fC0B509F445631Bf4b91AB8168230C752":0.4714979424632993,"0x0E573Ce2736Dd9637A0b21058352e1667925C7a8":146.22821992862436,"0x0a5E677a6A24b2F1A2Bf4F3bFfC443231d2fDEc8":0.0608851532645699,"0x0bc529c00C6401aEF6D220BE8C6Ea1667F6Ad93e":21.507317005791297,"0x0d86883FAf4FfD7aEb116390af37746F45b6f378":265.0913205339714,"0x0dE54CFdfeD8005176f8b7A9D5438B45c4F1df1e":3.2421647678032026,"0x1456688345527bE1f37E9e627DA0837D6f08C925":4.198998498345467,"0x16eAd9a10b1A77007E6E329B076aD1Fe97a6F7C0":127.55837654978932,"0x18084fbA666a33d37592fA2633fD49a74DD93a88":2.197829078484776,"0x1830c553dC76d3447B69b7B0dC19CF9e3c739C78":112.50786507509197,"0x183395DbD0B5e93323a7286D1973150697FFFCB3":354.7978806131673,"0x196f4727526eA7FB1e17b2071B3d8eAA38486988":0.8074969265583674,"0x1aBaEA1f7C830bD89Acc67eC4af516284b1bC33c":493.11752484529296,"0x1bEFB9B02f7Fc821B96aC1FE2cAF881FdF72b771":2.3000969777096043,"0x1c48f86ae57291F7686349F12601910BD8D470bb":0.9427391996439779,"0x1ce0D1E19c9514230FF8CD1DAbaC2555fb92122b":0,"0x2191DF768ad71140F9F3E96c1e4407A4aA31d082":14.278698158088313,"0x2260FAC5E5542a773Aa44fBCfeDf7C193bc2C599":12.633254534769057,"0x2302aaBe69e6E7A1b0Aa23aAC68fcCB8A4D2B460":137.110159052366,"0x2570f1bD5D2735314FC102eb12Fc1aFe9e6E7193":10.768944022845199,"0x25eC98773D7b4ceD4cAFaB96A2A1c0945f145e10":0,"0x2889302a794dA87fBF1D6Db415C1492194663D13":984.0416319825637,"0x2b01d4FdB87eb7F2399E5D68631d8A939a323786":19.78373907409356,"0x31429d1856aD1377A8A0079410B297e1a9e214c2":450.35493675889893,"0x32bd822d615A3658A68b6fDD30c2fcb2C996D678":77.33951200351211,"0x34635280737b5BFe6c7DC2FC3065D60d66e78185":296.4614975808296,"0x35282d87011f87508D457F08252Bc5bFa52E10A0":158.6545530377611,"0x35D8949372D46B7a3D5A56006AE77B215fc69bC0":723.9150415523756,"0x35fA164735182de50811E8e2E824cFb9B6118ac2":1117.106125637221,"0x365AccFCa291e7D3914637ABf1F7635dB165Bb09":353.9661717877672,"0x383E6b4437b59fff47B619CBA855CA29342A8559":169.59366450073463,"0x38D64ce1Bdf1A9f24E0Ec469C9cAde61236fB4a0":270.3258415034643,"0x3A2725556Dde7B21fBe3dD64A4913ff29faba6A1":0.03661105929891018,"0x3A283D9c08E8b55966afb64C515f5143cf907611":6080.621791856852,"0x3Ed3B47Dd13EC9a98b44e6204A523E766B225811":0.00009209199999999998,"0x3f0e7916681452D23Cd36B1281457DA721F2E5dF":26.873924712174794,"0x40D16FC0246aD3160Ccc09B8D0D3A2cD28aE6C2f":804.5433301016483,"0x4591DBfF62656E7859Afe5e45f6f47D3669fBB28":357.7838966535872,"0x466a756E9A7401B5e2444a3fCB3c2C12FBEa0a54":5.9033779604133505,"0x48759F220ED983dB51fA7A8C0D2AAb8f3ce4166a":1575.2400272213165,"0x49446A0874197839D15395B908328a74ccc96Bc0":28.280378078740334,"0x4AE86d8732390d852A13cb918463BC6e5775FaDD":129.36127862573014,"0x4D1941a887eC788F059b3bfcC8eE1E97b968825B":14.212077843302842,"0x4Fabb145d64652a948d72533023f6E7A623C7C53":0.029327227107081327,"0x4c9EDD5852cd905f086C759E8383e09bff1E68B3":7630.832904272443,"0x4de2ab8177fC5fFAFB7aD11FB8BeB1e5fB95F71C":318.9294284071779,"0x4eBdF703948ddCEA3B11f675B4D1Fba9d2414A14":3466.6095403926784,"0x514910771AF9Ca656af840dff83E8264EcF986CA":110.90085301398902,"0x5228a22e72ccC52d415EcFd199F99D0665E7733b":59.96028657991365,"0x5426178799ee0a0181A89b4f57eFddfAb49941Ec":86.94537756214284,"0x5555f75e3d5278082200Fb451D1b6bA946D8e13b":95.68250597843412,"0x57a5a0567187FF4A8dcC1A9bBa86155E355878F2":1.119979868762758,"0x58efE15C0404aB22F87E4495D71f6f2077e862bE":0.001248567846,"0x5905c0290e59aFBDc42a5480add9bD7B20CB3759":0.1788955150664852,"0x59D9356E565Ab3A36dD77763Fc0d87fEaf85508C":615.921782968876,"0x5BC25f649fc4e26069dDF4cF4010F9f706c23831":1.8884028713916108,"0x5Be6C45e2d074fAa20700C49aDA3E88a1cc0025d":210.81557286203858,"0x5Ca135cB8527d76e932f34B5145575F9d8cbE08E":54.81276339766036,"0x5E8422345238F34275888049021821E8E08CAa1f":16627.06316732733,"0x5Ea630e00D6eE438d3deA1556A110359ACdc10A9":429.6280419345462,"0x5e74C9036fb86BD7eCdcb084a0673EFc32eA31cb":195.64973172291604,"0x62B9c7356A2Dc64a1969e19C23e4f579F9810Aa7":257.6020107783812,"0x6359B6d3e327c497453d4376561eE276c6933323":293.9293220095989,"0x63a0964A36c34E81959da5894ad888800e17405b":165.5163600365572,"0x65D72AA8DA931F047169112fcf34f52DbaAE7D18":143.22942289680344,"0x65f228ED6a6001eD6485535e0Dc33E525734f54c":58.05544126614601,"0x661c70333AA1850CcDBAe82776Bb436A0fCfeEfB":65.12423466137231,"0x6663b6D50992ef4fc0380199397c87C2f5256075":39.64009047287934,"0x668308d77be3533c909a692302Cb4D135Bf8041C":0.05475217941969019,"0x66a1E37c9b0eAddca17d3662D6c05F4DECf3e110":16.498329884502628,"0x674C6Ad92Fd080e4004b2312b45f796a192D27a0":2.8201667433494646,"0x677ddbd918637E5F2c79e164D402454dE7dA8619":0.19213143588190856,"0x68749665FF8D2d112Fa859AA293F07A622782F38":19.537821267718616,"0x6B175474E89094C44Da98b954EedeAC495271d0F":4645.5633297764225,"0x6C280dB098dB673d30d5B34eC04B6387185D3620":62.19069977318935,"0x6C5024Cd4F8A59110119C56f8933403A539555EB":125.4365136232767,"0x6C9815826FdF8c7a45cCfEd2064dbaB33a078712":18.7317783871221,"0x6ade6971Ca3d90990C30d39c78b0534C7166e07b":217.4721726885313,"0x6b5204B0Be36771253Cc38e88012E02B752f0f36":233.84834160043468,"0x6c3F90f043a72FA612cbac8115EE7e52BDe6E490":1089.281575792472,"0x6c3ea9036406852006290770BEdFcAbA0e23A0e8":705.0544087567481,"0x6e52cCe4EaFDf77091dD1c82183b2D97b776b397":773.3464813993487,"0x6ef3D766Dfe02Dc4bF04aAe9122EB9A0Ded25615":0.08306696588188538,"0x7223442cad8e9cA474fC40109ab981608F8c4273":47.725423305116436,"0x73968b9a57c6E53d41345FD57a6E6ae27d6CDB2F":109.54853786002252,"0x73A15FeD60Bf67631dC6cd7Bc5B6e8da8190aCF5":1482.9938252847453,"0x76237BCfDbe8e06FB774663add96216961df4ff3":23.522161783330166,"0x76Eb2FE28b36B3ee97F3Adae0C69606eeDB2A37c":833.3340305082373,"0x77E06c9eCCf2E797fd462A92B6D7642EF85b0A44":1.1196183230999999,"0x78da5799CF427Fee11e9996982F4150eCe7a99A7":90.98093520732628,"0x7988292D0FB141085c092132e2a70B30aA1eccAB":474.5831126033872,"0x7F17A6C77C3938D235b014818092eb6305BdA110":102.32546302945244,"0x7F86Bf177Dd4F3494b841a37e810A34dD56c829B":2998.8024067963033,"0x7FA768E035F956c41d6aeaa3Bd857e7E5141CAd5":0.4703642934260123,"0x7f39C581F595B53c5cb19bD0b3f8dA6c935E2Ca0":1994.3543292904278,"0x8064d9Ae6cDf087b1bcd5BDf3531bD5d8C537a68":82.52090857234373,"0x808507121B80c02388fAd14726482e061B8da827":320.75087102002726,"0x80d69e79258FE9D056c822461c4eb0B4ca8802E2":0.24529434859352528,"0x826180541412D574cf1336d22c0C0a287822678A":234.63957420019997,"0x830614aE209FF9d8706d386fcdBc7a55206fcffC":61.30297013463687,"0x83F20F44975D03b1b09e64809B757c47f942BEeA":6475.644593229681,"0x84CeCB5525c6B1C20070E742da870062E84Da178":22.188726381177855,"0x853d955aCEf822Db058eb8505911ED77F175b99e":2656.916077372757,"0x856c4Efb76C1D1AE02e20CEB03A2A6a08b0b8dC3":1.8362620616612804,"0x865377367054516e17014CcdED1e7d814EDC9ce4":291.8305642180361,"0x8C0D76C9B18779665475F3E212D9Ca1Ed6A1A0e6":400.0822074314463,"0x8C88538688aca3b733aD08b12BEe4574c0C00907":235.48422673305583,"0x8Cd52ee292313C4D851e71A7064F096504aB3eE9":72.04120561705756,"0x8E870D67F660D95d5be530380D0eC0bd388289E1":0.10375900530010976,"0x8c9532a60E0E7C6BbD2B2c1303F63aCE1c3E9811":14.990366442436844,"0x8dAEBADE922dF735c38C80C7eBD708Af50815fAa":19.49682089472967,"0x8e595470Ed749b85C6F7669de83EAe304C2ec68F":11.538068311709702,"0x917ceE801a67f933F2e6b33fC0cD1ED2d5909D88":108.47258315817633,"0x9181f633E9B9F15A32d5e37094F4C93b333e0E92":1.1184380640364648,"0x922406EAFC3CcEb32b0256F287fB977c426EDbd8":0.007288003242483538,