{"0x0000000000085d4780B73119b644AE5ecd22b376":209.64587601322938,"0x0000000016E6Cb3038203c1129c8B4aEE7af7a11":2.310244355926246,"0x005F893EcD7bF9667195642f7649DA8163e23658":188.44100408750458,"0x0100546F2cD4C9D97f798fFC9755E47865FF7Ee6":465.19097928038406,"0x028171bCA77440897B824Ca71D1c56caC55b68A3":805.8976879584791,"0x0316EB71485b0Ab14103307bf65a021042c6d380":0.02177741450999551,"0x03ab458634910AaD20eF5f1C8ee96F1D6ac54919":0.8937321460276613,"0x04C154b66CB340F3Ae24111CC767e0184Ed00Cc6":454.70595233863713,"0x051d7e5609917Bd9b73f04BAc0DED8Dd46a74301":424.8075760702146,"0x056Fd409E1d7A124BD7017459dFEa2F387b6d5Cd":495.94682805837704,"0x067079c14B85169e6a29703769dadDef90816f4C":438.22383999092966,"0x075b1bb99792c9E1041bA13afEf80C91a1e70fB3":846.3561217716608,"0x085780639CC2cACd35E474e71f4d000e2405d8f6":927.628010028273,"0x0E2EC54fC0B509F445631Bf4b91AB8168230C752":0.47148407958929284,"0x0E573Ce2736Dd9637A0b21058352e1667925C7a8":140.81456736880193,"0x0a5E677a6A24b2F1A2Bf4F3bFfC443231d2fDEc8":0.083089554814879,"0x0bc529c00C6401aEF6D220BE8C6Ea1667F6Ad93e":17.48071317878567,"0x0d86883FAf4FfD7aEb116390af37746F45b6f378":261.7074251620377,"0x0dE54CFdfeD8005176f8b7A9D5438B45c4F1df1e":2.10824013614962,"0x137469B55D1f15651BA46A89D0588e97dD0B6562":265.4228918731296,"0x1456688345527bE1f37E9e627DA0837D6f08C925":6.786188637706752,"0x15700B564Ca08D9439C58cA5053166E8317aa138":242.4884086450622,"0x16eAd9a10b1A77007E6E329B076aD1Fe97a6F7C0":118.14959079754941,"0x18084fbA666a33d37592fA2633fD49a74DD93a88":459.2358293089047,"0x1830c553dC76d3447B69b7B0dC19CF9e3c739C78":106.81051511594112,"0x183395DbD0B5e93323a7286D1973150697FFFCB3":353.31191897350476,"0x196f4727526eA7FB1e17b2071B3d8eAA38486988":2.5688254678857945,"0x1BED97CBC3c24A4fb5C069C6E311a967386131f7":337.76642125820337,"0x1a7e4e63778B4f12a199C062f3eFdD288afCBce8":324.5843673618293,"0x1aBaEA1f7C830bD89Acc67eC4af516284b1bC33c":486.0268558888179,"0x1c48f86ae57291F7686349F12601910BD8D470bb":1.3069691408137536,"0x1ce0D1E19c9514230FF8CD1DAbaC2555fb92122b":0,"0x2191DF768ad71140F9F3E96c1e4407A4aA31d082":15.986891237681936,"0x2260FAC5E5542a773Aa44fBCfeDf7C193bc2C599":459.2972906760492,"0x2570f1bD5D2735314FC102eb12Fc1aFe9e6E7193":184.44084002856377,"0x25eC98773D7b4ceD4cAFaB96A2A1c0945f145e10":0,"0x2889302a794dA87fBF1D6Db415C1492194663D13":258.4190934714052,"0x29059568bB40344487d62f7450E78b8E6C74e0e5":641.3358646035786,"0x2b01d4FdB87eb7F2399E5D68631d8A939a323786":310.80706774976454,"0x3175Df0976dFA876431C2E9eE6Bc45b65d3473CC":9.264094265028596e-7,"0x3231Cb76718CDeF2155FC47b5286d82e6eDA273f":325.260025642955,"0x32bd822d615A3658A68b6fDD30c2fcb2C996D678":343.1289091492456,"0x3432B6A60D23Ca0dFCa7761B7ab56459D9C964D0":358.42340291958226,"0x34635280737b5BFe6c7DC2FC3065D60d66e78185":268.5133626588546,"0x35282d87011f87508D457F08252Bc5bFa52E10A0":150.93054191641673,"0x35D8949372D46B7a3D5A56006AE77B215fc69bC0":110.94284454840673,"0x35fA164735182de50811E8e2E824cFb9B6118ac2":1159.155047561264,"0x365AccFCa291e7D3914637ABf1F7635dB165Bb09":348.53013983093564,"0x383E6b4437b59fff47B619CBA855CA29342A8559":172.9141022268408,"0x38D64ce1Bdf1A9f24E0Ec469C9cAde61236fB4a0":271.19195443215744,"0x393DaD6c76D962Abba489a77dBf37ae948A4A6ee":163.1139178775388,"0x3A2725556Dde7B21fBe3dD64A4913ff29faba6A1":0.03749760724353784,"0x3A283D9c08E8b55966afb64C515f5143cf907611":1362.23249397221,"0x3Ed3B47Dd13EC9a98b44e6204A523E766B225811":353.74207787031776,"0x3f0e7916681452D23Cd36B1281457DA721F2E5dF":21.057594982165952,"0x401322B9FDdba8c0a8D40fbCECE1D1752C12316B":370.0923535786148,"0x40D16FC0246aD3160Ccc09B8D0D3A2cD28aE6C2f":209.84421198122806,"0x4591DBfF62656E7859Afe5e45f6f47D3669fBB28":109.06589474667635,"0x4647B6D835f3B393C7A955df51EEfcf0db961606":622.5901143584157,"0x466a756E9A7401B5e2444a3fCB3c2C12FBEa0a54":312.05794107702354,"0x48759F220ED983dB51fA7A8C0D2AAb8f3ce4166a":1655.0714096061208,"0x49446A0874197839D15395B908328a74ccc96Bc0":29.158692588059058,"0x4D1941a887eC788F059b3bfcC8eE1E97b968825B":354.6690060760084,"0x4DEcE678ceceb27446b35C672dC7d61F30bAD69E":441.2659935201416,"0x4Fabb145d64652a948d72533023f6E7A623C7C53":0.03513727421812287,"0x4c9EDD5852cd905f086C759E8383e09bff1E68B3":1033.2089461644273,"0x4de2ab8177fC5fFAFB7aD11FB8BeB1e5fB95F71C":365.75316418258586,"0x4eBdF703948ddCEA3B11f675B4D1Fba9d2414A14":366.0378670377147,"0x514910771AF9Ca656af840dff83E8264EcF986CA":107.55855211430291,"0x5228a22e72ccC52d415EcFd199F99D0665E7733b":64.00228243029886,"0x5426178799ee0a0181A89b4f57eFddfAb49941Ec":77.86158189851172,"0x5555f75e3d5278082200Fb451D1b6bA946D8e13b":87.22586163252492,"0x57a5a0567187FF4A8dcC1A9bBa86155E355878F2":1.1448941562165114,"0x58efE15C0404aB22F87E4495D71f6f2077e862bE":0.00124779997677471,"0x5905c0290e59aFBDc42a5480add9bD7B20CB3759":0.19224774129800512,"0x59D9356E565Ab3A36dD77763Fc0d87fEaf85508C":73.50756337083777,"0x5BC25f649fc4e26069dDF4cF4010F9f706c23831":3.8894822063801384,"0x5Be6C45e2d074fAa20700C49aDA3E88a1cc0025d":395.94537226688675,"0x5Ca135cB8527d76e932f34B5145575F9d8cbE08E":42.12754642741197,"0x5E8422345238F34275888049021821E8E08CAa1f":17211.124913664124,"0x5Ea630e00D6eE438d3deA1556A110359ACdc10A9":411.6358297639846,"0x5b6C539b224014A09B3388e51CaAA8e354c959C8":433.50949785229466,"0x5e74C9036fb86BD7eCdcb084a0673EFc32eA31cb":3.0391836696077137,"0x6359B6d3e327c497453d4376561eE276c6933323":311.86742674535265,"0x63a0964A36c34E81959da5894ad888800e17405b":237.97309454751243,"0x65D72AA8DA931F047169112fcf34f52DbaAE7D18":144.90412228052907,"0x65f228ED6a6001eD6485535e0Dc33E525734f54c":49.451739464024655,"0x661c70333AA1850CcDBAe82776Bb436A0fCfeEfB":59.15076896909372,"0x6663b6D50992ef4fc0380199397c87C2f5256075":48.392407172322834,"0x668308d77be3533c909a692302Cb4D135Bf8041C":0.05595091578920923,"0x66a1E37c9b0eAddca17d3662D6c05F4DECf3e110":18.34682642724911,"0x674C6Ad92Fd080e4004b2312b45f796a192D27a0":6.916367201178164,"0x677ddbd918637E5F2c79e164D402454dE7dA8619":1.0297305376970687,"0x68749665FF8D2d112Fa859AA293F07A622782F38":12.547228878063116,"0x69000405f9DcE69BD4Cbf4f2865b79144A69BFE0":0,"0x6B175474E89094C44Da98b954EedeAC495271d0F":722.9607827078431,"0x6C280dB098dB673d30d5B34eC04B6387185D3620":340.1357926887096,"0x6C5024Cd4F8A59110119C56f8933403A539555EB":118.1747640920427,"0x6C9815826FdF8c7a45cCfEd2064dbaB33a078712":24.924218917246183,"0x6ade6971Ca3d90990C30d39c78b0534C7166e07b":558.5423024373254,"0x6b5204B0Be36771253Cc38e88012E02B752f0f36":246.97885940505358,"0x6c3F90f043a72FA612cbac8115EE7e52BDe6E490":297.0715435680194,"0x6c3ea9036406852006290770BEdFcAbA0e23A0e8":535.2871148587524,"0x6e52cCe4EaFDf77091dD1c82183b2D97b776b397":1452.752449940029,"0x6ef3D766Dfe02Dc4bF04aAe9122EB9A0Ded25615":0.08489410657949588,"0x7223442cad8e9cA474fC40109ab981608F8c4273":77.46523345200205,"0x73968b9a57c6E53d41345FD57a6E6ae27d6CDB2F":117.82593150994593,"0x73A15FeD60Bf67631dC6cd7Bc5B6e8da8190aCF5":236.2062703906989,"0x752B4c6e92d96467fE9b9a2522EF07228E00F87c":50.059951944384736,"0x76237BCfDbe8e06FB774663add96216961df4ff3":21.851266679111525,"0x76Eb2FE28b36B3ee97F3Adae0C69606eeDB2A37c":891.1657728494898,"0x77E06c9eCCf2E797fd462A92B6D7642EF85b0A44":1.00165991186,"0x78da5799CF427Fee11e9996982F4150eCe7a99A7":81.5891138994168,"0x7988292D0FB141085c092132e2a70B30aA1eccAB":470.9802799093505,"0x7F17A6C77C3938D235b014818092eb6305BdA110":109.13804708667648,"0x7F86Bf177Dd4F3494b841a37e810A34dD56c829B":480.8181074656557,"0x7FA768E035F956c41d6aeaa3Bd857e7E5141CAd5":0.4807199920159541,"0x7ea4aD8C803653498bF6AC1D2dEbc04DCe8Fd2aD":860.2596499336156,"0x7f39C581F595B53c5cb19bD0b3f8dA6c935E2Ca0":431.66042416698707,"0x8064d9Ae6cDf087b1bcd5BDf3531bD5d8C537a68":76.25864076235335,"0x808507121B80c02388fAd14726482e061B8da827":308.799594156554,"0x80d69e79258FE9D056c822461c4eb0B4ca8802E2":0.25032909095028727,"0x826180541412D574cf1336d22c0C0a287822678A":210.21257306315437,"0x8282BD15dcA2EA2bDf24163E8f2781B30C43A2ef":341.05171604009024,"0x830614aE209FF9d8706d386fcdBc7a55206fcffC":52.359347331931325,"0x83F20F44975D03b1b09e64809B757c47f942BEeA":1075.925733334066,