{"0x0000000000085d4780B73119b644AE5ecd22b376":214.5560634715352,"0x0000000016E6Cb3038203c1129c8B4aEE7af7a11":0.4667727863676928,"0x005F893EcD7bF9667195642f7649DA8163e23658":157.31765075813396,"0x0100546F2cD4C9D97f798fFC9755E47865FF7Ee6":360.4477586572999,"0x028171bCA77440897B824Ca71D1c56caC55b68A3":1192.1226441441218,"0x0316EB71485b0Ab14103307bf65a021042c6d380":0.02622719258164996,"0x03ab458634910AaD20eF5f1C8ee96F1D6ac54919":244.3469915345231,"0x04C154b66CB340F3Ae24111CC767e0184Ed00Cc6":245.4347393855406,"0x051d7e5609917Bd9b73f04BAc0DED8Dd46a74301":357.46987268324864,"0x056Fd409E1d7A124BD7017459dFEa2F387b6d5Cd":285.6632769256854,"0x067079c14B85169e6a29703769dadDef90816f4C":505.8747824636709,"0x075b1bb99792c9E1041bA13afEf80C91a1e70fB3":566.0465402040735,"0x085780639CC2cACd35E474e71f4d000e2405d8f6":387.8659546941186,"0x09db87A538BD693E9d08544577d5cCfAA6373A48":71.04359380001036,"0x0E2EC54fC0B509F445631Bf4b91AB8168230C752":0.4716134074829754,"0x0E573Ce2736Dd9637A0b21058352e1667925C7a8":142.32071798634618,"0x0a5E677a6A24b2F1A2Bf4F3bFfC443231d2fDEc8":0.08150538789753144,"0x0bc529c00C6401aEF6D220BE8C6Ea1667F6Ad93e":21.503244570317236,"0x0d86883FAf4FfD7aEb116390af37746F45b6f378":286.6156832129535,"0x0dE54CFdfeD8005176f8b7A9D5438B45c4F1df1e":3.0386441471022376,"0x127091edE112aEd7Bae281747771b3150Bb047bB":1.045899801695796,"0x137469B55D1f15651BA46A89D0588e97dD0B6562":216.6009151069144,"0x1456688345527bE1f37E9e627DA0837D6f08C925":3.99872076446127,"0x15700B564Ca08D9439C58cA5053166E8317aa138":80.26983510121161,"0x16eAd9a10b1A77007E6E329B076aD1Fe97a6F7C0":162.16994993937243,"0x18084fbA666a33d37592fA2633fD49a74DD93a88":17.60743507455897,"0x1830c553dC76d3447B69b7B0dC19CF9e3c739C78":86.86542124133022,"0x183395DbD0B5e93323a7286D1973150697FFFCB3":430.6592160171351,"0x196f4727526eA7FB1e17b2071B3d8eAA38486988":0.9422588703938531,"0x1BED97CBC3c24A4fb5C069C6E311a967386131f7":256.25311421264826,"0x1aBaEA1f7C830bD89Acc67eC4af516284b1bC33c":115.31801346860733,"0x1bEFB9B02f7Fc821B96aC1FE2cAF881FdF72b771":1.572227417837145,"0x1c48f86ae57291F7686349F12601910BD8D470bb":0.8470593109223662,"0x1ce0D1E19c9514230FF8CD1DAbaC2555fb92122b":0,"0x2191DF768ad71140F9F3E96c1e4407A4aA31d082":25.44428324864777,"0x2260FAC5E5542a773Aa44fBCfeDf7C193bc2C599":15.640533712482195,"0x22CF19EB64226e0E1A79c69b345b31466fD273A7":0.4282527475686296,"0x2302aaBe69e6E7A1b0Aa23aAC68fcCB8A4D2B460":114.91749949616387,"0x2570f1bD5D2735314FC102eb12Fc1aFe9e6E7193":17.814258383567953,"0x25eC98773D7b4ceD4cAFaB96A2A1c0945f145e10":0,"0x2889302a794dA87fBF1D6Db415C1492194663D13":370.79080973169135,"0x29059568bB40344487d62f7450E78b8E6C74e0e5":486.22873222934624,"0x2b01d4FdB87eb7F2399E5D68631d8A939a323786":239.66431836079738,"0x3175Df0976dFA876431C2E9eE6Bc45b65d3473CC":0.000038784731783697976,"0x3231Cb76718CDeF2155FC47b5286d82e6eDA273f":334.3590982796622,"0x32bd822d615A3658A68b6fDD30c2fcb2C996D678":283.0743192828731,"0x3432B6A60D23Ca0dFCa7761B7ab56459D9C964D0":288.20023695709006,"0x34635280737b5BFe6c7DC2FC3065D60d66e78185":240.62090869589875,"0x35282d87011f87508D457F08252Bc5bFa52E10A0":160.02388203009346,"0x35D8949372D46B7a3D5A56006AE77B215fc69bC0":617.7940813851832,"0x35fA164735182de50811E8e2E824cFb9B6118ac2":919.1294291253886,"0x365AccFCa291e7D3914637ABf1F7635dB165Bb09":432.8195778039386,"0x383E6b4437b59fff47B619CBA855CA29342A8559":197.52654886825238,"0x38D64ce1Bdf1A9f24E0Ec469C9cAde61236fB4a0":225.60343359511333,"0x393DaD6c76D962Abba489a77dBf37ae948A4A6ee":135.7703408739687,"0x3A2725556Dde7B21fBe3dD64A4913ff29faba6A1":0.028161995642046796,"0x3A283D9c08E8b55966afb64C515f5143cf907611":1399.1091050782259,"0x3Ed3B47Dd13EC9a98b44e6204A523E766B225811":2.304460544155692,"0x3f0e7916681452D23Cd36B1281457DA721F2E5dF":57.316761297017734,"0x401322B9FDdba8c0a8D40fbCECE1D1752C12316B":280.8400115857302,"0x40D16FC0246aD3160Ccc09B8D0D3A2cD28aE6C2f":250.391519734528,"0x4591DBfF62656E7859Afe5e45f6f47D3669fBB28":216.58321758200867,"0x4647B6D835f3B393C7A955df51EEfcf0db961606":129.22704363430492,"0x466a756E9A7401B5e2444a3fCB3c2C12FBEa0a54":50.98050350548553,"0x48759F220ED983dB51fA7A8C0D2AAb8f3ce4166a":2395.175771994149,"0x49446A0874197839D15395B908328a74ccc96Bc0":36.44490163126451,"0x4AE86d8732390d852A13cb918463BC6e5775FaDD":157.26339886326056,"0x4D1941a887eC788F059b3bfcC8eE1E97b968825B":309.0307956909635,"0x4DEcE678ceceb27446b35C672dC7d61F30bAD69E":444.6279736150103,"0x4Fabb145d64652a948d72533023f6E7A623C7C53":0.0395513019678742,"0x4c9EDD5852cd905f086C759E8383e09bff1E68B3":1443.7106863184586,"0x4de2ab8177fC5fFAFB7aD11FB8BeB1e5fB95F71C":409.63009526997774,"0x4eBdF703948ddCEA3B11f675B4D1Fba9d2414A14":177.93708335392333,"0x514910771AF9Ca656af840dff83E8264EcF986CA":85.61588360182894,"0x5228a22e72ccC52d415EcFd199F99D0665E7733b":58.5422891336859,"0x5271045F7B73c17825A7A7aee6917eE46b0B7520":200.50155266191285,"0x5426178799ee0a0181A89b4f57eFddfAb49941Ec":26.159944463503944,"0x5555f75e3d5278082200Fb451D1b6bA946D8e13b":128.317519416257,"0x57Ab1ec28D129707052df4dF418D58a2D46d5f51":156.85582300073824,"0x57a5a0567187FF4A8dcC1A9bBa86155E355878F2":0.7976506591463137,"0x58efE15C0404aB22F87E4495D71f6f2077e862bE":0.0012498164138459997,"0x5905c0290e59aFBDc42a5480add9bD7B20CB3759":0.1780907818744321,"0x59D9356E565Ab3A36dD77763Fc0d87fEaf85508C":179.9415113903372,"0x5BC25f649fc4e26069dDF4cF4010F9f706c23831":0.6733485376369247,"0x5Be6C45e2d074fAa20700C49aDA3E88a1cc0025d":245.0810815796669,"0x5Ca135cB8527d76e932f34B5145575F9d8cbE08E":56.98430545777059,"0x5E8422345238F34275888049021821E8E08CAa1f":13619.030772442156,"0x5Ea630e00D6eE438d3deA1556A110359ACdc10A9":271.30840219272784,"0x5b6C539b224014A09B3388e51CaAA8e354c959C8":40.27276381141481,"0x5e74C9036fb86BD7eCdcb084a0673EFc32eA31cb":6.432536961560267,"0x6359B6d3e327c497453d4376561eE276c6933323":252.68042436818763,"0x63a0964A36c34E81959da5894ad888800e17405b":260.6877097512634,"0x65D72AA8DA931F047169112fcf34f52DbaAE7D18":350.80159184111926,"0x65f228ED6a6001eD6485535e0Dc33E525734f54c":52.98422875163432,"0x661c70333AA1850CcDBAe82776Bb436A0fCfeEfB":82.77728365753882,"0x6663b6D50992ef4fc0380199397c87C2f5256075":101.67273650700731,"0x668308d77be3533c909a692302Cb4D135Bf8041C":0.0421777268260922,"0x66a1E37c9b0eAddca17d3662D6c05F4DECf3e110":30.664960223206094,"0x674C6Ad92Fd080e4004b2312b45f796a192D27a0":2.825372287887323,"0x677ddbd918637E5F2c79e164D402454dE7dA8619":2.1578450835701855,"0x68749665FF8D2d112Fa859AA293F07A622782F38":20.093886413945732,"0x69000405f9DcE69BD4Cbf4f2865b79144A69BFE0":0.00003850841121671942,"0x6B175474E89094C44Da98b954EedeAC495271d0F":4632.91368356615,"0x6C280dB098dB673d30d5B34eC04B6387185D3620":290.45661118572184,"0x6C5024Cd4F8A59110119C56f8933403A539555EB":124.96863417756974,"0x6C9815826FdF8c7a45cCfEd2064dbaB33a078712":60.540410371879695,"0x6ade6971Ca3d90990C30d39c78b0534C7166e07b":184.8834137339564,"0x6b5204B0Be36771253Cc38e88012E02B752f0f36":168.49670398585693,"0x6c3F90f043a72FA612cbac8115EE7e52BDe6E490":755.7736843627214,"0x6c3ea9036406852006290770BEdFcAbA0e23A0e8":154.48281526308278,"0x6ef3D766Dfe02Dc4bF04aAe9122EB9A0Ded25615":0.04052295788883464,"0x7223442cad8e9cA474fC40109ab981608F8c4273":87.97898306943337,"0x73968b9a57c6E53d41345FD57a6E6ae27d6CDB2F":97.79094245202106,"0x73A15FeD60Bf67631dC6cd7Bc5B6e8da8190aCF5":379.73963485930955,"0x752B4c6e92d96467fE9b9a2522EF07228E00F87c":53.45408029460715,"0x76237BCfDbe8e06FB774663add96216961df4ff3":34.72855442852563,"0x76Eb2FE28b36B3ee97F3Adae0C69606eeDB2A37c":1180.9291300700338,"0x77E06c9eCCf2E797fd462A92B6D7642EF85b0A44":0.8307342892999999,"0x78da5799CF427Fee11e9996982F4150eCe7a99A7":94.67222468949733,"0x7988292D0FB141085c092132e2a70B30aA1eccAB":452.6295607396184,"0x7F17A6C77C3938D235b014818092eb6305BdA110":147.2170028120115,"0x7F86Bf177Dd4F3494b841a37e810A34dD56c829B":4221.326880189365,"0x7FA768E035F956c41d6aeaa3Bd857e7E5141CAd5":0.3644274964350067,"0x7ea4aD8C803653498bF6AC1D2dEbc04DCe8Fd2aD":110.02739923860808,"0x7f39C581F595B53c5cb19bD0b3f8dA6c935E2Ca0":407.1848339342299,"0x8064d9Ae6cDf087b1bcd5BDf3531bD5d8C537a68":77.02835762364288,