{"0x0000000000085d4780B73119b644AE5ecd22b376":0.008468562736492028,"0x005F893EcD7bF9667195642f7649DA8163e23658":191.0815648969846,"0x0100546F2cD4C9D97f798fFC9755E47865FF7Ee6":458.55921261442205,"0x028171bCA77440897B824Ca71D1c56caC55b68A3":817.4211024354163,"0x0316EB71485b0Ab14103307bf65a021042c6d380":0.022763926068731854,"0x03ab458634910AaD20eF5f1C8ee96F1D6ac54919":194.43635922728885,"0x04C154b66CB340F3Ae24111CC767e0184Ed00Cc6":425.9573192056616,"0x056Fd409E1d7A124BD7017459dFEa2F387b6d5Cd":285.8514782392834,"0x075b1bb99792c9E1041bA13afEf80C91a1e70fB3":337.4636852765172,"0x085780639CC2cACd35E474e71f4d000e2405d8f6":705.9842167552451,"0x0E2EC54fC0B509F445631Bf4b91AB8168230C752":0.4716277054114509,"0x0E573Ce2736Dd9637A0b21058352e1667925C7a8":144.08619640530324,"0x0a5E677a6A24b2F1A2Bf4F3bFfC443231d2fDEc8":0.06414992629945278,"0x0bc529c00C6401aEF6D220BE8C6Ea1667F6Ad93e":20.816282619712005,"0x0d86883FAf4FfD7aEb116390af37746F45b6f378":264.59484332891196,"0x0dE54CFdfeD8005176f8b7A9D5438B45c4F1df1e":0.47531989955196063,"0x1456688345527bE1f37E9e627DA0837D6f08C925":2.627033663896593,"0x15700B564Ca08D9439C58cA5053166E8317aa138":339.0056296647002,"0x18084fbA666a33d37592fA2633fD49a74DD93a88":0.24387958380906632,"0x183395DbD0B5e93323a7286D1973150697FFFCB3":351.7163154956934,"0x196f4727526eA7FB1e17b2071B3d8eAA38486988":2.5585946677165583,"0x1aBaEA1f7C830bD89Acc67eC4af516284b1bC33c":490.83553389182936,"0x1c48f86ae57291F7686349F12601910BD8D470bb":0.4937089363995984,"0x1ce0D1E19c9514230FF8CD1DAbaC2555fb92122b":0,"0x2191DF768ad71140F9F3E96c1e4407A4aA31d082":15.235132455269301,"0x2260FAC5E5542a773Aa44fBCfeDf7C193bc2C599":10.566178296676506,"0x2302aaBe69e6E7A1b0Aa23aAC68fcCB8A4D2B460":171.74172250834187,"0x2570f1bD5D2735314FC102eb12Fc1aFe9e6E7193":115.7058867460821,"0x25eC98773D7b4ceD4cAFaB96A2A1c0945f145e10":5.861081213634851,"0x2889302a794dA87fBF1D6Db415C1492194663D13":1153.439793748899,"0x2b01d4FdB87eb7F2399E5D68631d8A939a323786":16.69947470557216,"0x31429d1856aD1377A8A0079410B297e1a9e214c2":447.7954413988145,"0x32bd822d615A3658A68b6fDD30c2fcb2C996D678":79.28943500974557,"0x34635280737b5BFe6c7DC2FC3065D60d66e78185":303.08051093895074,"0x35282d87011f87508D457F08252Bc5bFa52E10A0":154.4317769250697,"0x35D8949372D46B7a3D5A56006AE77B215fc69bC0":833.5090429913519,"0x35fA164735182de50811E8e2E824cFb9B6118ac2":1133.7051116340265,"0x365AccFCa291e7D3914637ABf1F7635dB165Bb09":354.3618193247734,"0x383E6b4437b59fff47B619CBA855CA29342A8559":171.445440206979,"0x38D64ce1Bdf1A9f24E0Ec469C9cAde61236fB4a0":270.6034352332826,"0x393DaD6c76D962Abba489a77dBf37ae948A4A6ee":171.9382374370834,"0x3A2725556Dde7B21fBe3dD64A4913ff29faba6A1":0.0370085441261428,"0x3A283D9c08E8b55966afb64C515f5143cf907611":7257.0323161316,"0x3Ed3B47Dd13EC9a98b44e6204A523E766B225811":0.000092184,"0x3f0e7916681452D23Cd36B1281457DA721F2E5dF":22.42698808774284,"0x401322B9FDdba8c0a8D40fbCECE1D1752C12316B":367.15857613415125,"0x40D16FC0246aD3160Ccc09B8D0D3A2cD28aE6C2f":931.6621097633267,"0x4591DBfF62656E7859Afe5e45f6f47D3669fBB28":367.37177717180145,"0x466a756E9A7401B5e2444a3fCB3c2C12FBEa0a54":3.4840955296439144,"0x48759F220ED983dB51fA7A8C0D2AAb8f3ce4166a":1579.8884542076755,"0x49446A0874197839D15395B908328a74ccc96Bc0":26.117191186834162,"0x4D1941a887eC788F059b3bfcC8eE1E97b968825B":10.437924837662203,"0x4Fabb145d64652a948d72533023f6E7A623C7C53":0.03520509741235512,"0x4c9EDD5852cd905f086C759E8383e09bff1E68B3":9118.636436731824,"0x4de2ab8177fC5fFAFB7aD11FB8BeB1e5fB95F71C":335.02635719849997,"0x4eBdF703948ddCEA3B11f675B4D1Fba9d2414A14":3598.6990236419347,"0x514910771AF9Ca656af840dff83E8264EcF986CA":111.76858303352022,"0x5228a22e72ccC52d415EcFd199F99D0665E7733b":58.94902838223818,"0x5426178799ee0a0181A89b4f57eFddfAb49941Ec":82.69153833715902,"0x5555f75e3d5278082200Fb451D1b6bA946D8e13b":92.91140776108799,"0x57a5a0567187FF4A8dcC1A9bBa86155E355878F2":1.132523659289233,"0x58efE15C0404aB22F87E4495D71f6f2077e862bE":0.001248567846,"0x5905c0290e59aFBDc42a5480add9bD7B20CB3759":0.2010895399495039,"0x59D9356E565Ab3A36dD77763Fc0d87fEaf85508C":632.4228624233526,"0x5BC25f649fc4e26069dDF4cF4010F9f706c23831":4.012524811057363,"0x5Be6C45e2d074fAa20700C49aDA3E88a1cc0025d":207.033324478394,"0x5Ca135cB8527d76e932f34B5145575F9d8cbE08E":52.90698966430111,"0x5E8422345238F34275888049021821E8E08CAa1f":16820.733535465683,"0x5Ea630e00D6eE438d3deA1556A110359ACdc10A9":428.67976200056063,"0x5e74C9036fb86BD7eCdcb084a0673EFc32eA31cb":203.22915542798077,"0x62B9c7356A2Dc64a1969e19C23e4f579F9810Aa7":259.7034139322962,"0x6359B6d3e327c497453d4376561eE276c6933323":296.1321049182471,"0x63a0964A36c34E81959da5894ad888800e17405b":170.40290918952343,"0x65D72AA8DA931F047169112fcf34f52DbaAE7D18":141.94973313110572,"0x65f228ED6a6001eD6485535e0Dc33E525734f54c":54.42527082288686,"0x661c70333AA1850CcDBAe82776Bb436A0fCfeEfB":64.0650347605967,"0x6663b6D50992ef4fc0380199397c87C2f5256075":34.73737318166642,"0x668308d77be3533c909a692302Cb4D135Bf8041C":0.05538977557139418,"0x66a1E37c9b0eAddca17d3662D6c05F4DECf3e110":16.824382119256175,"0x674C6Ad92Fd080e4004b2312b45f796a192D27a0":5.733118342686694,"0x677ddbd918637E5F2c79e164D402454dE7dA8619":0.2598854947751837,"0x68749665FF8D2d112Fa859AA293F07A622782F38":15.840338791326918,"0x6B175474E89094C44Da98b954EedeAC495271d0F":4978.129478293349,"0x6C280dB098dB673d30d5B34eC04B6387185D3620":59.79960962534603,"0x6C5024Cd4F8A59110119C56f8933403A539555EB":130.5561488767243,"0x6C9815826FdF8c7a45cCfEd2064dbaB33a078712":19.873141227914488,"0x6ade6971Ca3d90990C30d39c78b0534C7166e07b":214.235457057466,"0x6b5204B0Be36771253Cc38e88012E02B752f0f36":247.83534910477667,"0x6c3F90f043a72FA612cbac8115EE7e52BDe6E490":1127.0161421545902,"0x6c3ea9036406852006290770BEdFcAbA0e23A0e8":872.0022463374142,"0x6e52cCe4EaFDf77091dD1c82183b2D97b776b397":874.7363816833473,"0x6ef3D766Dfe02Dc4bF04aAe9122EB9A0Ded25615":0.08392292689556863,"0x7223442cad8e9cA474fC40109ab981608F8c4273":64.97701390826455,"0x73968b9a57c6E53d41345FD57a6E6ae27d6CDB2F":108.55622186646315,"0x73A15FeD60Bf67631dC6cd7Bc5B6e8da8190aCF5":1826.8106237629818,"0x76237BCfDbe8e06FB774663add96216961df4ff3":23.834164428929835,"0x76Eb2FE28b36B3ee97F3Adae0C69606eeDB2A37c":840.15755970925,"0x77E06c9eCCf2E797fd462A92B6D7642EF85b0A44":1.0679768336,"0x78da5799CF427Fee11e9996982F4150eCe7a99A7":87.13673934755604,"0x7988292D0FB141085c092132e2a70B30aA1eccAB":469.1451729128235,"0x7F17A6C77C3938D235b014818092eb6305BdA110":107.8275593820361,"0x7F86Bf177Dd4F3494b841a37e810A34dD56c829B":3614.2790812002036,"0x7FA768E035F956c41d6aeaa3Bd857e7E5141CAd5":0.47529728829859824,"0x7ea4aD8C803653498bF6AC1D2dEbc04DCe8Fd2aD":480.77120523790364,"0x7f39C581F595B53c5cb19bD0b3f8dA6c935E2Ca0":2510.8366903515953,"0x8064d9Ae6cDf087b1bcd5BDf3531bD5d8C537a68":80.79141856428843,"0x808507121B80c02388fAd14726482e061B8da827":319.50715348955384,"0x80d69e79258FE9D056c822461c4eb0B4ca8802E2":0.24817655128334612,"0x826180541412D574cf1336d22c0C0a287822678A":228.9620627579755,"0x830614aE209FF9d8706d386fcdBc7a55206fcffC":58.717863974643606,"0x83F20F44975D03b1b09e64809B757c47f942BEeA":8037.530071460645,"0x84CeCB5525c6B1C20070E742da870062E84Da178":13.316931296832836,"0x853d955aCEf822Db058eb8505911ED77F175b99e":2874.3019295088957,"0x856c4Efb76C1D1AE02e20CEB03A2A6a08b0b8dC3":1.855483880572778,"0x865377367054516e17014CcdED1e7d814EDC9ce4":290.0669877783096,"0x8C0D76C9B18779665475F3E212D9Ca1Ed6A1A0e6":434.39537807730676,"0x8C88538688aca3b733aD08b12BEe4574c0C00907":503.08258640013145,"0x8Cd52ee292313C4D851e71A7064F096504aB3eE9":69.88655893138612,"0x8E870D67F660D95d5be530380D0eC0bd388289E1":0.10386785383024753,"0x8c9532a60E0E7C6BbD2B2c1303F63aCE1c3E9811":14.298565262160027,"0x8dAEBADE922dF735c38C80C7eBD708Af50815fAa":17.82096225787571,"0x8e595470Ed749b85C6F7669de83EAe304C2ec68F":11.540833422590646,"0x917ceE801a67f933F2e6b33fC0cD1ED2d5909D88":121.56548629768609,"0x9181f633E9B9F15A32d5e37094F4C93b333e0E92":1.1299750570983742,"0x922406EAFC3CcEb32b0256F287fB977c426EDbd8":0.007285845762673423,"0x954313005C56b555bdC41B84D6c63B69049d7847":469.5701434325975,