{"0x0000000000085d4780B73119b644AE5ecd22b376":215.99776622740055,"0x0000000016E6Cb3038203c1129c8B4aEE7af7a11":1.1178895219955765,"0x00000000eFE302BEAA2b3e6e1b18d08D69a9012a":136.109234087849,"0x005F893EcD7bF9667195642f7649DA8163e23658":163.11163903459303,"0x0100546F2cD4C9D97f798fFC9755E47865FF7Ee6":387.5548224948552,"0x028171bCA77440897B824Ca71D1c56caC55b68A3":1207.8037366330275,"0x0316EB71485b0Ab14103307bf65a021042c6d380":0.43397169797082213,"0x03ab458634910AaD20eF5f1C8ee96F1D6ac54919":269.0125707132059,"0x04C154b66CB340F3Ae24111CC767e0184Ed00Cc6":421.0347206730046,"0x051d7e5609917Bd9b73f04BAc0DED8Dd46a74301":370.69581931814685,"0x056Fd409E1d7A124BD7017459dFEa2F387b6d5Cd":265.15255052851165,"0x075b1bb99792c9E1041bA13afEf80C91a1e70fB3":597.2075428773575,"0x085780639CC2cACd35E474e71f4d000e2405d8f6":860.0650337355999,"0x08ceA8E5B4551722dEB97113C139Dd83C26c5398":0.11384502782639232,"0x09db87A538BD693E9d08544577d5cCfAA6373A48":179.1555853567848,"0x0E2EC54fC0B509F445631Bf4b91AB8168230C752":0.4715095622194036,"0x0E573Ce2736Dd9637A0b21058352e1667925C7a8":141.44251021903042,"0x0F83287FF768D1c1e17a42F44d644D7F22e8ee1d":61.307873902177526,"0x0a5E677a6A24b2F1A2Bf4F3bFfC443231d2fDEc8":0.17428277476190285,"0x0bc529c00C6401aEF6D220BE8C6Ea1667F6Ad93e":21.52295887350203,"0x0d86883FAf4FfD7aEb116390af37746F45b6f378":670.257494560283,"0x0dE54CFdfeD8005176f8b7A9D5438B45c4F1df1e":5.4650860453184,"0x127091edE112aEd7Bae281747771b3150Bb047bB":3.3446693608331004,"0x137469B55D1f15651BA46A89D0588e97dD0B6562":224.0536362899433,"0x1456688345527bE1f37E9e627DA0837D6f08C925":5.853975405817036,"0x15700B564Ca08D9439C58cA5053166E8317aa138":1051.7701757844973,"0x16eAd9a10b1A77007E6E329B076aD1Fe97a6F7C0":197.0093986572202,"0x18084fbA666a33d37592fA2633fD49a74DD93a88":99.52760265739714,"0x1830c553dC76d3447B69b7B0dC19CF9e3c739C78":99.1448975868785,"0x196f4727526eA7FB1e17b2071B3d8eAA38486988":1.9475095524444679,"0x1BED97CBC3c24A4fb5C069C6E311a967386131f7":268.58964244746767,"0x1CC481cE2BD2EC7Bf67d1Be64d4878b16078F309":128.254645629811,"0x1a7e4e63778B4f12a199C062f3eFdD288afCBce8":84.70073808721236,"0x1aBaEA1f7C830bD89Acc67eC4af516284b1bC33c":283.06000034852605,"0x1c48f86ae57291F7686349F12601910BD8D470bb":1.1945970407111326,"0x1ce0D1E19c9514230FF8CD1DAbaC2555fb92122b":0,"0x2191DF768ad71140F9F3E96c1e4407A4aA31d082":25.55473590786587,"0x2260FAC5E5542a773Aa44fBCfeDf7C193bc2C599":30.99369641858412,"0x22CF19EB64226e0E1A79c69b345b31466fD273A7":4.509675624297957,"0x2302aaBe69e6E7A1b0Aa23aAC68fcCB8A4D2B460":139.6087844355495,"0x2570f1bD5D2735314FC102eb12Fc1aFe9e6E7193":68.43705840920842,"0x25eC98773D7b4ceD4cAFaB96A2A1c0945f145e10":0,"0x2889302a794dA87fBF1D6Db415C1492194663D13":2786.6812221756477,"0x2b01d4FdB87eb7F2399E5D68631d8A939a323786":250.17733600237995,"0x2bd1F344a2398340C2b1119Da98816eA723F5F0f":0.3318823739892136,"0x3175Df0976dFA876431C2E9eE6Bc45b65d3473CC":0.000038774887315524745,"0x3231Cb76718CDeF2155FC47b5286d82e6eDA273f":336.96531602902564,"0x32bd822d615A3658A68b6fDD30c2fcb2C996D678":302.60961243912635,"0x34635280737b5BFe6c7DC2FC3065D60d66e78185":373.62911818457627,"0x35282d87011f87508D457F08252Bc5bFa52E10A0":160.82057331449673,"0x3570E17b1F2DdFD73FBE437F34A34d1D54219138":1.225526080684824,"0x35D8949372D46B7a3D5A56006AE77B215fc69bC0":583.1661821814931,"0x35fA164735182de50811E8e2E824cFb9B6118ac2":985.7749962672051,"0x383E6b4437b59fff47B619CBA855CA29342A8559":199.14884875144477,"0x38D64ce1Bdf1A9f24E0Ec469C9cAde61236fB4a0":254.49027093084456,"0x390f3595bCa2Df7d23783dFd126427CCeb997BF4":24276.845860411016,"0x393DaD6c76D962Abba489a77dBf37ae948A4A6ee":153.77058313691617,"0x3A2725556Dde7B21fBe3dD64A4913ff29faba6A1":0.029171727994253438,"0x3A283D9c08E8b55966afb64C515f5143cf907611":9458.007692440273,"0x3Ed3B47Dd13EC9a98b44e6204A523E766B225811":3.451909904995741,"0x3f0e7916681452D23Cd36B1281457DA721F2E5dF":80.4551424491346,"0x401322B9FDdba8c0a8D40fbCECE1D1752C12316B":294.2179730742798,"0x40D16FC0246aD3160Ccc09B8D0D3A2cD28aE6C2f":269.310241018939,"0x4591DBfF62656E7859Afe5e45f6f47D3669fBB28":270.77625255978063,"0x4647B6D835f3B393C7A955df51EEfcf0db961606":642.1830866064505,"0x466a756E9A7401B5e2444a3fCB3c2C12FBEa0a54":63.41491343934723,"0x4704aB1fb693ce163F7c9D3A31b3FF4eaF797714":0.3776561844015231,"0x48759F220ED983dB51fA7A8C0D2AAb8f3ce4166a":2419.670664474292,"0x49446A0874197839D15395B908328a74ccc96Bc0":58.944263761405274,"0x4AE86d8732390d852A13cb918463BC6e5775FaDD":387.3220406626938,"0x4D1941a887eC788F059b3bfcC8eE1E97b968825B":376.37213951967533,"0x4D55a36902a6546A79ec4c9c315241De746D5fC3":0,"0x4DEcE678ceceb27446b35C672dC7d61F30bAD69E":31297.05506264336,"0x4Fabb145d64652a948d72533023f6E7A623C7C53":0.03963960631300317,"0x4c9EDD5852cd905f086C759E8383e09bff1E68B3":3146.010523197654,"0x4de2ab8177fC5fFAFB7aD11FB8BeB1e5fB95F71C":610.4002470103317,"0x4e3FBD56CD56c3e72c1403e103b45Db9da5B9D2B":2.3078068741712254,"0x4eBdF703948ddCEA3B11f675B4D1Fba9d2414A14":5067.4938270911,"0x514910771AF9Ca656af840dff83E8264EcF986CA":85.09308422484301,"0x5228a22e72ccC52d415EcFd199F99D0665E7733b":61.98689260492932,"0x5271045F7B73c17825A7A7aee6917eE46b0B7520":386.83151034771276,"0x527331F3F550f6f85ACFEcAB9Cc0889180C6f1d5":425.1307055903129,"0x5426178799ee0a0181A89b4f57eFddfAb49941Ec":291.7779752336963,"0x5555f75e3d5278082200Fb451D1b6bA946D8e13b":120.58987770611769,"0x57Ab1ec28D129707052df4dF418D58a2D46d5f51":157.6443445089374,"0x57a5a0567187FF4A8dcC1A9bBa86155E355878F2":0.2668031167230329,"0x58efE15C0404aB22F87E4495D71f6f2077e862bE":0.0012498164138459997,"0x5905c0290e59aFBDc42a5480add9bD7B20CB3759":0.1780907818744321,"0x59D9356E565Ab3A36dD77763Fc0d87fEaf85508C":424.098204814765,"0x5BC25f649fc4e26069dDF4cF4010F9f706c23831":0.8760951780707735,"0x5Be6C45e2d074fAa20700C49aDA3E88a1cc0025d":727.7065789686384,"0x5Ca135cB8527d76e932f34B5145575F9d8cbE08E":57.95041831704596,"0x5E8422345238F34275888049021821E8E08CAa1f":14320.071168275623,"0x5Ea630e00D6eE438d3deA1556A110359ACdc10A9":371.8521621205174,"0x5ca0313D44551e32e0d7a298EC024321c4BC59B4":6.915735807047644,"0x5e74C9036fb86BD7eCdcb084a0673EFc32eA31cb":8.065278773283252,"0x5f98805A4E8be255a32880FDeC7F6728C6568bA0":198.05205328451734,"0x625E92624Bc2D88619ACCc1788365A69767f6200":3582.8963849774896,"0x62B9c7356A2Dc64a1969e19C23e4f579F9810Aa7":106.41160784953458,"0x6359B6d3e327c497453d4376561eE276c6933323":358.12808120700083,"0x63a0964A36c34E81959da5894ad888800e17405b":303.27695801544843,"0x65D72AA8DA931F047169112fcf34f52DbaAE7D18":375.4607229829264,"0x65f228ED6a6001eD6485535e0Dc33E525734f54c":75.75401335831337,"0x661c70333AA1850CcDBAe82776Bb436A0fCfeEfB":186.07153130541116,"0x6663b6D50992ef4fc0380199397c87C2f5256075":174.504310771527,"0x668308d77be3533c909a692302Cb4D135Bf8041C":0.04378561828424104,"0x66a1E37c9b0eAddca17d3662D6c05F4DECf3e110":41.893012320322704,"0x674C6Ad92Fd080e4004b2312b45f796a192D27a0":4.042601447427146,"0x677ddbd918637E5F2c79e164D402454dE7dA8619":4.651287924659618,"0x68749665FF8D2d112Fa859AA293F07A622782F38":21.92009435992141,"0x69000405f9DcE69BD4Cbf4f2865b79144A69BFE0":2.5869440478575996,"0x6B175474E89094C44Da98b954EedeAC495271d0F":2808.7576348858192,"0x6C280dB098dB673d30d5B34eC04B6387185D3620":348.2088128697007,"0x6C5024Cd4F8A59110119C56f8933403A539555EB":124.6715497584518,"0x6C9815826FdF8c7a45cCfEd2064dbaB33a078712":62.36475685600242,"0x6ade6971Ca3d90990C30d39c78b0534C7166e07b":236.9669488422081,"0x6b5204B0Be36771253Cc38e88012E02B752f0f36":217.08119148724612,"0x6c3F90f043a72FA612cbac8115EE7e52BDe6E490":751.6368958884877,"0x6c3ea9036406852006290770BEdFcAbA0e23A0e8":596.2753511603236,"0x6e52cCe4EaFDf77091dD1c82183b2D97b776b397":1153.7049045257372,"0x6ef3D766Dfe02Dc4bF04aAe9122EB9A0Ded25615":0.11704599108399413,"0x7223442cad8e9cA474fC40109ab981608F8c4273":217.42057940737064,"0x73968b9a57c6E53d41345FD57a6E6ae27d6CDB2F":157.89692264692653,"0x73A15FeD60Bf67631dC6cd7Bc5B6e8da8190aCF5":1525.8076344948313,"0x752B4c6e92d96467fE9b9a2522EF07228E00F87c":35.411839281216764,"0x76237BCfDbe8e06FB774663add96216961df4ff3":41.214801469641394,