{"0x0000000000085d4780B73119b644AE5ecd22b376":0.008477472127779164,"0x005F893EcD7bF9667195642f7649DA8163e23658":200.43712842606868,"0x0100546F2cD4C9D97f798fFC9755E47865FF7Ee6":195.49495308690908,"0x028171bCA77440897B824Ca71D1c56caC55b68A3":795.5134932225947,"0x0316EB71485b0Ab14103307bf65a021042c6d380":75.83839301668756,"0x03ab458634910AaD20eF5f1C8ee96F1D6ac54919":182.019337230672,"0x04C154b66CB340F3Ae24111CC767e0184Ed00Cc6":433.2428520184017,"0x056Fd409E1d7A124BD7017459dFEa2F387b6d5Cd":390.7476341240539,"0x067079c14B85169e6a29703769dadDef90816f4C":353.18446442772046,"0x075b1bb99792c9E1041bA13afEf80C91a1e70fB3":324.88078564711765,"0x085780639CC2cACd35E474e71f4d000e2405d8f6":758.7288196161516,"0x0E2EC54fC0B509F445631Bf4b91AB8168230C752":0.47152538017891854,"0x0E573Ce2736Dd9637A0b21058352e1667925C7a8":144.5166438061805,"0x0a5E677a6A24b2F1A2Bf4F3bFfC443231d2fDEc8":0.04867256230940705,"0x0bc529c00C6401aEF6D220BE8C6Ea1667F6Ad93e":13.370598976637309,"0x0d86883FAf4FfD7aEb116390af37746F45b6f378":241.50476154573633,"0x0dE54CFdfeD8005176f8b7A9D5438B45c4F1df1e":0.14679490613400814,"0x1456688345527bE1f37E9e627DA0837D6f08C925":3.415456813830073,"0x16eAd9a10b1A77007E6E329B076aD1Fe97a6F7C0":129.00317345525966,"0x18084fbA666a33d37592fA2633fD49a74DD93a88":12.416711210384523,"0x183395DbD0B5e93323a7286D1973150697FFFCB3":387.36442890547823,"0x196f4727526eA7FB1e17b2071B3d8eAA38486988":2.5321265710802154,"0x1c48f86ae57291F7686349F12601910BD8D470bb":0.5901008259896899,"0x1ce0D1E19c9514230FF8CD1DAbaC2555fb92122b":0,"0x2191DF768ad71140F9F3E96c1e4407A4aA31d082":6.146455525151623,"0x2260FAC5E5542a773Aa44fBCfeDf7C193bc2C599":365.3408720320269,"0x2302aaBe69e6E7A1b0Aa23aAC68fcCB8A4D2B460":133.4595030228315,"0x25eC98773D7b4ceD4cAFaB96A2A1c0945f145e10":0,"0x2889302a794dA87fBF1D6Db415C1492194663D13":563.9643329750959,"0x29059568bB40344487d62f7450E78b8E6C74e0e5":273.3082879606551,"0x2b01d4FdB87eb7F2399E5D68631d8A939a323786":19.2407295393318,"0x31429d1856aD1377A8A0079410B297e1a9e214c2":486.7698037139475,"0x32bd822d615A3658A68b6fDD30c2fcb2C996D678":74.24209114700142,"0x34635280737b5BFe6c7DC2FC3065D60d66e78185":340.6883886048472,"0x35282d87011f87508D457F08252Bc5bFa52E10A0":118.73898533562561,"0x35D8949372D46B7a3D5A56006AE77B215fc69bC0":759.7666556337144,"0x35fA164735182de50811E8e2E824cFb9B6118ac2":1151.0283107845573,"0x383E6b4437b59fff47B619CBA855CA29342A8559":162.41490161124318,"0x38D64ce1Bdf1A9f24E0Ec469C9cAde61236fB4a0":246.86911317247774,"0x3A283D9c08E8b55966afb64C515f5143cf907611":3270.7401148327135,"0x3Ed3B47Dd13EC9a98b44e6204A523E766B225811":364.7502729385249,"0x3f0e7916681452D23Cd36B1281457DA721F2E5dF":12.438810198815675,"0x40D16FC0246aD3160Ccc09B8D0D3A2cD28aE6C2f":636.8259775871859,"0x4591DBfF62656E7859Afe5e45f6f47D3669fBB28":249.03475313403393,"0x4647B6D835f3B393C7A955df51EEfcf0db961606":413.4821223808694,"0x466a756E9A7401B5e2444a3fCB3c2C12FBEa0a54":2.2188809800523157,"0x48759F220ED983dB51fA7A8C0D2AAb8f3ce4166a":1558.3024570465755,"0x49446A0874197839D15395B908328a74ccc96Bc0":21.74668904239679,"0x4AE86d8732390d852A13cb918463BC6e5775FaDD":131.31653677554823,"0x4D1941a887eC788F059b3bfcC8eE1E97b968825B":12.811707736207353,"0x4Fabb145d64652a948d72533023f6E7A623C7C53":0.028830124765539186,"0x4c9EDD5852cd905f086C759E8383e09bff1E68B3":6006.680343355106,"0x4eBdF703948ddCEA3B11f675B4D1Fba9d2414A14":1612.0774109004835,"0x514910771AF9Ca656af840dff83E8264EcF986CA":115.24714045117123,"0x5228a22e72ccC52d415EcFd199F99D0665E7733b":57.51645598375163,"0x5426178799ee0a0181A89b4f57eFddfAb49941Ec":275.73702234142513,"0x5555f75e3d5278082200Fb451D1b6bA946D8e13b":84.10223148168869,"0x57a5a0567187FF4A8dcC1A9bBa86155E355878F2":1.2019244131983309,"0x58efE15C0404aB22F87E4495D71f6f2077e862bE":0.0012498164138459997,"0x5905c0290e59aFBDc42a5480add9bD7B20CB3759":0.17907441058155169,"0x59D9356E565Ab3A36dD77763Fc0d87fEaf85508C":581.5408739222381,"0x5BC25f649fc4e26069dDF4cF4010F9f706c23831":1.2830271088142304,"0x5Be6C45e2d074fAa20700C49aDA3E88a1cc0025d":620.2412011944886,"0x5Ca135cB8527d76e932f34B5145575F9d8cbE08E":51.38281928748212,"0x5E8422345238F34275888049021821E8E08CAa1f":18058.883997755933,"0x5b6C539b224014A09B3388e51CaAA8e354c959C8":1255.4294519575699,"0x5e74C9036fb86BD7eCdcb084a0673EFc32eA31cb":210.12504958127911,"0x6359B6d3e327c497453d4376561eE276c6933323":281.8435556317761,"0x63a0964A36c34E81959da5894ad888800e17405b":78.94711508456636,"0x65D72AA8DA931F047169112fcf34f52DbaAE7D18":132.35620178490714,"0x65f228ED6a6001eD6485535e0Dc33E525734f54c":58.42732761159183,"0x661c70333AA1850CcDBAe82776Bb436A0fCfeEfB":57.42058857004904,"0x6663b6D50992ef4fc0380199397c87C2f5256075":3.3844877904018458,"0x668308d77be3533c909a692302Cb4D135Bf8041C":0.058837088679408005,"0x66a1E37c9b0eAddca17d3662D6c05F4DECf3e110":5.048667465362076,"0x674C6Ad92Fd080e4004b2312b45f796a192D27a0":1.7489888770160191,"0x68749665FF8D2d112Fa859AA293F07A622782F38":17.877549595985645,"0x6B175474E89094C44Da98b954EedeAC495271d0F":3903.530851168169,"0x6C280dB098dB673d30d5B34eC04B6387185D3620":71.35279865324043,"0x6C5024Cd4F8A59110119C56f8933403A539555EB":122.83195863216606,"0x6C9815826FdF8c7a45cCfEd2064dbaB33a078712":11.06154352205181,"0x6ade6971Ca3d90990C30d39c78b0534C7166e07b":194.88367867777455,"0x6b5204B0Be36771253Cc38e88012E02B752f0f36":188.82335796263862,"0x6c3F90f043a72FA612cbac8115EE7e52BDe6E490":1289.6630937776363,"0x6c3ea9036406852006290770BEdFcAbA0e23A0e8":889.1884980819043,"0x6ef3D766Dfe02Dc4bF04aAe9122EB9A0Ded25615":0.08923279489719438,"0x7223442cad8e9cA474fC40109ab981608F8c4273":1.8834337592600732,"0x73968b9a57c6E53d41345FD57a6E6ae27d6CDB2F":110.97937918330167,"0x73A15FeD60Bf67631dC6cd7Bc5B6e8da8190aCF5":3306.466860203054,"0x76237BCfDbe8e06FB774663add96216961df4ff3":18.691461120111548,"0x76Eb2FE28b36B3ee97F3Adae0C69606eeDB2A37c":773.6736641453663,"0x77E06c9eCCf2E797fd462A92B6D7642EF85b0A44":1.06295142298,"0x78da5799CF427Fee11e9996982F4150eCe7a99A7":71.969592560833,"0x7F17A6C77C3938D235b014818092eb6305BdA110":58.697237542298126,"0x7F86Bf177Dd4F3494b841a37e810A34dD56c829B":2988.704154491895,"0x7FA768E035F956c41d6aeaa3Bd857e7E5141CAd5":0.5053098948848486,"0x7ea4aD8C803653498bF6AC1D2dEbc04DCe8Fd2aD":407.57634208095277,"0x7f39C581F595B53c5cb19bD0b3f8dA6c935E2Ca0":1599.5373803865784,"0x8064d9Ae6cDf087b1bcd5BDf3531bD5d8C537a68":80.15171764319345,"0x80d69e79258FE9D056c822461c4eb0B4ca8802E2":0.26366552203822186,"0x826180541412D574cf1336d22c0C0a287822678A":254.8329517330584,"0x830614aE209FF9d8706d386fcdBc7a55206fcffC":61.66747142389028,"0x83F20F44975D03b1b09e64809B757c47f942BEeA":3205.017439074759,"0x84CeCB5525c6B1C20070E742da870062E84Da178":19.962791075449534,"0x853d955aCEf822Db058eb8505911ED77F175b99e":2397.39289699298,"0x856c4Efb76C1D1AE02e20CEB03A2A6a08b0b8dC3":1.980261269058446,"0x865377367054516e17014CcdED1e7d814EDC9ce4":662.2928501251298,"0x8C0D76C9B18779665475F3E212D9Ca1Ed6A1A0e6":883.9590841197024,"0x8Cd52ee292313C4D851e71A7064F096504aB3eE9":49.9707917193147,"0x8E870D67F660D95d5be530380D0eC0bd388289E1":0.007676933965674135,"0x8c9532a60E0E7C6BbD2B2c1303F63aCE1c3E9811":1.2211818079464685,"0x8dAEBADE922dF735c38C80C7eBD708Af50815fAa":17.504156821854927,"0x8e595470Ed749b85C6F7669de83EAe304C2ec68F":48.80033351684688,"0x917ceE801a67f933F2e6b33fC0cD1ED2d5909D88":569.1912251182712,"0x9181f633E9B9F15A32d5e37094F4C93b333e0E92":1.201411795705338,"0x922406EAFC3CcEb32b0256F287fB977c426EDbd8":0.029080337758078095,"0x954313005C56b555bdC41B84D6c63B69049d7847":486.1544389333511,"0x9559Aaa82d9649C7A7b220E7c461d2E74c9a3593":216.99887840819707,"0x95710BDE45C8D384A976Cc58Cc7a7e489576b098":2.447314755355843,"0x961D4921e1718E633BAC8Ded88c4a1cAe44b785a":1080.8502860304263,"0x9961BdBE8B7091E584c2bF9D0a160C583f564A8c":400.77243828383615,"0x99D8a9C45b2ecA8864373A26D1459e3Dff1e17F3":24.340989720151406,"0x9BE89D2a4cd102D8Fecc6BF9dA793be995C22541":267.57163443587996,"0x9D39A5DE30e57443BfF2A8307A4256c8797A3497":2869.029056911507,"0x9EEAD9ce15383CaEED975427340b3A369410CFBF":16.071012197565818,"0x9FeE65D5A627e73212989c8BbEdC5Fa5Cae3821F":14.656483768533647,