{"0x0000000000085d4780B73119b644AE5ecd22b376":0.00845943315112365,"0x005F893EcD7bF9667195642f7649DA8163e23658":149.4892371009631,"0x0100546F2cD4C9D97f798fFC9755E47865FF7Ee6":172.72575656360672,"0x028171bCA77440897B824Ca71D1c56caC55b68A3":745.0685817129738,"0x0316EB71485b0Ab14103307bf65a021042c6d380":63.50535397394093,"0x03ab458634910AaD20eF5f1C8ee96F1D6ac54919":175.86535560414927,"0x04C154b66CB340F3Ae24111CC767e0184Ed00Cc6":283.9947703946505,"0x056Fd409E1d7A124BD7017459dFEa2F387b6d5Cd":605.7085995335085,"0x067079c14B85169e6a29703769dadDef90816f4C":280.4769571064563,"0x075b1bb99792c9E1041bA13afEf80C91a1e70fB3":814.8414763389118,"0x085780639CC2cACd35E474e71f4d000e2405d8f6":1277.1921624055212,"0x0E2EC54fC0B509F445631Bf4b91AB8168230C752":0.47155982499475213,"0x0E573Ce2736Dd9637A0b21058352e1667925C7a8":141.66954369138864,"0x0a5E677a6A24b2F1A2Bf4F3bFfC443231d2fDEc8":0.034583461127647125,"0x0bc529c00C6401aEF6D220BE8C6Ea1667F6Ad93e":13.941788397727045,"0x0d86883FAf4FfD7aEb116390af37746F45b6f378":191.57640025692578,"0x0dE54CFdfeD8005176f8b7A9D5438B45c4F1df1e":2.2375900827705038,"0x1456688345527bE1f37E9e627DA0837D6f08C925":3.088164698552031,"0x16eAd9a10b1A77007E6E329B076aD1Fe97a6F7C0":70.29968968076419,"0x18084fbA666a33d37592fA2633fD49a74DD93a88":29.030277214820064,"0x1830c553dC76d3447B69b7B0dC19CF9e3c739C78":100.21965206472687,"0x183395DbD0B5e93323a7286D1973150697FFFCB3":370.44430918523983,"0x196f4727526eA7FB1e17b2071B3d8eAA38486988":2.5142917789568893,"0x1c48f86ae57291F7686349F12601910BD8D470bb":0.02310056262787884,"0x1ce0D1E19c9514230FF8CD1DAbaC2555fb92122b":0,"0x2260FAC5E5542a773Aa44fBCfeDf7C193bc2C599":345.10206838122383,"0x2302aaBe69e6E7A1b0Aa23aAC68fcCB8A4D2B460":134.7441418448161,"0x2570f1bD5D2735314FC102eb12Fc1aFe9e6E7193":627.4685154917255,"0x25eC98773D7b4ceD4cAFaB96A2A1c0945f145e10":0,"0x2889302a794dA87fBF1D6Db415C1492194663D13":1520.4949092063061,"0x29059568bB40344487d62f7450E78b8E6C74e0e5":145.34289565766673,"0x2b01d4FdB87eb7F2399E5D68631d8A939a323786":16.253596683604584,"0x31429d1856aD1377A8A0079410B297e1a9e214c2":480.1863750712967,"0x32bd822d615A3658A68b6fDD30c2fcb2C996D678":64.09639281950841,"0x34635280737b5BFe6c7DC2FC3065D60d66e78185":446.1831234663649,"0x35282d87011f87508D457F08252Bc5bFa52E10A0":97.37423799161856,"0x35D8949372D46B7a3D5A56006AE77B215fc69bC0":2353.050383946381,"0x35fA164735182de50811E8e2E824cFb9B6118ac2":1061.9543285435252,"0x383E6b4437b59fff47B619CBA855CA29342A8559":121.41915781997065,"0x38D64ce1Bdf1A9f24E0Ec469C9cAde61236fB4a0":199.8121578582938,"0x3A283D9c08E8b55966afb64C515f5143cf907611":3303.6738950447784,"0x3Ed3B47Dd13EC9a98b44e6204A523E766B225811":1399.0117206277969,"0x3f0e7916681452D23Cd36B1281457DA721F2E5dF":9.662854169676478,"0x401322B9FDdba8c0a8D40fbCECE1D1752C12316B":451.49157467828763,"0x40D16FC0246aD3160Ccc09B8D0D3A2cD28aE6C2f":415.50074430391413,"0x4591DBfF62656E7859Afe5e45f6f47D3669fBB28":486.5613725197131,"0x4647B6D835f3B393C7A955df51EEfcf0db961606":309.87875252008087,"0x466a756E9A7401B5e2444a3fCB3c2C12FBEa0a54":1.7807450366973707,"0x48759F220ED983dB51fA7A8C0D2AAb8f3ce4166a":1206.824467072234,"0x49446A0874197839D15395B908328a74ccc96Bc0":18.143143249661673,"0x4D1941a887eC788F059b3bfcC8eE1E97b968825B":9.256405464713525,"0x4Fabb145d64652a948d72533023f6E7A623C7C53":0.029239595950386856,"0x4c9EDD5852cd905f086C759E8383e09bff1E68B3":4710.663910964845,"0x4de2ab8177fC5fFAFB7aD11FB8BeB1e5fB95F71C":173.49136177144496,"0x4eBdF703948ddCEA3B11f675B4D1Fba9d2414A14":2452.2209097444324,"0x514910771AF9Ca656af840dff83E8264EcF986CA":111.40880844008042,"0x5228a22e72ccC52d415EcFd199F99D0665E7733b":54.52156380536003,"0x5426178799ee0a0181A89b4f57eFddfAb49941Ec":279.1405977117329,"0x5555f75e3d5278082200Fb451D1b6bA946D8e13b":86.06614165795624,"0x57a5a0567187FF4A8dcC1A9bBa86155E355878F2":1.1499596614238021,"0x58efE15C0404aB22F87E4495D71f6f2077e862bE":0.001248567846,"0x5905c0290e59aFBDc42a5480add9bD7B20CB3759":0.1788955150664852,"0x59D9356E565Ab3A36dD77763Fc0d87fEaf85508C":563.1013310789197,"0x5BC25f649fc4e26069dDF4cF4010F9f706c23831":0.8025937387490163,"0x5Be6C45e2d074fAa20700C49aDA3E88a1cc0025d":244.64712443115596,"0x5Ca135cB8527d76e932f34B5145575F9d8cbE08E":52.88769924202215,"0x5E8422345238F34275888049021821E8E08CAa1f":16904.69814030787,"0x5b6C539b224014A09B3388e51CaAA8e354c959C8":1019.8089223953673,"0x5e74C9036fb86BD7eCdcb084a0673EFc32eA31cb":194.0548317186918,"0x6359B6d3e327c497453d4376561eE276c6933323":229.71679270066554,"0x63a0964A36c34E81959da5894ad888800e17405b":27.911857954573218,"0x65D72AA8DA931F047169112fcf34f52DbaAE7D18":132.74157207996154,"0x661c70333AA1850CcDBAe82776Bb436A0fCfeEfB":53.65283484243974,"0x668308d77be3533c909a692302Cb4D135Bf8041C":0.056282842661789616,"0x66a1E37c9b0eAddca17d3662D6c05F4DECf3e110":0.10861090323733082,"0x674C6Ad92Fd080e4004b2312b45f796a192D27a0":1.630664154988875,"0x68749665FF8D2d112Fa859AA293F07A622782F38":18.69656224543282,"0x6B175474E89094C44Da98b954EedeAC495271d0F":3574.6801189770363,"0x6C280dB098dB673d30d5B34eC04B6387185D3620":66.54815605824768,"0x6C5024Cd4F8A59110119C56f8933403A539555EB":122.38867793188982,"0x6ade6971Ca3d90990C30d39c78b0534C7166e07b":170.0981895977381,"0x6b5204B0Be36771253Cc38e88012E02B752f0f36":159.6741413867095,"0x6c3F90f043a72FA612cbac8115EE7e52BDe6E490":1455.5513833149903,"0x6c3ea9036406852006290770BEdFcAbA0e23A0e8":852.204068096657,"0x6e52cCe4EaFDf77091dD1c82183b2D97b776b397":237.08139611225366,"0x6ef3D766Dfe02Dc4bF04aAe9122EB9A0Ded25615":0.02914893509176724,"0x73968b9a57c6E53d41345FD57a6E6ae27d6CDB2F":85.67301820900691,"0x73A15FeD60Bf67631dC6cd7Bc5B6e8da8190aCF5":7043.522228861048,"0x76237BCfDbe8e06FB774663add96216961df4ff3":20.141228338768595,"0x76Eb2FE28b36B3ee97F3Adae0C69606eeDB2A37c":739.147662730056,"0x77E06c9eCCf2E797fd462A92B6D7642EF85b0A44":0.7510103237,"0x78da5799CF427Fee11e9996982F4150eCe7a99A7":56.418017099967614,"0x7988292D0FB141085c092132e2a70B30aA1eccAB":468.78046827252075,"0x7F17A6C77C3938D235b014818092eb6305BdA110":58.20772873353483,"0x7F86Bf177Dd4F3494b841a37e810A34dD56c829B":5339.631256232793,"0x7FA768E035F956c41d6aeaa3Bd857e7E5141CAd5":0.4832940454925338,"0x7ea4aD8C803653498bF6AC1D2dEbc04DCe8Fd2aD":132.75099216873303,"0x7f39C581F595B53c5cb19bD0b3f8dA6c935E2Ca0":1482.319518423986,"0x8064d9Ae6cDf087b1bcd5BDf3531bD5d8C537a68":75.7611293256899,"0x80d69e79258FE9D056c822461c4eb0B4ca8802E2":0.2523392079550382,"0x826180541412D574cf1336d22c0C0a287822678A":233.14352270973495,"0x830614aE209FF9d8706d386fcdBc7a55206fcffC":54.240011193564875,"0x83F20F44975D03b1b09e64809B757c47f942BEeA":3340.5174580328608,"0x84CeCB5525c6B1C20070E742da870062E84Da178":20.6456285648852,"0x853d955aCEf822Db058eb8505911ED77F175b99e":1597.3874157587393,"0x856c4Efb76C1D1AE02e20CEB03A2A6a08b0b8dC3":1.7861057367195154,"0x865377367054516e17014CcdED1e7d814EDC9ce4":701.1340798100066,"0x8682Fbf0CbF312C891532BA9F1A91e44f81ad7DF":528.7044550915002,"0x8C0D76C9B18779665475F3E212D9Ca1Ed6A1A0e6":578.1105555409224,"0x8C88538688aca3b733aD08b12BEe4574c0C00907":433.6312094708927,"0x8Cd52ee292313C4D851e71A7064F096504aB3eE9":3.442346583335662,"0x8E870D67F660D95d5be530380D0eC0bd388289E1":0.007668191003915026,"0x8c9532a60E0E7C6BbD2B2c1303F63aCE1c3E9811":1.176250611486952,"0x8dAEBADE922dF735c38C80C7eBD708Af50815fAa":16.593827182241636,"0x8e595470Ed749b85C6F7669de83EAe304C2ec68F":31.613266779896186,"0x917ceE801a67f933F2e6b33fC0cD1ED2d5909D88":488.0764502012203,"0x9181f633E9B9F15A32d5e37094F4C93b333e0E92":1.1496722304800573,"0x922406EAFC3CcEb32b0256F287fB977c426EDbd8":0.029077720527679863,"0x954313005C56b555bdC41B84D6c63B69049d7847":460.8445472228646,"0x9559Aaa82d9649C7A7b220E7c461d2E74c9a3593":195.79783967799295,"0x95710BDE45C8D384A976Cc58Cc7a7e489576b098":2.3658125433231483,"0x961D4921e1718E633BAC8Ded88c4a1cAe44b785a":980.7431393838484,"0x9961BdBE8B7091E584c2bF9D0a160C583f564A8c":392.9027860631379,"0x99D8a9C45b2ecA8864373A26D1459e3Dff1e17F3":4890.481161284752,"0x9BE89D2a4cd102D8Fecc6BF9dA793be995C22541":730.0695117553197,"0x9D39A5DE30e57443BfF2A8307A4256c8797A3497":3569.6318564644953,