{"0x0000000000085d4780B73119b644AE5ecd22b376":215.81217222582598,"0x0000000016E6Cb3038203c1129c8B4aEE7af7a11":1.0002558823915817,"0x00000000eFE302BEAA2b3e6e1b18d08D69a9012a":136.07982547078782,"0x005F893EcD7bF9667195642f7649DA8163e23658":173.57604407077773,"0x0100546F2cD4C9D97f798fFC9755E47865FF7Ee6":397.1473200852577,"0x028171bCA77440897B824Ca71D1c56caC55b68A3":1212.7130867449764,"0x0316EB71485b0Ab14103307bf65a021042c6d380":0.28869497646631265,"0x03ab458634910AaD20eF5f1C8ee96F1D6ac54919":270.221896948988,"0x04C154b66CB340F3Ae24111CC767e0184Ed00Cc6":469.1211620921788,"0x051d7e5609917Bd9b73f04BAc0DED8Dd46a74301":376.6934503868512,"0x056Fd409E1d7A124BD7017459dFEa2F387b6d5Cd":353.0203685668111,"0x067079c14B85169e6a29703769dadDef90816f4C":655.4362317246594,"0x075b1bb99792c9E1041bA13afEf80C91a1e70fB3":608.5077286712212,"0x085780639CC2cACd35E474e71f4d000e2405d8f6":877.5974620536638,"0x09db87A538BD693E9d08544577d5cCfAA6373A48":215.03499511358862,"0x0E2EC54fC0B509F445631Bf4b91AB8168230C752":0.47169044594935317,"0x0E573Ce2736Dd9637A0b21058352e1667925C7a8":143.09265726102618,"0x0F83287FF768D1c1e17a42F44d644D7F22e8ee1d":60.52552745448587,"0x0a5E677a6A24b2F1A2Bf4F3bFfC443231d2fDEc8":0.18362840527983884,"0x0bc529c00C6401aEF6D220BE8C6Ea1667F6Ad93e":22.214636559129865,"0x0d86883FAf4FfD7aEb116390af37746F45b6f378":713.7333211774996,"0x0dE54CFdfeD8005176f8b7A9D5438B45c4F1df1e":5.830462188060011,"0x127091edE112aEd7Bae281747771b3150Bb047bB":2.0757568119962047,"0x137469B55D1f15651BA46A89D0588e97dD0B6562":228.91903091349363,"0x1456688345527bE1f37E9e627DA0837D6f08C925":5.294225562693334,"0x15700B564Ca08D9439C58cA5053166E8317aa138":1070.0430099086316,"0x16eAd9a10b1A77007E6E329B076aD1Fe97a6F7C0":202.1253034229932,"0x18084fbA666a33d37592fA2633fD49a74DD93a88":100.72558455981813,"0x1830c553dC76d3447B69b7B0dC19CF9e3c739C78":100.80688473952611,"0x196f4727526eA7FB1e17b2071B3d8eAA38486988":1.9173654491227694,"0x1BED97CBC3c24A4fb5C069C6E311a967386131f7":274.9289943422907,"0x1CC481cE2BD2EC7Bf67d1Be64d4878b16078F309":128.4976588398,"0x1a7e4e63778B4f12a199C062f3eFdD288afCBce8":84.7761862799561,"0x1aBaEA1f7C830bD89Acc67eC4af516284b1bC33c":282.9574959993825,"0x1c48f86ae57291F7686349F12601910BD8D470bb":1.1357383934200533,"0x1ce0D1E19c9514230FF8CD1DAbaC2555fb92122b":0,"0x2191DF768ad71140F9F3E96c1e4407A4aA31d082":24.561766465129697,"0x2260FAC5E5542a773Aa44fBCfeDf7C193bc2C599":31.978019449778486,"0x22CF19EB64226e0E1A79c69b345b31466fD273A7":3.2543017287712086,"0x2302aaBe69e6E7A1b0Aa23aAC68fcCB8A4D2B460":135.7096964140556,"0x2570f1bD5D2735314FC102eb12Fc1aFe9e6E7193":69.52473135405566,"0x25eC98773D7b4ceD4cAFaB96A2A1c0945f145e10":0,"0x2889302a794dA87fBF1D6Db415C1492194663D13":3055.687727571347,"0x2b01d4FdB87eb7F2399E5D68631d8A939a323786":256.05219653781637,"0x2bd1F344a2398340C2b1119Da98816eA723F5F0f":0.9735247487757109,"0x3175Df0976dFA876431C2E9eE6Bc45b65d3473CC":0.000038739439843011164,"0x3231Cb76718CDeF2155FC47b5286d82e6eDA273f":337.5818299159395,"0x32bd822d615A3658A68b6fDD30c2fcb2C996D678":310.0861875888447,"0x3432B6A60D23Ca0dFCa7761B7ab56459D9C964D0":40.79691734119047,"0x34635280737b5BFe6c7DC2FC3065D60d66e78185":384.2232345765671,"0x35282d87011f87508D457F08252Bc5bFa52E10A0":160.6305128739644,"0x3570E17b1F2DdFD73FBE437F34A34d1D54219138":0.64498644496024,"0x35D8949372D46B7a3D5A56006AE77B215fc69bC0":676.1098305467019,"0x35fA164735182de50811E8e2E824cFb9B6118ac2":1005.3124661000264,"0x383E6b4437b59fff47B619CBA855CA29342A8559":198.6972354281394,"0x38D64ce1Bdf1A9f24E0Ec469C9cAde61236fB4a0":270.02001747727684,"0x390f3595bCa2Df7d23783dFd126427CCeb997BF4":24259.151979885133,"0x393DaD6c76D962Abba489a77dBf37ae948A4A6ee":156.14831625468128,"0x3A2725556Dde7B21fBe3dD64A4913ff29faba6A1":0.029812315188672035,"0x3Ed3B47Dd13EC9a98b44e6204A523E766B225811":3.259410622296817,"0x40D16FC0246aD3160Ccc09B8D0D3A2cD28aE6C2f":280.6335872455714,"0x4591DBfF62656E7859Afe5e45f6f47D3669fBB28":277.487206418897,"0x4647B6D835f3B393C7A955df51EEfcf0db961606":661.2048202432778,"0x466a756E9A7401B5e2444a3fCB3c2C12FBEa0a54":63.29510252644676,"0x4704aB1fb693ce163F7c9D3A31b3FF4eaF797714":0.29411547536155425,"0x48759F220ED983dB51fA7A8C0D2AAb8f3ce4166a":2420.307156303778,"0x49446A0874197839D15395B908328a74ccc96Bc0":70.4806293082535,"0x4AE86d8732390d852A13cb918463BC6e5775FaDD":395.27946308222914,"0x4D1941a887eC788F059b3bfcC8eE1E97b968825B":380.6357991569766,"0x4D55a36902a6546A79ec4c9c315241De746D5fC3":0,"0x4DEcE678ceceb27446b35C672dC7d61F30bAD69E":31281.999777453213,"0x4Fabb145d64652a948d72533023f6E7A623C7C53":0.03966951712891838,"0x4c9EDD5852cd905f086C759E8383e09bff1E68B3":3498.6304700232577,"0x4de2ab8177fC5fFAFB7aD11FB8BeB1e5fB95F71C":598.0849787400981,"0x4e3FBD56CD56c3e72c1403e103b45Db9da5B9D2B":1.9365293017082943,"0x4eBdF703948ddCEA3B11f675B4D1Fba9d2414A14":6302.41143998009,"0x514910771AF9Ca656af840dff83E8264EcF986CA":86.27186197727471,"0x5228a22e72ccC52d415EcFd199F99D0665E7733b":62.90154008117768,"0x5271045F7B73c17825A7A7aee6917eE46b0B7520":386.8861702355158,"0x5426178799ee0a0181A89b4f57eFddfAb49941Ec":295.92827597599046,"0x5555f75e3d5278082200Fb451D1b6bA946D8e13b":122.82944648374544,"0x57Ab1ec28D129707052df4dF418D58a2D46d5f51":157.54941672977424,"0x57a5a0567187FF4A8dcC1A9bBa86155E355878F2":0.11387382206718921,"0x58efE15C0404aB22F87E4495D71f6f2077e862bE":0.001248400537908636,"0x5905c0290e59aFBDc42a5480add9bD7B20CB3759":0.17422668982021147,"0x59D9356E565Ab3A36dD77763Fc0d87fEaf85508C":456.692053299186,"0x5BC25f649fc4e26069dDF4cF4010F9f706c23831":0.7218403628218482,"0x5Be6C45e2d074fAa20700C49aDA3E88a1cc0025d":773.3228048104346,"0x5Ca135cB8527d76e932f34B5145575F9d8cbE08E":58.54156782253537,"0x5E8422345238F34275888049021821E8E08CAa1f":14748.190032720231,"0x5Ea630e00D6eE438d3deA1556A110359ACdc10A9":425.8677240064495,"0x5ca0313D44551e32e0d7a298EC024321c4BC59B4":6.450242301014692,"0x5e74C9036fb86BD7eCdcb084a0673EFc32eA31cb":7.895808939596065,"0x5f98805A4E8be255a32880FDeC7F6728C6568bA0":194378.69159036837,"0x625E92624Bc2D88619ACCc1788365A69767f6200":3581.374402917209,"0x62B9c7356A2Dc64a1969e19C23e4f579F9810Aa7":102.0746945075476,"0x6359B6d3e327c497453d4376561eE276c6933323":366.24867520531905,"0x63a0964A36c34E81959da5894ad888800e17405b":317.1922107858075,"0x65D72AA8DA931F047169112fcf34f52DbaAE7D18":375.68865057090653,"0x65f228ED6a6001eD6485535e0Dc33E525734f54c":75.96027039543509,"0x661c70333AA1850CcDBAe82776Bb436A0fCfeEfB":206.3840774781182,"0x6663b6D50992ef4fc0380199397c87C2f5256075":179.56943537759983,"0x668308d77be3533c909a692302Cb4D135Bf8041C":0.04473398077732786,"0x66a1E37c9b0eAddca17d3662D6c05F4DECf3e110":47.684361448263296,"0x674C6Ad92Fd080e4004b2312b45f796a192D27a0":3.688592871521688,"0x677ddbd918637E5F2c79e164D402454dE7dA8619":4.387870354110546,"0x68749665FF8D2d112Fa859AA293F07A622782F38":21.49810502702457,"0x69000405f9DcE69BD4Cbf4f2865b79144A69BFE0":2.4230823650348463,"0x6B175474E89094C44Da98b954EedeAC495271d0F":3317.0261361655566,"0x6C280dB098dB673d30d5B34eC04B6387185D3620":356.1526818270082,"0x6C5024Cd4F8A59110119C56f8933403A539555EB":125.8125132508602,"0x6C9815826FdF8c7a45cCfEd2064dbaB33a078712":60.123968050268715,"0x6ade6971Ca3d90990C30d39c78b0534C7166e07b":239.11195695787197,"0x6b5204B0Be36771253Cc38e88012E02B752f0f36":222.69022574556124,"0x6c3F90f043a72FA612cbac8115EE7e52BDe6E490":901.0509213319391,"0x6c3ea9036406852006290770BEdFcAbA0e23A0e8":654.5446970717447,"0x6e52cCe4EaFDf77091dD1c82183b2D97b776b397":1160.9886081000818,"0x6ef3D766Dfe02Dc4bF04aAe9122EB9A0Ded25615":0.06710127040545222,"0x7223442cad8e9cA474fC40109ab981608F8c4273":225.01586913942714,"0x73968b9a57c6E53d41345FD57a6E6ae27d6CDB2F":160.9457608294499,"0x73A15FeD60Bf67631dC6cd7Bc5B6e8da8190aCF5":1749.3026821572391,"0x752B4c6e92d96467fE9b9a2522EF07228E00F87c":35.598577942849,"0x76237BCfDbe8e06FB774663add96216961df4ff3":41.05486519501565,"0x76Eb2FE28b36B3ee97F3Adae0C69606eeDB2A37c":1183.7570195105554,"0x77E06c9eCCf2E797fd462A92B6D7642EF85b0A44":0.6424534847533294,"0x78da5799CF427Fee11e9996982F4150eCe7a99A7":99.34810210054162,