{"0x0000000000085d4780B73119b644AE5ecd22b376":216.0052686874563,"0x0000000016E6Cb3038203c1129c8B4aEE7af7a11":1.2507219397760576,"0x00000000eFE302BEAA2b3e6e1b18d08D69a9012a":164.23435200032435,"0x005F893EcD7bF9667195642f7649DA8163e23658":171.78903723347182,"0x0100546F2cD4C9D97f798fFC9755E47865FF7Ee6":393.27431602472615,"0x028171bCA77440897B824Ca71D1c56caC55b68A3":1074.9978029226886,"0x0316EB71485b0Ab14103307bf65a021042c6d380":0.4526415243133785,"0x03ab458634910AaD20eF5f1C8ee96F1D6ac54919":200.5381934450999,"0x04C154b66CB340F3Ae24111CC767e0184Ed00Cc6":463.728619017323,"0x051d7e5609917Bd9b73f04BAc0DED8Dd46a74301":366.8184598685902,"0x067079c14B85169e6a29703769dadDef90816f4C":661.4491712528492,"0x075b1bb99792c9E1041bA13afEf80C91a1e70fB3":410.8572702475528,"0x085780639CC2cACd35E474e71f4d000e2405d8f6":879.0836068461192,"0x08ceA8E5B4551722dEB97113C139Dd83C26c5398":0.1467379776184367,"0x09db87A538BD693E9d08544577d5cCfAA6373A48":214.07186876587068,"0x0E2EC54fC0B509F445631Bf4b91AB8168230C752":0.47144475913292566,"0x0E573Ce2736Dd9637A0b21058352e1667925C7a8":143.69604932496048,"0x0F83287FF768D1c1e17a42F44d644D7F22e8ee1d":61.24301129373511,"0x0a5E677a6A24b2F1A2Bf4F3bFfC443231d2fDEc8":0.18048004909405774,"0x0bc529c00C6401aEF6D220BE8C6Ea1667F6Ad93e":22.452051332555047,"0x0d86883FAf4FfD7aEb116390af37746F45b6f378":722.7236855703018,"0x0dE54CFdfeD8005176f8b7A9D5438B45c4F1df1e":4.616626941418518,"0x127091edE112aEd7Bae281747771b3150Bb047bB":2.7475800186588204,"0x137469B55D1f15651BA46A89D0588e97dD0B6562":225.82185172483437,"0x15700B564Ca08D9439C58cA5053166E8317aa138":1077.1188396793968,"0x16eAd9a10b1A77007E6E329B076aD1Fe97a6F7C0":200.43840595242037,"0x18084fbA666a33d37592fA2633fD49a74DD93a88":1345.895082387669,"0x1830c553dC76d3447B69b7B0dC19CF9e3c739C78":99.81892241875362,"0x196f4727526eA7FB1e17b2071B3d8eAA38486988":2.110440119136767,"0x1BED97CBC3c24A4fb5C069C6E311a967386131f7":272.08389449751405,"0x1CC481cE2BD2EC7Bf67d1Be64d4878b16078F309":128.4892721255665,"0x1a7e4e63778B4f12a199C062f3eFdD288afCBce8":84.71996893305243,"0x1aBaEA1f7C830bD89Acc67eC4af516284b1bC33c":283.1892927100016,"0x1c48f86ae57291F7686349F12601910BD8D470bb":1.1657048380800825,"0x1ce0D1E19c9514230FF8CD1DAbaC2555fb92122b":0,"0x2191DF768ad71140F9F3E96c1e4407A4aA31d082":23.83013937893434,"0x2260FAC5E5542a773Aa44fBCfeDf7C193bc2C599":2002.1758854497318,"0x22CF19EB64226e0E1A79c69b345b31466fD273A7":4.867922418222796,"0x2302aaBe69e6E7A1b0Aa23aAC68fcCB8A4D2B460":136.42944107068743,"0x2570f1bD5D2735314FC102eb12Fc1aFe9e6E7193":69.27340329967708,"0x25eC98773D7b4ceD4cAFaB96A2A1c0945f145e10":0,"0x2889302a794dA87fBF1D6Db415C1492194663D13":3099.426980812924,"0x29059568bB40344487d62f7450E78b8E6C74e0e5":1195.9217960882308,"0x2b01d4FdB87eb7F2399E5D68631d8A939a323786":253.75577167456848,"0x2bd1F344a2398340C2b1119Da98816eA723F5F0f":0.3008088782216876,"0x3175Df0976dFA876431C2E9eE6Bc45b65d3473CC":0.000038739199770064995,"0x3231Cb76718CDeF2155FC47b5286d82e6eDA273f":337.61725546115224,"0x32bd822d615A3658A68b6fDD30c2fcb2C996D678":307.63797334733596,"0x3432B6A60D23Ca0dFCa7761B7ab56459D9C964D0":32.28937794698676,"0x34635280737b5BFe6c7DC2FC3065D60d66e78185":387.3984097061915,"0x34D655069F4cAc1547E4C8cA284FfFF5ad4A8db0":10.249130524728958,"0x35282d87011f87508D457F08252Bc5bFa52E10A0":160.56260638698444,"0x35D8949372D46B7a3D5A56006AE77B215fc69bC0":751.1940773032738,"0x35fA164735182de50811E8e2E824cFb9B6118ac2":1005.1095243853227,"0x383E6b4437b59fff47B619CBA855CA29342A8559":198.8630926836617,"0x38D64ce1Bdf1A9f24E0Ec469C9cAde61236fB4a0":267.8453118344917,"0x390f3595bCa2Df7d23783dFd126427CCeb997BF4":24260.407765521286,"0x393DaD6c76D962Abba489a77dBf37ae948A4A6ee":154.36714857650878,"0x3A2725556Dde7B21fBe3dD64A4913ff29faba6A1":0.02976827434342709,"0x3A283D9c08E8b55966afb64C515f5143cf907611":10153.453175936442,"0x3Ed3B47Dd13EC9a98b44e6204A523E766B225811":0.000055,"0x40D16FC0246aD3160Ccc09B8D0D3A2cD28aE6C2f":296.5021532500497,"0x4591DBfF62656E7859Afe5e45f6f47D3669fBB28":278.98385312638766,"0x4647B6D835f3B393C7A955df51EEfcf0db961606":673.4067784443357,"0x466a756E9A7401B5e2444a3fCB3c2C12FBEa0a54":62.900956449711806,"0x4704aB1fb693ce163F7c9D3A31b3FF4eaF797714":0.34206364685523605,"0x48759F220ED983dB51fA7A8C0D2AAb8f3ce4166a":2421.1381580903653,"0x49446A0874197839D15395B908328a74ccc96Bc0":69.9715505409978,"0x4AE86d8732390d852A13cb918463BC6e5775FaDD":392.10659885365834,"0x4D1941a887eC788F059b3bfcC8eE1E97b968825B":376.9322040771252,"0x4D55a36902a6546A79ec4c9c315241De746D5fC3":0,"0x4DEcE678ceceb27446b35C672dC7d61F30bAD69E":32000.97729596169,"0x4Fabb145d64652a948d72533023f6E7A623C7C53":0.039660194792393084,"0x4c9EDD5852cd905f086C759E8383e09bff1E68B3":3660.829206723355,"0x4de2ab8177fC5fFAFB7aD11FB8BeB1e5fB95F71C":578.3184698140451,"0x4e3FBD56CD56c3e72c1403e103b45Db9da5B9D2B":2.2833037956010904,"0x4eBdF703948ddCEA3B11f675B4D1Fba9d2414A14":6472.9032209156985,"0x5271045F7B73c17825A7A7aee6917eE46b0B7520":385.3903529501817,"0x527331F3F550f6f85ACFEcAB9Cc0889180C6f1d5":413.97666271088724,"0x5555f75e3d5278082200Fb451D1b6bA946D8e13b":122.00305466200521,"0x57Ab1ec28D129707052df4dF418D58a2D46d5f51":1864.5553104726941,"0x57a5a0567187FF4A8dcC1A9bBa86155E355878F2":0.1620309586666332,"0x58efE15C0404aB22F87E4495D71f6f2077e862bE":0.001248567846,"0x5905c0290e59aFBDc42a5480add9bD7B20CB3759":0.1741695810573944,"0x59D9356E565Ab3A36dD77763Fc0d87fEaf85508C":458.961363307342,"0x5Be6C45e2d074fAa20700C49aDA3E88a1cc0025d":794.7751694034115,"0x5Ca135cB8527d76e932f34B5145575F9d8cbE08E":58.5056342965247,"0x5E8422345238F34275888049021821E8E08CAa1f":15411.810782250855,"0x5Ea630e00D6eE438d3deA1556A110359ACdc10A9":420.8082009315756,"0x5ca0313D44551e32e0d7a298EC024321c4BC59B4":6.9533083374259785,"0x5e74C9036fb86BD7eCdcb084a0673EFc32eA31cb":8.086622960025636,"0x5f98805A4E8be255a32880FDeC7F6728C6568bA0":197.99774686368832,"0x625E92624Bc2D88619ACCc1788365A69767f6200":3581.2688853693335,"0x62B9c7356A2Dc64a1969e19C23e4f579F9810Aa7":1236.2763615901938,"0x6359B6d3e327c497453d4376561eE276c6933323":361.39867222721756,"0x63a0964A36c34E81959da5894ad888800e17405b":319.1570532431746,"0x65D72AA8DA931F047169112fcf34f52DbaAE7D18":376.1556464160531,"0x65f228ED6a6001eD6485535e0Dc33E525734f54c":76.03072409337744,"0x661c70333AA1850CcDBAe82776Bb436A0fCfeEfB":218.7932569615266,"0x6663b6D50992ef4fc0380199397c87C2f5256075":178.97019459264754,"0x668308d77be3533c909a692302Cb4D135Bf8041C":0.04470540633738958,"0x66a1E37c9b0eAddca17d3662D6c05F4DECf3e110":47.81133242736978,"0x674C6Ad92Fd080e4004b2312b45f796a192D27a0":3.959757136821417,"0x677ddbd918637E5F2c79e164D402454dE7dA8619":4.731209108761398,"0x68749665FF8D2d112Fa859AA293F07A622782F38":22.021711026032502,"0x69000405f9DcE69BD4Cbf4f2865b79144A69BFE0":2.7301702618943735,"0x6B175474E89094C44Da98b954EedeAC495271d0F":4258.445527160016,"0x6C280dB098dB673d30d5B34eC04B6387185D3620":354.3026699182131,"0x6C9815826FdF8c7a45cCfEd2064dbaB33a078712":58.33304134238836,"0x6ade6971Ca3d90990C30d39c78b0534C7166e07b":239.00271294881048,"0x6b5204B0Be36771253Cc38e88012E02B752f0f36":209.48351969719934,"0x6c3F90f043a72FA612cbac8115EE7e52BDe6E490":230.27661205869902,"0x6c3ea9036406852006290770BEdFcAbA0e23A0e8":697.4968434425937,"0x6e52cCe4EaFDf77091dD1c82183b2D97b776b397":1227.1393620578629,"0x6ef3D766Dfe02Dc4bF04aAe9122EB9A0Ded25615":0.022088304043387966,"0x7223442cad8e9cA474fC40109ab981608F8c4273":234.98346947729488,"0x73968b9a57c6E53d41345FD57a6E6ae27d6CDB2F":158.8987971308448,"0x73A15FeD60Bf67631dC6cd7Bc5B6e8da8190aCF5":1883.0475013281527,"0x752B4c6e92d96467fE9b9a2522EF07228E00F87c":35.35786268635209,"0x76237BCfDbe8e06FB774663add96216961df4ff3":41.15441478684414,"0x76Eb2FE28b36B3ee97F3Adae0C69606eeDB2A37c":1183.689529432785,"0x77E06c9eCCf2E797fd462A92B6D7642EF85b0A44":0.7646723942881405,"0x78da5799CF427Fee11e9996982F4150eCe7a99A7":99.54281170614603,"0x7F17A6C77C3938D235b014818092eb6305BdA110":175.5931826521235,"0x7F86Bf177Dd4F3494b841a37e810A34dD56c829B":15868.441191175003,"0x7FA768E035F956c41d6aeaa3Bd857e7E5141CAd5":0.3839480777710255,