{"0x0000000000085d4780B73119b644AE5ecd22b376":0.008468842213595142,"0x005F893EcD7bF9667195642f7649DA8163e23658":154.36273435742956,"0x0100546F2cD4C9D97f798fFC9755E47865FF7Ee6":175.77236110844314,"0x028171bCA77440897B824Ca71D1c56caC55b68A3":759.2903274545339,"0x0316EB71485b0Ab14103307bf65a021042c6d380":64.23258578512832,"0x03ab458634910AaD20eF5f1C8ee96F1D6ac54919":179.07972537998353,"0x04C154b66CB340F3Ae24111CC767e0184Ed00Cc6":310.1907913187949,"0x056Fd409E1d7A124BD7017459dFEa2F387b6d5Cd":203.05547045811176,"0x067079c14B85169e6a29703769dadDef90816f4C":311.0766741368702,"0x075b1bb99792c9E1041bA13afEf80C91a1e70fB3":308.71994969948327,"0x085780639CC2cACd35E474e71f4d000e2405d8f6":604.5343848823438,"0x0E2EC54fC0B509F445631Bf4b91AB8168230C752":0.47153522622178473,"0x0E573Ce2736Dd9637A0b21058352e1667925C7a8":144.21466198822733,"0x0a5E677a6A24b2F1A2Bf4F3bFfC443231d2fDEc8":0.04910371689679353,"0x0bc529c00C6401aEF6D220BE8C6Ea1667F6Ad93e":13.318822044052098,"0x0d86883FAf4FfD7aEb116390af37746F45b6f378":186.77068095618247,"0x0dE54CFdfeD8005176f8b7A9D5438B45c4F1df1e":5.8412236886451545,"0x1456688345527bE1f37E9e627DA0837D6f08C925":2.75789852616604,"0x16eAd9a10b1A77007E6E329B076aD1Fe97a6F7C0":73.06501009815753,"0x18084fbA666a33d37592fA2633fD49a74DD93a88":10.359415267711288,"0x183395DbD0B5e93323a7286D1973150697FFFCB3":392.53896675854554,"0x196f4727526eA7FB1e17b2071B3d8eAA38486988":2.527442403101131,"0x1c48f86ae57291F7686349F12601910BD8D470bb":0.02651000063269222,"0x1ce0D1E19c9514230FF8CD1DAbaC2555fb92122b":0,"0x2191DF768ad71140F9F3E96c1e4407A4aA31d082":3.807391813376858,"0x2260FAC5E5542a773Aa44fBCfeDf7C193bc2C599":354.40281165625396,"0x2302aaBe69e6E7A1b0Aa23aAC68fcCB8A4D2B460":129.49582943858684,"0x2570f1bD5D2735314FC102eb12Fc1aFe9e6E7193":810.761437076502,"0x25eC98773D7b4ceD4cAFaB96A2A1c0945f145e10":0,"0x2889302a794dA87fBF1D6Db415C1492194663D13":351.73140280448894,"0x29059568bB40344487d62f7450E78b8E6C74e0e5":199.0375339395794,"0x2b01d4FdB87eb7F2399E5D68631d8A939a323786":17.49864002056813,"0x31429d1856aD1377A8A0079410B297e1a9e214c2":482.00726803905957,"0x32bd822d615A3658A68b6fDD30c2fcb2C996D678":72.16784978448298,"0x34635280737b5BFe6c7DC2FC3065D60d66e78185":399.83774666099333,"0x35282d87011f87508D457F08252Bc5bFa52E10A0":97.57531521363134,"0x35D8949372D46B7a3D5A56006AE77B215fc69bC0":461.3388964795805,"0x35fA164735182de50811E8e2E824cFb9B6118ac2":1096.4684761629392,"0x383E6b4437b59fff47B619CBA855CA29342A8559":122.28898366250455,"0x38D64ce1Bdf1A9f24E0Ec469C9cAde61236fB4a0":232.6992093017835,"0x3A283D9c08E8b55966afb64C515f5143cf907611":2233.63161738831,"0x3Ed3B47Dd13EC9a98b44e6204A523E766B225811":340.6159886084365,"0x3f0e7916681452D23Cd36B1281457DA721F2E5dF":8.399175399247936,"0x401322B9FDdba8c0a8D40fbCECE1D1752C12316B":460.0366843712016,"0x40D16FC0246aD3160Ccc09B8D0D3A2cD28aE6C2f":493.97237767540463,"0x4591DBfF62656E7859Afe5e45f6f47D3669fBB28":189.55407639988687,"0x4647B6D835f3B393C7A955df51EEfcf0db961606":319.88092718965487,"0x466a756E9A7401B5e2444a3fCB3c2C12FBEa0a54":1.5373859692782708,"0x48759F220ED983dB51fA7A8C0D2AAb8f3ce4166a":1520.823372886565,"0x49446A0874197839D15395B908328a74ccc96Bc0":19.85857874837767,"0x4AE86d8732390d852A13cb918463BC6e5775FaDD":112.24181743735319,"0x4D1941a887eC788F059b3bfcC8eE1E97b968825B":10.38543437536782,"0x4Fabb145d64652a948d72533023f6E7A623C7C53":0.028690031756370298,"0x4c9EDD5852cd905f086C759E8383e09bff1E68B3":1693.3025362517842,"0x4eBdF703948ddCEA3B11f675B4D1Fba9d2414A14":874.9834092754106,"0x514910771AF9Ca656af840dff83E8264EcF986CA":113.84519014713885,"0x5228a22e72ccC52d415EcFd199F99D0665E7733b":54.83474576455703,"0x5426178799ee0a0181A89b4f57eFddfAb49941Ec":270.6882976995959,"0x5555f75e3d5278082200Fb451D1b6bA946D8e13b":83.93300405885152,"0x57a5a0567187FF4A8dcC1A9bBa86155E355878F2":1.1746173410479757,"0x58efE15C0404aB22F87E4495D71f6f2077e862bE":0.001248567846,"0x5905c0290e59aFBDc42a5480add9bD7B20CB3759":0.1788955150664852,"0x59D9356E565Ab3A36dD77763Fc0d87fEaf85508C":574.2033234778345,"0x5BC25f649fc4e26069dDF4cF4010F9f706c23831":0.6676780565171133,"0x5Be6C45e2d074fAa20700C49aDA3E88a1cc0025d":336.44104023598425,"0x5Ca135cB8527d76e932f34B5145575F9d8cbE08E":52.85710560500682,"0x5E8422345238F34275888049021821E8E08CAa1f":17374.838425260947,"0x5e74C9036fb86BD7eCdcb084a0673EFc32eA31cb":207.71408327323124,"0x63a0964A36c34E81959da5894ad888800e17405b":33.508852574906044,"0x65D72AA8DA931F047169112fcf34f52DbaAE7D18":130.74022331506376,"0x661c70333AA1850CcDBAe82776Bb436A0fCfeEfB":55.24824609185955,"0x668308d77be3533c909a692302Cb4D135Bf8041C":0.05749378108944446,"0x66a1E37c9b0eAddca17d3662D6c05F4DECf3e110":0.3047788693795208,"0x674C6Ad92Fd080e4004b2312b45f796a192D27a0":1.3426719076733695,"0x68749665FF8D2d112Fa859AA293F07A622782F38":17.97036293309759,"0x6B175474E89094C44Da98b954EedeAC495271d0F":2222.256494333659,"0x6C280dB098dB673d30d5B34eC04B6387185D3620":68.74047588519674,"0x6C5024Cd4F8A59110119C56f8933403A539555EB":122.38162386297223,"0x6C9815826FdF8c7a45cCfEd2064dbaB33a078712":4.537600864164258,"0x6ade6971Ca3d90990C30d39c78b0534C7166e07b":181.5734924863517,"0x6b5204B0Be36771253Cc38e88012E02B752f0f36":141.77392008393258,"0x6c3F90f043a72FA612cbac8115EE7e52BDe6E490":1087.3753123698154,"0x6c3ea9036406852006290770BEdFcAbA0e23A0e8":799.765051252932,"0x6e52cCe4EaFDf77091dD1c82183b2D97b776b397":318.5141019064164,"0x6ef3D766Dfe02Dc4bF04aAe9122EB9A0Ded25615":0.21815029496567212,"0x7223442cad8e9cA474fC40109ab981608F8c4273":0.5741252934586044,"0x73968b9a57c6E53d41345FD57a6E6ae27d6CDB2F":95.87614024910263,"0x73A15FeD60Bf67631dC6cd7Bc5B6e8da8190aCF5":2151.311674093203,"0x76237BCfDbe8e06FB774663add96216961df4ff3":16.194744482773423,"0x76Eb2FE28b36B3ee97F3Adae0C69606eeDB2A37c":754.3161825488112,"0x77E06c9eCCf2E797fd462A92B6D7642EF85b0A44":0.99077666064,"0x78da5799CF427Fee11e9996982F4150eCe7a99A7":56.66087676281335,"0x7988292D0FB141085c092132e2a70B30aA1eccAB":472.6549351358008,"0x7F17A6C77C3938D235b014818092eb6305BdA110":55.77017467713593,"0x7F86Bf177Dd4F3494b841a37e810A34dD56c829B":2559.4498019294338,"0x7FA768E035F956c41d6aeaa3Bd857e7E5141CAd5":0.49319729126708933,"0x7ea4aD8C803653498bF6AC1D2dEbc04DCe8Fd2aD":152.34685034966657,"0x7f39C581F595B53c5cb19bD0b3f8dA6c935E2Ca0":956.1545530272258,"0x8064d9Ae6cDf087b1bcd5BDf3531bD5d8C537a68":76.58845174502522,"0x80d69e79258FE9D056c822461c4eb0B4ca8802E2":0.25681843443036645,"0x826180541412D574cf1336d22c0C0a287822678A":263.8252398132669,"0x830614aE209FF9d8706d386fcdBc7a55206fcffC":60.297770455087814,"0x83F20F44975D03b1b09e64809B757c47f942BEeA":1654.3280571764228,"0x84CeCB5525c6B1C20070E742da870062E84Da178":16.6708090299792,"0x853d955aCEf822Db058eb8505911ED77F175b99e":1590.8134755612043,"0x856c4Efb76C1D1AE02e20CEB03A2A6a08b0b8dC3":1.841867207710133,"0x865377367054516e17014CcdED1e7d814EDC9ce4":514.8803096581782,"0x8C0D76C9B18779665475F3E212D9Ca1Ed6A1A0e6":647.3681688829597,"0x8Cd52ee292313C4D851e71A7064F096504aB3eE9":49.41139741507358,"0x8E870D67F660D95d5be530380D0eC0bd388289E1":0.007676933965674135,"0x8c9532a60E0E7C6BbD2B2c1303F63aCE1c3E9811":1.1908302228372802,"0x8dAEBADE922dF735c38C80C7eBD708Af50815fAa":16.429559529660892,"0x8e595470Ed749b85C6F7669de83EAe304C2ec68F":42.01866212845011,"0x917ceE801a67f933F2e6b33fC0cD1ED2d5909D88":513.7957100168564,"0x9181f633E9B9F15A32d5e37094F4C93b333e0E92":1.173138482693188,"0x922406EAFC3CcEb32b0256F287fB977c426EDbd8":0.02910941809583617,"0x954313005C56b555bdC41B84D6c63B69049d7847":477.742641015862,"0x9559Aaa82d9649C7A7b220E7c461d2E74c9a3593":198.83662842753418,"0x95710BDE45C8D384A976Cc58Cc7a7e489576b098":2.4378647091024463,"0x961D4921e1718E633BAC8Ded88c4a1cAe44b785a":1143.5921384797516,"0x9961BdBE8B7091E584c2bF9D0a160C583f564A8c":402.05339691832756,"0x99D8a9C45b2ecA8864373A26D1459e3Dff1e17F3":17.746453444876447,"0x9BE89D2a4cd102D8Fecc6BF9dA793be995C22541":252.5308155665536,"0x9D39A5DE30e57443BfF2A8307A4256c8797A3497":1103.7199291801128,"0x9EEAD9ce15383CaEED975427340b3A369410CFBF":15.176989840175878,"0x9FeE65D5A627e73212989c8BbEdC5Fa5Cae3821F":13.60530940413958,