{"0x0000000000085d4780B73119b644AE5ecd22b376":0.005442235575041501,"0x005F893EcD7bF9667195642f7649DA8163e23658":9.94943245666801,"0x0100546F2cD4C9D97f798fFC9755E47865FF7Ee6":144.30682829035848,"0x028171bCA77440897B824Ca71D1c56caC55b68A3":119.94181555426228,"0x0316EB71485b0Ab14103307bf65a021042c6d380":68.03992122461898,"0x03ab458634910AaD20eF5f1C8ee96F1D6ac54919":148.16312908964932,"0x04C154b66CB340F3Ae24111CC767e0184Ed00Cc6":181.33591036936588,"0x056Fd409E1d7A124BD7017459dFEa2F387b6d5Cd":68.20451280132573,"0x067079c14B85169e6a29703769dadDef90816f4C":150.07745649197997,"0x075b1bb99792c9E1041bA13afEf80C91a1e70fB3":771.8993166106615,"0x085780639CC2cACd35E474e71f4d000e2405d8f6":559.8664946111364,"0x0E2EC54fC0B509F445631Bf4b91AB8168230C752":0.45005226150925254,"0x0E573Ce2736Dd9637A0b21058352e1667925C7a8":135.43657057962187,"0x0bc529c00C6401aEF6D220BE8C6Ea1667F6Ad93e":0.8945461220216938,"0x0d86883FAf4FfD7aEb116390af37746F45b6f378":35.80588357751969,"0x0dE54CFdfeD8005176f8b7A9D5438B45c4F1df1e":5.823709297118257,"0x1456688345527bE1f37E9e627DA0837D6f08C925":6.777793811574914,"0x1830c553dC76d3447B69b7B0dC19CF9e3c739C78":83.22677057892611,"0x196f4727526eA7FB1e17b2071B3d8eAA38486988":2.4800300672936,"0x1c48f86ae57291F7686349F12601910BD8D470bb":1.2485878701037036,"0x1ce0D1E19c9514230FF8CD1DAbaC2555fb92122b":0,"0x2260FAC5E5542a773Aa44fBCfeDf7C193bc2C599":324.6142043268184,"0x2570f1bD5D2735314FC102eb12Fc1aFe9e6E7193":27.15434247133405,"0x25eC98773D7b4ceD4cAFaB96A2A1c0945f145e10":5.900602975360957,"0x2889302a794dA87fBF1D6Db415C1492194663D13":88.98242343068216,"0x2b01d4FdB87eb7F2399E5D68631d8A939a323786":1.711254714043642,"0x31429d1856aD1377A8A0079410B297e1a9e214c2":550.8578025670515,"0x32bd822d615A3658A68b6fDD30c2fcb2C996D678":33.31905564855281,"0x35282d87011f87508D457F08252Bc5bFa52E10A0":690.7105238937903,"0x35fA164735182de50811E8e2E824cFb9B6118ac2":943.2256848591153,"0x365AccFCa291e7D3914637ABf1F7635dB165Bb09":613.030748383286,"0x383E6b4437b59fff47B619CBA855CA29342A8559":8.709575418268804,"0x38D64ce1Bdf1A9f24E0Ec469C9cAde61236fB4a0":1033.2697261828177,"0x3A283D9c08E8b55966afb64C515f5143cf907611":2990.561604490079,"0x3Ed3B47Dd13EC9a98b44e6204A523E766B225811":19.185959350912,"0x3f0e7916681452D23Cd36B1281457DA721F2E5dF":537.9627228282455,"0x40D16FC0246aD3160Ccc09B8D0D3A2cD28aE6C2f":767.661917696163,"0x4591DBfF62656E7859Afe5e45f6f47D3669fBB28":124.14096641531158,"0x466a756E9A7401B5e2444a3fCB3c2C12FBEa0a54":497.78018343377533,"0x48759F220ED983dB51fA7A8C0D2AAb8f3ce4166a":805.4555455282954,"0x49446A0874197839D15395B908328a74ccc96Bc0":3.4354595700456203,"0x4AE86d8732390d852A13cb918463BC6e5775FaDD":8.427996419984831,"0x4DEcE678ceceb27446b35C672dC7d61F30bAD69E":603.752622851257,"0x4Fabb145d64652a948d72533023f6E7A623C7C53":0.003869646213190898,"0x4c9EDD5852cd905f086C759E8383e09bff1E68B3":3513.8644445409222,"0x4de2ab8177fC5fFAFB7aD11FB8BeB1e5fB95F71C":27.783765223805293,"0x4eBdF703948ddCEA3B11f675B4D1Fba9d2414A14":474.15012379806427,"0x514910771AF9Ca656af840dff83E8264EcF986CA":110.21279516582293,"0x5228a22e72ccC52d415EcFd199F99D0665E7733b":45.848515395870386,"0x5426178799ee0a0181A89b4f57eFddfAb49941Ec":22.865148289467683,"0x5555f75e3d5278082200Fb451D1b6bA946D8e13b":20.235051185386446,"0x57a5a0567187FF4A8dcC1A9bBa86155E355878F2":1.1357995748278955,"0x58efE15C0404aB22F87E4495D71f6f2077e862bE":0.001247399186496144,"0x5905c0290e59aFBDc42a5480add9bD7B20CB3759":0.000009791852499282248,"0x59D9356E565Ab3A36dD77763Fc0d87fEaf85508C":363.99308168140254,"0x5BC25f649fc4e26069dDF4cF4010F9f706c23831":4.334607194129859,"0x5Be6C45e2d074fAa20700C49aDA3E88a1cc0025d":251.63834000025776,"0x5Ca135cB8527d76e932f34B5145575F9d8cbE08E":47.47183965243663,"0x5E8422345238F34275888049021821E8E08CAa1f":15987.027231322949,"0x5e74C9036fb86BD7eCdcb084a0673EFc32eA31cb":184.65457313061782,"0x63a0964A36c34E81959da5894ad888800e17405b":11.182552552941841,"0x65D72AA8DA931F047169112fcf34f52DbaAE7D18":89.41483028253359,"0x661c70333AA1850CcDBAe82776Bb436A0fCfeEfB":0.0012597639461794947,"0x668308d77be3533c909a692302Cb4D135Bf8041C":0.055602616534826364,"0x66a1E37c9b0eAddca17d3662D6c05F4DECf3e110":0.1085899404248491,"0x674C6Ad92Fd080e4004b2312b45f796a192D27a0":3.5847469518703745,"0x68749665FF8D2d112Fa859AA293F07A622782F38":10.285503315489718,"0x6B175474E89094C44Da98b954EedeAC495271d0F":1930.0713793020836,"0x6C5024Cd4F8A59110119C56f8933403A539555EB":99.36647822660369,"0x6ade6971Ca3d90990C30d39c78b0534C7166e07b":0.001328450747340833,"0x6c3F90f043a72FA612cbac8115EE7e52BDe6E490":1158.5948669610402,"0x6c3ea9036406852006290770BEdFcAbA0e23A0e8":1624.6276712932702,"0x6e52cCe4EaFDf77091dD1c82183b2D97b776b397":2.702911984937303,"0x6ef3D766Dfe02Dc4bF04aAe9122EB9A0Ded25615":0.02877787006560991,"0x73968b9a57c6E53d41345FD57a6E6ae27d6CDB2F":68.688500382391,"0x73A15FeD60Bf67631dC6cd7Bc5B6e8da8190aCF5":0.01257661673582787,"0x76237BCfDbe8e06FB774663add96216961df4ff3":10.760840452041895,"0x76Eb2FE28b36B3ee97F3Adae0C69606eeDB2A37c":722.7854837360607,"0x77E06c9eCCf2E797fd462A92B6D7642EF85b0A44":0.48015459209999994,"0x78da5799CF427Fee11e9996982F4150eCe7a99A7":256.91320449503075,"0x7988292D0FB141085c092132e2a70B30aA1eccAB":472.97338628576205,"0x7F17A6C77C3938D235b014818092eb6305BdA110":27.686813976871427,"0x7F86Bf177Dd4F3494b841a37e810A34dD56c829B":3239.748537208355,"0x7FA768E035F956c41d6aeaa3Bd857e7E5141CAd5":0.03904355146575448,"0x7f39C581F595B53c5cb19bD0b3f8dA6c935E2Ca0":2293.758870103737,"0x8064d9Ae6cDf087b1bcd5BDf3531bD5d8C537a68":65.82058971138265,"0x80d69e79258FE9D056c822461c4eb0B4ca8802E2":0.02641346042606846,"0x826180541412D574cf1336d22c0C0a287822678A":898.0734151917665,"0x830614aE209FF9d8706d386fcdBc7a55206fcffC":29.741849365299508,"0x83F20F44975D03b1b09e64809B757c47f942BEeA":2065.2617494736996,"0x853d955aCEf822Db058eb8505911ED77F175b99e":1508.5552437449726,"0x856c4Efb76C1D1AE02e20CEB03A2A6a08b0b8dC3":1.7768724535400873,"0x865377367054516e17014CcdED1e7d814EDC9ce4":351.0648539149758,"0x8C0D76C9B18779665475F3E212D9Ca1Ed6A1A0e6":302.4946732443643,"0x8C88538688aca3b733aD08b12BEe4574c0C00907":22.41361596396683,"0x8Cd52ee292313C4D851e71A7064F096504aB3eE9":53.663250850097434,"0x8E870D67F660D95d5be530380D0eC0bd388289E1":664.3852067021145,"0x8dAEBADE922dF735c38C80C7eBD708Af50815fAa":9.338134522123882,"0x8e595470Ed749b85C6F7669de83EAe304C2ec68F":15.036566525652724,"0x917ceE801a67f933F2e6b33fC0cD1ED2d5909D88":262.6986971720274,"0x9181f633E9B9F15A32d5e37094F4C93b333e0E92":0.45083850087141203,"0x922406EAFC3CcEb32b0256F287fB977c426EDbd8":0.029071904460128254,"0x9559Aaa82d9649C7A7b220E7c461d2E74c9a3593":183.24864211484095,"0x95710BDE45C8D384A976Cc58Cc7a7e489576b098":0.6560062871470366,"0x961D4921e1718E633BAC8Ded88c4a1cAe44b785a":224.8511127729692,"0x96E61422b6A9bA0e068B6c5ADd4fFaBC6a4aae27":532.6311613729555,"0x9961BdBE8B7091E584c2bF9D0a160C583f564A8c":387.52849489339576,"0x99D8a9C45b2ecA8864373A26D1459e3Dff1e17F3":4.258383400709392,"0x9BE89D2a4cd102D8Fecc6BF9dA793be995C22541":219.10973458795837,"0x9D39A5DE30e57443BfF2A8307A4256c8797A3497":1752.2446502151479,"0x9EEAD9ce15383CaEED975427340b3A369410CFBF":0.000003994653501343999,"0x9FeE65D5A627e73212989c8BbEdC5Fa5Cae3821F":5.853379279936741,"0x9de1c3D446237ab9BaFF74127eb4F303802a2683":146.5268433813839,"0xA0b86991c6218b36c1d19D4a2e9Eb0cE3606eB48":4473.466724750841,"0xA0d69E286B938e21CBf7E51D71F6A4c8918f482F":472.38201725513386,"0xA1290d69c65A6Fe4DF752f95823fae25cB99e5A7":63.55237693469826,"0xA35b1B31Ce002FBF2058D22F30f95D405200A15b":1.796163052336394,"0xA5588F7cdf560811710A2D82D3C9c99769DB1Dcb":467.6798425080063,"0xA663B02CF0a4b149d2aD41910CB81e23e1c41c32":23.510299144695875,"0xAB846Fb6C81370327e784Ae7CbB6d6a6af6Ff4BF":46.00358781481643,"0xBC6DA0FE9aD5f3b0d58160288917AA56653660E9":0.47034789023587487,"0xC02aaA39b223FE8D0A0e5C4F27eAD9083C756Cc2":4262.718658611858,"0xC272B96bCcdaf1BF98F2197D355066Da3C15982a":76.32583688882629,"0xC3ADe5aCe1bBb033CcAE8177C12Ecbfa16bD6A9D":0.33559076786841124,"0xC975342A95cCb75378ddc646B8620fa3Cd5bc051":79.89889538532388,