{"0x0000000000085d4780B73119b644AE5ecd22b376":215.4152041401181,"0x0000000016E6Cb3038203c1129c8B4aEE7af7a11":2.2543270179681407,"0x005F893EcD7bF9667195642f7649DA8163e23658":190.13892415157886,"0x0100546F2cD4C9D97f798fFC9755E47865FF7Ee6":472.30483111034965,"0x028171bCA77440897B824Ca71D1c56caC55b68A3":905.8426525248765,"0x0316EB71485b0Ab14103307bf65a021042c6d380":0.021261184269831996,"0x03ab458634910AaD20eF5f1C8ee96F1D6ac54919":1.265421619602455,"0x04C154b66CB340F3Ae24111CC767e0184Ed00Cc6":443.6769645529122,"0x051d7e5609917Bd9b73f04BAc0DED8Dd46a74301":402.988049092028,"0x056Fd409E1d7A124BD7017459dFEa2F387b6d5Cd":570.9915102664709,"0x075b1bb99792c9E1041bA13afEf80C91a1e70fB3":795.9650874763047,"0x085780639CC2cACd35E474e71f4d000e2405d8f6":976.9298557614337,"0x0E2EC54fC0B509F445631Bf4b91AB8168230C752":0.471476648334332,"0x0E573Ce2736Dd9637A0b21058352e1667925C7a8":145.45124690855232,"0x0a5E677a6A24b2F1A2Bf4F3bFfC443231d2fDEc8":0.08190142962686835,"0x0bc529c00C6401aEF6D220BE8C6Ea1667F6Ad93e":21.88499958824103,"0x0d86883FAf4FfD7aEb116390af37746F45b6f378":269.8940221722066,"0x0dE54CFdfeD8005176f8b7A9D5438B45c4F1df1e":5.82795689059846,"0x137469B55D1f15651BA46A89D0588e97dD0B6562":257.8628911930838,"0x1456688345527bE1f37E9e627DA0837D6f08C925":3.7840196378519977,"0x15700B564Ca08D9439C58cA5053166E8317aa138":860.6024414741008,"0x16eAd9a10b1A77007E6E329B076aD1Fe97a6F7C0":122.02492174638432,"0x18084fbA666a33d37592fA2633fD49a74DD93a88":435.3175144375974,"0x1830c553dC76d3447B69b7B0dC19CF9e3c739C78":111.87831056903237,"0x183395DbD0B5e93323a7286D1973150697FFFCB3":349.34961715866126,"0x196f4727526eA7FB1e17b2071B3d8eAA38486988":0.3047278426614946,"0x1BED97CBC3c24A4fb5C069C6E311a967386131f7":343.5696282222087,"0x1a7e4e63778B4f12a199C062f3eFdD288afCBce8":328.72657929863055,"0x1aBaEA1f7C830bD89Acc67eC4af516284b1bC33c":489.696734879432,"0x1bEFB9B02f7Fc821B96aC1FE2cAF881FdF72b771":1.9583032827874736,"0x1c48f86ae57291F7686349F12601910BD8D470bb":0.844782840456782,"0x1ce0D1E19c9514230FF8CD1DAbaC2555fb92122b":0,"0x2191DF768ad71140F9F3E96c1e4407A4aA31d082":14.880758029086316,"0x2260FAC5E5542a773Aa44fBCfeDf7C193bc2C599":447.3305865660951,"0x2570f1bD5D2735314FC102eb12Fc1aFe9e6E7193":199.53059130398563,"0x25eC98773D7b4ceD4cAFaB96A2A1c0945f145e10":5.857384240095536,"0x2889302a794dA87fBF1D6Db415C1492194663D13":255.9554744160488,"0x2b01d4FdB87eb7F2399E5D68631d8A939a323786":307.7379168082647,"0x3175Df0976dFA876431C2E9eE6Bc45b65d3473CC":9.257762592945964e-7,"0x3231Cb76718CDeF2155FC47b5286d82e6eDA273f":331.3441130353467,"0x32bd822d615A3658A68b6fDD30c2fcb2C996D678":350.0667021235015,"0x3432B6A60D23Ca0dFCa7761B7ab56459D9C964D0":352.2446991029944,"0x34635280737b5BFe6c7DC2FC3065D60d66e78185":270.32576970864017,"0x35282d87011f87508D457F08252Bc5bFa52E10A0":155.87931072111894,"0x35D8949372D46B7a3D5A56006AE77B215fc69bC0":220.1371933013015,"0x35fA164735182de50811E8e2E824cFb9B6118ac2":1135.0480102353713,"0x365AccFCa291e7D3914637ABf1F7635dB165Bb09":343.44653936242014,"0x383E6b4437b59fff47B619CBA855CA29342A8559":178.60568811801878,"0x38D64ce1Bdf1A9f24E0Ec469C9cAde61236fB4a0":282.0223452700238,"0x393DaD6c76D962Abba489a77dBf37ae948A4A6ee":158.9945198337235,"0x3A2725556Dde7B21fBe3dD64A4913ff29faba6A1":0.03674105601427875,"0x3A283D9c08E8b55966afb64C515f5143cf907611":2047.3040294682032,"0x3Ed3B47Dd13EC9a98b44e6204A523E766B225811":360.10620658731733,"0x3f0e7916681452D23Cd36B1281457DA721F2E5dF":25.51956801989336,"0x40D16FC0246aD3160Ccc09B8D0D3A2cD28aE6C2f":498.579668004686,"0x4591DBfF62656E7859Afe5e45f6f47D3669fBB28":117.09601156927077,"0x4647B6D835f3B393C7A955df51EEfcf0db961606":18.780152157309402,"0x466a756E9A7401B5e2444a3fCB3c2C12FBEa0a54":326.41532288392824,"0x48759F220ED983dB51fA7A8C0D2AAb8f3ce4166a":1656.3686075676105,"0x49446A0874197839D15395B908328a74ccc96Bc0":33.301705557721,"0x4AE86d8732390d852A13cb918463BC6e5775FaDD":158.8940013923288,"0x4D1941a887eC788F059b3bfcC8eE1E97b968825B":348.6022468953054,"0x4DEcE678ceceb27446b35C672dC7d61F30bAD69E":443.98539889251714,"0x4Fabb145d64652a948d72533023f6E7A623C7C53":0.03394078996556359,"0x4c9EDD5852cd905f086C759E8383e09bff1E68B3":1535.147671476911,"0x4de2ab8177fC5fFAFB7aD11FB8BeB1e5fB95F71C":401.14658175133616,"0x4eBdF703948ddCEA3B11f675B4D1Fba9d2414A14":366.8318334059364,"0x514910771AF9Ca656af840dff83E8264EcF986CA":106.48722657366561,"0x5228a22e72ccC52d415EcFd199F99D0665E7733b":68.60665986998328,"0x5426178799ee0a0181A89b4f57eFddfAb49941Ec":504.2628565343015,"0x5555f75e3d5278082200Fb451D1b6bA946D8e13b":95.65565104714659,"0x57a5a0567187FF4A8dcC1A9bBa86155E355878F2":1.1160207765349544,"0x58efE15C0404aB22F87E4495D71f6f2077e862bE":0.001248057181750986,"0x5905c0290e59aFBDc42a5480add9bD7B20CB3759":0.19228736870356694,"0x59D9356E565Ab3A36dD77763Fc0d87fEaf85508C":96.20871149009108,"0x5BC25f649fc4e26069dDF4cF4010F9f706c23831":1.0193566034514023,"0x5Ca135cB8527d76e932f34B5145575F9d8cbE08E":54.869106128988825,"0x5E8422345238F34275888049021821E8E08CAa1f":16481.50003796616,"0x5Ea630e00D6eE438d3deA1556A110359ACdc10A9":375.4639090225608,"0x5b6C539b224014A09B3388e51CaAA8e354c959C8":592.0271565483812,"0x5e74C9036fb86BD7eCdcb084a0673EFc32eA31cb":7.948527238227704,"0x6359B6d3e327c497453d4376561eE276c6933323":319.56754257976297,"0x63a0964A36c34E81959da5894ad888800e17405b":285.3055226442341,"0x65D72AA8DA931F047169112fcf34f52DbaAE7D18":150.30957685510532,"0x661c70333AA1850CcDBAe82776Bb436A0fCfeEfB":64.88904631745697,"0x6663b6D50992ef4fc0380199397c87C2f5256075":57.84668249528307,"0x668308d77be3533c909a692302Cb4D135Bf8041C":0.054500260978937,"0x66a1E37c9b0eAddca17d3662D6c05F4DECf3e110":24.670301208123096,"0x674C6Ad92Fd080e4004b2312b45f796a192D27a0":2.166058770918432,"0x677ddbd918637E5F2c79e164D402454dE7dA8619":1.0289463430528842,"0x68749665FF8D2d112Fa859AA293F07A622782F38":19.89894909671326,"0x69000405f9DcE69BD4Cbf4f2865b79144A69BFE0":0,"0x6B175474E89094C44Da98b954EedeAC495271d0F":1461.7555231313856,"0x6C280dB098dB673d30d5B34eC04B6387185D3620":329.0228469899624,"0x6C5024Cd4F8A59110119C56f8933403A539555EB":121.84623155239477,"0x6C9815826FdF8c7a45cCfEd2064dbaB33a078712":27.064719923468918,"0x6b5204B0Be36771253Cc38e88012E02B752f0f36":218.7259390556765,"0x6c3F90f043a72FA612cbac8115EE7e52BDe6E490":473.0326728038569,"0x6c3ea9036406852006290770BEdFcAbA0e23A0e8":573.8983195560417,"0x6e52cCe4EaFDf77091dD1c82183b2D97b776b397":305.9468658823059,"0x6ef3D766Dfe02Dc4bF04aAe9122EB9A0Ded25615":0.08263064010812247,"0x7223442cad8e9cA474fC40109ab981608F8c4273":86.37167313938609,"0x73968b9a57c6E53d41345FD57a6E6ae27d6CDB2F":119.61019125175811,"0x73A15FeD60Bf67631dC6cd7Bc5B6e8da8190aCF5":657.8300070298744,"0x752B4c6e92d96467fE9b9a2522EF07228E00F87c":59.88163290767327,"0x76237BCfDbe8e06FB774663add96216961df4ff3":27.09735964676858,"0x76Eb2FE28b36B3ee97F3Adae0C69606eeDB2A37c":890.5757927888205,"0x77E06c9eCCf2E797fd462A92B6D7642EF85b0A44":0.9357437897399999,"0x78da5799CF427Fee11e9996982F4150eCe7a99A7":89.38354419480781,"0x7988292D0FB141085c092132e2a70B30aA1eccAB":482.0223201353517,"0x7F17A6C77C3938D235b014818092eb6305BdA110":124.67718275587083,"0x7F86Bf177Dd4F3494b841a37e810A34dD56c829B":1114.274628873519,"0x7FA768E035F956c41d6aeaa3Bd857e7E5141CAd5":0.4676548815046576,"0x7f39C581F595B53c5cb19bD0b3f8dA6c935E2Ca0":622.0351348885235,"0x8064d9Ae6cDf087b1bcd5BDf3531bD5d8C537a68":79.17321038269112,"0x808507121B80c02388fAd14726482e061B8da827":280.39316580326044,"0x80d69e79258FE9D056c822461c4eb0B4ca8802E2":0.24415901722952554,"0x826180541412D574cf1336d22c0C0a287822678A":211.66907939000035,"0x8282BD15dcA2EA2bDf24163E8f2781B30C43A2ef":336.8387377341355,"0x830614aE209FF9d8706d386fcdBc7a55206fcffC":54.721384776688794,"0x83F20F44975D03b1b09e64809B757c47f942BEeA":2490.638576758693,"0x84CeCB5525c6B1C20070E742da870062E84Da178":18.303723969038014,"0x853d955aCEf822Db058eb8505911ED77F175b99e":1089.5115915420413,"0x856c4Efb76C1D1AE02e20CEB03A2A6a08b0b8dC3":315.9134249122384,"0x865377367054516e17014CcdED1e7d814EDC9ce4":640.3768152855081,"0x893DA8A02b487FEF2F7e3F35DF49d7625aE549a3":366.257478630583,