{"0x0000000000085d4780B73119b644AE5ecd22b376":0.00846667414879523,"0x005F893EcD7bF9667195642f7649DA8163e23658":77.83567741548744,"0x0100546F2cD4C9D97f798fFC9755E47865FF7Ee6":149.1449308277508,"0x028171bCA77440897B824Ca71D1c56caC55b68A3":740.4511378610766,"0x0316EB71485b0Ab14103307bf65a021042c6d380":46.562606941194524,"0x03ab458634910AaD20eF5f1C8ee96F1D6ac54919":165.34833289878193,"0x04C154b66CB340F3Ae24111CC767e0184Ed00Cc6":226.90236280681177,"0x056Fd409E1d7A124BD7017459dFEa2F387b6d5Cd":230.85732467618303,"0x067079c14B85169e6a29703769dadDef90816f4C":13.626603175370061,"0x075b1bb99792c9E1041bA13afEf80C91a1e70fB3":750.1565977900083,"0x085780639CC2cACd35E474e71f4d000e2405d8f6":940.4401726135051,"0x09b2E090531228d1b8E3d948C73b990Cb6e60720":481.3038204711606,"0x0E2EC54fC0B509F445631Bf4b91AB8168230C752":0.47157747629842733,"0x0E573Ce2736Dd9637A0b21058352e1667925C7a8":136.6838642913675,"0x0a5E677a6A24b2F1A2Bf4F3bFfC443231d2fDEc8":0.007512487209162848,"0x0bc529c00C6401aEF6D220BE8C6Ea1667F6Ad93e":1.1454699681679983,"0x0d86883FAf4FfD7aEb116390af37746F45b6f378":161.54384671316362,"0x0dE54CFdfeD8005176f8b7A9D5438B45c4F1df1e":5.844646818788618,"0x1456688345527bE1f37E9e627DA0837D6f08C925":6.766683347474,"0x16eAd9a10b1A77007E6E329B076aD1Fe97a6F7C0":48.38014803259377,"0x18084fbA666a33d37592fA2633fD49a74DD93a88":8.904054954051004,"0x1830c553dC76d3447B69b7B0dC19CF9e3c739C78":88.92341172574525,"0x183395DbD0B5e93323a7286D1973150697FFFCB3":51.59023030570517,"0x196f4727526eA7FB1e17b2071B3d8eAA38486988":2.498029157758848,"0x1c48f86ae57291F7686349F12601910BD8D470bb":1.2645511735864126,"0x1ce0D1E19c9514230FF8CD1DAbaC2555fb92122b":0,"0x2260FAC5E5542a773Aa44fBCfeDf7C193bc2C599":313.33010196672603,"0x2570f1bD5D2735314FC102eb12Fc1aFe9e6E7193":352.28243629501964,"0x25eC98773D7b4ceD4cAFaB96A2A1c0945f145e10":0,"0x2889302a794dA87fBF1D6Db415C1492194663D13":504.3613756662824,"0x29059568bB40344487d62f7450E78b8E6C74e0e5":54.091974175175565,"0x2b01d4FdB87eb7F2399E5D68631d8A939a323786":21.462720929509505,"0x31429d1856aD1377A8A0079410B297e1a9e214c2":468.21181932619777,"0x32bd822d615A3658A68b6fDD30c2fcb2C996D678":43.93199493372763,"0x34635280737b5BFe6c7DC2FC3065D60d66e78185":422.661183383885,"0x35282d87011f87508D457F08252Bc5bFa52E10A0":64.79936504567061,"0x35D8949372D46B7a3D5A56006AE77B215fc69bC0":236.5612935592702,"0x35fA164735182de50811E8e2E824cFb9B6118ac2":955.581269896752,"0x383E6b4437b59fff47B619CBA855CA29342A8559":30.339040022207133,"0x38D64ce1Bdf1A9f24E0Ec469C9cAde61236fB4a0":146.8011788798428,"0x3A283D9c08E8b55966afb64C515f5143cf907611":1142.7423454416173,"0x3Ed3B47Dd13EC9a98b44e6204A523E766B225811":1000.4744578453,"0x40D16FC0246aD3160Ccc09B8D0D3A2cD28aE6C2f":170.66188952701825,"0x4591DBfF62656E7859Afe5e45f6f47D3669fBB28":304.5291651173575,"0x4647B6D835f3B393C7A955df51EEfcf0db961606":183.06819483095768,"0x48759F220ED983dB51fA7A8C0D2AAb8f3ce4166a":996.3884256090452,"0x49446A0874197839D15395B908328a74ccc96Bc0":13.516192960228986,"0x4AE86d8732390d852A13cb918463BC6e5775FaDD":41.90064158062943,"0x4D1941a887eC788F059b3bfcC8eE1E97b968825B":1.8905593700150303,"0x4Fabb145d64652a948d72533023f6E7A623C7C53":0.02950248942047026,"0x4c9EDD5852cd905f086C759E8383e09bff1E68B3":1225.8839179454158,"0x4de2ab8177fC5fFAFB7aD11FB8BeB1e5fB95F71C":141.81042496770283,"0x4eBdF703948ddCEA3B11f675B4D1Fba9d2414A14":39.04773025427563,"0x514910771AF9Ca656af840dff83E8264EcF986CA":100.41081975971431,"0x5228a22e72ccC52d415EcFd199F99D0665E7733b":46.858844180225795,"0x5426178799ee0a0181A89b4f57eFddfAb49941Ec":214.46504475534076,"0x5555f75e3d5278082200Fb451D1b6bA946D8e13b":38.333631054057534,"0x57a5a0567187FF4A8dcC1A9bBa86155E355878F2":1.0745836109116302,"0x58efE15C0404aB22F87E4495D71f6f2077e862bE":0.001248567846,"0x5905c0290e59aFBDc42a5480add9bD7B20CB3759":0.14125317038373997,"0x59D9356E565Ab3A36dD77763Fc0d87fEaf85508C":529.6457431866995,"0x5BC25f649fc4e26069dDF4cF4010F9f706c23831":3.2754980787030186,"0x5Be6C45e2d074fAa20700C49aDA3E88a1cc0025d":57.95338874385284,"0x5Ca135cB8527d76e932f34B5145575F9d8cbE08E":44.683080894991996,"0x5E8422345238F34275888049021821E8E08CAa1f":15601.066263545817,"0x5e74C9036fb86BD7eCdcb084a0673EFc32eA31cb":176.34068061504044,"0x63a0964A36c34E81959da5894ad888800e17405b":16.473363403495394,"0x65D72AA8DA931F047169112fcf34f52DbaAE7D18":119.50186451721413,"0x661c70333AA1850CcDBAe82776Bb436A0fCfeEfB":38.89870205338774,"0x668308d77be3533c909a692302Cb4D135Bf8041C":0.05263164706340533,"0x66a1E37c9b0eAddca17d3662D6c05F4DECf3e110":0.1087300620832781,"0x674C6Ad92Fd080e4004b2312b45f796a192D27a0":3.87026592774046,"0x68749665FF8D2d112Fa859AA293F07A622782F38":12.843914708702204,"0x6B175474E89094C44Da98b954EedeAC495271d0F":740.2551534254446,"0x6C5024Cd4F8A59110119C56f8933403A539555EB":105.83294104053594,"0x6ade6971Ca3d90990C30d39c78b0534C7166e07b":117.6444636847967,"0x6b5204B0Be36771253Cc38e88012E02B752f0f36":31.993001419611566,"0x6c3F90f043a72FA612cbac8115EE7e52BDe6E490":1153.3860411564035,"0x6c3ea9036406852006290770BEdFcAbA0e23A0e8":462.0917199539876,"0x6e52cCe4EaFDf77091dD1c82183b2D97b776b397":33.12187386707476,"0x6ef3D766Dfe02Dc4bF04aAe9122EB9A0Ded25615":0.0273318216021429,"0x73968b9a57c6E53d41345FD57a6E6ae27d6CDB2F":78.59653319227792,"0x73A15FeD60Bf67631dC6cd7Bc5B6e8da8190aCF5":550.2499097991632,"0x76237BCfDbe8e06FB774663add96216961df4ff3":14.306463610488834,"0x76Eb2FE28b36B3ee97F3Adae0C69606eeDB2A37c":731.7577427449503,"0x77E06c9eCCf2E797fd462A92B6D7642EF85b0A44":0.54519644286,"0x78da5799CF427Fee11e9996982F4150eCe7a99A7":44.18257055042801,"0x7988292D0FB141085c092132e2a70B30aA1eccAB":457.29225114414237,"0x7F17A6C77C3938D235b014818092eb6305BdA110":40.01639881836376,"0x7F86Bf177Dd4F3494b841a37e810A34dD56c829B":970.4541598753635,"0x7FA768E035F956c41d6aeaa3Bd857e7E5141CAd5":0.03709544140475947,"0x7ea4aD8C803653498bF6AC1D2dEbc04DCe8Fd2aD":102.27007875451866,"0x7f39C581F595B53c5cb19bD0b3f8dA6c935E2Ca0":487.0763168630859,"0x8064d9Ae6cDf087b1bcd5BDf3531bD5d8C537a68":64.48661495767713,"0x80d69e79258FE9D056c822461c4eb0B4ca8802E2":0.025086225143929688,"0x826180541412D574cf1336d22c0C0a287822678A":188.1166873166339,"0x830614aE209FF9d8706d386fcdBc7a55206fcffC":41.5693882634491,"0x83F20F44975D03b1b09e64809B757c47f942BEeA":1138.8209949760771,"0x853d955aCEf822Db058eb8505911ED77F175b99e":667.583464513644,"0x856c4Efb76C1D1AE02e20CEB03A2A6a08b0b8dC3":1.680365745782238,"0x865377367054516e17014CcdED1e7d814EDC9ce4":504.71866543444435,"0x8682Fbf0CbF312C891532BA9F1A91e44f81ad7DF":474.5793447818219,"0x8C0D76C9B18779665475F3E212D9Ca1Ed6A1A0e6":399.252754110768,"0x8c9532a60E0E7C6BbD2B2c1303F63aCE1c3E9811":0.0446985566144727,"0x8dAEBADE922dF735c38C80C7eBD708Af50815fAa":9.495146355611595,"0x8e595470Ed749b85C6F7669de83EAe304C2ec68F":19.679302200246102,"0x917ceE801a67f933F2e6b33fC0cD1ED2d5909D88":388.53055924798684,"0x9181f633E9B9F15A32d5e37094F4C93b333e0E92":0.4281854676887979,"0x922406EAFC3CcEb32b0256F287fB977c426EDbd8":0.02910941809583617,"0x954313005C56b555bdC41B84D6c63B69049d7847":436.80016003948265,"0x9559Aaa82d9649C7A7b220E7c461d2E74c9a3593":176.6932846530957,"0x95710BDE45C8D384A976Cc58Cc7a7e489576b098":2.4090133186323848,"0x961D4921e1718E633BAC8Ded88c4a1cAe44b785a":865.9286672474199,"0x9961BdBE8B7091E584c2bF9D0a160C583f564A8c":389.77911111439863,"0x99D8a9C45b2ecA8864373A26D1459e3Dff1e17F3":33.275159536098265,"0x9BE89D2a4cd102D8Fecc6BF9dA793be995C22541":669.8206260114706,"0x9D39A5DE30e57443BfF2A8307A4256c8797A3497":868.4832009725138,"0x9EEAD9ce15383CaEED975427340b3A369410CFBF":0.002910902176,"0x9FeE65D5A627e73212989c8BbEdC5Fa5Cae3821F":5.695840109819811,"0x9de1c3D446237ab9BaFF74127eb4F303802a2683":425.8018960135873,"0xA0b86991c6218b36c1d19D4a2e9Eb0cE3606eB48":2543.7634887793206,"0xA0d69E286B938e21CBf7E51D71F6A4c8918f482F":857.8032479733426,"0xA1290d69c65A6Fe4DF752f95823fae25cB99e5A7":68.84043388429873,"0xA35b1B31Ce002FBF2058D22F30f95D405200A15b":1.7559912257393084,"0xA5588F7cdf560811710A2D82D3C9c99769DB1Dcb":63.55575871971731,"0xA663B02CF0a4b149d2aD41910CB81e23e1c41c32":55.55368709917519,