{"0x0000000000085d4780B73119b644AE5ecd22b376":0.008477472127779164,"0x005F893EcD7bF9667195642f7649DA8163e23658":200.19778677619834,"0x0100546F2cD4C9D97f798fFC9755E47865FF7Ee6":195.0783469759698,"0x028171bCA77440897B824Ca71D1c56caC55b68A3":795.5219542055399,"0x0316EB71485b0Ab14103307bf65a021042c6d380":67.70261606544877,"0x03ab458634910AaD20eF5f1C8ee96F1D6ac54919":183.89390124848106,"0x04C154b66CB340F3Ae24111CC767e0184Ed00Cc6":434.53081578223646,"0x056Fd409E1d7A124BD7017459dFEa2F387b6d5Cd":425.7601498444126,"0x075b1bb99792c9E1041bA13afEf80C91a1e70fB3":326.84214300473093,"0x085780639CC2cACd35E474e71f4d000e2405d8f6":820.6282385516125,"0x0E2EC54fC0B509F445631Bf4b91AB8168230C752":0.4715208514234136,"0x0E573Ce2736Dd9637A0b21058352e1667925C7a8":144.20853692582511,"0x0a5E677a6A24b2F1A2Bf4F3bFfC443231d2fDEc8":0.051403208029521426,"0x0bc529c00C6401aEF6D220BE8C6Ea1667F6Ad93e":12.523225085572962,"0x0d86883FAf4FfD7aEb116390af37746F45b6f378":240.36356737731822,"0x0dE54CFdfeD8005176f8b7A9D5438B45c4F1df1e":5.831860670968059,"0x1456688345527bE1f37E9e627DA0837D6f08C925":2.084175206218597,"0x16eAd9a10b1A77007E6E329B076aD1Fe97a6F7C0":132.43392748183183,"0x18084fbA666a33d37592fA2633fD49a74DD93a88":14.050742936448732,"0x1830c553dC76d3447B69b7B0dC19CF9e3c739C78":115.32945804632533,"0x183395DbD0B5e93323a7286D1973150697FFFCB3":395.86284784297686,"0x196f4727526eA7FB1e17b2071B3d8eAA38486988":2.532095516136956,"0x1c48f86ae57291F7686349F12601910BD8D470bb":0.5910051958191911,"0x1ce0D1E19c9514230FF8CD1DAbaC2555fb92122b":0,"0x2191DF768ad71140F9F3E96c1e4407A4aA31d082":6.089059485061652,"0x2260FAC5E5542a773Aa44fBCfeDf7C193bc2C599":369.0254884136914,"0x2302aaBe69e6E7A1b0Aa23aAC68fcCB8A4D2B460":132.1865718900681,"0x2570f1bD5D2735314FC102eb12Fc1aFe9e6E7193":915.9854964308422,"0x25eC98773D7b4ceD4cAFaB96A2A1c0945f145e10":0,"0x2889302a794dA87fBF1D6Db415C1492194663D13":574.1293150904472,"0x29059568bB40344487d62f7450E78b8E6C74e0e5":295.72156286741927,"0x2b01d4FdB87eb7F2399E5D68631d8A939a323786":17.730202031780063,"0x31429d1856aD1377A8A0079410B297e1a9e214c2":484.61740186625434,"0x32bd822d615A3658A68b6fDD30c2fcb2C996D678":73.2618780735392,"0x34635280737b5BFe6c7DC2FC3065D60d66e78185":363.0411042776811,"0x35282d87011f87508D457F08252Bc5bFa52E10A0":118.82361934419919,"0x35D8949372D46B7a3D5A56006AE77B215fc69bC0":1049.007587938008,"0x35fA164735182de50811E8e2E824cFb9B6118ac2":1161.7080442927913,"0x383E6b4437b59fff47B619CBA855CA29342A8559":166.95629070813376,"0x38D64ce1Bdf1A9f24E0Ec469C9cAde61236fB4a0":253.83597754943153,"0x3A283D9c08E8b55966afb64C515f5143cf907611":4234.87514016851,"0x3Ed3B47Dd13EC9a98b44e6204A523E766B225811":364.28611476826006,"0x40D16FC0246aD3160Ccc09B8D0D3A2cD28aE6C2f":733.0754059765052,"0x4591DBfF62656E7859Afe5e45f6f47D3669fBB28":291.91887684205926,"0x4647B6D835f3B393C7A955df51EEfcf0db961606":423.19636456547306,"0x466a756E9A7401B5e2444a3fCB3c2C12FBEa0a54":2.186983976045975,"0x48759F220ED983dB51fA7A8C0D2AAb8f3ce4166a":1557.7208342109027,"0x49446A0874197839D15395B908328a74ccc96Bc0":22.146220109618394,"0x4AE86d8732390d852A13cb918463BC6e5775FaDD":132.67608334135895,"0x4D1941a887eC788F059b3bfcC8eE1E97b968825B":11.224646440556496,"0x4Fabb145d64652a948d72533023f6E7A623C7C53":0.0290040726115777,"0x4c9EDD5852cd905f086C759E8383e09bff1E68B3":7018.56974969582,"0x4de2ab8177fC5fFAFB7aD11FB8BeB1e5fB95F71C":208.33780410677753,"0x4eBdF703948ddCEA3B11f675B4D1Fba9d2414A14":1840.0729425083127,"0x514910771AF9Ca656af840dff83E8264EcF986CA":117.13057202236463,"0x5228a22e72ccC52d415EcFd199F99D0665E7733b":57.488032636351335,"0x5426178799ee0a0181A89b4f57eFddfAb49941Ec":854.5004831849673,"0x5555f75e3d5278082200Fb451D1b6bA946D8e13b":91.93966347250841,"0x57a5a0567187FF4A8dcC1A9bBa86155E355878F2":1.1987784678590663,"0x58efE15C0404aB22F87E4495D71f6f2077e862bE":0.001248567846,"0x5905c0290e59aFBDc42a5480add9bD7B20CB3759":0.1788955150664852,"0x59D9356E565Ab3A36dD77763Fc0d87fEaf85508C":586.934521440484,"0x5BC25f649fc4e26069dDF4cF4010F9f706c23831":0.5189282330850045,"0x5Be6C45e2d074fAa20700C49aDA3E88a1cc0025d":646.0841170466636,"0x5Ca135cB8527d76e932f34B5145575F9d8cbE08E":53.106217312367015,"0x5E8422345238F34275888049021821E8E08CAa1f":18071.276254470005,"0x5b6C539b224014A09B3388e51CaAA8e354c959C8":5389.852485444709,"0x5e74C9036fb86BD7eCdcb084a0673EFc32eA31cb":212.12615701294212,"0x6359B6d3e327c497453d4376561eE276c6933323":290.53379602146526,"0x63a0964A36c34E81959da5894ad888800e17405b":86.77841825856747,"0x65D72AA8DA931F047169112fcf34f52DbaAE7D18":132.74007991768354,"0x65f228ED6a6001eD6485535e0Dc33E525734f54c":56.24218378584639,"0x661c70333AA1850CcDBAe82776Bb436A0fCfeEfB":59.329219017211344,"0x668308d77be3533c909a692302Cb4D135Bf8041C":0.05862424771597581,"0x66a1E37c9b0eAddca17d3662D6c05F4DECf3e110":5.160916906210436,"0x674C6Ad92Fd080e4004b2312b45f796a192D27a0":1.24681671918626,"0x68749665FF8D2d112Fa859AA293F07A622782F38":16.818194175211683,"0x6B175474E89094C44Da98b954EedeAC495271d0F":4897.981519447893,"0x6C280dB098dB673d30d5B34eC04B6387185D3620":69.45912782678029,"0x6C5024Cd4F8A59110119C56f8933403A539555EB":122.31370896915789,"0x6C9815826FdF8c7a45cCfEd2064dbaB33a078712":10.415928141387308,"0x6b5204B0Be36771253Cc38e88012E02B752f0f36":190.938078648973,"0x6c3F90f043a72FA612cbac8115EE7e52BDe6E490":1321.4158279714204,"0x6c3ea9036406852006290770BEdFcAbA0e23A0e8":952.3457129387141,"0x6e52cCe4EaFDf77091dD1c82183b2D97b776b397":601.1656174133183,"0x6ef3D766Dfe02Dc4bF04aAe9122EB9A0Ded25615":0.08885247353146644,"0x7223442cad8e9cA474fC40109ab981608F8c4273":2.109616844360524,"0x73968b9a57c6E53d41345FD57a6E6ae27d6CDB2F":114.13680900178633,"0x73A15FeD60Bf67631dC6cd7Bc5B6e8da8190aCF5":4155.963547287935,"0x76237BCfDbe8e06FB774663add96216961df4ff3":20.691992383913743,"0x76Eb2FE28b36B3ee97F3Adae0C69606eeDB2A37c":798.313792879392,"0x77E06c9eCCf2E797fd462A92B6D7642EF85b0A44":1.04405217936,"0x78da5799CF427Fee11e9996982F4150eCe7a99A7":87.06727294695987,"0x7F17A6C77C3938D235b014818092eb6305BdA110":54.9037225262796,"0x7FA768E035F956c41d6aeaa3Bd857e7E5141CAd5":0.5030097917210428,"0x7ea4aD8C803653498bF6AC1D2dEbc04DCe8Fd2aD":415.35053538187424,"0x7f39C581F595B53c5cb19bD0b3f8dA6c935E2Ca0":1950.4761339218994,"0x8064d9Ae6cDf087b1bcd5BDf3531bD5d8C537a68":80.32207950178226,"0x80d69e79258FE9D056c822461c4eb0B4ca8802E2":0.2628845598573969,"0x826180541412D574cf1336d22c0C0a287822678A":266.14098630904334,"0x830614aE209FF9d8706d386fcdBc7a55206fcffC":62.361034992919244,"0x83F20F44975D03b1b09e64809B757c47f942BEeA":4559.98765553174,"0x84CeCB5525c6B1C20070E742da870062E84Da178":20.427204935119867,"0x853d955aCEf822Db058eb8505911ED77F175b99e":2852.8024924268816,"0x856c4Efb76C1D1AE02e20CEB03A2A6a08b0b8dC3":1.959786346318205,"0x865377367054516e17014CcdED1e7d814EDC9ce4":668.4115105167025,"0x8C0D76C9B18779665475F3E212D9Ca1Ed6A1A0e6":916.249205771084,"0x8Cd52ee292313C4D851e71A7064F096504aB3eE9":70.73249029006503,"0x8E870D67F660D95d5be530380D0eC0bd388289E1":0.007676933965674135,"0x8c9532a60E0E7C6BbD2B2c1303F63aCE1c3E9811":1.216761124316835,"0x8dAEBADE922dF735c38C80C7eBD708Af50815fAa":17.30922281079269,"0x8e595470Ed749b85C6F7669de83EAe304C2ec68F":48.84477340040432,"0x917ceE801a67f933F2e6b33fC0cD1ED2d5909D88":587.1460129761091,"0x9181f633E9B9F15A32d5e37094F4C93b333e0E92":1.1963047420381463,"0x922406EAFC3CcEb32b0256F287fB977c426EDbd8":0.029057422451924726,"0x954313005C56b555bdC41B84D6c63B69049d7847":492.60337244321835,"0x9559Aaa82d9649C7A7b220E7c461d2E74c9a3593":214.98269174446799,"0x95710BDE45C8D384A976Cc58Cc7a7e489576b098":2.4307278536996337,"0x961D4921e1718E633BAC8Ded88c4a1cAe44b785a":1139.7907091581228,"0x9961BdBE8B7091E584c2bF9D0a160C583f564A8c":401.03234131802947,"0x99D8a9C45b2ecA8864373A26D1459e3Dff1e17F3":23.95807925985736,"0x9BE89D2a4cd102D8Fecc6BF9dA793be995C22541":270.13667191778774,"0x9D39A5DE30e57443BfF2A8307A4256c8797A3497":4408.051688993466,"0x9EEAD9ce15383CaEED975427340b3A369410CFBF":15.507897946218408,"0x9FeE65D5A627e73212989c8BbEdC5Fa5Cae3821F":19.090228303585793,"0x9b77bd0a665F05995b68e36fC1053AFFfAf0d4B5":10.244251540062972,