{"0x0000000000085d4780B73119b644AE5ecd22b376":215.97625288536778,"0x0000000016E6Cb3038203c1129c8B4aEE7af7a11":0.9751331977049523,"0x00000000eFE302BEAA2b3e6e1b18d08D69a9012a":164.82639184223197,"0x005F893EcD7bF9667195642f7649DA8163e23658":170.64656100669362,"0x0100546F2cD4C9D97f798fFC9755E47865FF7Ee6":390.5238206619877,"0x028171bCA77440897B824Ca71D1c56caC55b68A3":1073.7542887508423,"0x0316EB71485b0Ab14103307bf65a021042c6d380":0.2527012651353104,"0x03ab458634910AaD20eF5f1C8ee96F1D6ac54919":200.97180575437346,"0x04C154b66CB340F3Ae24111CC767e0184Ed00Cc6":459.97385637457614,"0x051d7e5609917Bd9b73f04BAc0DED8Dd46a74301":366.53235681828755,"0x067079c14B85169e6a29703769dadDef90816f4C":662.8428152158947,"0x075b1bb99792c9E1041bA13afEf80C91a1e70fB3":409.6166772791515,"0x085780639CC2cACd35E474e71f4d000e2405d8f6":881.2686662878054,"0x08ceA8E5B4551722dEB97113C139Dd83C26c5398":0.003994062956621958,"0x09db87A538BD693E9d08544577d5cCfAA6373A48":211.1162369820935,"0x0E2EC54fC0B509F445631Bf4b91AB8168230C752":0.4713282252170753,"0x0E573Ce2736Dd9637A0b21058352e1667925C7a8":108.90491682788763,"0x0F83287FF768D1c1e17a42F44d644D7F22e8ee1d":54.515483837495346,"0x0a5E677a6A24b2F1A2Bf4F3bFfC443231d2fDEc8":0.17972775327558915,"0x0bc529c00C6401aEF6D220BE8C6Ea1667F6Ad93e":22.329865468943815,"0x0d86883FAf4FfD7aEb116390af37746F45b6f378":722.7182845596283,"0x0dE54CFdfeD8005176f8b7A9D5438B45c4F1df1e":4.906519536144411,"0x127091edE112aEd7Bae281747771b3150Bb047bB":2.7744772364498065,"0x137469B55D1f15651BA46A89D0588e97dD0B6562":225.98695875437247,"0x15700B564Ca08D9439C58cA5053166E8317aa138":1080.0491279979974,"0x16eAd9a10b1A77007E6E329B076aD1Fe97a6F7C0":198.84135478124531,"0x18084fbA666a33d37592fA2633fD49a74DD93a88":1346.6940337211145,"0x1830c553dC76d3447B69b7B0dC19CF9e3c739C78":99.27126400802199,"0x196f4727526eA7FB1e17b2071B3d8eAA38486988":2.0195070576394856,"0x1BED97CBC3c24A4fb5C069C6E311a967386131f7":270.219299347462,"0x1CC481cE2BD2EC7Bf67d1Be64d4878b16078F309":123.11081660520775,"0x1a7e4e63778B4f12a199C062f3eFdD288afCBce8":84.62647905515833,"0x1aBaEA1f7C830bD89Acc67eC4af516284b1bC33c":283.42729782322317,"0x1c48f86ae57291F7686349F12601910BD8D470bb":1.1840512296672614,"0x1ce0D1E19c9514230FF8CD1DAbaC2555fb92122b":0,"0x2191DF768ad71140F9F3E96c1e4407A4aA31d082":23.725621223763582,"0x2260FAC5E5542a773Aa44fBCfeDf7C193bc2C599":2000.789865218917,"0x22CF19EB64226e0E1A79c69b345b31466fD273A7":4.354079208515288,"0x2302aaBe69e6E7A1b0Aa23aAC68fcCB8A4D2B460":136.21610520880495,"0x2570f1bD5D2735314FC102eb12Fc1aFe9e6E7193":69.01079931491266,"0x25eC98773D7b4ceD4cAFaB96A2A1c0945f145e10":0,"0x2889302a794dA87fBF1D6Db415C1492194663D13":3090.8902904749098,"0x2b01d4FdB87eb7F2399E5D68631d8A939a323786":251.97680043143026,"0x2bd1F344a2398340C2b1119Da98816eA723F5F0f":0.30453068810599937,"0x3175Df0976dFA876431C2E9eE6Bc45b65d3473CC":2663.6209084159104,"0x3231Cb76718CDeF2155FC47b5286d82e6eDA273f":336.9130375278357,"0x32bd822d615A3658A68b6fDD30c2fcb2C996D678":305.1530733991453,"0x3432B6A60D23Ca0dFCa7761B7ab56459D9C964D0":32.251035698800706,"0x34635280737b5BFe6c7DC2FC3065D60d66e78185":389.02567187552506,"0x34D655069F4cAc1547E4C8cA284FfFF5ad4A8db0":10.249485349185047,"0x35282d87011f87508D457F08252Bc5bFa52E10A0":160.39775599072462,"0x3570E17b1F2DdFD73FBE437F34A34d1D54219138":0.6765096601653563,"0x35D8949372D46B7a3D5A56006AE77B215fc69bC0":760.792556017304,"0x35fA164735182de50811E8e2E824cFb9B6118ac2":996.641585774205,"0x383E6b4437b59fff47B619CBA855CA29342A8559":198.58478542155717,"0x38D64ce1Bdf1A9f24E0Ec469C9cAde61236fB4a0":269.17372524661835,"0x390f3595bCa2Df7d23783dFd126427CCeb997BF4":24262.020631748597,"0x393DaD6c76D962Abba489a77dBf37ae948A4A6ee":153.4882412777174,"0x3A2725556Dde7B21fBe3dD64A4913ff29faba6A1":0.029548771290339074,"0x3A283D9c08E8b55966afb64C515f5143cf907611":10185.059845159522,"0x3Ed3B47Dd13EC9a98b44e6204A523E766B225811":0.000054838245,"0x3f0e7916681452D23Cd36B1281457DA721F2E5dF":81.04255855313542,"0x401322B9FDdba8c0a8D40fbCECE1D1752C12316B":296.86748468810134,"0x40D16FC0246aD3160Ccc09B8D0D3A2cD28aE6C2f":295.3871486767083,"0x4591DBfF62656E7859Afe5e45f6f47D3669fBB28":279.0494044189812,"0x4647B6D835f3B393C7A955df51EEfcf0db961606":670.7937172576864,"0x466a756E9A7401B5e2444a3fCB3c2C12FBEa0a54":63.340539450952264,"0x4704aB1fb693ce163F7c9D3A31b3FF4eaF797714":0.34926907638025345,"0x48759F220ED983dB51fA7A8C0D2AAb8f3ce4166a":2424.062673525938,"0x49446A0874197839D15395B908328a74ccc96Bc0":69.3671371973419,"0x4AE86d8732390d852A13cb918463BC6e5775FaDD":391.71645519469854,"0x4D1941a887eC788F059b3bfcC8eE1E97b968825B":376.9067730239894,"0x4D55a36902a6546A79ec4c9c315241De746D5fC3":0,"0x4DEcE678ceceb27446b35C672dC7d61F30bAD69E":32002.31538728732,"0x4Fabb145d64652a948d72533023f6E7A623C7C53":0.039631553401026004,"0x4c9EDD5852cd905f086C759E8383e09bff1E68B3":3681.7202369893907,"0x4de2ab8177fC5fFAFB7aD11FB8BeB1e5fB95F71C":576.5141492821257,"0x4e3FBD56CD56c3e72c1403e103b45Db9da5B9D2B":2.2798777203064273,"0x4eBdF703948ddCEA3B11f675B4D1Fba9d2414A14":6447.589494989231,"0x5271045F7B73c17825A7A7aee6917eE46b0B7520":385.338977696792,"0x527331F3F550f6f85ACFEcAB9Cc0889180C6f1d5":411.5819882433509,"0x5426178799ee0a0181A89b4f57eFddfAb49941Ec":292.24354080102853,"0x5555f75e3d5278082200Fb451D1b6bA946D8e13b":125.02077454529116,"0x57Ab1ec28D129707052df4dF418D58a2D46d5f51":1864.7229901319818,"0x57a5a0567187FF4A8dcC1A9bBa86155E355878F2":0.3432913537723319,"0x58efE15C0404aB22F87E4495D71f6f2077e862bE":0.0012498164138459997,"0x5905c0290e59aFBDc42a5480add9bD7B20CB3759":0.17456658911811096,"0x59D9356E565Ab3A36dD77763Fc0d87fEaf85508C":458.1401254659872,"0x5Be6C45e2d074fAa20700C49aDA3E88a1cc0025d":788.8782409716978,"0x5Ca135cB8527d76e932f34B5145575F9d8cbE08E":58.52709814920227,"0x5E8422345238F34275888049021821E8E08CAa1f":15377.398213706521,"0x5Ea630e00D6eE438d3deA1556A110359ACdc10A9":412.8038702557563,"0x5b6C539b224014A09B3388e51CaAA8e354c959C8":320.28050963769925,"0x5e74C9036fb86BD7eCdcb084a0673EFc32eA31cb":30.72007390713769,"0x5f98805A4E8be255a32880FDeC7F6728C6568bA0":198.03769703095924,"0x625E92624Bc2D88619ACCc1788365A69767f6200":3579.7782500822586,"0x62B9c7356A2Dc64a1969e19C23e4f579F9810Aa7":1223.3811634699236,"0x6359B6d3e327c497453d4376561eE276c6933323":358.5864615968855,"0x63a0964A36c34E81959da5894ad888800e17405b":317.1876636592907,"0x64351fC9810aDAd17A690E4e1717Df5e7e085160":1201.093932102989,"0x65D72AA8DA931F047169112fcf34f52DbaAE7D18":376.5595746652647,"0x65f228ED6a6001eD6485535e0Dc33E525734f54c":76.0613477011071,"0x661c70333AA1850CcDBAe82776Bb436A0fCfeEfB":217.45768928702145,"0x6663b6D50992ef4fc0380199397c87C2f5256075":180.3173431347477,"0x668308d77be3533c909a692302Cb4D135Bf8041C":0.04422535574642641,"0x66a1E37c9b0eAddca17d3662D6c05F4DECf3e110":49.315109348192905,"0x674C6Ad92Fd080e4004b2312b45f796a192D27a0":4.058907458512108,"0x677ddbd918637E5F2c79e164D402454dE7dA8619":4.676245700144097,"0x68749665FF8D2d112Fa859AA293F07A622782F38":21.5430319913723,"0x69000405f9DcE69BD4Cbf4f2865b79144A69BFE0":2.6896052340127983,"0x6B175474E89094C44Da98b954EedeAC495271d0F":4290.846116847535,"0x6C280dB098dB673d30d5B34eC04B6387185D3620":351.8029079533786,"0x6C9815826FdF8c7a45cCfEd2064dbaB33a078712":58.077194669834036,"0x6ade6971Ca3d90990C30d39c78b0534C7166e07b":237.87951011648488,"0x6b5204B0Be36771253Cc38e88012E02B752f0f36":206.74006426983598,"0x6c3F90f043a72FA612cbac8115EE7e52BDe6E490":230.77624365031713,"0x6c3ea9036406852006290770BEdFcAbA0e23A0e8":697.8263721304829,"0x6e52cCe4EaFDf77091dD1c82183b2D97b776b397":1222.2215385148704,"0x6ef3D766Dfe02Dc4bF04aAe9122EB9A0Ded25615":0.06635368135357747,"0x7223442cad8e9cA474fC40109ab981608F8c4273":232.41945445763037,"0x73968b9a57c6E53d41345FD57a6E6ae27d6CDB2F":157.41432011602564,"0x73A15FeD60Bf67631dC6cd7Bc5B6e8da8190aCF5":1923.2645480658923,"0x752B4c6e92d96467fE9b9a2522EF07228E00F87c":34.93440093344052,"0x76237BCfDbe8e06FB774663add96216961df4ff3":41.04595172561371,"0x76Eb2FE28b36B3ee97F3Adae0C69606eeDB2A37c":1185.450158612892,"0x77E06c9eCCf2E797fd462A92B6D7642EF85b0A44":0.7281518984567383,