{"0x0000000000085d4780B73119b644AE5ecd22b376":0.008463303485551616,"0x005F893EcD7bF9667195642f7649DA8163e23658":85.97384737880527,"0x0100546F2cD4C9D97f798fFC9755E47865FF7Ee6":154.8684843020197,"0x028171bCA77440897B824Ca71D1c56caC55b68A3":746.4431988872389,"0x0316EB71485b0Ab14103307bf65a021042c6d380":61.44073122029792,"0x03ab458634910AaD20eF5f1C8ee96F1D6ac54919":172.9084696094179,"0x04C154b66CB340F3Ae24111CC767e0184Ed00Cc6":229.91671888839483,"0x056Fd409E1d7A124BD7017459dFEa2F387b6d5Cd":296.26917076889043,"0x067079c14B85169e6a29703769dadDef90816f4C":24.90679740821044,"0x075b1bb99792c9E1041bA13afEf80C91a1e70fB3":748.964831429749,"0x085780639CC2cACd35E474e71f4d000e2405d8f6":948.1684590596738,"0x0E2EC54fC0B509F445631Bf4b91AB8168230C752":0.47136343555406074,"0x0E573Ce2736Dd9637A0b21058352e1667925C7a8":141.63235051621135,"0x0a5E677a6A24b2F1A2Bf4F3bFfC443231d2fDEc8":0.007509089003641247,"0x0bc529c00C6401aEF6D220BE8C6Ea1667F6Ad93e":6.379685256084768,"0x0d86883FAf4FfD7aEb116390af37746F45b6f378":167.25627074456048,"0x0dE54CFdfeD8005176f8b7A9D5438B45c4F1df1e":1.9003311451571472,"0x1456688345527bE1f37E9e627DA0837D6f08C925":2.468160580007048,"0x16eAd9a10b1A77007E6E329B076aD1Fe97a6F7C0":57.56202457135832,"0x18084fbA666a33d37592fA2633fD49a74DD93a88":13.325825826313963,"0x1830c553dC76d3447B69b7B0dC19CF9e3c739C78":96.47182628663339,"0x183395DbD0B5e93323a7286D1973150697FFFCB3":325.9357038316298,"0x196f4727526eA7FB1e17b2071B3d8eAA38486988":2.4968942712045834,"0x1c48f86ae57291F7686349F12601910BD8D470bb":0.17590222129215657,"0x1ce0D1E19c9514230FF8CD1DAbaC2555fb92122b":0,"0x2260FAC5E5542a773Aa44fBCfeDf7C193bc2C599":314.89588352023264,"0x25eC98773D7b4ceD4cAFaB96A2A1c0945f145e10":0,"0x2889302a794dA87fBF1D6Db415C1492194663D13":503.3362249014528,"0x2b01d4FdB87eb7F2399E5D68631d8A939a323786":16.41323777523082,"0x31429d1856aD1377A8A0079410B297e1a9e214c2":468.03680176312366,"0x32bd822d615A3658A68b6fDD30c2fcb2C996D678":51.68100434807239,"0x34635280737b5BFe6c7DC2FC3065D60d66e78185":433.26684332397775,"0x35282d87011f87508D457F08252Bc5bFa52E10A0":71.85248194876075,"0x35D8949372D46B7a3D5A56006AE77B215fc69bC0":553.5304352973496,"0x35fA164735182de50811E8e2E824cFb9B6118ac2":945.727274529069,"0x383E6b4437b59fff47B619CBA855CA29342A8559":36.08481603233892,"0x38D64ce1Bdf1A9f24E0Ec469C9cAde61236fB4a0":150.88154548311792,"0x3A283D9c08E8b55966afb64C515f5143cf907611":1136.5825734246644,"0x3Ed3B47Dd13EC9a98b44e6204A523E766B225811":1004.8946190147167,"0x40D16FC0246aD3160Ccc09B8D0D3A2cD28aE6C2f":178.79620120272338,"0x4591DBfF62656E7859Afe5e45f6f47D3669fBB28":307.61630344882985,"0x4647B6D835f3B393C7A955df51EEfcf0db961606":232.79344390347194,"0x48759F220ED983dB51fA7A8C0D2AAb8f3ce4166a":996.4565896245476,"0x49446A0874197839D15395B908328a74ccc96Bc0":17.201398282236415,"0x4Fabb145d64652a948d72533023f6E7A623C7C53":0.029239595950386856,"0x4c9EDD5852cd905f086C759E8383e09bff1E68B3":1265.2483590202578,"0x4de2ab8177fC5fFAFB7aD11FB8BeB1e5fB95F71C":154.56170198563024,"0x4eBdF703948ddCEA3B11f675B4D1Fba9d2414A14":49.53910198990437,"0x514910771AF9Ca656af840dff83E8264EcF986CA":103.14433474524778,"0x5228a22e72ccC52d415EcFd199F99D0665E7733b":50.26439451928308,"0x5555f75e3d5278082200Fb451D1b6bA946D8e13b":52.181690770243655,"0x57a5a0567187FF4A8dcC1A9bBa86155E355878F2":1.0709211173439905,"0x58efE15C0404aB22F87E4495D71f6f2077e862bE":0.001248559106025078,"0x5905c0290e59aFBDc42a5480add9bD7B20CB3759":0.1412521816115473,"0x59D9356E565Ab3A36dD77763Fc0d87fEaf85508C":534.7948976674203,"0x5BC25f649fc4e26069dDF4cF4010F9f706c23831":0.40181322653341695,"0x5Ca135cB8527d76e932f34B5145575F9d8cbE08E":52.962456502836076,"0x5E8422345238F34275888049021821E8E08CAa1f":15380.738238726417,"0x5e74C9036fb86BD7eCdcb084a0673EFc32eA31cb":188.16829908019625,"0x63a0964A36c34E81959da5894ad888800e17405b":20.479549582523298,"0x65D72AA8DA931F047169112fcf34f52DbaAE7D18":127.78023829002557,"0x661c70333AA1850CcDBAe82776Bb436A0fCfeEfB":44.07462654149801,"0x668308d77be3533c909a692302Cb4D135Bf8041C":0.05238359003345461,"0x66a1E37c9b0eAddca17d3662D6c05F4DECf3e110":0.10862144064263547,"0x674C6Ad92Fd080e4004b2312b45f796a192D27a0":0.6958428522962397,"0x68749665FF8D2d112Fa859AA293F07A622782F38":16.97023895930754,"0x6B175474E89094C44Da98b954EedeAC495271d0F":809.9761007941411,"0x6C280dB098dB673d30d5B34eC04B6387185D3620":57.24512972053318,"0x6C5024Cd4F8A59110119C56f8933403A539555EB":110.96345446125531,"0x6b5204B0Be36771253Cc38e88012E02B752f0f36":38.86304843550602,"0x6c3F90f043a72FA612cbac8115EE7e52BDe6E490":1174.717478844608,"0x6c3ea9036406852006290770BEdFcAbA0e23A0e8":469.5567661282897,"0x6ef3D766Dfe02Dc4bF04aAe9122EB9A0Ded25615":0.027100801522525968,"0x73968b9a57c6E53d41345FD57a6E6ae27d6CDB2F":82.7097377607794,"0x73A15FeD60Bf67631dC6cd7Bc5B6e8da8190aCF5":1318.0139234778082,"0x76237BCfDbe8e06FB774663add96216961df4ff3":20.050988750737908,"0x76Eb2FE28b36B3ee97F3Adae0C69606eeDB2A37c":731.0267160289214,"0x77E06c9eCCf2E797fd462A92B6D7642EF85b0A44":0.53312788812,"0x78da5799CF427Fee11e9996982F4150eCe7a99A7":51.75512089342866,"0x7988292D0FB141085c092132e2a70B30aA1eccAB":471.8389127524346,"0x7F86Bf177Dd4F3494b841a37e810A34dD56c829B":2141.8913738067163,"0x7FA768E035F956c41d6aeaa3Bd857e7E5141CAd5":0.03678390906322463,"0x7ea4aD8C803653498bF6AC1D2dEbc04DCe8Fd2aD":114.86630041229381,"0x7f39C581F595B53c5cb19bD0b3f8dA6c935E2Ca0":493.3699419630822,"0x8064d9Ae6cDf087b1bcd5BDf3531bD5d8C537a68":69.97475945885397,"0x80d69e79258FE9D056c822461c4eb0B4ca8802E2":0.025025722541282883,"0x826180541412D574cf1336d22c0C0a287822678A":194.5227788435043,"0x830614aE209FF9d8706d386fcdBc7a55206fcffC":51.97429631293019,"0x83F20F44975D03b1b09e64809B757c47f942BEeA":1156.1486216044232,"0x84CeCB5525c6B1C20070E742da870062E84Da178":18.32019581123371,"0x853d955aCEf822Db058eb8505911ED77F175b99e":677.2281801969904,"0x856c4Efb76C1D1AE02e20CEB03A2A6a08b0b8dC3":1.6673851535229713,"0x865377367054516e17014CcdED1e7d814EDC9ce4":507.39258063573203,"0x8682Fbf0CbF312C891532BA9F1A91e44f81ad7DF":482.60177207055585,"0x8C0D76C9B18779665475F3E212D9Ca1Ed6A1A0e6":405.0776770178352,"0x8C88538688aca3b733aD08b12BEe4574c0C00907":270.157667382295,"0x8c9532a60E0E7C6BbD2B2c1303F63aCE1c3E9811":0.04421079113798132,"0x8dAEBADE922dF735c38C80C7eBD708Af50815fAa":15.684648147879738,"0x8e595470Ed749b85C6F7669de83EAe304C2ec68F":19.67158730430683,"0x917ceE801a67f933F2e6b33fC0cD1ED2d5909D88":392.06253214748074,"0x9181f633E9B9F15A32d5e37094F4C93b333e0E92":0.42456626358757826,"0x922406EAFC3CcEb32b0256F287fB977c426EDbd8":0.029080337758078095,"0x954313005C56b555bdC41B84D6c63B69049d7847":443.2824128887587,"0x9559Aaa82d9649C7A7b220E7c461d2E74c9a3593":180.9747138223752,"0x95710BDE45C8D384A976Cc58Cc7a7e489576b098":2.3933256233733275,"0x961D4921e1718E633BAC8Ded88c4a1cAe44b785a":859.5377607337792,"0x9961BdBE8B7091E584c2bF9D0a160C583f564A8c":393.98446543652665,"0x99D8a9C45b2ecA8864373A26D1459e3Dff1e17F3":38.07275607137667,"0x9BE89D2a4cd102D8Fecc6BF9dA793be995C22541":668.8426810309967,"0x9D39A5DE30e57443BfF2A8307A4256c8797A3497":1030.610196515612,"0x9EEAD9ce15383CaEED975427340b3A369410CFBF":0.002910881799684768,"0x9FeE65D5A627e73212989c8BbEdC5Fa5Cae3821F":14.011903071879614,"0xA0b86991c6218b36c1d19D4a2e9Eb0cE3606eB48":2912.9857181098264,"0xA0d69E286B938e21CBf7E51D71F6A4c8918f482F":875.6370761530513,"0xA1290d69c65A6Fe4DF752f95823fae25cB99e5A7":72.01782956278204,"0xA35b1B31Ce002FBF2058D22F30f95D405200A15b":1.750790491295781,"0xA5588F7cdf560811710A2D82D3C9c99769DB1Dcb":69.81062439344142,"0xA663B02CF0a4b149d2aD41910CB81e23e1c41c32":59.68659502061678,"0xAB846Fb6C81370327e784Ae7CbB6d6a6af6Ff4BF":67.96692382919007,"0xBC6DA0FE9aD5f3b0d58160288917AA56653660E9":0.9600974735044465,"0xBcca60bB61934080951369a648Fb03DF4F96263C":0.14098184099999997,"0xC02aaA39b223FE8D0A0e5C4F27eAD9083C756Cc2":2139.832249527698,"0xC272B96bCcdaf1BF98F2197D355066Da3C15982a":64.1449148906199,"0xC3ADe5aCe1bBb033CcAE8177C12Ecbfa16bD6A9D":0.6748065064836052,"0xC975342A95cCb75378ddc646B8620fa3Cd5bc051":93.88276318117366,"0xCFC5bD99915aAa815401C5a41A927aB7a38d29cf":101.95598151792754,