{"0x0000000000085d4780B73119b644AE5ecd22b376":207.5993029737996,"0x0000000016E6Cb3038203c1129c8B4aEE7af7a11":1.6389058717175307,"0x005F893EcD7bF9667195642f7649DA8163e23658":129.1899856821407,"0x0100546F2cD4C9D97f798fFC9755E47865FF7Ee6":332.05813086918573,"0x028171bCA77440897B824Ca71D1c56caC55b68A3":1132.058046253668,"0x0316EB71485b0Ab14103307bf65a021042c6d380":0.01615127157446001,"0x03ab458634910AaD20eF5f1C8ee96F1D6ac54919":22.460261405576084,"0x04C154b66CB340F3Ae24111CC767e0184Ed00Cc6":1027.7915406959212,"0x051d7e5609917Bd9b73f04BAc0DED8Dd46a74301":297.72923152875364,"0x056Fd409E1d7A124BD7017459dFEa2F387b6d5Cd":775.3025154619119,"0x067079c14B85169e6a29703769dadDef90816f4C":419.2201834817413,"0x075b1bb99792c9E1041bA13afEf80C91a1e70fB3":643.8184108172823,"0x085780639CC2cACd35E474e71f4d000e2405d8f6":1193.2202006676723,"0x09db87A538BD693E9d08544577d5cCfAA6373A48":71.51502868946675,"0x0E2EC54fC0B509F445631Bf4b91AB8168230C752":0.472365323811702,"0x0E573Ce2736Dd9637A0b21058352e1667925C7a8":128.36795225794663,"0x0a5E677a6A24b2F1A2Bf4F3bFfC443231d2fDEc8":0.07911567210271267,"0x0bc529c00C6401aEF6D220BE8C6Ea1667F6Ad93e":2.2685995689022533,"0x0d86883FAf4FfD7aEb116390af37746F45b6f378":256.8359147548493,"0x0dE54CFdfeD8005176f8b7A9D5438B45c4F1df1e":5.848531670558004,"0x137469B55D1f15651BA46A89D0588e97dD0B6562":153.4067249827294,"0x1456688345527bE1f37E9e627DA0837D6f08C925":6.209651465845338,"0x15700B564Ca08D9439C58cA5053166E8317aa138":2380.752973475786,"0x16eAd9a10b1A77007E6E329B076aD1Fe97a6F7C0":118.81767198739267,"0x18084fbA666a33d37592fA2633fD49a74DD93a88":367.36602248072893,"0x183395DbD0B5e93323a7286D1973150697FFFCB3":181.0729696724954,"0x196f4727526eA7FB1e17b2071B3d8eAA38486988":2.562466312129018,"0x1BED97CBC3c24A4fb5C069C6E311a967386131f7":233.94885040762568,"0x1a7e4e63778B4f12a199C062f3eFdD288afCBce8":319.78416121567176,"0x1aBaEA1f7C830bD89Acc67eC4af516284b1bC33c":471.0129791898536,"0x1c48f86ae57291F7686349F12601910BD8D470bb":1.3082358187057042,"0x1ce0D1E19c9514230FF8CD1DAbaC2555fb92122b":0,"0x2191DF768ad71140F9F3E96c1e4407A4aA31d082":24.58542133397651,"0x2260FAC5E5542a773Aa44fBCfeDf7C193bc2C599":353.20650923392475,"0x2302aaBe69e6E7A1b0Aa23aAC68fcCB8A4D2B460":87.71770502980452,"0x2570f1bD5D2735314FC102eb12Fc1aFe9e6E7193":423.5130415608592,"0x25eC98773D7b4ceD4cAFaB96A2A1c0945f145e10":0,"0x2889302a794dA87fBF1D6Db415C1492194663D13":4213.851780054496,"0x2b01d4FdB87eb7F2399E5D68631d8A939a323786":226.00866630471552,"0x3175Df0976dFA876431C2E9eE6Bc45b65d3473CC":9.289881407095535e-7,"0x3231Cb76718CDeF2155FC47b5286d82e6eDA273f":313.24209724896684,"0x32bd822d615A3658A68b6fDD30c2fcb2C996D678":251.20932687898818,"0x3432B6A60D23Ca0dFCa7761B7ab56459D9C964D0":258.80307934954885,"0x34635280737b5BFe6c7DC2FC3065D60d66e78185":179.06173517600865,"0x35282d87011f87508D457F08252Bc5bFa52E10A0":141.976611234332,"0x35D8949372D46B7a3D5A56006AE77B215fc69bC0":469.5336231507142,"0x35fA164735182de50811E8e2E824cFb9B6118ac2":890.3129761468258,"0x365AccFCa291e7D3914637ABf1F7635dB165Bb09":204.48602221342747,"0x383E6b4437b59fff47B619CBA855CA29342A8559":164.2744064212066,"0x38D64ce1Bdf1A9f24E0Ec469C9cAde61236fB4a0":201.89985343837495,"0x393DaD6c76D962Abba489a77dBf37ae948A4A6ee":100.50601986827635,"0x3A2725556Dde7B21fBe3dD64A4913ff29faba6A1":0.027640013682753296,"0x3A283D9c08E8b55966afb64C515f5143cf907611":6134.756853476171,"0x3Ed3B47Dd13EC9a98b44e6204A523E766B225811":1253.5432190323857,"0x401322B9FDdba8c0a8D40fbCECE1D1752C12316B":244.7906560510194,"0x40D16FC0246aD3160Ccc09B8D0D3A2cD28aE6C2f":1648.7351309980384,"0x4591DBfF62656E7859Afe5e45f6f47D3669fBB28":190.56486701112325,"0x4647B6D835f3B393C7A955df51EEfcf0db961606":73.81949720257971,"0x466a756E9A7401B5e2444a3fCB3c2C12FBEa0a54":670.990472043215,"0x48759F220ED983dB51fA7A8C0D2AAb8f3ce4166a":2044.0029026723291,"0x49446A0874197839D15395B908328a74ccc96Bc0":15.807703778247312,"0x4AE86d8732390d852A13cb918463BC6e5775FaDD":86.1302918332243,"0x4D1941a887eC788F059b3bfcC8eE1E97b968825B":269.2233937465026,"0x4DEcE678ceceb27446b35C672dC7d61F30bAD69E":432.9367420813062,"0x4Fabb145d64652a948d72533023f6E7A623C7C53":0.03990753423169189,"0x4c9EDD5852cd905f086C759E8383e09bff1E68B3":17028.528413647127,"0x4de2ab8177fC5fFAFB7aD11FB8BeB1e5fB95F71C":314.65639608264513,"0x4eBdF703948ddCEA3B11f675B4D1Fba9d2414A14":6893.229308104154,"0x514910771AF9Ca656af840dff83E8264EcF986CA":62.016794669031555,"0x5228a22e72ccC52d415EcFd199F99D0665E7733b":38.535933861224315,"0x5271045F7B73c17825A7A7aee6917eE46b0B7520":165.5645789655463,"0x527331F3F550f6f85ACFEcAB9Cc0889180C6f1d5":224.42058471502966,"0x5426178799ee0a0181A89b4f57eFddfAb49941Ec":783.6240744449483,"0x5555f75e3d5278082200Fb451D1b6bA946D8e13b":81.5449464507734,"0x57a5a0567187FF4A8dcC1A9bBa86155E355878F2":0.8461593191857578,"0x58efE15C0404aB22F87E4495D71f6f2077e862bE":0.001251064981692,"0x5905c0290e59aFBDc42a5480add9bD7B20CB3759":0.18029063564156497,"0x59D9356E565Ab3A36dD77763Fc0d87fEaf85508C":139.96666843150052,"0x5BC25f649fc4e26069dDF4cF4010F9f706c23831":3.10994182248421,"0x5Be6C45e2d074fAa20700C49aDA3E88a1cc0025d":627.2758202485645,"0x5Ca135cB8527d76e932f34B5145575F9d8cbE08E":36.98646043220587,"0x5E8422345238F34275888049021821E8E08CAa1f":15267.051336049331,"0x5Ea630e00D6eE438d3deA1556A110359ACdc10A9":207.60521897773972,"0x5b6C539b224014A09B3388e51CaAA8e354c959C8":481.71936143385244,"0x5e74C9036fb86BD7eCdcb084a0673EFc32eA31cb":7.264547219284785,"0x62B9c7356A2Dc64a1969e19C23e4f579F9810Aa7":1423.2183678797426,"0x6359B6d3e327c497453d4376561eE276c6933323":206.44831490556587,"0x63a0964A36c34E81959da5894ad888800e17405b":232.53631053988846,"0x64351fC9810aDAd17A690E4e1717Df5e7e085160":1559.7687500648087,"0x65D72AA8DA931F047169112fcf34f52DbaAE7D18":131.74447481504006,"0x65f228ED6a6001eD6485535e0Dc33E525734f54c":19.865392731770257,"0x661c70333AA1850CcDBAe82776Bb436A0fCfeEfB":58.69468774153714,"0x6663b6D50992ef4fc0380199397c87C2f5256075":50.086880956895854,"0x668308d77be3533c909a692302Cb4D135Bf8041C":0.041271685395400444,"0x66a1E37c9b0eAddca17d3662D6c05F4DECf3e110":7.950743520634034,"0x674C6Ad92Fd080e4004b2312b45f796a192D27a0":4.641762805210599,"0x677ddbd918637E5F2c79e164D402454dE7dA8619":3.2384053974980183,"0x68749665FF8D2d112Fa859AA293F07A622782F38":2.524901639481609,"0x69000405f9DcE69BD4Cbf4f2865b79144A69BFE0":0,"0x6B175474E89094C44Da98b954EedeAC495271d0F":16951.221354771402,"0x6C280dB098dB673d30d5B34eC04B6387185D3620":254.11633779600137,"0x6C5024Cd4F8A59110119C56f8933403A539555EB":105.51343308443704,"0x6C9815826FdF8c7a45cCfEd2064dbaB33a078712":54.661532068234365,"0x6ade6971Ca3d90990C30d39c78b0534C7166e07b":135.63142035209052,"0x6b5204B0Be36771253Cc38e88012E02B752f0f36":173.15185953770091,"0x6c3F90f043a72FA612cbac8115EE7e52BDe6E490":3019.4734801502514,"0x6c3ea9036406852006290770BEdFcAbA0e23A0e8":1342.6561250654577,"0x6e52cCe4EaFDf77091dD1c82183b2D97b776b397":784.7139800070615,"0x6ef3D766Dfe02Dc4bF04aAe9122EB9A0Ded25615":0.03965411133075451,"0x7223442cad8e9cA474fC40109ab981608F8c4273":52.316953975135085,"0x73968b9a57c6E53d41345FD57a6E6ae27d6CDB2F":77.54387353559963,"0x73A15FeD60Bf67631dC6cd7Bc5B6e8da8190aCF5":2946.3495300238196,"0x752B4c6e92d96467fE9b9a2522EF07228E00F87c":60.57986754161355,"0x76237BCfDbe8e06FB774663add96216961df4ff3":11.390735187981349,"0x76Eb2FE28b36B3ee97F3Adae0C69606eeDB2A37c":1185.8923340103713,"0x77E06c9eCCf2E797fd462A92B6D7642EF85b0A44":0.67815295704,"0x78da5799CF427Fee11e9996982F4150eCe7a99A7":71.28990613311096,"0x7988292D0FB141085c092132e2a70B30aA1eccAB":416.3260299603773,"0x7F17A6C77C3938D235b014818092eb6305BdA110":96.50886099216653,"0x7F86Bf177Dd4F3494b841a37e810A34dD56c829B":15529.331910223123,"0x7FA768E035F956c41d6aeaa3Bd857e7E5141CAd5":0.3567428352096144,"0x7ea4aD8C803653498bF6AC1D2dEbc04DCe8Fd2aD":11.78881748520265,"0x7f39C581F595B53c5cb19bD0b3f8dA6c935E2Ca0":4607.9699061205865,"0x8064d9Ae6cDf087b1bcd5BDf3531bD5d8C537a68":50.98035906723949,"0x808507121B80c02388fAd14726482e061B8da827":170.64050312196338,"0x80d69e79258FE9D056c822461c4eb0B4ca8802E2":0.18484436585528463,