{"0x0000000000085d4780B73119b644AE5ecd22b376":215.6947066658211,"0x0000000016E6Cb3038203c1129c8B4aEE7af7a11":2.309161587301003,"0x005F893EcD7bF9667195642f7649DA8163e23658":197.77278820016681,"0x0100546F2cD4C9D97f798fFC9755E47865FF7Ee6":474.26142118577314,"0x028171bCA77440897B824Ca71D1c56caC55b68A3":819.6912408437266,"0x0316EB71485b0Ab14103307bf65a021042c6d380":0.022011675778954354,"0x03ab458634910AaD20eF5f1C8ee96F1D6ac54919":0.9039231445480169,"0x04C154b66CB340F3Ae24111CC767e0184Ed00Cc6":457.6994945670287,"0x051d7e5609917Bd9b73f04BAc0DED8Dd46a74301":437.63940446642266,"0x056Fd409E1d7A124BD7017459dFEa2F387b6d5Cd":500.20735983124763,"0x067079c14B85169e6a29703769dadDef90816f4C":446.4619954935089,"0x075b1bb99792c9E1041bA13afEf80C91a1e70fB3":826.1560217789923,"0x085780639CC2cACd35E474e71f4d000e2405d8f6":910.7919620267231,"0x0E2EC54fC0B509F445631Bf4b91AB8168230C752":0.47148500090000983,"0x0E573Ce2736Dd9637A0b21058352e1667925C7a8":145.1112224347461,"0x0a5E677a6A24b2F1A2Bf4F3bFfC443231d2fDEc8":0.08348559654421589,"0x0bc529c00C6401aEF6D220BE8C6Ea1667F6Ad93e":22.773963591385822,"0x0d86883FAf4FfD7aEb116390af37746F45b6f378":269.179388994524,"0x0dE54CFdfeD8005176f8b7A9D5438B45c4F1df1e":5.83011600091591,"0x137469B55D1f15651BA46A89D0588e97dD0B6562":281.0304785496552,"0x1456688345527bE1f37E9e627DA0837D6f08C925":3.5871710814694024,"0x15700B564Ca08D9439C58cA5053166E8317aa138":236.44885172050994,"0x16eAd9a10b1A77007E6E329B076aD1Fe97a6F7C0":128.1726558032197,"0x18084fbA666a33d37592fA2633fD49a74DD93a88":451.1678085978891,"0x1830c553dC76d3447B69b7B0dC19CF9e3c739C78":115.32558387186047,"0x183395DbD0B5e93323a7286D1973150697FFFCB3":364.8987703872883,"0x196f4727526eA7FB1e17b2071B3d8eAA38486988":2.5688318748915897,"0x1BED97CBC3c24A4fb5C069C6E311a967386131f7":347.99906135484633,"0x1a7e4e63778B4f12a199C062f3eFdD288afCBce8":330.5567329200302,"0x1aBaEA1f7C830bD89Acc67eC4af516284b1bC33c":491.3019821686282,"0x1c48f86ae57291F7686349F12601910BD8D470bb":0.8807851868602723,"0x1ce0D1E19c9514230FF8CD1DAbaC2555fb92122b":0,"0x2191DF768ad71140F9F3E96c1e4407A4aA31d082":17.294139563034317,"0x2260FAC5E5542a773Aa44fBCfeDf7C193bc2C599":449.3676469295807,"0x22CF19EB64226e0E1A79c69b345b31466fD273A7":1.5437199175868503,"0x2570f1bD5D2735314FC102eb12Fc1aFe9e6E7193":196.13635932937055,"0x25eC98773D7b4ceD4cAFaB96A2A1c0945f145e10":0,"0x2889302a794dA87fBF1D6Db415C1492194663D13":265.4697668875946,"0x29059568bB40344487d62f7450E78b8E6C74e0e5":654.381818739621,"0x2b01d4FdB87eb7F2399E5D68631d8A939a323786":321.125167793052,"0x3231Cb76718CDeF2155FC47b5286d82e6eDA273f":333.8101868435162,"0x32bd822d615A3658A68b6fDD30c2fcb2C996D678":355.88839921232614,"0x3432B6A60D23Ca0dFCa7761B7ab56459D9C964D0":365.40682905255886,"0x34635280737b5BFe6c7DC2FC3065D60d66e78185":281.6245063451829,"0x35282d87011f87508D457F08252Bc5bFa52E10A0":156.4247320554359,"0x35D8949372D46B7a3D5A56006AE77B215fc69bC0":92.95775576501914,"0x35fA164735182de50811E8e2E824cFb9B6118ac2":1167.5507232996788,"0x365AccFCa291e7D3914637ABf1F7635dB165Bb09":364.3421207978036,"0x383E6b4437b59fff47B619CBA855CA29342A8559":179.45461270431065,"0x38D64ce1Bdf1A9f24E0Ec469C9cAde61236fB4a0":279.6494150705224,"0x393DaD6c76D962Abba489a77dBf37ae948A4A6ee":173.6913719956506,"0x3A2725556Dde7B21fBe3dD64A4913ff29faba6A1":0.03725514005843846,"0x3A283D9c08E8b55966afb64C515f5143cf907611":856.4192273095961,"0x3Ed3B47Dd13EC9a98b44e6204A523E766B225811":360.62837475517364,"0x401322B9FDdba8c0a8D40fbCECE1D1752C12316B":380.05405736696105,"0x40D16FC0246aD3160Ccc09B8D0D3A2cD28aE6C2f":208.99256216385695,"0x4591DBfF62656E7859Afe5e45f6f47D3669fBB28":114.89986068980514,"0x4647B6D835f3B393C7A955df51EEfcf0db961606":636.0297832150965,"0x466a756E9A7401B5e2444a3fCB3c2C12FBEa0a54":319.9918302788861,"0x48759F220ED983dB51fA7A8C0D2AAb8f3ce4166a":1654.3528552082666,"0x49446A0874197839D15395B908328a74ccc96Bc0":34.884805768828045,"0x4D1941a887eC788F059b3bfcC8eE1E97b968825B":364.06120384207827,"0x4DEcE678ceceb27446b35C672dC7d61F30bAD69E":444.1020904633152,"0x4Fabb145d64652a948d72533023f6E7A623C7C53":0.035083501623318795,"0x4c9EDD5852cd905f086C759E8383e09bff1E68B3":825.3283387270243,"0x4de2ab8177fC5fFAFB7aD11FB8BeB1e5fB95F71C":375.170281762734,"0x4eBdF703948ddCEA3B11f675B4D1Fba9d2414A14":373.274014782575,"0x514910771AF9Ca656af840dff83E8264EcF986CA":113.92467213880384,"0x5228a22e72ccC52d415EcFd199F99D0665E7733b":69.6282879430748,"0x5426178799ee0a0181A89b4f57eFddfAb49941Ec":89.32606056816208,"0x5555f75e3d5278082200Fb451D1b6bA946D8e13b":94.94563113899628,"0x57a5a0567187FF4A8dcC1A9bBa86155E355878F2":1.1537721206061315,"0x58efE15C0404aB22F87E4495D71f6f2077e862bE":0.0012482819239632659,"0x5905c0290e59aFBDc42a5480add9bD7B20CB3759":0.19232199459192192,"0x59D9356E565Ab3A36dD77763Fc0d87fEaf85508C":79.01307799902426,"0x5BC25f649fc4e26069dDF4cF4010F9f706c23831":1.877362591150689,"0x5Be6C45e2d074fAa20700C49aDA3E88a1cc0025d":408.4802478127546,"0x5Ca135cB8527d76e932f34B5145575F9d8cbE08E":53.071192617255306,"0x5E8422345238F34275888049021821E8E08CAa1f":17221.291635428373,"0x5Ea630e00D6eE438d3deA1556A110359ACdc10A9":435.4296248210736,"0x5b6C539b224014A09B3388e51CaAA8e354c959C8":433.0732408109362,"0x63a0964A36c34E81959da5894ad888800e17405b":248.15269926515205,"0x65D72AA8DA931F047169112fcf34f52DbaAE7D18":150.67125337911358,"0x65f228ED6a6001eD6485535e0Dc33E525734f54c":58.31986783994294,"0x661c70333AA1850CcDBAe82776Bb436A0fCfeEfB":65.88799794503984,"0x6663b6D50992ef4fc0380199397c87C2f5256075":59.33611156745909,"0x668308d77be3533c909a692302Cb4D135Bf8041C":0.05632964296071556,"0x66a1E37c9b0eAddca17d3662D6c05F4DECf3e110":24.662469785802777,"0x674C6Ad92Fd080e4004b2312b45f796a192D27a0":2.320474883573012,"0x677ddbd918637E5F2c79e164D402454dE7dA8619":1.0298103001694767,"0x68749665FF8D2d112Fa859AA293F07A622782F38":18.3583708742523,"0x6B175474E89094C44Da98b954EedeAC495271d0F":476.7972269822638,"0x6C280dB098dB673d30d5B34eC04B6387185D3620":354.0278696660773,"0x6C5024Cd4F8A59110119C56f8933403A539555EB":116.96958755289842,"0x6C9815826FdF8c7a45cCfEd2064dbaB33a078712":27.313121688867223,"0x6ade6971Ca3d90990C30d39c78b0534C7166e07b":569.1074929611766,"0x6b5204B0Be36771253Cc38e88012E02B752f0f36":254.26623394073565,"0x6c3F90f043a72FA612cbac8115EE7e52BDe6E490":301.65195965880673,"0x6c3ea9036406852006290770BEdFcAbA0e23A0e8":523.1976019320908,"0x6e52cCe4EaFDf77091dD1c82183b2D97b776b397":1421.9458938645153,"0x6ef3D766Dfe02Dc4bF04aAe9122EB9A0Ded25615":0.08548533340476967,"0x7223442cad8e9cA474fC40109ab981608F8c4273":83.81248219150113,"0x73968b9a57c6E53d41345FD57a6E6ae27d6CDB2F":112.85870130227579,"0x73A15FeD60Bf67631dC6cd7Bc5B6e8da8190aCF5":173.856477191283,"0x752B4c6e92d96467fE9b9a2522EF07228E00F87c":62.97045882315407,"0x76237BCfDbe8e06FB774663add96216961df4ff3":30.85366810893999,"0x76Eb2FE28b36B3ee97F3Adae0C69606eeDB2A37c":843.9044654164575,"0x77E06c9eCCf2E797fd462A92B6D7642EF85b0A44":1.00236901888,"0x78da5799CF427Fee11e9996982F4150eCe7a99A7":89.04695970882148,"0x7988292D0FB141085c092132e2a70B30aA1eccAB":484.2605707269181,"0x7F17A6C77C3938D235b014818092eb6305BdA110":121.16882290089958,"0x7F86Bf177Dd4F3494b841a37e810A34dD56c829B":259.17446303453085,"0x7FA768E035F956c41d6aeaa3Bd857e7E5141CAd5":0.48427219683469713,"0x7ea4aD8C803653498bF6AC1D2dEbc04DCe8Fd2aD":873.0397591227035,"0x7f39C581F595B53c5cb19bD0b3f8dA6c935E2Ca0":411.0709288934281,"0x8064d9Ae6cDf087b1bcd5BDf3531bD5d8C537a68":82.07276592854588,"0x808507121B80c02388fAd14726482e061B8da827":324.2471226814731,"0x80d69e79258FE9D056c822461c4eb0B4ca8802E2":0.25268750223792996,"0x826180541412D574cf1336d22c0C0a287822678A":219.40314230377373,"0x8282BD15dcA2EA2bDf24163E8f2781B30C43A2ef":352.57368501711875,"0x830614aE209FF9d8706d386fcdBc7a55206fcffC":63.33830091671194,"0x83F20F44975D03b1b09e64809B757c47f942BEeA":416.13085731746696,"0x84CeCB5525c6B1C20070E742da870062E84Da178":21.962408555237996,"0x853d955aCEf822Db058eb8505911ED77F175b99e":563.7299353946925,"0x856c4Efb76C1D1AE02e20CEB03A2A6a08b0b8dC3":330.29149076645507,"0x865377367054516e17014CcdED1e7d814EDC9ce4":633.9553456584723,