{"0x0000000000085d4780B73119b644AE5ecd22b376":215.51198213881938,"0x0000000016E6Cb3038203c1129c8B4aEE7af7a11":1.0336832113197534,"0x005F893EcD7bF9667195642f7649DA8163e23658":153.7878406257374,"0x0100546F2cD4C9D97f798fFC9755E47865FF7Ee6":351.1696691600875,"0x028171bCA77440897B824Ca71D1c56caC55b68A3":1195.892260512228,"0x0316EB71485b0Ab14103307bf65a021042c6d380":0.026285646040714414,"0x03ab458634910AaD20eF5f1C8ee96F1D6ac54919":246.27887445702498,"0x04C154b66CB340F3Ae24111CC767e0184Ed00Cc6":256.5832656075185,"0x051d7e5609917Bd9b73f04BAc0DED8Dd46a74301":356.449286009394,"0x056Fd409E1d7A124BD7017459dFEa2F387b6d5Cd":315.748592120518,"0x067079c14B85169e6a29703769dadDef90816f4C":557.8624642065085,"0x075b1bb99792c9E1041bA13afEf80C91a1e70fB3":563.5710027118545,"0x085780639CC2cACd35E474e71f4d000e2405d8f6":412.5238142428046,"0x09db87A538BD693E9d08544577d5cCfAA6373A48":70.21649007907294,"0x0E2EC54fC0B509F445631Bf4b91AB8168230C752":0.4710409438935759,"0x0E573Ce2736Dd9637A0b21058352e1667925C7a8":142.8713286135858,"0x0a5E677a6A24b2F1A2Bf4F3bFfC443231d2fDEc8":0.08806985349995589,"0x0bc529c00C6401aEF6D220BE8C6Ea1667F6Ad93e":21.72636006475713,"0x0d86883FAf4FfD7aEb116390af37746F45b6f378":296.1538668366083,"0x0dE54CFdfeD8005176f8b7A9D5438B45c4F1df1e":4.870816312652537,"0x127091edE112aEd7Bae281747771b3150Bb047bB":2.5085764472345304,"0x137469B55D1f15651BA46A89D0588e97dD0B6562":217.87835605196162,"0x1456688345527bE1f37E9e627DA0837D6f08C925":5.363845966985904,"0x15700B564Ca08D9439C58cA5053166E8317aa138":122.68533840342516,"0x16eAd9a10b1A77007E6E329B076aD1Fe97a6F7C0":157.65463231395688,"0x18084fbA666a33d37592fA2633fD49a74DD93a88":18.17774156087311,"0x1830c553dC76d3447B69b7B0dC19CF9e3c739C78":86.22319186631103,"0x183395DbD0B5e93323a7286D1973150697FFFCB3":467.36906775796064,"0x196f4727526eA7FB1e17b2071B3d8eAA38486988":1.953843073532844,"0x1BED97CBC3c24A4fb5C069C6E311a967386131f7":249.93825369174263,"0x1aBaEA1f7C830bD89Acc67eC4af516284b1bC33c":116.84063573225377,"0x1bEFB9B02f7Fc821B96aC1FE2cAF881FdF72b771":3.2585958851465917,"0x1c48f86ae57291F7686349F12601910BD8D470bb":1.178963148892122,"0x1ce0D1E19c9514230FF8CD1DAbaC2555fb92122b":0,"0x2191DF768ad71140F9F3E96c1e4407A4aA31d082":24.591953147169843,"0x2260FAC5E5542a773Aa44fBCfeDf7C193bc2C599":24.830242790686565,"0x22CF19EB64226e0E1A79c69b345b31466fD273A7":4.294354793351268,"0x2302aaBe69e6E7A1b0Aa23aAC68fcCB8A4D2B460":121.08765913228807,"0x2570f1bD5D2735314FC102eb12Fc1aFe9e6E7193":36.57470344999641,"0x25eC98773D7b4ceD4cAFaB96A2A1c0945f145e10":5.87027310650759,"0x2889302a794dA87fBF1D6Db415C1492194663D13":867.1114908868686,"0x29059568bB40344487d62f7450E78b8E6C74e0e5":515.0672204963948,"0x2b01d4FdB87eb7F2399E5D68631d8A939a323786":233.9257318593343,"0x3175Df0976dFA876431C2E9eE6Bc45b65d3473CC":0.000038817452984465426,"0x3231Cb76718CDeF2155FC47b5286d82e6eDA273f":335.4092156122861,"0x32bd822d615A3658A68b6fDD30c2fcb2C996D678":277.11379772136416,"0x3432B6A60D23Ca0dFCa7761B7ab56459D9C964D0":287.66596549649813,"0x34635280737b5BFe6c7DC2FC3065D60d66e78185":262.3674336595076,"0x35282d87011f87508D457F08252Bc5bFa52E10A0":161.49430535006726,"0x35D8949372D46B7a3D5A56006AE77B215fc69bC0":1195.8041955334804,"0x35fA164735182de50811E8e2E824cFb9B6118ac2":891.1675960792711,"0x365AccFCa291e7D3914637ABf1F7635dB165Bb09":467.43493520177907,"0x383E6b4437b59fff47B619CBA855CA29342A8559":198.8543650539117,"0x38D64ce1Bdf1A9f24E0Ec469C9cAde61236fB4a0":219.86984413598177,"0x393DaD6c76D962Abba489a77dBf37ae948A4A6ee":132.60462729553458,"0x3A2725556Dde7B21fBe3dD64A4913ff29faba6A1":0.026422919894969133,"0x3A283D9c08E8b55966afb64C515f5143cf907611":2306.219285047827,"0x3Ed3B47Dd13EC9a98b44e6204A523E766B225811":3.322065573139038,"0x3f0e7916681452D23Cd36B1281457DA721F2E5dF":57.93323186770731,"0x401322B9FDdba8c0a8D40fbCECE1D1752C12316B":274.27163300013564,"0x40D16FC0246aD3160Ccc09B8D0D3A2cD28aE6C2f":273.13018605563235,"0x4591DBfF62656E7859Afe5e45f6f47D3669fBB28":223.36211440560754,"0x4647B6D835f3B393C7A955df51EEfcf0db961606":271.7348388391819,"0x466a756E9A7401B5e2444a3fCB3c2C12FBEa0a54":54.50230286602491,"0x48759F220ED983dB51fA7A8C0D2AAb8f3ce4166a":2398.752269453676,"0x49446A0874197839D15395B908328a74ccc96Bc0":36.54350616365932,"0x4AE86d8732390d852A13cb918463BC6e5775FaDD":165.85558927350235,"0x4D1941a887eC788F059b3bfcC8eE1E97b968825B":306.02675399423225,"0x4DEcE678ceceb27446b35C672dC7d61F30bAD69E":445.02065515089225,"0x4Fabb145d64652a948d72533023f6E7A623C7C53":0.04002654278307864,"0x4c9EDD5852cd905f086C759E8383e09bff1E68B3":2462.733915328117,"0x4de2ab8177fC5fFAFB7aD11FB8BeB1e5fB95F71C":421.85519140425026,"0x4eBdF703948ddCEA3B11f675B4D1Fba9d2414A14":177.99217031789402,"0x514910771AF9Ca656af840dff83E8264EcF986CA":83.74165726683293,"0x5228a22e72ccC52d415EcFd199F99D0665E7733b":59.88717461326011,"0x5271045F7B73c17825A7A7aee6917eE46b0B7520":200.5970359789831,"0x527331F3F550f6f85ACFEcAB9Cc0889180C6f1d5":309.1160656407773,"0x5426178799ee0a0181A89b4f57eFddfAb49941Ec":80.32471965696111,"0x5555f75e3d5278082200Fb451D1b6bA946D8e13b":121.48202952282335,"0x57Ab1ec28D129707052df4dF418D58a2D46d5f51":157.7918330817422,"0x57a5a0567187FF4A8dcC1A9bBa86155E355878F2":0.7496453599438773,"0x58efE15C0404aB22F87E4495D71f6f2077e862bE":0.0012498164138459997,"0x5905c0290e59aFBDc42a5480add9bD7B20CB3759":0.1780907818744321,"0x59D9356E565Ab3A36dD77763Fc0d87fEaf85508C":189.8538810061435,"0x5BC25f649fc4e26069dDF4cF4010F9f706c23831":2.1122053551754507,"0x5Be6C45e2d074fAa20700C49aDA3E88a1cc0025d":367.3784046340652,"0x5Ca135cB8527d76e932f34B5145575F9d8cbE08E":57.385617108494735,"0x5E8422345238F34275888049021821E8E08CAa1f":13206.985857282145,"0x5Ea630e00D6eE438d3deA1556A110359ACdc10A9":270.4937232454171,"0x5b6C539b224014A09B3388e51CaAA8e354c959C8":52.72421719552406,"0x5ca0313D44551e32e0d7a298EC024321c4BC59B4":0.38129129889860747,"0x5e74C9036fb86BD7eCdcb084a0673EFc32eA31cb":7.318651070675891,"0x6359B6d3e327c497453d4376561eE276c6933323":247.68575673172214,"0x63a0964A36c34E81959da5894ad888800e17405b":252.55564368336542,"0x65D72AA8DA931F047169112fcf34f52DbaAE7D18":360.1031299496343,"0x65f228ED6a6001eD6485535e0Dc33E525734f54c":52.911515019572036,"0x661c70333AA1850CcDBAe82776Bb436A0fCfeEfB":83.18496498502859,"0x6663b6D50992ef4fc0380199397c87C2f5256075":117.70441919328833,"0x668308d77be3533c909a692302Cb4D135Bf8041C":0.0413983396697215,"0x66a1E37c9b0eAddca17d3662D6c05F4DECf3e110":32.78159799093294,"0x674C6Ad92Fd080e4004b2312b45f796a192D27a0":4.192986196781136,"0x677ddbd918637E5F2c79e164D402454dE7dA8619":3.1601384032960427,"0x68749665FF8D2d112Fa859AA293F07A622782F38":20.591089662915046,"0x69000405f9DcE69BD4Cbf4f2865b79144A69BFE0":0.00003845944452335848,"0x6B175474E89094C44Da98b954EedeAC495271d0F":5390.175898430311,"0x6C280dB098dB673d30d5B34eC04B6387185D3620":283.58137880766947,"0x6C5024Cd4F8A59110119C56f8933403A539555EB":125.89127444029052,"0x6C9815826FdF8c7a45cCfEd2064dbaB33a078712":58.91487698007198,"0x6ade6971Ca3d90990C30d39c78b0534C7166e07b":192.20863274228955,"0x6b5204B0Be36771253Cc38e88012E02B752f0f36":152.8204334273845,"0x6c3F90f043a72FA612cbac8115EE7e52BDe6E490":802.8538929046144,"0x6c3ea9036406852006290770BEdFcAbA0e23A0e8":220.69323757253565,"0x6e52cCe4EaFDf77091dD1c82183b2D97b776b397":191.19756095425888,"0x6ef3D766Dfe02Dc4bF04aAe9122EB9A0Ded25615":0.0392264649718488,"0x7223442cad8e9cA474fC40109ab981608F8c4273":87.97532370437975,"0x73968b9a57c6E53d41345FD57a6E6ae27d6CDB2F":96.56445717050802,"0x73A15FeD60Bf67631dC6cd7Bc5B6e8da8190aCF5":708.7082188972117,"0x752B4c6e92d96467fE9b9a2522EF07228E00F87c":53.75303991162244,"0x76237BCfDbe8e06FB774663add96216961df4ff3":35.910251303170604,"0x76Eb2FE28b36B3ee97F3Adae0C69606eeDB2A37c":1186.160540169004,"0x77E06c9eCCf2E797fd462A92B6D7642EF85b0A44":0.2803360521797886,"0x78da5799CF427Fee11e9996982F4150eCe7a99A7":95.49382571100824,"0x7988292D0FB141085c092132e2a70B30aA1eccAB":467.2056838268986,"0x7F17A6C77C3938D235b014818092eb6305BdA110":151.4691946334551,"0x7FA768E035F956c41d6aeaa3Bd857e7E5141CAd5":0.3535878456374346,"0x7ea4aD8C803653498bF6AC1D2dEbc04DCe8Fd2aD":112.01947166591258,