{"0x0000000000085d4780B73119b644AE5ecd22b376":0.008457476811401856,"0x005F893EcD7bF9667195642f7649DA8163e23658":139.70762470101607,"0x0100546F2cD4C9D97f798fFC9755E47865FF7Ee6":159.86065035507502,"0x028171bCA77440897B824Ca71D1c56caC55b68A3":744.696525854819,"0x0316EB71485b0Ab14103307bf65a021042c6d380":61.43393841675478,"0x03ab458634910AaD20eF5f1C8ee96F1D6ac54919":175.06242811741376,"0x04C154b66CB340F3Ae24111CC767e0184Ed00Cc6":261.1543693930665,"0x056Fd409E1d7A124BD7017459dFEa2F387b6d5Cd":497.31391102644886,"0x067079c14B85169e6a29703769dadDef90816f4C":187.22418509954193,"0x075b1bb99792c9E1041bA13afEf80C91a1e70fB3":765.4511723435826,"0x085780639CC2cACd35E474e71f4d000e2405d8f6":1212.5980504120837,"0x09b2E090531228d1b8E3d948C73b990Cb6e60720":496.1327476137454,"0x0E2EC54fC0B509F445631Bf4b91AB8168230C752":0.47156662552958245,"0x0E573Ce2736Dd9637A0b21058352e1667925C7a8":143.06775288656536,"0x0a5E677a6A24b2F1A2Bf4F3bFfC443231d2fDEc8":0.02109595746167839,"0x0bc529c00C6401aEF6D220BE8C6Ea1667F6Ad93e":14.291509218091123,"0x0d86883FAf4FfD7aEb116390af37746F45b6f378":187.31349932051512,"0x0dE54CFdfeD8005176f8b7A9D5438B45c4F1df1e":3.658323179423386,"0x1456688345527bE1f37E9e627DA0837D6f08C925":3.803956331474174,"0x16eAd9a10b1A77007E6E329B076aD1Fe97a6F7C0":64.03354395556383,"0x18084fbA666a33d37592fA2633fD49a74DD93a88":25.195466891071,"0x1830c553dC76d3447B69b7B0dC19CF9e3c739C78":98.58502392086805,"0x183395DbD0B5e93323a7286D1973150697FFFCB3":349.1573160008308,"0x196f4727526eA7FB1e17b2071B3d8eAA38486988":0.7333894274669123,"0x1c48f86ae57291F7686349F12601910BD8D470bb":0.8160869298922107,"0x1ce0D1E19c9514230FF8CD1DAbaC2555fb92122b":0,"0x2260FAC5E5542a773Aa44fBCfeDf7C193bc2C599":324.14944777215135,"0x22CF19EB64226e0E1A79c69b345b31466fD273A7":1.727938509238277,"0x2570f1bD5D2735314FC102eb12Fc1aFe9e6E7193":592.4942106576466,"0x25eC98773D7b4ceD4cAFaB96A2A1c0945f145e10":5.799158689958357,"0x2b01d4FdB87eb7F2399E5D68631d8A939a323786":21.836995246234462,"0x31429d1856aD1377A8A0079410B297e1a9e214c2":468.6486172987181,"0x32bd822d615A3658A68b6fDD30c2fcb2C996D678":64.46561082927961,"0x34635280737b5BFe6c7DC2FC3065D60d66e78185":386.30060498143956,"0x35282d87011f87508D457F08252Bc5bFa52E10A0":98.12424005495656,"0x35D8949372D46B7a3D5A56006AE77B215fc69bC0":1876.0731908135024,"0x35fA164735182de50811E8e2E824cFb9B6118ac2":984.9560366808513,"0x383E6b4437b59fff47B619CBA855CA29342A8559":120.00893275242242,"0x38D64ce1Bdf1A9f24E0Ec469C9cAde61236fB4a0":183.3746615821982,"0x3A283D9c08E8b55966afb64C515f5143cf907611":2365.186997462482,"0x3Ed3B47Dd13EC9a98b44e6204A523E766B225811":1005.6262801981762,"0x401322B9FDdba8c0a8D40fbCECE1D1752C12316B":427.04606735685087,"0x40D16FC0246aD3160Ccc09B8D0D3A2cD28aE6C2f":242.4011647905755,"0x4591DBfF62656E7859Afe5e45f6f47D3669fBB28":464.9706336965072,"0x466a756E9A7401B5e2444a3fCB3c2C12FBEa0a54":1.7795517659292943,"0x48759F220ED983dB51fA7A8C0D2AAb8f3ce4166a":1067.0034063161527,"0x49446A0874197839D15395B908328a74ccc96Bc0":18.768408639820326,"0x4AE86d8732390d852A13cb918463BC6e5775FaDD":85.89489379293087,"0x4D1941a887eC788F059b3bfcC8eE1E97b968825B":12.914747299070386,"0x4Fabb145d64652a948d72533023f6E7A623C7C53":0.029444068649340616,"0x4c9EDD5852cd905f086C759E8383e09bff1E68B3":3585.1674938682927,"0x4de2ab8177fC5fFAFB7aD11FB8BeB1e5fB95F71C":168.74596769774388,"0x4eBdF703948ddCEA3B11f675B4D1Fba9d2414A14":1851.0945315175861,"0x514910771AF9Ca656af840dff83E8264EcF986CA":106.26195545552305,"0x5228a22e72ccC52d415EcFd199F99D0665E7733b":51.88081128212473,"0x5426178799ee0a0181A89b4f57eFddfAb49941Ec":261.7305515260598,"0x5555f75e3d5278082200Fb451D1b6bA946D8e13b":135.90374535818836,"0x57a5a0567187FF4A8dcC1A9bBa86155E355878F2":1.0881105093566257,"0x58efE15C0404aB22F87E4495D71f6f2077e862bE":0.001248567846,"0x5905c0290e59aFBDc42a5480add9bD7B20CB3759":0.1788955150664852,"0x59D9356E565Ab3A36dD77763Fc0d87fEaf85508C":552.0667177061401,"0x5BC25f649fc4e26069dDF4cF4010F9f706c23831":1.6862874171487134,"0x5Be6C45e2d074fAa20700C49aDA3E88a1cc0025d":132.78404723173,"0x5Ca135cB8527d76e932f34B5145575F9d8cbE08E":54.473763831794855,"0x5E8422345238F34275888049021821E8E08CAa1f":15839.481846251972,"0x5b6C539b224014A09B3388e51CaAA8e354c959C8":923.6366452411781,"0x5e74C9036fb86BD7eCdcb084a0673EFc32eA31cb":185.18877205795786,"0x63a0964A36c34E81959da5894ad888800e17405b":26.450543730468606,"0x65D72AA8DA931F047169112fcf34f52DbaAE7D18":133.15884985418103,"0x661c70333AA1850CcDBAe82776Bb436A0fCfeEfB":51.21002842778225,"0x668308d77be3533c909a692302Cb4D135Bf8041C":0.05315355534746728,"0x66a1E37c9b0eAddca17d3662D6c05F4DECf3e110":0.10862067909844969,"0x674C6Ad92Fd080e4004b2312b45f796a192D27a0":2.422418431761003,"0x68749665FF8D2d112Fa859AA293F07A622782F38":19.437048070347604,"0x6B175474E89094C44Da98b954EedeAC495271d0F":2618.154102092348,"0x6C280dB098dB673d30d5B34eC04B6387185D3620":65.48991568473198,"0x6C5024Cd4F8A59110119C56f8933403A539555EB":112.24484039582458,"0x6ade6971Ca3d90990C30d39c78b0534C7166e07b":133.8090040400888,"0x6b5204B0Be36771253Cc38e88012E02B752f0f36":157.37174331177124,"0x6c3F90f043a72FA612cbac8115EE7e52BDe6E490":1400.934311133396,"0x6c3ea9036406852006290770BEdFcAbA0e23A0e8":825.7675945885392,"0x6e52cCe4EaFDf77091dD1c82183b2D97b776b397":183.07446547445787,"0x6ef3D766Dfe02Dc4bF04aAe9122EB9A0Ded25615":0.027539483295854206,"0x73968b9a57c6E53d41345FD57a6E6ae27d6CDB2F":83.66423277345645,"0x73A15FeD60Bf67631dC6cd7Bc5B6e8da8190aCF5":5759.454031246164,"0x76237BCfDbe8e06FB774663add96216961df4ff3":20.651075671870725,"0x76Eb2FE28b36B3ee97F3Adae0C69606eeDB2A37c":732.0875026568516,"0x77E06c9eCCf2E797fd462A92B6D7642EF85b0A44":0.68396251924,"0x78da5799CF427Fee11e9996982F4150eCe7a99A7":59.019256039888525,"0x7F17A6C77C3938D235b014818092eb6305BdA110":55.902032124574156,"0x7F86Bf177Dd4F3494b841a37e810A34dD56c829B":4335.206891693146,"0x7FA768E035F956c41d6aeaa3Bd857e7E5141CAd5":0.45652253565130235,"0x7ea4aD8C803653498bF6AC1D2dEbc04DCe8Fd2aD":122.89474865265495,"0x7f39C581F595B53c5cb19bD0b3f8dA6c935E2Ca0":998.8455323809515,"0x8064d9Ae6cDf087b1bcd5BDf3531bD5d8C537a68":71.63496388396455,"0x80d69e79258FE9D056c822461c4eb0B4ca8802E2":0.25905118328212406,"0x826180541412D574cf1336d22c0C0a287822678A":220.563324688524,"0x830614aE209FF9d8706d386fcdBc7a55206fcffC":54.60721907203101,"0x83F20F44975D03b1b09e64809B757c47f942BEeA":2797.039334865077,"0x84CeCB5525c6B1C20070E742da870062E84Da178":23.62113182454016,"0x853d955aCEf822Db058eb8505911ED77F175b99e":1200.6189980324998,"0x856c4Efb76C1D1AE02e20CEB03A2A6a08b0b8dC3":1.6919640453549936,"0x865377367054516e17014CcdED1e7d814EDC9ce4":700.1215356795086,"0x8682Fbf0CbF312C891532BA9F1A91e44f81ad7DF":487.0204646475558,"0x8C0D76C9B18779665475F3E212D9Ca1Ed6A1A0e6":555.1886541561834,"0x8C88538688aca3b733aD08b12BEe4574c0C00907":312.9357945556462,"0x8Cd52ee292313C4D851e71A7064F096504aB3eE9":4.951778153216503,"0x8c9532a60E0E7C6BbD2B2c1303F63aCE1c3E9811":1.1018621017246468,"0x8dAEBADE922dF735c38C80C7eBD708Af50815fAa":16.57475611460332,"0x8e595470Ed749b85C6F7669de83EAe304C2ec68F":20.487700338696385,"0x917ceE801a67f933F2e6b33fC0cD1ED2d5909D88":440.83014261284455,"0x9181f633E9B9F15A32d5e37094F4C93b333e0E92":1.0861323779929242,"0x922406EAFC3CcEb32b0256F287fB977c426EDbd8":0.029080337758078095,"0x954313005C56b555bdC41B84D6c63B69049d7847":447.392037243927,"0x9559Aaa82d9649C7A7b220E7c461d2E74c9a3593":185.75276641378716,"0x95710BDE45C8D384A976Cc58Cc7a7e489576b098":2.296590740612733,"0x961D4921e1718E633BAC8Ded88c4a1cAe44b785a":922.010170890641,"0x9961BdBE8B7091E584c2bF9D0a160C583f564A8c":394.82477603201096,"0x99D8a9C45b2ecA8864373A26D1459e3Dff1e17F3":73.85886500172815,"0x9BE89D2a4cd102D8Fecc6BF9dA793be995C22541":685.0083104556458,"0x9D39A5DE30e57443BfF2A8307A4256c8797A3497":2841.5632913882514,"0x9EEAD9ce15383CaEED975427340b3A369410CFBF":7.021112661399474,"0x9FeE65D5A627e73212989c8BbEdC5Fa5Cae3821F":16.834902085037513,"0x9b77bd0a665F05995b68e36fC1053AFFfAf0d4B5":10.605121727931943,"0xA0b86991c6218b36c1d19D4a2e9Eb0cE3606eB48":6867.139072952688,"0xA0d69E286B938e21CBf7E51D71F6A4c8918f482F":1056.2694524292504,