{"0x0000000000085d4780B73119b644AE5ecd22b376":0.008477472127779164,"0x005F893EcD7bF9667195642f7649DA8163e23658":194.9872063517773,"0x0100546F2cD4C9D97f798fFC9755E47865FF7Ee6":185.50662160334335,"0x028171bCA77440897B824Ca71D1c56caC55b68A3":793.8092130743972,"0x0316EB71485b0Ab14103307bf65a021042c6d380":64.84276676080063,"0x03ab458634910AaD20eF5f1C8ee96F1D6ac54919":179.01552649344953,"0x04C154b66CB340F3Ae24111CC767e0184Ed00Cc6":387.36134139649477,"0x056Fd409E1d7A124BD7017459dFEa2F387b6d5Cd":389.0156632091441,"0x075b1bb99792c9E1041bA13afEf80C91a1e70fB3":306.00112414467145,"0x085780639CC2cACd35E474e71f4d000e2405d8f6":727.1766310395316,"0x0E2EC54fC0B509F445631Bf4b91AB8168230C752":0.4715309259275036,"0x0E573Ce2736Dd9637A0b21058352e1667925C7a8":143.68794073449817,"0x0a5E677a6A24b2F1A2Bf4F3bFfC443231d2fDEc8":0.049439059353649686,"0x0bc529c00C6401aEF6D220BE8C6Ea1667F6Ad93e":12.471167548820537,"0x0d86883FAf4FfD7aEb116390af37746F45b6f378":190.06803081002747,"0x0dE54CFdfeD8005176f8b7A9D5438B45c4F1df1e":5.841839099065916,"0x1456688345527bE1f37E9e627DA0837D6f08C925":2.4833030982599547,"0x16eAd9a10b1A77007E6E329B076aD1Fe97a6F7C0":74.71454097520923,"0x18084fbA666a33d37592fA2633fD49a74DD93a88":11.650995913114004,"0x1830c553dC76d3447B69b7B0dC19CF9e3c739C78":112.52622453391706,"0x183395DbD0B5e93323a7286D1973150697FFFCB3":380.283738160016,"0x196f4727526eA7FB1e17b2071B3d8eAA38486988":2.52741297386684,"0x1c48f86ae57291F7686349F12601910BD8D470bb":0.02472235831867592,"0x1ce0D1E19c9514230FF8CD1DAbaC2555fb92122b":0,"0x2191DF768ad71140F9F3E96c1e4407A4aA31d082":5.8761238355447345,"0x2260FAC5E5542a773Aa44fBCfeDf7C193bc2C599":352.6853629100359,"0x2302aaBe69e6E7A1b0Aa23aAC68fcCB8A4D2B460":135.21392874534277,"0x2570f1bD5D2735314FC102eb12Fc1aFe9e6E7193":806.5752529419661,"0x25eC98773D7b4ceD4cAFaB96A2A1c0945f145e10":0,"0x2889302a794dA87fBF1D6Db415C1492194663D13":450.14751776689167,"0x2b01d4FdB87eb7F2399E5D68631d8A939a323786":17.873207309439625,"0x31429d1856aD1377A8A0079410B297e1a9e214c2":480.7166363306254,"0x32bd822d615A3658A68b6fDD30c2fcb2C996D678":68.49176443404282,"0x34635280737b5BFe6c7DC2FC3065D60d66e78185":407.1544988895657,"0x35282d87011f87508D457F08252Bc5bFa52E10A0":116.0958038400152,"0x35D8949372D46B7a3D5A56006AE77B215fc69bC0":504.103413171273,"0x35fA164735182de50811E8e2E824cFb9B6118ac2":1114.8953183977728,"0x383E6b4437b59fff47B619CBA855CA29342A8559":156.1831179260983,"0x38D64ce1Bdf1A9f24E0Ec469C9cAde61236fB4a0":235.42108195152124,"0x3A283D9c08E8b55966afb64C515f5143cf907611":2829.4474271357853,"0x3Ed3B47Dd13EC9a98b44e6204A523E766B225811":339.7032238373459,"0x3f0e7916681452D23Cd36B1281457DA721F2E5dF":9.990995353685848,"0x401322B9FDdba8c0a8D40fbCECE1D1752C12316B":458.84801052851617,"0x40D16FC0246aD3160Ccc09B8D0D3A2cD28aE6C2f":625.105085604457,"0x4591DBfF62656E7859Afe5e45f6f47D3669fBB28":233.44305100267772,"0x4647B6D835f3B393C7A955df51EEfcf0db961606":399.81481660428483,"0x466a756E9A7401B5e2444a3fCB3c2C12FBEa0a54":2.2750500792144943,"0x48759F220ED983dB51fA7A8C0D2AAb8f3ce4166a":1547.7135070641282,"0x49446A0874197839D15395B908328a74ccc96Bc0":19.510201709305814,"0x4AE86d8732390d852A13cb918463BC6e5775FaDD":127.97623447511415,"0x4Fabb145d64652a948d72533023f6E7A623C7C53":0.027778989040989063,"0x4c9EDD5852cd905f086C759E8383e09bff1E68B3":4536.962384828641,"0x4de2ab8177fC5fFAFB7aD11FB8BeB1e5fB95F71C":205.90071123373676,"0x4eBdF703948ddCEA3B11f675B4D1Fba9d2414A14":966.8348923566288,"0x514910771AF9Ca656af840dff83E8264EcF986CA":109.95505144728465,"0x5228a22e72ccC52d415EcFd199F99D0665E7733b":54.88955907397451,"0x5426178799ee0a0181A89b4f57eFddfAb49941Ec":268.2790195443626,"0x5555f75e3d5278082200Fb451D1b6bA946D8e13b":19.53078003221709,"0x57a5a0567187FF4A8dcC1A9bBa86155E355878F2":1.1754838090439597,"0x58efE15C0404aB22F87E4495D71f6f2077e862bE":0.0012479098507451579,"0x5905c0290e59aFBDc42a5480add9bD7B20CB3759":0.17880123713004517,"0x59D9356E565Ab3A36dD77763Fc0d87fEaf85508C":581.4445550505311,"0x5BC25f649fc4e26069dDF4cF4010F9f706c23831":0.6992354535744534,"0x5Be6C45e2d074fAa20700C49aDA3E88a1cc0025d":580.2028268520276,"0x5Ca135cB8527d76e932f34B5145575F9d8cbE08E":53.04194026105635,"0x5E8422345238F34275888049021821E8E08CAa1f":17331.158134087942,"0x5e74C9036fb86BD7eCdcb084a0673EFc32eA31cb":207.7432243343048,"0x6359B6d3e327c497453d4376561eE276c6933323":271.8246056478526,"0x63a0964A36c34E81959da5894ad888800e17405b":39.59882145613314,"0x65D72AA8DA931F047169112fcf34f52DbaAE7D18":130.3042239987831,"0x661c70333AA1850CcDBAe82776Bb436A0fCfeEfB":54.601671907392266,"0x6663b6D50992ef4fc0380199397c87C2f5256075":2.139027291033281,"0x668308d77be3533c909a692302Cb4D135Bf8041C":0.05745470361212345,"0x66a1E37c9b0eAddca17d3662D6c05F4DECf3e110":3.199197086655744,"0x674C6Ad92Fd080e4004b2312b45f796a192D27a0":1.3377011443514493,"0x68749665FF8D2d112Fa859AA293F07A622782F38":17.81814443155542,"0x6B175474E89094C44Da98b954EedeAC495271d0F":3437.8215216125673,"0x6C280dB098dB673d30d5B34eC04B6387185D3620":68.63215230126656,"0x6C5024Cd4F8A59110119C56f8933403A539555EB":122.26660917078861,"0x6C9815826FdF8c7a45cCfEd2064dbaB33a078712":10.545051217520209,"0x6ade6971Ca3d90990C30d39c78b0534C7166e07b":181.12056455381583,"0x6b5204B0Be36771253Cc38e88012E02B752f0f36":154.0786212388744,"0x6c3F90f043a72FA612cbac8115EE7e52BDe6E490":1204.2261318177184,"0x6c3ea9036406852006290770BEdFcAbA0e23A0e8":856.9472880997694,"0x6ef3D766Dfe02Dc4bF04aAe9122EB9A0Ded25615":0.08714966549918275,"0x7223442cad8e9cA474fC40109ab981608F8c4273":1.840931213788017,"0x73968b9a57c6E53d41345FD57a6E6ae27d6CDB2F":109.20166451183755,"0x73A15FeD60Bf67631dC6cd7Bc5B6e8da8190aCF5":2534.1109452316978,"0x76237BCfDbe8e06FB774663add96216961df4ff3":19.178096009785307,"0x76Eb2FE28b36B3ee97F3Adae0C69606eeDB2A37c":769.000800486444,"0x77E06c9eCCf2E797fd462A92B6D7642EF85b0A44":1.01023085758,"0x78da5799CF427Fee11e9996982F4150eCe7a99A7":63.58391308435517,"0x7988292D0FB141085c092132e2a70B30aA1eccAB":472.4681142895243,"0x7F17A6C77C3938D235b014818092eb6305BdA110":55.89303827432086,"0x7F86Bf177Dd4F3494b841a37e810A34dD56c829B":2931.2286749297527,"0x7FA768E035F956c41d6aeaa3Bd857e7E5141CAd5":0.49326373864137874,"0x7ea4aD8C803653498bF6AC1D2dEbc04DCe8Fd2aD":299.60021883575064,"0x7f39C581F595B53c5cb19bD0b3f8dA6c935E2Ca0":1357.904493621684,"0x8064d9Ae6cDf087b1bcd5BDf3531bD5d8C537a68":76.82294471294082,"0x80d69e79258FE9D056c822461c4eb0B4ca8802E2":0.2574299743921879,"0x826180541412D574cf1336d22c0C0a287822678A":248.02707042017246,"0x830614aE209FF9d8706d386fcdBc7a55206fcffC":59.23767681198282,"0x83F20F44975D03b1b09e64809B757c47f942BEeA":2315.9406667440912,"0x84CeCB5525c6B1C20070E742da870062E84Da178":18.085231988766406,"0x853d955aCEf822Db058eb8505911ED77F175b99e":2108.7458581317746,"0x856c4Efb76C1D1AE02e20CEB03A2A6a08b0b8dC3":1.9196926939514796,"0x865377367054516e17014CcdED1e7d814EDC9ce4":596.9667664043346,"0x8C0D76C9B18779665475F3E212D9Ca1Ed6A1A0e6":766.9626970488499,"0x8Cd52ee292313C4D851e71A7064F096504aB3eE9":48.6956221790415,"0x8E870D67F660D95d5be530380D0eC0bd388289E1":0.007676933965674135,"0x8c9532a60E0E7C6BbD2B2c1303F63aCE1c3E9811":1.185300642167712,"0x8dAEBADE922dF735c38C80C7eBD708Af50815fAa":16.59478073276838,"0x8e595470Ed749b85C6F7669de83EAe304C2ec68F":42.789899841527216,"0x917ceE801a67f933F2e6b33fC0cD1ED2d5909D88":542.5942120269748,"0x9181f633E9B9F15A32d5e37094F4C93b333e0E92":1.173358272074103,"0x922406EAFC3CcEb32b0256F287fB977c426EDbd8":0.02910941809583617,"0x954313005C56b555bdC41B84D6c63B69049d7847":476.8096105291983,"0x9559Aaa82d9649C7A7b220E7c461d2E74c9a3593":197.93087999426868,"0x95710BDE45C8D384A976Cc58Cc7a7e489576b098":2.329159827356349,"0x961D4921e1718E633BAC8Ded88c4a1cAe44b785a":1054.632923377934,"0x9961BdBE8B7091E584c2bF9D0a160C583f564A8c":400.5826446114213,"0x99D8a9C45b2ecA8864373A26D1459e3Dff1e17F3":17.53445442402217,"0x9BE89D2a4cd102D8Fecc6BF9dA793be995C22541":250.67699848887852,"0x9D39A5DE30e57443BfF2A8307A4256c8797A3497":1782.0515385281703,"0x9EEAD9ce15383CaEED975427340b3A369410CFBF":15.340214292385387,"0x9b77bd0a665F05995b68e36fC1053AFFfAf0d4B5":8.922076745824759,