{"0x0000000000085d4780B73119b644AE5ecd22b376":0.008477472127779164,"0x005F893EcD7bF9667195642f7649DA8163e23658":195.74984909597697,"0x0100546F2cD4C9D97f798fFC9755E47865FF7Ee6":460.88290617717075,"0x028171bCA77440897B824Ca71D1c56caC55b68A3":819.5587510584396,"0x0316EB71485b0Ab14103307bf65a021042c6d380":0.022544285176673996,"0x03ab458634910AaD20eF5f1C8ee96F1D6ac54919":196.30713094251684,"0x04C154b66CB340F3Ae24111CC767e0184Ed00Cc6":427.34219068092114,"0x056Fd409E1d7A124BD7017459dFEa2F387b6d5Cd":288.28536951132287,"0x067079c14B85169e6a29703769dadDef90816f4C":412.7476371087224,"0x075b1bb99792c9E1041bA13afEf80C91a1e70fB3":342.7551456616663,"0x085780639CC2cACd35E474e71f4d000e2405d8f6":685.9066305717182,"0x0E2EC54fC0B509F445631Bf4b91AB8168230C752":0.47149447732570876,"0x0E573Ce2736Dd9637A0b21058352e1667925C7a8":146.70526320668637,"0x0a5E677a6A24b2F1A2Bf4F3bFfC443231d2fDEc8":0.06254617814196645,"0x0bc529c00C6401aEF6D220BE8C6Ea1667F6Ad93e":23.51493635001455,"0x0d86883FAf4FfD7aEb116390af37746F45b6f378":268.2344839389954,"0x0dE54CFdfeD8005176f8b7A9D5438B45c4F1df1e":3.8752428438498714,"0x137469B55D1f15651BA46A89D0588e97dD0B6562":2.7221157686182362,"0x1456688345527bE1f37E9e627DA0837D6f08C925":5.177711306769648,"0x15700B564Ca08D9439C58cA5053166E8317aa138":233.50037418286678,"0x16eAd9a10b1A77007E6E329B076aD1Fe97a6F7C0":130.6865291777968,"0x18084fbA666a33d37592fA2633fD49a74DD93a88":2.434638661491,"0x1830c553dC76d3447B69b7B0dC19CF9e3c739C78":116.84435201748062,"0x183395DbD0B5e93323a7286D1973150697FFFCB3":356.2895505673137,"0x196f4727526eA7FB1e17b2071B3d8eAA38486988":1.2677761842336868,"0x1aBaEA1f7C830bD89Acc67eC4af516284b1bC33c":494.73497093999754,"0x1c48f86ae57291F7686349F12601910BD8D470bb":0.13612864936013547,"0x1ce0D1E19c9514230FF8CD1DAbaC2555fb92122b":0,"0x2191DF768ad71140F9F3E96c1e4407A4aA31d082":14.680146888381024,"0x2260FAC5E5542a773Aa44fBCfeDf7C193bc2C599":13.245304662277464,"0x22CF19EB64226e0E1A79c69b345b31466fD273A7":1.4505247002692552,"0x2302aaBe69e6E7A1b0Aa23aAC68fcCB8A4D2B460":173.1807281164896,"0x2570f1bD5D2735314FC102eb12Fc1aFe9e6E7193":120.99421559196973,"0x25eC98773D7b4ceD4cAFaB96A2A1c0945f145e10":5.86884474184468,"0x2889302a794dA87fBF1D6Db415C1492194663D13":1116.3950758572003,"0x29059568bB40344487d62f7450E78b8E6C74e0e5":380.860971274293,"0x2b01d4FdB87eb7F2399E5D68631d8A939a323786":20.840426614096696,"0x31429d1856aD1377A8A0079410B297e1a9e214c2":449.594139240304,"0x32bd822d615A3658A68b6fDD30c2fcb2C996D678":80.87772070882528,"0x34635280737b5BFe6c7DC2FC3065D60d66e78185":309.70155147920883,"0x35282d87011f87508D457F08252Bc5bFa52E10A0":157.87994586999,"0x35D8949372D46B7a3D5A56006AE77B215fc69bC0":818.178463682171,"0x35fA164735182de50811E8e2E824cFb9B6118ac2":1134.3931824082088,"0x365AccFCa291e7D3914637ABf1F7635dB165Bb09":352.4700937903058,"0x383E6b4437b59fff47B619CBA855CA29342A8559":175.35100035730323,"0x38D64ce1Bdf1A9f24E0Ec469C9cAde61236fB4a0":274.02571302043606,"0x393DaD6c76D962Abba489a77dBf37ae948A4A6ee":175.73959118010958,"0x3A2725556Dde7B21fBe3dD64A4913ff29faba6A1":0.0367939886953509,"0x3A283D9c08E8b55966afb64C515f5143cf907611":6840.638598142075,"0x3Ed3B47Dd13EC9a98b44e6204A523E766B225811":0.00009209199999999998,"0x3f0e7916681452D23Cd36B1281457DA721F2E5dF":28.35597961699693,"0x40D16FC0246aD3160Ccc09B8D0D3A2cD28aE6C2f":859.7663677486075,"0x4591DBfF62656E7859Afe5e45f6f47D3669fBB28":369.0092511072343,"0x4647B6D835f3B393C7A955df51EEfcf0db961606":531.7701062139213,"0x466a756E9A7401B5e2444a3fCB3c2C12FBEa0a54":7.505026316444505,"0x48759F220ED983dB51fA7A8C0D2AAb8f3ce4166a":1575.6583315856633,"0x49446A0874197839D15395B908328a74ccc96Bc0":29.123568208641334,"0x4AE86d8732390d852A13cb918463BC6e5775FaDD":134.13916706675673,"0x4D1941a887eC788F059b3bfcC8eE1E97b968825B":15.216644064450445,"0x4Fabb145d64652a948d72533023f6E7A623C7C53":0.035139774450101316,"0x4c9EDD5852cd905f086C759E8383e09bff1E68B3":8784.543055254384,"0x4eBdF703948ddCEA3B11f675B4D1Fba9d2414A14":3635.808948690618,"0x514910771AF9Ca656af840dff83E8264EcF986CA":114.71105100211133,"0x5228a22e72ccC52d415EcFd199F99D0665E7733b":61.28628712364296,"0x5426178799ee0a0181A89b4f57eFddfAb49941Ec":88.99958586382083,"0x5555f75e3d5278082200Fb451D1b6bA946D8e13b":96.50876864464631,"0x57a5a0567187FF4A8dcC1A9bBa86155E355878F2":1.1289244845366846,"0x58efE15C0404aB22F87E4495D71f6f2077e862bE":0.001248567846,"0x5905c0290e59aFBDc42a5480add9bD7B20CB3759":0.2010895399495039,"0x59D9356E565Ab3A36dD77763Fc0d87fEaf85508C":628.0425105735987,"0x5BC25f649fc4e26069dDF4cF4010F9f706c23831":2.7152121177357844,"0x5Be6C45e2d074fAa20700C49aDA3E88a1cc0025d":214.16231597405275,"0x5Ca135cB8527d76e932f34B5145575F9d8cbE08E":55.865630707245174,"0x5E8422345238F34275888049021821E8E08CAa1f":16823.367013544073,"0x5Ea630e00D6eE438d3deA1556A110359ACdc10A9":431.42975882121607,"0x5e74C9036fb86BD7eCdcb084a0673EFc32eA31cb":208.0434155864122,"0x62B9c7356A2Dc64a1969e19C23e4f579F9810Aa7":269.63875878517877,"0x6359B6d3e327c497453d4376561eE276c6933323":300.3600907979729,"0x63a0964A36c34E81959da5894ad888800e17405b":172.3397293585553,"0x65D72AA8DA931F047169112fcf34f52DbaAE7D18":149.10414200810868,"0x65f228ED6a6001eD6485535e0Dc33E525734f54c":60.34851130771248,"0x661c70333AA1850CcDBAe82776Bb436A0fCfeEfB":66.5719842359595,"0x6663b6D50992ef4fc0380199397c87C2f5256075":41.2970472048724,"0x668308d77be3533c909a692302Cb4D135Bf8041C":0.05533540690729538,"0x66a1E37c9b0eAddca17d3662D6c05F4DECf3e110":19.1906964195332,"0x674C6Ad92Fd080e4004b2312b45f796a192D27a0":3.389602925034734,"0x677ddbd918637E5F2c79e164D402454dE7dA8619":0.19192570237248574,"0x68749665FF8D2d112Fa859AA293F07A622782F38":19.804504881782915,"0x6B175474E89094C44Da98b954EedeAC495271d0F":4824.812653476749,"0x6C280dB098dB673d30d5B34eC04B6387185D3620":66.2851410115687,"0x6C5024Cd4F8A59110119C56f8933403A539555EB":125.91484769148914,"0x6C9815826FdF8c7a45cCfEd2064dbaB33a078712":19.537446274740258,"0x6b5204B0Be36771253Cc38e88012E02B752f0f36":237.02253937310206,"0x6c3F90f043a72FA612cbac8115EE7e52BDe6E490":1130.4538851747272,"0x6c3ea9036406852006290770BEdFcAbA0e23A0e8":853.4911165536943,"0x6e52cCe4EaFDf77091dD1c82183b2D97b776b397":846.790682106543,"0x6ef3D766Dfe02Dc4bF04aAe9122EB9A0Ded25615":0.08385933221184363,"0x7223442cad8e9cA474fC40109ab981608F8c4273":65.1660351948599,"0x73968b9a57c6E53d41345FD57a6E6ae27d6CDB2F":112.89358214757121,"0x73A15FeD60Bf67631dC6cd7Bc5B6e8da8190aCF5":1691.4850861834148,"0x76237BCfDbe8e06FB774663add96216961df4ff3":26.74011973280802,"0x76Eb2FE28b36B3ee97F3Adae0C69606eeDB2A37c":840.4340076353199,"0x77E06c9eCCf2E797fd462A92B6D7642EF85b0A44":0.07375049221175937,"0x78da5799CF427Fee11e9996982F4150eCe7a99A7":92.29617183624738,"0x7F17A6C77C3938D235b014818092eb6305BdA110":106.80412904642239,"0x7F86Bf177Dd4F3494b841a37e810A34dD56c829B":3571.626290765861,"0x7FA768E035F956c41d6aeaa3Bd857e7E5141CAd5":0.47498847097234836,"0x7ea4aD8C803653498bF6AC1D2dEbc04DCe8Fd2aD":487.6344888864626,"0x7f39C581F595B53c5cb19bD0b3f8dA6c935E2Ca0":2486.4860312746277,"0x8064d9Ae6cDf087b1bcd5BDf3531bD5d8C537a68":83.88736758619332,"0x808507121B80c02388fAd14726482e061B8da827":321.0095476122196,"0x80d69e79258FE9D056c822461c4eb0B4ca8802E2":0.24773780848512986,"0x826180541412D574cf1336d22c0C0a287822678A":234.14161299688757,"0x830614aE209FF9d8706d386fcdBc7a55206fcffC":63.5224570453317,"0x83F20F44975D03b1b09e64809B757c47f942BEeA":7566.949600516486,"0x84CeCB5525c6B1C20070E742da870062E84Da178":23.728229224878127,"0x853d955aCEf822Db058eb8505911ED77F175b99e":2821.673238402858,"0x856c4Efb76C1D1AE02e20CEB03A2A6a08b0b8dC3":0.6412592959314393,"0x865377367054516e17014CcdED1e7d814EDC9ce4":293.12033753222516,"0x8C0D76C9B18779665475F3E212D9Ca1Ed6A1A0e6":427.1464937127404,"0x8C88538688aca3b733aD08b12BEe4574c0C00907":504.2678649853318,"0x8Cd52ee292313C4D851e71A7064F096504aB3eE9":73.88172398014682,"0x8E870D67F660D95d5be530380D0eC0bd388289E1":0.10386785383024753,"0x8c9532a60E0E7C6BbD2B2c1303F63aCE1c3E9811":16.995220315256148,"0x8dAEBADE922dF735c38C80C7eBD708Af50815fAa":19.9785966501004,"0x8e595470Ed749b85C6F7669de83EAe304C2ec68F":11.53989871775836,