{"0x0000000000085d4780B73119b644AE5ecd22b376":211.954113160456,"0x0000000016E6Cb3038203c1129c8B4aEE7af7a11":1.7018501627546803,"0x005F893EcD7bF9667195642f7649DA8163e23658":154.71657744362238,"0x0100546F2cD4C9D97f798fFC9755E47865FF7Ee6":357.2023521598891,"0x028171bCA77440897B824Ca71D1c56caC55b68A3":1188.8914901192977,"0x0316EB71485b0Ab14103307bf65a021042c6d380":0.025955176878444532,"0x03ab458634910AaD20eF5f1C8ee96F1D6ac54919":242.65056342745402,"0x04C154b66CB340F3Ae24111CC767e0184Ed00Cc6":224.71391173273568,"0x051d7e5609917Bd9b73f04BAc0DED8Dd46a74301":346.75519895180645,"0x056Fd409E1d7A124BD7017459dFEa2F387b6d5Cd":259.21592579351784,"0x067079c14B85169e6a29703769dadDef90816f4C":476.7011451093763,"0x075b1bb99792c9E1041bA13afEf80C91a1e70fB3":550.8338852237622,"0x085780639CC2cACd35E474e71f4d000e2405d8f6":375.17645950334054,"0x09db87A538BD693E9d08544577d5cCfAA6373A48":68.41296375012277,"0x0E2EC54fC0B509F445631Bf4b91AB8168230C752":0.4723510185815177,"0x0E573Ce2736Dd9637A0b21058352e1667925C7a8":136.13943182949697,"0x0a5E677a6A24b2F1A2Bf4F3bFfC443231d2fDEc8":0.07899503779195666,"0x0bc529c00C6401aEF6D220BE8C6Ea1667F6Ad93e":18.60794376906677,"0x0d86883FAf4FfD7aEb116390af37746F45b6f378":283.77551335049844,"0x0dE54CFdfeD8005176f8b7A9D5438B45c4F1df1e":5.8521251334213344,"0x137469B55D1f15651BA46A89D0588e97dD0B6562":207.10444646087456,"0x1456688345527bE1f37E9e627DA0837D6f08C925":0.20536043877039917,"0x15700B564Ca08D9439C58cA5053166E8317aa138":37.016006246771425,"0x16eAd9a10b1A77007E6E329B076aD1Fe97a6F7C0":157.34310786691623,"0x18084fbA666a33d37592fA2633fD49a74DD93a88":13.956214361422676,"0x1830c553dC76d3447B69b7B0dC19CF9e3c739C78":81.81123220444049,"0x183395DbD0B5e93323a7286D1973150697FFFCB3":438.1717004457131,"0x196f4727526eA7FB1e17b2071B3d8eAA38486988":2.5686698511620194,"0x1BED97CBC3c24A4fb5C069C6E311a967386131f7":255.56982136717272,"0x1aBaEA1f7C830bD89Acc67eC4af516284b1bC33c":113.17389277340605,"0x1c48f86ae57291F7686349F12601910BD8D470bb":0.32356399116416273,"0x1ce0D1E19c9514230FF8CD1DAbaC2555fb92122b":0,"0x2191DF768ad71140F9F3E96c1e4407A4aA31d082":25.7636675572082,"0x2260FAC5E5542a773Aa44fBCfeDf7C193bc2C599":13.059565119300327,"0x2302aaBe69e6E7A1b0Aa23aAC68fcCB8A4D2B460":110.12544724209806,"0x2570f1bD5D2735314FC102eb12Fc1aFe9e6E7193":1.3770916511493563,"0x25eC98773D7b4ceD4cAFaB96A2A1c0945f145e10":0,"0x2889302a794dA87fBF1D6Db415C1492194663D13":202.63668059173142,"0x29059568bB40344487d62f7450E78b8E6C74e0e5":457.9244973261869,"0x2b01d4FdB87eb7F2399E5D68631d8A939a323786":237.36723737758675,"0x3175Df0976dFA876431C2E9eE6Bc45b65d3473CC":0.000038851151136857544,"0x3231Cb76718CDeF2155FC47b5286d82e6eDA273f":330.2202699656647,"0x32bd822d615A3658A68b6fDD30c2fcb2C996D678":278.7471462706107,"0x3432B6A60D23Ca0dFCa7761B7ab56459D9C964D0":281.29198168564966,"0x34635280737b5BFe6c7DC2FC3065D60d66e78185":220.84752917868823,"0x35282d87011f87508D457F08252Bc5bFa52E10A0":157.78056387081085,"0x35D8949372D46B7a3D5A56006AE77B215fc69bC0":600.377877515944,"0x35fA164735182de50811E8e2E824cFb9B6118ac2":921.9141368822226,"0x365AccFCa291e7D3914637ABf1F7635dB165Bb09":443.112162680584,"0x383E6b4437b59fff47B619CBA855CA29342A8559":192.29911720285241,"0x38D64ce1Bdf1A9f24E0Ec469C9cAde61236fB4a0":223.04987776168605,"0x393DaD6c76D962Abba489a77dBf37ae948A4A6ee":129.2100897082131,"0x3A2725556Dde7B21fBe3dD64A4913ff29faba6A1":0.028207077729711486,"0x3A283D9c08E8b55966afb64C515f5143cf907611":1039.7589243969644,"0x3Ed3B47Dd13EC9a98b44e6204A523E766B225811":4.438081446,"0x3f0e7916681452D23Cd36B1281457DA721F2E5dF":11.655584802606159,"0x401322B9FDdba8c0a8D40fbCECE1D1752C12316B":276.351248205573,"0x40D16FC0246aD3160Ccc09B8D0D3A2cD28aE6C2f":144.46268806616146,"0x4591DBfF62656E7859Afe5e45f6f47D3669fBB28":205.31351493361666,"0x4647B6D835f3B393C7A955df51EEfcf0db961606":115.01330011480678,"0x466a756E9A7401B5e2444a3fCB3c2C12FBEa0a54":47.27703949178607,"0x48759F220ED983dB51fA7A8C0D2AAb8f3ce4166a":2398.33979820922,"0x49446A0874197839D15395B908328a74ccc96Bc0":31.660753083847997,"0x4D1941a887eC788F059b3bfcC8eE1E97b968825B":301.14689310212685,"0x4DEcE678ceceb27446b35C672dC7d61F30bAD69E":442.5516416996993,"0x4Fabb145d64652a948d72533023f6E7A623C7C53":0.03960168225462793,"0x4c9EDD5852cd905f086C759E8383e09bff1E68B3":614.6664480440422,"0x4de2ab8177fC5fFAFB7aD11FB8BeB1e5fB95F71C":403.25952141852383,"0x4eBdF703948ddCEA3B11f675B4D1Fba9d2414A14":171.05523800664938,"0x514910771AF9Ca656af840dff83E8264EcF986CA":83.76314348255232,"0x5228a22e72ccC52d415EcFd199F99D0665E7733b":55.04752919408121,"0x5271045F7B73c17825A7A7aee6917eE46b0B7520":189.6463714691597,"0x527331F3F550f6f85ACFEcAB9Cc0889180C6f1d5":270.8240268634107,"0x5426178799ee0a0181A89b4f57eFddfAb49941Ec":20.781878528385842,"0x5555f75e3d5278082200Fb451D1b6bA946D8e13b":114.19383218773527,"0x57Ab1ec28D129707052df4dF418D58a2D46d5f51":153.46201197788932,"0x57a5a0567187FF4A8dcC1A9bBa86155E355878F2":0.8049297854278912,"0x58efE15C0404aB22F87E4495D71f6f2077e862bE":0.0012523135495379999,"0x5905c0290e59aFBDc42a5480add9bD7B20CB3759":0.17844660761244296,"0x59D9356E565Ab3A36dD77763Fc0d87fEaf85508C":172.91017452880345,"0x5BC25f649fc4e26069dDF4cF4010F9f706c23831":3.1101485688426727,"0x5Be6C45e2d074fAa20700C49aDA3E88a1cc0025d":86.65746166470491,"0x5Ca135cB8527d76e932f34B5145575F9d8cbE08E":53.88305500880113,"0x5E8422345238F34275888049021821E8E08CAa1f":13623.895764580822,"0x5Ea630e00D6eE438d3deA1556A110359ACdc10A9":271.7694035259039,"0x5e74C9036fb86BD7eCdcb084a0673EFc32eA31cb":3.9063810291522616,"0x6359B6d3e327c497453d4376561eE276c6933323":246.020981861842,"0x63a0964A36c34E81959da5894ad888800e17405b":255.81389362365945,"0x65D72AA8DA931F047169112fcf34f52DbaAE7D18":346.74696221031354,"0x65f228ED6a6001eD6485535e0Dc33E525734f54c":47.39979247854629,"0x661c70333AA1850CcDBAe82776Bb436A0fCfeEfB":78.57740463203308,"0x6663b6D50992ef4fc0380199397c87C2f5256075":89.14141137932744,"0x668308d77be3533c909a692302Cb4D135Bf8041C":0.04249945957415407,"0x66a1E37c9b0eAddca17d3662D6c05F4DECf3e110":26.496742633659544,"0x674C6Ad92Fd080e4004b2312b45f796a192D27a0":0.6153341476800136,"0x677ddbd918637E5F2c79e164D402454dE7dA8619":3.3880341353260834,"0x68749665FF8D2d112Fa859AA293F07A622782F38":17.059456608918598,"0x69000405f9DcE69BD4Cbf4f2865b79144A69BFE0":0.000038904513700028755,"0x6B175474E89094C44Da98b954EedeAC495271d0F":997.6935725381227,"0x6C5024Cd4F8A59110119C56f8933403A539555EB":120.62522516376637,"0x6C9815826FdF8c7a45cCfEd2064dbaB33a078712":61.300331840982786,"0x6ade6971Ca3d90990C30d39c78b0534C7166e07b":176.27822567866053,"0x6b5204B0Be36771253Cc38e88012E02B752f0f36":160.30461018718398,"0x6c3F90f043a72FA612cbac8115EE7e52BDe6E490":659.0693857583628,"0x6c3ea9036406852006290770BEdFcAbA0e23A0e8":96.44776612413153,"0x6e52cCe4EaFDf77091dD1c82183b2D97b776b397":93.39356950902709,"0x6ef3D766Dfe02Dc4bF04aAe9122EB9A0Ded25615":0.040707070597991134,"0x7223442cad8e9cA474fC40109ab981608F8c4273":83.09474187608348,"0x73968b9a57c6E53d41345FD57a6E6ae27d6CDB2F":93.85502858364447,"0x73A15FeD60Bf67631dC6cd7Bc5B6e8da8190aCF5":313.4097964669232,"0x752B4c6e92d96467fE9b9a2522EF07228E00F87c":48.80760568530981,"0x76237BCfDbe8e06FB774663add96216961df4ff3":31.30032924141269,"0x76Eb2FE28b36B3ee97F3Adae0C69606eeDB2A37c":1183.1436718089744,"0x77E06c9eCCf2E797fd462A92B6D7642EF85b0A44":0.8070254502399999,"0x78da5799CF427Fee11e9996982F4150eCe7a99A7":91.57953586315138,"0x7F17A6C77C3938D235b014818092eb6305BdA110":139.8339186975168,"0x7F86Bf177Dd4F3494b841a37e810A34dD56c829B":1765.1054292133342,"0x7FA768E035F956c41d6aeaa3Bd857e7E5141CAd5":0.36651748493640257,"0x7f39C581F595B53c5cb19bD0b3f8dA6c935E2Ca0":303.74920693617275,"0x8064d9Ae6cDf087b1bcd5BDf3531bD5d8C537a68":72.53741835018785,"0x808507121B80c02388fAd14726482e061B8da827":216.87958737649035,"0x80d69e79258FE9D056c822461c4eb0B4ca8802E2":0.19004448049752817,"0x826180541412D574cf1336d22c0C0a287822678A":155.2654775481987,"0x8282BD15dcA2EA2bDf24163E8f2781B30C43A2ef":248.9435531405063,"0x830614aE209FF9d8706d386fcdBc7a55206fcffC":41.3215837195577,"0x83F20F44975D03b1b09e64809B757c47f942BEeA":684.6395736123221,