{"0x0000000000085d4780B73119b644AE5ecd22b376":212.55030853710704,"0x0000000016E6Cb3038203c1129c8B4aEE7af7a11":1.8672667299746981,"0x00000000eFE302BEAA2b3e6e1b18d08D69a9012a":0.007772181344017776,"0x005F893EcD7bF9667195642f7649DA8163e23658":165.7866832222729,"0x0100546F2cD4C9D97f798fFC9755E47865FF7Ee6":396.40816632264443,"0x028171bCA77440897B824Ca71D1c56caC55b68A3":1191.625601997126,"0x0316EB71485b0Ab14103307bf65a021042c6d380":0.10169505140804416,"0x03ab458634910AaD20eF5f1C8ee96F1D6ac54919":259.90489720293476,"0x04C154b66CB340F3Ae24111CC767e0184Ed00Cc6":324.9040091094066,"0x051d7e5609917Bd9b73f04BAc0DED8Dd46a74301":363.3913558057791,"0x056Fd409E1d7A124BD7017459dFEa2F387b6d5Cd":22.96158289124742,"0x075b1bb99792c9E1041bA13afEf80C91a1e70fB3":583.8993130127998,"0x085780639CC2cACd35E474e71f4d000e2405d8f6":632.943046326795,"0x09db87A538BD693E9d08544577d5cCfAA6373A48":112.74504122237242,"0x0E2EC54fC0B509F445631Bf4b91AB8168230C752":0.47132514341071746,"0x0E573Ce2736Dd9637A0b21058352e1667925C7a8":145.22346562159586,"0x0F83287FF768D1c1e17a42F44d644D7F22e8ee1d":56.08614527102374,"0x0a5E677a6A24b2F1A2Bf4F3bFfC443231d2fDEc8":0.16876692522779613,"0x0bc529c00C6401aEF6D220BE8C6Ea1667F6Ad93e":19.10219622305576,"0x0d86883FAf4FfD7aEb116390af37746F45b6f378":479.4058930647228,"0x0dE54CFdfeD8005176f8b7A9D5438B45c4F1df1e":5.833860094076615,"0x1456688345527bE1f37E9e627DA0837D6f08C925":0.9961452721724077,"0x15700B564Ca08D9439C58cA5053166E8317aa138":591.2194556455204,"0x18084fbA666a33d37592fA2633fD49a74DD93a88":60.605244150334066,"0x196f4727526eA7FB1e17b2071B3d8eAA38486988":2.589176937997016,"0x1BED97CBC3c24A4fb5C069C6E311a967386131f7":277.0665927692551,"0x1CC481cE2BD2EC7Bf67d1Be64d4878b16078F309":119.05254922412762,"0x1a7e4e63778B4f12a199C062f3eFdD288afCBce8":81.37645026230156,"0x1aBaEA1f7C830bD89Acc67eC4af516284b1bC33c":283.9414065462442,"0x1c48f86ae57291F7686349F12601910BD8D470bb":0.43927534617254316,"0x1ce0D1E19c9514230FF8CD1DAbaC2555fb92122b":0,"0x2191DF768ad71140F9F3E96c1e4407A4aA31d082":26.916258722629216,"0x2260FAC5E5542a773Aa44fBCfeDf7C193bc2C599":29.507198523246892,"0x25eC98773D7b4ceD4cAFaB96A2A1c0945f145e10":0,"0x2b01d4FdB87eb7F2399E5D68631d8A939a323786":255.99842689474605,"0x2bd1F344a2398340C2b1119Da98816eA723F5F0f":0.9735907322646501,"0x3175Df0976dFA876431C2E9eE6Bc45b65d3473CC":0.0000387355184341809,"0x3231Cb76718CDeF2155FC47b5286d82e6eDA273f":331.1498109838424,"0x32bd822d615A3658A68b6fDD30c2fcb2C996D678":307.7005977616766,"0x34635280737b5BFe6c7DC2FC3065D60d66e78185":430.1616501451991,"0x35282d87011f87508D457F08252Bc5bFa52E10A0":159.42838062393406,"0x35D8949372D46B7a3D5A56006AE77B215fc69bC0":55.71444477951535,"0x35fA164735182de50811E8e2E824cFb9B6118ac2":1011.9513962060812,"0x383E6b4437b59fff47B619CBA855CA29342A8559":195.01950867210738,"0x38D64ce1Bdf1A9f24E0Ec469C9cAde61236fB4a0":258.9562638073724,"0x3A2725556Dde7B21fBe3dD64A4913ff29faba6A1":0.030666684656316324,"0x3Ed3B47Dd13EC9a98b44e6204A523E766B225811":4.429223,"0x40D16FC0246aD3160Ccc09B8D0D3A2cD28aE6C2f":68.06067179464448,"0x4591DBfF62656E7859Afe5e45f6f47D3669fBB28":234.97342136977576,"0x466a756E9A7401B5e2444a3fCB3c2C12FBEa0a54":53.70332132447625,"0x48759F220ED983dB51fA7A8C0D2AAb8f3ce4166a":2407.7848528095024,"0x49446A0874197839D15395B908328a74ccc96Bc0":38.97315316753831,"0x4D55a36902a6546A79ec4c9c315241De746D5fC3":0,"0x4Fabb145d64652a948d72533023f6E7A623C7C53":0.039748856163176215,"0x4c9EDD5852cd905f086C759E8383e09bff1E68B3":178.45186520281231,"0x514910771AF9Ca656af840dff83E8264EcF986CA":85.61723611352569,"0x5228a22e72ccC52d415EcFd199F99D0665E7733b":58.235728043883555,"0x5555f75e3d5278082200Fb451D1b6bA946D8e13b":120.18813104683638,"0x57Ab1ec28D129707052df4dF418D58a2D46d5f51":155.39274068620097,"0x57a5a0567187FF4A8dcC1A9bBa86155E355878F2":0.8683736036275338,"0x58efE15C0404aB22F87E4495D71f6f2077e862bE":0.0012485291403967738,"0x5905c0290e59aFBDc42a5480add9bD7B20CB3759":0.17790735370648753,"0x59D9356E565Ab3A36dD77763Fc0d87fEaf85508C":285.7145319255583,"0x5BC25f649fc4e26069dDF4cF4010F9f706c23831":1.1813655088931918,"0x5Ca135cB8527d76e932f34B5145575F9d8cbE08E":54.58097549099001,"0x5E8422345238F34275888049021821E8E08CAa1f":14790.466159835225,"0x5Ea630e00D6eE438d3deA1556A110359ACdc10A9":365.8934611052956,"0x5e74C9036fb86BD7eCdcb084a0673EFc32eA31cb":3.877998733526137,"0x5f98805A4E8be255a32880FDeC7F6728C6568bA0":87921.09182852466,"0x62B9c7356A2Dc64a1969e19C23e4f579F9810Aa7":97.0966345814505,"0x63a0964A36c34E81959da5894ad888800e17405b":313.98178056419056,"0x65D72AA8DA931F047169112fcf34f52DbaAE7D18":361.5746598167296,"0x661c70333AA1850CcDBAe82776Bb436A0fCfeEfB":126.95460555496992,"0x668308d77be3533c909a692302Cb4D135Bf8041C":0.04593024584393332,"0x66a1E37c9b0eAddca17d3662D6c05F4DECf3e110":32.87207824186739,"0x674C6Ad92Fd080e4004b2312b45f796a192D27a0":1.3667671749249006,"0x677ddbd918637E5F2c79e164D402454dE7dA8619":2.229559321614938,"0x68749665FF8D2d112Fa859AA293F07A622782F38":17.514146716557754,"0x69000405f9DcE69BD4Cbf4f2865b79144A69BFE0":3.1061321222014007,"0x6B175474E89094C44Da98b954EedeAC495271d0F":160.51337477511242,"0x6C5024Cd4F8A59110119C56f8933403A539555EB":122.38526809546558,"0x6C9815826FdF8c7a45cCfEd2064dbaB33a078712":65.68746931144517,"0x6b5204B0Be36771253Cc38e88012E02B752f0f36":254.73442004409955,"0x6c3F90f043a72FA612cbac8115EE7e52BDe6E490":371.9466367093511,"0x6c3ea9036406852006290770BEdFcAbA0e23A0e8":135.70048136845267,"0x6ef3D766Dfe02Dc4bF04aAe9122EB9A0Ded25615":0.043867470146208065,"0x7223442cad8e9cA474fC40109ab981608F8c4273":183.13643564690713,"0x73968b9a57c6E53d41345FD57a6E6ae27d6CDB2F":151.52981460557922,"0x73A15FeD60Bf67631dC6cd7Bc5B6e8da8190aCF5":166.18956766205525,"0x752B4c6e92d96467fE9b9a2522EF07228E00F87c":30.794920785165427,"0x76237BCfDbe8e06FB774663add96216961df4ff3":34.22070576512922,"0x76Eb2FE28b36B3ee97F3Adae0C69606eeDB2A37c":1178.8023139660265,"0x77E06c9eCCf2E797fd462A92B6D7642EF85b0A44":1.1682429809100001,"0x78da5799CF427Fee11e9996982F4150eCe7a99A7":95.60910905357807,"0x7F86Bf177Dd4F3494b841a37e810A34dD56c829B":11969.136938837717,"0x7FA768E035F956c41d6aeaa3Bd857e7E5141CAd5":0.39425471072116114,"0x7f39C581F595B53c5cb19bD0b3f8dA6c935E2Ca0":197.1711402207512,"0x8064d9Ae6cDf087b1bcd5BDf3531bD5d8C537a68":80.02630830838797,"0x808507121B80c02388fAd14726482e061B8da827":217.4465234762832,"0x80d69e79258FE9D056c822461c4eb0B4ca8802E2":0.2043441207747776,"0x821A278dFff762c76410264303F25bF42e195C0C":146.31221008297135,"0x826180541412D574cf1336d22c0C0a287822678A":199.1793967342139,"0x830614aE209FF9d8706d386fcdBc7a55206fcffC":50.44306858726103,"0x83F20F44975D03b1b09e64809B757c47f942BEeA":262.6683079106728,"0x853d955aCEf822Db058eb8505911ED77F175b99e":286.49772199818943,"0x856c4Efb76C1D1AE02e20CEB03A2A6a08b0b8dC3":1.7384701935683424,"0x865377367054516e17014CcdED1e7d814EDC9ce4":30.173318785944037,"0x8C0D76C9B18779665475F3E212D9Ca1Ed6A1A0e6":33.622334121129846,"0x8E870D67F660D95d5be530380D0eC0bd388289E1":170.5129789560303,"0x8c9532a60E0E7C6BbD2B2c1303F63aCE1c3E9811":212.98602192634056,"0x8dAEBADE922dF735c38C80C7eBD708Af50815fAa":17.246877807245774,"0x8e595470Ed749b85C6F7669de83EAe304C2ec68F":450.74787508808527,"0x917ceE801a67f933F2e6b33fC0cD1ED2d5909D88":440.10508222100935,"0x9181f633E9B9F15A32d5e37094F4C93b333e0E92":0.9367787439440622,"0x922406EAFC3CcEb32b0256F287fB977c426EDbd8":0.007288783142279762,"0x9559Aaa82d9649C7A7b220E7c461d2E74c9a3593":39.08086146232489,"0x95710BDE45C8D384A976Cc58Cc7a7e489576b098":3.9500937879906153,"0x961D4921e1718E633BAC8Ded88c4a1cAe44b785a":755.963151608182,"0x9961BdBE8B7091E584c2bF9D0a160C583f564A8c":404.09322746205163,"0x9BE89D2a4cd102D8Fecc6BF9dA793be995C22541":279.06423036579787,"0x9D11ab23d33aD026C466CE3c124928fDb69Ba20E":1.2232567371129681,"0x9D39A5DE30e57443BfF2A8307A4256c8797A3497":302.9999916815701,"0x9EEAD9ce15383CaEED975427340b3A369410CFBF":16.223687761694308,"0xA0b86991c6218b36c1d19D4a2e9Eb0cE3606eB48":635.6120191163852,"0xA0d69E286B938e21CBf7E51D71F6A4c8918f482F":490.9052813931107,"0xA1290d69c65A6Fe4DF752f95823fae25cB99e5A7":541.4075532475294,