{"0x0000000000085d4780B73119b644AE5ecd22b376":213.45468907047106,"0x0000000016E6Cb3038203c1129c8B4aEE7af7a11":1.834445189861799,"0x00000000eFE302BEAA2b3e6e1b18d08D69a9012a":2.7712081173431766,"0x005F893EcD7bF9667195642f7649DA8163e23658":164.64730145480098,"0x0100546F2cD4C9D97f798fFC9755E47865FF7Ee6":391.5539398830325,"0x028171bCA77440897B824Ca71D1c56caC55b68A3":1197.2155985069146,"0x0316EB71485b0Ab14103307bf65a021042c6d380":0.10122731200116655,"0x03ab458634910AaD20eF5f1C8ee96F1D6ac54919":260.8505596676302,"0x04C154b66CB340F3Ae24111CC767e0184Ed00Cc6":320.6698964592256,"0x051d7e5609917Bd9b73f04BAc0DED8Dd46a74301":362.642461266281,"0x056Fd409E1d7A124BD7017459dFEa2F387b6d5Cd":22.3469692090182,"0x075b1bb99792c9E1041bA13afEf80C91a1e70fB3":589.8685358231505,"0x085780639CC2cACd35E474e71f4d000e2405d8f6":648.3462377074084,"0x09db87A538BD693E9d08544577d5cCfAA6373A48":110.27225803576525,"0x0E2EC54fC0B509F445631Bf4b91AB8168230C752":0.47132204333807637,"0x0E573Ce2736Dd9637A0b21058352e1667925C7a8":145.28212536100307,"0x0F83287FF768D1c1e17a42F44d644D7F22e8ee1d":55.643828267202835,"0x0a5E677a6A24b2F1A2Bf4F3bFfC443231d2fDEc8":0.16944064548818652,"0x0bc529c00C6401aEF6D220BE8C6Ea1667F6Ad93e":19.4175250852515,"0x0d86883FAf4FfD7aEb116390af37746F45b6f378":484.2133647584107,"0x0dE54CFdfeD8005176f8b7A9D5438B45c4F1df1e":5.844682979682296,"0x1456688345527bE1f37E9e627DA0837D6f08C925":2.445843618726977,"0x15700B564Ca08D9439C58cA5053166E8317aa138":615.1901994573559,"0x18084fbA666a33d37592fA2633fD49a74DD93a88":60.64078267485617,"0x196f4727526eA7FB1e17b2071B3d8eAA38486988":2.5891552727861846,"0x1BED97CBC3c24A4fb5C069C6E311a967386131f7":272.3782469079408,"0x1CC481cE2BD2EC7Bf67d1Be64d4878b16078F309":119.18174721042797,"0x1a7e4e63778B4f12a199C062f3eFdD288afCBce8":81.8143162709813,"0x1aBaEA1f7C830bD89Acc67eC4af516284b1bC33c":281.4675582996782,"0x1c48f86ae57291F7686349F12601910BD8D470bb":0.6228316412552501,"0x1ce0D1E19c9514230FF8CD1DAbaC2555fb92122b":0,"0x2191DF768ad71140F9F3E96c1e4407A4aA31d082":25.450003383653307,"0x2260FAC5E5542a773Aa44fBCfeDf7C193bc2C599":28.103474118368265,"0x25eC98773D7b4ceD4cAFaB96A2A1c0945f145e10":0,"0x2b01d4FdB87eb7F2399E5D68631d8A939a323786":253.0842645675549,"0x2bd1F344a2398340C2b1119Da98816eA723F5F0f":0.9745945354275128,"0x3175Df0976dFA876431C2E9eE6Bc45b65d3473CC":0.00003880867658637941,"0x3231Cb76718CDeF2155FC47b5286d82e6eDA273f":330.76810844312956,"0x32bd822d615A3658A68b6fDD30c2fcb2C996D678":302.91422868311554,"0x34635280737b5BFe6c7DC2FC3065D60d66e78185":423.869021576641,"0x35282d87011f87508D457F08252Bc5bFa52E10A0":158.09890172956273,"0x35D8949372D46B7a3D5A56006AE77B215fc69bC0":96.56761870982088,"0x35fA164735182de50811E8e2E824cFb9B6118ac2":995.562241850246,"0x383E6b4437b59fff47B619CBA855CA29342A8559":195.05482836138728,"0x38D64ce1Bdf1A9f24E0Ec469C9cAde61236fB4a0":255.9485343109173,"0x3A2725556Dde7B21fBe3dD64A4913ff29faba6A1":0.029826444416814646,"0x3Ed3B47Dd13EC9a98b44e6204A523E766B225811":4.438081446,"0x40D16FC0246aD3160Ccc09B8D0D3A2cD28aE6C2f":124.31786763070198,"0x4591DBfF62656E7859Afe5e45f6f47D3669fBB28":237.53209713478958,"0x466a756E9A7401B5e2444a3fCB3c2C12FBEa0a54":54.9879582832548,"0x48759F220ED983dB51fA7A8C0D2AAb8f3ce4166a":2410.880059996106,"0x49446A0874197839D15395B908328a74ccc96Bc0":50.06505608680573,"0x4D55a36902a6546A79ec4c9c315241De746D5fC3":0,"0x4Fabb145d64652a948d72533023f6E7A623C7C53":0.03966951712891838,"0x4c9EDD5852cd905f086C759E8383e09bff1E68B3":781.5917738559345,"0x514910771AF9Ca656af840dff83E8264EcF986CA":84.99814298233336,"0x5228a22e72ccC52d415EcFd199F99D0665E7733b":60.0930781726134,"0x5555f75e3d5278082200Fb451D1b6bA946D8e13b":117.67072804739041,"0x57Ab1ec28D129707052df4dF418D58a2D46d5f51":155.96576150311046,"0x57a5a0567187FF4A8dcC1A9bBa86155E355878F2":0.8449141953746022,"0x58efE15C0404aB22F87E4495D71f6f2077e862bE":0.0012498164138459997,"0x5905c0290e59aFBDc42a5480add9bD7B20CB3759":0.1780907818744321,"0x59D9356E565Ab3A36dD77763Fc0d87fEaf85508C":288.86766349857317,"0x5BC25f649fc4e26069dDF4cF4010F9f706c23831":1.1813710180335935,"0x5Ca135cB8527d76e932f34B5145575F9d8cbE08E":55.12000510095244,"0x5E8422345238F34275888049021821E8E08CAa1f":14587.957127397262,"0x5Ea630e00D6eE438d3deA1556A110359ACdc10A9":384.50829338853197,"0x5e74C9036fb86BD7eCdcb084a0673EFc32eA31cb":5.093760842280613,"0x5f98805A4E8be255a32880FDeC7F6728C6568bA0":195.52871850307747,"0x62B9c7356A2Dc64a1969e19C23e4f579F9810Aa7":99.66091007835162,"0x63a0964A36c34E81959da5894ad888800e17405b":308.9718069515768,"0x65D72AA8DA931F047169112fcf34f52DbaAE7D18":359.1548514863768,"0x661c70333AA1850CcDBAe82776Bb436A0fCfeEfB":127.80998636078711,"0x668308d77be3533c909a692302Cb4D135Bf8041C":0.04469552112573526,"0x66a1E37c9b0eAddca17d3662D6c05F4DECf3e110":34.44918242716016,"0x674C6Ad92Fd080e4004b2312b45f796a192D27a0":1.537508278778411,"0x677ddbd918637E5F2c79e164D402454dE7dA8619":1.3530345363276723,"0x68749665FF8D2d112Fa859AA293F07A622782F38":18.79340120913564,"0x69000405f9DcE69BD4Cbf4f2865b79144A69BFE0":3.180422184139689,"0x6B175474E89094C44Da98b954EedeAC495271d0F":766.4519824410993,"0x6C5024Cd4F8A59110119C56f8933403A539555EB":122.3568146260599,"0x6C9815826FdF8c7a45cCfEd2064dbaB33a078712":62.10916359019914,"0x6b5204B0Be36771253Cc38e88012E02B752f0f36":243.6435034248075,"0x6c3F90f043a72FA612cbac8115EE7e52BDe6E490":411.5968551069722,"0x6c3ea9036406852006290770BEdFcAbA0e23A0e8":233.4909270423469,"0x6ef3D766Dfe02Dc4bF04aAe9122EB9A0Ded25615":0.042764940266174334,"0x7223442cad8e9cA474fC40109ab981608F8c4273":201.11482099949626,"0x73968b9a57c6E53d41345FD57a6E6ae27d6CDB2F":153.00399953392534,"0x73A15FeD60Bf67631dC6cd7Bc5B6e8da8190aCF5":300.9616362785437,"0x752B4c6e92d96467fE9b9a2522EF07228E00F87c":33.45225375596783,"0x76237BCfDbe8e06FB774663add96216961df4ff3":34.102527001407125,"0x76Eb2FE28b36B3ee97F3Adae0C69606eeDB2A37c":1181.3917066813863,"0x77E06c9eCCf2E797fd462A92B6D7642EF85b0A44":1.1560955116200002,"0x78da5799CF427Fee11e9996982F4150eCe7a99A7":94.5338738971058,"0x7FA768E035F956c41d6aeaa3Bd857e7E5141CAd5":0.38637992476113076,"0x7f39C581F595B53c5cb19bD0b3f8dA6c935E2Ca0":762.4770013297986,"0x8064d9Ae6cDf087b1bcd5BDf3531bD5d8C537a68":79.71690371241614,"0x808507121B80c02388fAd14726482e061B8da827":224.26482770944392,"0x80d69e79258FE9D056c822461c4eb0B4ca8802E2":0.19934785278647452,"0x821A278dFff762c76410264303F25bF42e195C0C":144.31519743382358,"0x826180541412D574cf1336d22c0C0a287822678A":208.02382876687045,"0x830614aE209FF9d8706d386fcdBc7a55206fcffC":50.19616751353762,"0x83F20F44975D03b1b09e64809B757c47f942BEeA":1991.3921516206217,"0x853d955aCEf822Db058eb8505911ED77F175b99e":587.9442013601986,"0x856c4Efb76C1D1AE02e20CEB03A2A6a08b0b8dC3":1.6991547123360538,"0x865377367054516e17014CcdED1e7d814EDC9ce4":127.52664380364337,"0x8C0D76C9B18779665475F3E212D9Ca1Ed6A1A0e6":36.453948291692015,"0x8E870D67F660D95d5be530380D0eC0bd388289E1":170.4993140793599,"0x8c9532a60E0E7C6BbD2B2c1303F63aCE1c3E9811":212.1658404428162,"0x8dAEBADE922dF735c38C80C7eBD708Af50815fAa":17.543295380022144,"0x8e595470Ed749b85C6F7669de83EAe304C2ec68F":451.6113010068621,"0x917ceE801a67f933F2e6b33fC0cD1ED2d5909D88":455.95806661559124,"0x9181f633E9B9F15A32d5e37094F4C93b333e0E92":0.9132456032982608,"0x922406EAFC3CcEb32b0256F287fB977c426EDbd8":0.007303360708564321,"0x9559Aaa82d9649C7A7b220E7c461d2E74c9a3593":38.004613206063254,"0x95710BDE45C8D384A976Cc58Cc7a7e489576b098":3.8926712284898755,"0x961D4921e1718E633BAC8Ded88c4a1cAe44b785a":805.7086015324938,"0x9961BdBE8B7091E584c2bF9D0a160C583f564A8c":404.6806357303938,"0x9BE89D2a4cd102D8Fecc6BF9dA793be995C22541":285.7414271923437,"0x9D11ab23d33aD026C466CE3c124928fDb69Ba20E":1.3962783013633553,"0x9D39A5DE30e57443BfF2A8307A4256c8797A3497":2183.5806489888023,"0x9EEAD9ce15383CaEED975427340b3A369410CFBF":16.03480323334098,"0xA0b86991c6218b36c1d19D4a2e9Eb0cE3606eB48":1984.5194541273725,"0xA0d69E286B938e21CBf7E51D71F6A4c8918f482F":547.3966774492228,"0xA1290d69c65A6Fe4DF752f95823fae25cB99e5A7":598.4072574958099,"0xA35b1B31Ce002FBF2058D22F30f95D405200A15b":157.28054200794912,