{"0x0000000000085d4780B73119b644AE5ecd22b376":0.005454076374851303,"0x005F893EcD7bF9667195642f7649DA8163e23658":20.326076180662703,"0x0100546F2cD4C9D97f798fFC9755E47865FF7Ee6":148.6246013804673,"0x028171bCA77440897B824Ca71D1c56caC55b68A3":118.41250170492755,"0x0316EB71485b0Ab14103307bf65a021042c6d380":53.80315674020088,"0x03ab458634910AaD20eF5f1C8ee96F1D6ac54919":171.25321898463594,"0x04C154b66CB340F3Ae24111CC767e0184Ed00Cc6":209.07972515423867,"0x056Fd409E1d7A124BD7017459dFEa2F387b6d5Cd":105.38354377145018,"0x067079c14B85169e6a29703769dadDef90816f4C":503.87459924178034,"0x075b1bb99792c9E1041bA13afEf80C91a1e70fB3":762.6349940721839,"0x085780639CC2cACd35E474e71f4d000e2405d8f6":802.2596324203257,"0x09b2E090531228d1b8E3d948C73b990Cb6e60720":485.35685469017596,"0x0E2EC54fC0B509F445631Bf4b91AB8168230C752":0.4500162126853666,"0x0E573Ce2736Dd9637A0b21058352e1667925C7a8":143.76720256212755,"0x0a5E677a6A24b2F1A2Bf4F3bFfC443231d2fDEc8":1.596520403887875e-10,"0x0bc529c00C6401aEF6D220BE8C6Ea1667F6Ad93e":8.183543876510429,"0x0d86883FAf4FfD7aEb116390af37746F45b6f378":2.8851175206873796,"0x0dE54CFdfeD8005176f8b7A9D5438B45c4F1df1e":4.162119612109232,"0x137469B55D1f15651BA46A89D0588e97dD0B6562":0.387720026830646,"0x1456688345527bE1f37E9e627DA0837D6f08C925":5.529967867691397,"0x16eAd9a10b1A77007E6E329B076aD1Fe97a6F7C0":51.282364029885336,"0x18084fbA666a33d37592fA2633fD49a74DD93a88":9.773676619457303,"0x1830c553dC76d3447B69b7B0dC19CF9e3c739C78":93.09201222814374,"0x196f4727526eA7FB1e17b2071B3d8eAA38486988":1.531824770355631,"0x1c48f86ae57291F7686349F12601910BD8D470bb":0.1433722497662886,"0x1ce0D1E19c9514230FF8CD1DAbaC2555fb92122b":0,"0x2260FAC5E5542a773Aa44fBCfeDf7C193bc2C599":319.47311056373877,"0x22CF19EB64226e0E1A79c69b345b31466fD273A7":4.187050371790123,"0x2570f1bD5D2735314FC102eb12Fc1aFe9e6E7193":301.44065777348334,"0x25eC98773D7b4ceD4cAFaB96A2A1c0945f145e10":5.8716093509639204,"0x2889302a794dA87fBF1D6Db415C1492194663D13":1736.4881109688167,"0x2b01d4FdB87eb7F2399E5D68631d8A939a323786":18.12484378048608,"0x31429d1856aD1377A8A0079410B297e1a9e214c2":483.5771576864902,"0x32bd822d615A3658A68b6fDD30c2fcb2C996D678":44.586360721842404,"0x35282d87011f87508D457F08252Bc5bFa52E10A0":708.0721497418756,"0x35fA164735182de50811E8e2E824cFb9B6118ac2":903.5471176396762,"0x365AccFCa291e7D3914637ABf1F7635dB165Bb09":513.1748061655037,"0x383E6b4437b59fff47B619CBA855CA29342A8559":34.99910048595525,"0x38D64ce1Bdf1A9f24E0Ec469C9cAde61236fB4a0":1286.7866310367235,"0x3A283D9c08E8b55966afb64C515f5143cf907611":8518.383644215693,"0x3Ed3B47Dd13EC9a98b44e6204A523E766B225811":573.3737029880893,"0x3f0e7916681452D23Cd36B1281457DA721F2E5dF":497.55238826509435,"0x40D16FC0246aD3160Ccc09B8D0D3A2cD28aE6C2f":1069.0103472452379,"0x4591DBfF62656E7859Afe5e45f6f47D3669fBB28":291.60407393879495,"0x466a756E9A7401B5e2444a3fCB3c2C12FBEa0a54":527.8590642473829,"0x48759F220ED983dB51fA7A8C0D2AAb8f3ce4166a":952.6965946103401,"0x49446A0874197839D15395B908328a74ccc96Bc0":17.06316286015552,"0x4AE86d8732390d852A13cb918463BC6e5775FaDD":34.60877933715131,"0x4D1941a887eC788F059b3bfcC8eE1E97b968825B":13.960804330154,"0x4DEcE678ceceb27446b35C672dC7d61F30bAD69E":608.5576699834912,"0x4Fabb145d64652a948d72533023f6E7A623C7C53":0.003894421859213729,"0x4c9EDD5852cd905f086C759E8383e09bff1E68B3":10672.04073599785,"0x4de2ab8177fC5fFAFB7aD11FB8BeB1e5fB95F71C":69.68304514556768,"0x4eBdF703948ddCEA3B11f675B4D1Fba9d2414A14":3661.3101726298355,"0x514910771AF9Ca656af840dff83E8264EcF986CA":106.94703575369812,"0x5228a22e72ccC52d415EcFd199F99D0665E7733b":51.812572447155596,"0x5426178799ee0a0181A89b4f57eFddfAb49941Ec":33.35856185098302,"0x5555f75e3d5278082200Fb451D1b6bA946D8e13b":48.535380017665105,"0x57a5a0567187FF4A8dcC1A9bBa86155E355878F2":1.0545881956196934,"0x58efE15C0404aB22F87E4495D71f6f2077e862bE":0.001248567846,"0x5905c0290e59aFBDc42a5480add9bD7B20CB3759":0.07186193013842475,"0x59D9356E565Ab3A36dD77763Fc0d87fEaf85508C":506.5809253196488,"0x5BC25f649fc4e26069dDF4cF4010F9f706c23831":2.514094059712799,"0x5Be6C45e2d074fAa20700C49aDA3E88a1cc0025d":506.72499181708645,"0x5Ca135cB8527d76e932f34B5145575F9d8cbE08E":54.574116860063086,"0x5E8422345238F34275888049021821E8E08CAa1f":14973.124980359016,"0x5e74C9036fb86BD7eCdcb084a0673EFc32eA31cb":188.08030785540748,"0x6359B6d3e327c497453d4376561eE276c6933323":1.6103472668918795,"0x63a0964A36c34E81959da5894ad888800e17405b":22.249790085844644,"0x65D72AA8DA931F047169112fcf34f52DbaAE7D18":118.967400405709,"0x661c70333AA1850CcDBAe82776Bb436A0fCfeEfB":29.835702601635226,"0x668308d77be3533c909a692302Cb4D135Bf8041C":0.051551842146602404,"0x66a1E37c9b0eAddca17d3662D6c05F4DECf3e110":0.1087300620832781,"0x674C6Ad92Fd080e4004b2312b45f796a192D27a0":2.428945292752497,"0x68749665FF8D2d112Fa859AA293F07A622782F38":20.115365022000933,"0x6B175474E89094C44Da98b954EedeAC495271d0F":6702.9853824178745,"0x6C280dB098dB673d30d5B34eC04B6387185D3620":61.10411268562369,"0x6C5024Cd4F8A59110119C56f8933403A539555EB":109.86419208344941,"0x6ade6971Ca3d90990C30d39c78b0534C7166e07b":111.1787736372247,"0x6b5204B0Be36771253Cc38e88012E02B752f0f36":21.960636410836635,"0x6c3F90f043a72FA612cbac8115EE7e52BDe6E490":1288.6182004865043,"0x6c3ea9036406852006290770BEdFcAbA0e23A0e8":2095.291034701296,"0x6e52cCe4EaFDf77091dD1c82183b2D97b776b397":5.365814913747489,"0x6ef3D766Dfe02Dc4bF04aAe9122EB9A0Ded25615":0.02670218667174689,"0x73968b9a57c6E53d41345FD57a6E6ae27d6CDB2F":74.29280505566383,"0x73A15FeD60Bf67631dC6cd7Bc5B6e8da8190aCF5":0.012576126105318044,"0x76237BCfDbe8e06FB774663add96216961df4ff3":19.89085455048069,"0x76Eb2FE28b36B3ee97F3Adae0C69606eeDB2A37c":725.1017797467687,"0x77E06c9eCCf2E797fd462A92B6D7642EF85b0A44":0.46471181022,"0x78da5799CF427Fee11e9996982F4150eCe7a99A7":288.49126877010633,"0x7988292D0FB141085c092132e2a70B30aA1eccAB":482.38709578740645,"0x7F17A6C77C3938D235b014818092eb6305BdA110":50.88024671928589,"0x7F86Bf177Dd4F3494b841a37e810A34dD56c829B":10679.656293421254,"0x7FA768E035F956c41d6aeaa3Bd857e7E5141CAd5":0.03622511165188413,"0x7ea4aD8C803653498bF6AC1D2dEbc04DCe8Fd2aD":108.27696174929892,"0x7f39C581F595B53c5cb19bD0b3f8dA6c935E2Ca0":5110.055986998318,"0x8064d9Ae6cDf087b1bcd5BDf3531bD5d8C537a68":70.8361633398575,"0x80d69e79258FE9D056c822461c4eb0B4ca8802E2":0.024653476492578708,"0x826180541412D574cf1336d22c0C0a287822678A":843.0051430627299,"0x830614aE209FF9d8706d386fcdBc7a55206fcffC":38.47021557919191,"0x83F20F44975D03b1b09e64809B757c47f942BEeA":9328.616313452854,"0x84CeCB5525c6B1C20070E742da870062E84Da178":9.304747546940721,"0x853d955aCEf822Db058eb8505911ED77F175b99e":4226.162469424097,"0x856c4Efb76C1D1AE02e20CEB03A2A6a08b0b8dC3":0.5225570063095254,"0x865377367054516e17014CcdED1e7d814EDC9ce4":477.0811682982464,"0x8C0D76C9B18779665475F3E212D9Ca1Ed6A1A0e6":326.25421534750546,"0x8C88538688aca3b733aD08b12BEe4574c0C00907":174.94307007049142,"0x8Cd52ee292313C4D851e71A7064F096504aB3eE9":118.1013599377741,"0x8E870D67F660D95d5be530380D0eC0bd388289E1":668.6427429372332,"0x8dAEBADE922dF735c38C80C7eBD708Af50815fAa":17.669690138637037,"0x8e595470Ed749b85C6F7669de83EAe304C2ec68F":15.820663343166348,"0x917ceE801a67f933F2e6b33fC0cD1ED2d5909D88":330.5375903778341,"0x9181f633E9B9F15A32d5e37094F4C93b333e0E92":0.418320992349802,"0x922406EAFC3CcEb32b0256F287fB977c426EDbd8":0.02910941809583617,"0x9559Aaa82d9649C7A7b220E7c461d2E74c9a3593":176.87923369179836,"0x95710BDE45C8D384A976Cc58Cc7a7e489576b098":0.6224707976049436,"0x961D4921e1718E633BAC8Ded88c4a1cAe44b785a":221.64453064666267,"0x96E61422b6A9bA0e068B6c5ADd4fFaBC6a4aae27":553.4321580042324,"0x9961BdBE8B7091E584c2bF9D0a160C583f564A8c":392.2810108772046,"0x99D8a9C45b2ecA8864373A26D1459e3Dff1e17F3":51.49818537487251,"0x9BE89D2a4cd102D8Fecc6BF9dA793be995C22541":222.9746287016545,"0x9D39A5DE30e57443BfF2A8307A4256c8797A3497":9048.711997291513,"0x9EEAD9ce15383CaEED975427340b3A369410CFBF":0.000003998396,"0x9FeE65D5A627e73212989c8BbEdC5Fa5Cae3821F":16.137691805799054,"0x9b77bd0a665F05995b68e36fC1053AFFfAf0d4B5":12.370777897046477,"0xA0b86991c6218b36c1d19D4a2e9Eb0cE3606eB48":13820.297982433558,