{"0x0000000000085d4780B73119b644AE5ecd22b376":0.005438466808266478,"0x005F893EcD7bF9667195642f7649DA8163e23658":9.938098406791653,"0x0100546F2cD4C9D97f798fFC9755E47865FF7Ee6":124.08760913303473,"0x028171bCA77440897B824Ca71D1c56caC55b68A3":46.99211120248211,"0x0316EB71485b0Ab14103307bf65a021042c6d380":52.88782579284401,"0x03ab458634910AaD20eF5f1C8ee96F1D6ac54919":133.76238509535406,"0x04C154b66CB340F3Ae24111CC767e0184Ed00Cc6":165.63089385188718,"0x056Fd409E1d7A124BD7017459dFEa2F387b6d5Cd":36.89115879485336,"0x067079c14B85169e6a29703769dadDef90816f4C":120.8085607109203,"0x075b1bb99792c9E1041bA13afEf80C91a1e70fB3":739.3544529029815,"0x085780639CC2cACd35E474e71f4d000e2405d8f6":516.1980940883797,"0x09b2E090531228d1b8E3d948C73b990Cb6e60720":522.5668809017479,"0x0E2EC54fC0B509F445631Bf4b91AB8168230C752":0.45005316687801455,"0x0E573Ce2736Dd9637A0b21058352e1667925C7a8":120.03189204513978,"0x0bc529c00C6401aEF6D220BE8C6Ea1667F6Ad93e":9.693636712293682,"0x0d86883FAf4FfD7aEb116390af37746F45b6f378":13.932911377414415,"0x0dE54CFdfeD8005176f8b7A9D5438B45c4F1df1e":5.821190834026897,"0x1456688345527bE1f37E9e627DA0837D6f08C925":6.77778476988781,"0x196f4727526eA7FB1e17b2071B3d8eAA38486988":2.480036438421019,"0x1c48f86ae57291F7686349F12601910BD8D470bb":1.248665404006301,"0x1ce0D1E19c9514230FF8CD1DAbaC2555fb92122b":0,"0x2260FAC5E5542a773Aa44fBCfeDf7C193bc2C599":309.1407311204326,"0x2570f1bD5D2735314FC102eb12Fc1aFe9e6E7193":3.5330532354787625,"0x25eC98773D7b4ceD4cAFaB96A2A1c0945f145e10":0,"0x2889302a794dA87fBF1D6Db415C1492194663D13":61.54750731629081,"0x2b01d4FdB87eb7F2399E5D68631d8A939a323786":22.647841817196127,"0x31429d1856aD1377A8A0079410B297e1a9e214c2":536.6940958373883,"0x32bd822d615A3658A68b6fDD30c2fcb2C996D678":11.071534770989546,"0x35282d87011f87508D457F08252Bc5bFa52E10A0":673.0479219136158,"0x35fA164735182de50811E8e2E824cFb9B6118ac2":938.1164321261131,"0x365AccFCa291e7D3914637ABf1F7635dB165Bb09":579.7969225516274,"0x383E6b4437b59fff47B619CBA855CA29342A8559":24.82248334446448,"0x38D64ce1Bdf1A9f24E0Ec469C9cAde61236fB4a0":1007.4981149956844,"0x3A283D9c08E8b55966afb64C515f5143cf907611":2864.9628716390744,"0x3Ed3B47Dd13EC9a98b44e6204A523E766B225811":19.113373663856002,"0x40D16FC0246aD3160Ccc09B8D0D3A2cD28aE6C2f":753.8637509418587,"0x4591DBfF62656E7859Afe5e45f6f47D3669fBB28":116.86372763025545,"0x466a756E9A7401B5e2444a3fCB3c2C12FBEa0a54":474.25506504209005,"0x48759F220ED983dB51fA7A8C0D2AAb8f3ce4166a":805.1023211801814,"0x49446A0874197839D15395B908328a74ccc96Bc0":11.634911600335315,"0x4DEcE678ceceb27446b35C672dC7d61F30bAD69E":594.3730621474117,"0x4Fabb145d64652a948d72533023f6E7A623C7C53":0.003864814962216446,"0x4c9EDD5852cd905f086C759E8383e09bff1E68B3":3187.9365121437304,"0x4eBdF703948ddCEA3B11f675B4D1Fba9d2414A14":447.91764532195054,"0x514910771AF9Ca656af840dff83E8264EcF986CA":94.49549754650083,"0x5228a22e72ccC52d415EcFd199F99D0665E7733b":29.9608080616983,"0x5555f75e3d5278082200Fb451D1b6bA946D8e13b":24.55578805773252,"0x57a5a0567187FF4A8dcC1A9bBa86155E355878F2":1.1351897146614913,"0x58efE15C0404aB22F87E4495D71f6f2077e862bE":0.001246148121514452,"0x5905c0290e59aFBDc42a5480add9bD7B20CB3759":0.000009782031870969868,"0x59D9356E565Ab3A36dD77763Fc0d87fEaf85508C":338.93777637838394,"0x5BC25f649fc4e26069dDF4cF4010F9f706c23831":4.334600998474579,"0x5Be6C45e2d074fAa20700C49aDA3E88a1cc0025d":184.4344241448446,"0x5Ca135cB8527d76e932f34B5145575F9d8cbE08E":34.00327101398141,"0x5E8422345238F34275888049021821E8E08CAa1f":15796.31230489851,"0x5b6C539b224014A09B3388e51CaAA8e354c959C8":25.30974846486603,"0x5e74C9036fb86BD7eCdcb084a0673EFc32eA31cb":170.32895967179093,"0x63a0964A36c34E81959da5894ad888800e17405b":24.65677812965992,"0x65D72AA8DA931F047169112fcf34f52DbaAE7D18":58.98050944865658,"0x661c70333AA1850CcDBAe82776Bb436A0fCfeEfB":0.001261469229181576,"0x6663b6D50992ef4fc0380199397c87C2f5256075":443.0270855793364,"0x668308d77be3533c909a692302Cb4D135Bf8041C":0.05553450124827078,"0x66a1E37c9b0eAddca17d3662D6c05F4DECf3e110":0.1085560505353686,"0x674C6Ad92Fd080e4004b2312b45f796a192D27a0":3.576412849194406,"0x68749665FF8D2d112Fa859AA293F07A622782F38":19.71735896174252,"0x6B175474E89094C44Da98b954EedeAC495271d0F":1669.6109097883534,"0x6C5024Cd4F8A59110119C56f8933403A539555EB":80.57805749780907,"0x6ade6971Ca3d90990C30d39c78b0534C7166e07b":0.000989415469698988,"0x6c3F90f043a72FA612cbac8115EE7e52BDe6E490":1110.9168010826806,"0x6c3ea9036406852006290770BEdFcAbA0e23A0e8":1601.100744847173,"0x6e52cCe4EaFDf77091dD1c82183b2D97b776b397":2.5700337403752065,"0x6ef3D766Dfe02Dc4bF04aAe9122EB9A0Ded25615":0.02872750749399405,"0x73968b9a57c6E53d41345FD57a6E6ae27d6CDB2F":50.03371282023692,"0x73A15FeD60Bf67631dC6cd7Bc5B6e8da8190aCF5":0.012580265090216095,"0x76237BCfDbe8e06FB774663add96216961df4ff3":21.765048004542766,"0x76Eb2FE28b36B3ee97F3Adae0C69606eeDB2A37c":721.9925880604021,"0x78da5799CF427Fee11e9996982F4150eCe7a99A7":239.96204635174345,"0x7F17A6C77C3938D235b014818092eb6305BdA110":5.383595560066455,"0x7F86Bf177Dd4F3494b841a37e810A34dD56c829B":2400.9842437829648,"0x7FA768E035F956c41d6aeaa3Bd857e7E5141CAd5":0.038993583083726864,"0x7f39C581F595B53c5cb19bD0b3f8dA6c935E2Ca0":1984.116423895347,"0x8064d9Ae6cDf087b1bcd5BDf3531bD5d8C537a68":51.42860105261611,"0x80d69e79258FE9D056c822461c4eb0B4ca8802E2":0.026437978763255484,"0x826180541412D574cf1336d22c0C0a287822678A":780.9634346540674,"0x830614aE209FF9d8706d386fcdBc7a55206fcffC":10.329358814773956,"0x83F20F44975D03b1b09e64809B757c47f942BEeA":1849.8170751177033,"0x853d955aCEf822Db058eb8505911ED77F175b99e":1289.874458343807,"0x856c4Efb76C1D1AE02e20CEB03A2A6a08b0b8dC3":1.7710787033345161,"0x865377367054516e17014CcdED1e7d814EDC9ce4":332.38675787100993,"0x8C0D76C9B18779665475F3E212D9Ca1Ed6A1A0e6":295.93926571589935,"0x8Cd52ee292313C4D851e71A7064F096504aB3eE9":20.373825228856333,"0x8E870D67F660D95d5be530380D0eC0bd388289E1":651.4286755653757,"0x8dAEBADE922dF735c38C80C7eBD708Af50815fAa":18.6171426950437,"0x8e595470Ed749b85C6F7669de83EAe304C2ec68F":15.020973606165624,"0x917ceE801a67f933F2e6b33fC0cD1ED2d5909D88":229.1323145518597,"0x9181f633E9B9F15A32d5e37094F4C93b333e0E92":0.4500495131445386,"0x922406EAFC3CcEb32b0256F287fB977c426EDbd8":0.02906283139474773,"0x9559Aaa82d9649C7A7b220E7c461d2E74c9a3593":160.0539509609552,"0x95710BDE45C8D384A976Cc58Cc7a7e489576b098":0.6671149627821008,"0x961D4921e1718E633BAC8Ded88c4a1cAe44b785a":214.7829495452479,"0x96E61422b6A9bA0e068B6c5ADd4fFaBC6a4aae27":511.910803090012,"0x9961BdBE8B7091E584c2bF9D0a160C583f564A8c":376.97140240441735,"0x99D8a9C45b2ecA8864373A26D1459e3Dff1e17F3":14.193707979827973,"0x9BE89D2a4cd102D8Fecc6BF9dA793be995C22541":201.1385110630889,"0x9D39A5DE30e57443BfF2A8307A4256c8797A3497":1485.826839629199,"0x9EEAD9ce15383CaEED975427340b3A369410CFBF":0.000003990647108552,"0x9FeE65D5A627e73212989c8BbEdC5Fa5Cae3821F":3.080028888084255,"0x9de1c3D446237ab9BaFF74127eb4F303802a2683":114.71773131112984,"0xA0b86991c6218b36c1d19D4a2e9Eb0cE3606eB48":3905.330035399169,"0xA0d69E286B938e21CBf7E51D71F6A4c8918f482F":455.4128414149417,"0xA1290d69c65A6Fe4DF752f95823fae25cB99e5A7":52.19225924938757,"0xA35b1B31Ce002FBF2058D22F30f95D405200A15b":1.7951986143120597,"0xA5588F7cdf560811710A2D82D3C9c99769DB1Dcb":381.07594948397684,"0xA663B02CF0a4b149d2aD41910CB81e23e1c41c32":13.966186143407015,"0xAB846Fb6C81370327e784Ae7CbB6d6a6af6Ff4BF":30.561850589280063,"0xBC6DA0FE9aD5f3b0d58160288917AA56653660E9":0.4712453022032707,"0xC02aaA39b223FE8D0A0e5C4F27eAD9083C756Cc2":3913.967882359426,"0xC272B96bCcdaf1BF98F2197D355066Da3C15982a":54.01002837542163,"0xC3ADe5aCe1bBb033CcAE8177C12Ecbfa16bD6A9D":0.3349968861009647,"0xC975342A95cCb75378ddc646B8620fa3Cd5bc051":62.10086151795992,"0xCFC5bD99915aAa815401C5a41A927aB7a38d29cf":13.422537773719872,"0xCb08717451aaE9EF950a2524E33B6DCaBA60147B":33.74146338485418,"0xCd5fE23C85820F7B72D0926FC9b05b43E359b7ee":1324.9015779106492,"0xCeA18a8752bb7e7817F9AE7565328FE415C0f2cA":2.2077906908885887,"0xD60EeA80C83779a8A5BFCDAc1F3323548e6BB62d":7.267496685047119,"0xD71eCFF9342A5Ced620049e616c5035F1dB98620":684.407683628217,