{"0x0000000000085d4780B73119b644AE5ecd22b376":0.008494410134028473,"0x005F893EcD7bF9667195642f7649DA8163e23658":186.57697087621088,"0x0100546F2cD4C9D97f798fFC9755E47865FF7Ee6":178.69924645496695,"0x028171bCA77440897B824Ca71D1c56caC55b68A3":789.3397213914219,"0x0316EB71485b0Ab14103307bf65a021042c6d380":59.03036892359798,"0x03ab458634910AaD20eF5f1C8ee96F1D6ac54919":174.24490644636984,"0x04C154b66CB340F3Ae24111CC767e0184Ed00Cc6":389.82220908970254,"0x056Fd409E1d7A124BD7017459dFEa2F387b6d5Cd":383.1904875873186,"0x075b1bb99792c9E1041bA13afEf80C91a1e70fB3":302.59083851163166,"0x085780639CC2cACd35E474e71f4d000e2405d8f6":720.2819635428115,"0x0E2EC54fC0B509F445631Bf4b91AB8168230C752":0.471530279106583,"0x0E573Ce2736Dd9637A0b21058352e1667925C7a8":136.71117059363934,"0x0a5E677a6A24b2F1A2Bf4F3bFfC443231d2fDEc8":0.05078042918107429,"0x0bc529c00C6401aEF6D220BE8C6Ea1667F6Ad93e":4.919864436531657,"0x0d86883FAf4FfD7aEb116390af37746F45b6f378":190.98568070047858,"0x0dE54CFdfeD8005176f8b7A9D5438B45c4F1df1e":5.850004264170509,"0x1456688345527bE1f37E9e627DA0837D6f08C925":6.76713250548396,"0x16eAd9a10b1A77007E6E329B076aD1Fe97a6F7C0":57.56333800968835,"0x18084fbA666a33d37592fA2633fD49a74DD93a88":5.412020942156002,"0x183395DbD0B5e93323a7286D1973150697FFFCB3":366.270249753763,"0x196f4727526eA7FB1e17b2071B3d8eAA38486988":2.5274085473355252,"0x1c48f86ae57291F7686349F12601910BD8D470bb":1.2908829267923267,"0x1ce0D1E19c9514230FF8CD1DAbaC2555fb92122b":0,"0x2191DF768ad71140F9F3E96c1e4407A4aA31d082":6.068823309228058,"0x2260FAC5E5542a773Aa44fBCfeDf7C193bc2C599":356.4600767295745,"0x2302aaBe69e6E7A1b0Aa23aAC68fcCB8A4D2B460":119.07486810925712,"0x2570f1bD5D2735314FC102eb12Fc1aFe9e6E7193":812.1700835276188,"0x25eC98773D7b4ceD4cAFaB96A2A1c0945f145e10":0,"0x2889302a794dA87fBF1D6Db415C1492194663D13":445.28224823284773,"0x2b01d4FdB87eb7F2399E5D68631d8A939a323786":6.08028115520209,"0x31429d1856aD1377A8A0079410B297e1a9e214c2":478.8375690440261,"0x32bd822d615A3658A68b6fDD30c2fcb2C996D678":60.12637185341244,"0x34635280737b5BFe6c7DC2FC3065D60d66e78185":394.69791400475003,"0x35282d87011f87508D457F08252Bc5bFa52E10A0":106.10020212799031,"0x35D8949372D46B7a3D5A56006AE77B215fc69bC0":519.7030309594422,"0x35fA164735182de50811E8e2E824cFb9B6118ac2":1139.685955623026,"0x383E6b4437b59fff47B619CBA855CA29342A8559":151.5677459463063,"0x38D64ce1Bdf1A9f24E0Ec469C9cAde61236fB4a0":229.84371667300198,"0x3A283D9c08E8b55966afb64C515f5143cf907611":2982.3092541999317,"0x3Ed3B47Dd13EC9a98b44e6204A523E766B225811":329.5110043369657,"0x401322B9FDdba8c0a8D40fbCECE1D1752C12316B":454.6008200345248,"0x40D16FC0246aD3160Ccc09B8D0D3A2cD28aE6C2f":620.4556033439579,"0x4591DBfF62656E7859Afe5e45f6f47D3669fBB28":232.0204494402171,"0x4647B6D835f3B393C7A955df51EEfcf0db961606":390.6606349934491,"0x466a756E9A7401B5e2444a3fCB3c2C12FBEa0a54":6.435595487082414,"0x48759F220ED983dB51fA7A8C0D2AAb8f3ce4166a":1549.1022863173257,"0x49446A0874197839D15395B908328a74ccc96Bc0":12.229869207793797,"0x4AE86d8732390d852A13cb918463BC6e5775FaDD":112.4135410963444,"0x4Fabb145d64652a948d72533023f6E7A623C7C53":0.028844467064851515,"0x4c9EDD5852cd905f086C759E8383e09bff1E68B3":4689.981761065944,"0x4de2ab8177fC5fFAFB7aD11FB8BeB1e5fB95F71C":186.04014467435545,"0x4eBdF703948ddCEA3B11f675B4D1Fba9d2414A14":970.9865046836042,"0x514910771AF9Ca656af840dff83E8264EcF986CA":107.50318335742216,"0x5228a22e72ccC52d415EcFd199F99D0665E7733b":49.52452227459209,"0x5426178799ee0a0181A89b4f57eFddfAb49941Ec":261.6652534083101,"0x5555f75e3d5278082200Fb451D1b6bA946D8e13b":69.18736193136014,"0x57a5a0567187FF4A8dcC1A9bBa86155E355878F2":1.1997382477930791,"0x58efE15C0404aB22F87E4495D71f6f2077e862bE":0.0012523135495379999,"0x5905c0290e59aFBDc42a5480add9bD7B20CB3759":0.17943220161168463,"0x59D9356E565Ab3A36dD77763Fc0d87fEaf85508C":569.0552718847591,"0x5BC25f649fc4e26069dDF4cF4010F9f706c23831":4.252283783791601,"0x5Ca135cB8527d76e932f34B5145575F9d8cbE08E":45.719316280117766,"0x5E8422345238F34275888049021821E8E08CAa1f":17740.154605644464,"0x5b6C539b224014A09B3388e51CaAA8e354c959C8":1232.8754185054966,"0x5e74C9036fb86BD7eCdcb084a0673EFc32eA31cb":195.5303107282886,"0x63a0964A36c34E81959da5894ad888800e17405b":31.79417152292719,"0x65D72AA8DA931F047169112fcf34f52DbaAE7D18":117.7418903474299,"0x661c70333AA1850CcDBAe82776Bb436A0fCfeEfB":49.859730589318275,"0x668308d77be3533c909a692302Cb4D135Bf8041C":0.05869792343408695,"0x66a1E37c9b0eAddca17d3662D6c05F4DECf3e110":3.382366820951546,"0x674C6Ad92Fd080e4004b2312b45f796a192D27a0":5.567229527714175,"0x68749665FF8D2d112Fa859AA293F07A622782F38":8.524471959917351,"0x6B175474E89094C44Da98b954EedeAC495271d0F":3708.5657071898813,"0x6C280dB098dB673d30d5B34eC04B6387185D3620":51.723829035951155,"0x6C5024Cd4F8A59110119C56f8933403A539555EB":130.06906147592693,"0x6C9815826FdF8c7a45cCfEd2064dbaB33a078712":10.846338395163643,"0x6b5204B0Be36771253Cc38e88012E02B752f0f36":148.63548211960833,"0x6c3F90f043a72FA612cbac8115EE7e52BDe6E490":1201.4204667885797,"0x6c3ea9036406852006290770BEdFcAbA0e23A0e8":853.5607610682312,"0x6e52cCe4EaFDf77091dD1c82183b2D97b776b397":440.261344625845,"0x6ef3D766Dfe02Dc4bF04aAe9122EB9A0Ded25615":0.08866523877732527,"0x7223442cad8e9cA474fC40109ab981608F8c4273":1.8435576820387074,"0x73968b9a57c6E53d41345FD57a6E6ae27d6CDB2F":106.0132719808266,"0x73A15FeD60Bf67631dC6cd7Bc5B6e8da8190aCF5":2589.2482150682936,"0x76237BCfDbe8e06FB774663add96216961df4ff3":10.744160175281555,"0x76Eb2FE28b36B3ee97F3Adae0C69606eeDB2A37c":769.1861703354837,"0x77E06c9eCCf2E797fd462A92B6D7642EF85b0A44":1.066743604,"0x78da5799CF427Fee11e9996982F4150eCe7a99A7":53.85554894852054,"0x7F17A6C77C3938D235b014818092eb6305BdA110":38.80302049464286,"0x7F86Bf177Dd4F3494b841a37e810A34dD56c829B":2971.1330922904576,"0x7FA768E035F956c41d6aeaa3Bd857e7E5141CAd5":0.5018093484124871,"0x7ea4aD8C803653498bF6AC1D2dEbc04DCe8Fd2aD":298.05978513629464,"0x7f39C581F595B53c5cb19bD0b3f8dA6c935E2Ca0":1387.992151252935,"0x8064d9Ae6cDf087b1bcd5BDf3531bD5d8C537a68":71.1939874990273,"0x80d69e79258FE9D056c822461c4eb0B4ca8802E2":0.26147180804714043,"0x826180541412D574cf1336d22c0C0a287822678A":250.1645287243308,"0x830614aE209FF9d8706d386fcdBc7a55206fcffC":52.68150730071725,"0x83F20F44975D03b1b09e64809B757c47f942BEeA":2616.8472023404515,"0x84CeCB5525c6B1C20070E742da870062E84Da178":1.8935421089539066,"0x853d955aCEf822Db058eb8505911ED77F175b99e":2171.9107120815015,"0x856c4Efb76C1D1AE02e20CEB03A2A6a08b0b8dC3":1.969499318529236,"0x865377367054516e17014CcdED1e7d814EDC9ce4":603.290119588838,"0x8C0D76C9B18779665475F3E212D9Ca1Ed6A1A0e6":767.7859526360884,"0x8C88538688aca3b733aD08b12BEe4574c0C00907":558.1901947714873,"0x8Cd52ee292313C4D851e71A7064F096504aB3eE9":39.68449124417455,"0x8E870D67F660D95d5be530380D0eC0bd388289E1":0.007676933965674135,"0x8c9532a60E0E7C6BbD2B2c1303F63aCE1c3E9811":1.185598732769845,"0x8dAEBADE922dF735c38C80C7eBD708Af50815fAa":9.026315242763708,"0x8e595470Ed749b85C6F7669de83EAe304C2ec68F":42.834097952743626,"0x917ceE801a67f933F2e6b33fC0cD1ED2d5909D88":546.4022279874806,"0x9181f633E9B9F15A32d5e37094F4C93b333e0E92":1.193763518986493,"0x922406EAFC3CcEb32b0256F287fB977c426EDbd8":0.02913849843359425,"0x954313005C56b555bdC41B84D6c63B69049d7847":485.2024315236572,"0x9559Aaa82d9649C7A7b220E7c461d2E74c9a3593":195.9402930571535,"0x95710BDE45C8D384A976Cc58Cc7a7e489576b098":2.38651519149516,"0x961D4921e1718E633BAC8Ded88c4a1cAe44b785a":1087.2130050169199,"0x9961BdBE8B7091E584c2bF9D0a160C583f564A8c":391.07471145960324,"0x99D8a9C45b2ecA8864373A26D1459e3Dff1e17F3":10.919181822632204,"0x9BE89D2a4cd102D8Fecc6BF9dA793be995C22541":255.53503949486245,"0x9D39A5DE30e57443BfF2A8307A4256c8797A3497":2177.325110355259,"0x9EEAD9ce15383CaEED975427340b3A369410CFBF":6.63008029183993,"0x9FeE65D5A627e73212989c8BbEdC5Fa5Cae3821F":4.027240789179999,"0x9de1c3D446237ab9BaFF74127eb4F303802a2683":559.3106702329808,"0xA0b86991c6218b36c1d19D4a2e9Eb0cE3606eB48":8705.64506535401,"0xA0d69E286B938e21CBf7E51D71F6A4c8918f482F":1199.0746895486182,"0xA1290d69c65A6Fe4DF752f95823fae25cB99e5A7":171.02925180721476,