{"0x0000000000085d4780B73119b644AE5ecd22b376":0.00846900312465451,"0x005F893EcD7bF9667195642f7649DA8163e23658":201.843998918202,"0x0100546F2cD4C9D97f798fFC9755E47865FF7Ee6":176.88043186344277,"0x028171bCA77440897B824Ca71D1c56caC55b68A3":755.1589781137128,"0x0316EB71485b0Ab14103307bf65a021042c6d380":63.40973960374719,"0x03ab458634910AaD20eF5f1C8ee96F1D6ac54919":174.7416063850433,"0x04C154b66CB340F3Ae24111CC767e0184Ed00Cc6":367.1203459757208,"0x056Fd409E1d7A124BD7017459dFEa2F387b6d5Cd":221.56281142612994,"0x075b1bb99792c9E1041bA13afEf80C91a1e70fB3":305.7568149840362,"0x085780639CC2cACd35E474e71f4d000e2405d8f6":642.4173641763349,"0x0E2EC54fC0B509F445631Bf4b91AB8168230C752":0.4715336776186999,"0x0E573Ce2736Dd9637A0b21058352e1667925C7a8":140.23016423399451,"0x0a5E677a6A24b2F1A2Bf4F3bFfC443231d2fDEc8":0.049822307875771,"0x0bc529c00C6401aEF6D220BE8C6Ea1667F6Ad93e":11.417739190647229,"0x0d86883FAf4FfD7aEb116390af37746F45b6f378":180.87804563502092,"0x0dE54CFdfeD8005176f8b7A9D5438B45c4F1df1e":5.836957492988016,"0x1456688345527bE1f37E9e627DA0837D6f08C925":6.76710016130037,"0x16eAd9a10b1A77007E6E329B076aD1Fe97a6F7C0":68.23698303457081,"0x18084fbA666a33d37592fA2633fD49a74DD93a88":9.419956746203285,"0x1830c553dC76d3447B69b7B0dC19CF9e3c739C78":107.34718442974415,"0x183395DbD0B5e93323a7286D1973150697FFFCB3":407.41910033395993,"0x196f4727526eA7FB1e17b2071B3d8eAA38486988":2.5274318051568763,"0x1c48f86ae57291F7686349F12601910BD8D470bb":1.2902697044316416,"0x1ce0D1E19c9514230FF8CD1DAbaC2555fb92122b":0,"0x2191DF768ad71140F9F3E96c1e4407A4aA31d082":5.91921747843507,"0x2260FAC5E5542a773Aa44fBCfeDf7C193bc2C599":353.0530271019729,"0x2570f1bD5D2735314FC102eb12Fc1aFe9e6E7193":813.6616021270802,"0x25eC98773D7b4ceD4cAFaB96A2A1c0945f145e10":5.917456586491891,"0x2889302a794dA87fBF1D6Db415C1492194663D13":399.50173073605305,"0x29059568bB40344487d62f7450E78b8E6C74e0e5":246.43129516827275,"0x2b01d4FdB87eb7F2399E5D68631d8A939a323786":12.758752763235806,"0x31429d1856aD1377A8A0079410B297e1a9e214c2":481.42606007584885,"0x32bd822d615A3658A68b6fDD30c2fcb2C996D678":67.43703473810396,"0x34635280737b5BFe6c7DC2FC3065D60d66e78185":395.58355885073644,"0x35282d87011f87508D457F08252Bc5bFa52E10A0":92.56825038780079,"0x35D8949372D46B7a3D5A56006AE77B215fc69bC0":465.5067940103418,"0x35fA164735182de50811E8e2E824cFb9B6118ac2":1119.3476863735666,"0x383E6b4437b59fff47B619CBA855CA29342A8559":139.59341059877002,"0x38D64ce1Bdf1A9f24E0Ec469C9cAde61236fB4a0":235.0649331386855,"0x3A283D9c08E8b55966afb64C515f5143cf907611":2321.0089924804665,"0x3Ed3B47Dd13EC9a98b44e6204A523E766B225811":336.1951220957184,"0x401322B9FDdba8c0a8D40fbCECE1D1752C12316B":463.1559134097129,"0x40D16FC0246aD3160Ccc09B8D0D3A2cD28aE6C2f":491.53748023485724,"0x4591DBfF62656E7859Afe5e45f6f47D3669fBB28":209.87883863558034,"0x4647B6D835f3B393C7A955df51EEfcf0db961606":313.40440036808275,"0x466a756E9A7401B5e2444a3fCB3c2C12FBEa0a54":6.432538378072562,"0x48759F220ED983dB51fA7A8C0D2AAb8f3ce4166a":1524.006596645679,"0x49446A0874197839D15395B908328a74ccc96Bc0":17.137747202894257,"0x4AE86d8732390d852A13cb918463BC6e5775FaDD":102.98235090033843,"0x4D1941a887eC788F059b3bfcC8eE1E97b968825B":3.5653691230011884,"0x4Fabb145d64652a948d72533023f6E7A623C7C53":0.028594659847501154,"0x4c9EDD5852cd905f086C759E8383e09bff1E68B3":1816.2849900721747,"0x4de2ab8177fC5fFAFB7aD11FB8BeB1e5fB95F71C":194.98615645962417,"0x514910771AF9Ca656af840dff83E8264EcF986CA":111.09723782658422,"0x5228a22e72ccC52d415EcFd199F99D0665E7733b":53.49917839718326,"0x5426178799ee0a0181A89b4f57eFddfAb49941Ec":264.7940492286475,"0x5555f75e3d5278082200Fb451D1b6bA946D8e13b":62.95818412782303,"0x57a5a0567187FF4A8dcC1A9bBa86155E355878F2":1.1914001596163415,"0x58efE15C0404aB22F87E4495D71f6f2077e862bE":0.001248567846,"0x5905c0290e59aFBDc42a5480add9bD7B20CB3759":0.1788955150664852,"0x59D9356E565Ab3A36dD77763Fc0d87fEaf85508C":571.0279091155533,"0x5BC25f649fc4e26069dDF4cF4010F9f706c23831":4.252261907574234,"0x5Be6C45e2d074fAa20700C49aDA3E88a1cc0025d":520.525429740897,"0x5Ca135cB8527d76e932f34B5145575F9d8cbE08E":50.40440300188433,"0x5E8422345238F34275888049021821E8E08CAa1f":17633.37148391321,"0x5e74C9036fb86BD7eCdcb084a0673EFc32eA31cb":203.17897370422352,"0x6359B6d3e327c497453d4376561eE276c6933323":269.1563079878274,"0x63a0964A36c34E81959da5894ad888800e17405b":30.911708069695504,"0x65D72AA8DA931F047169112fcf34f52DbaAE7D18":124.92818792070709,"0x661c70333AA1850CcDBAe82776Bb436A0fCfeEfB":49.676612022378805,"0x668308d77be3533c909a692302Cb4D135Bf8041C":0.058385766984815214,"0x66a1E37c9b0eAddca17d3662D6c05F4DECf3e110":0.6613936495375806,"0x674C6Ad92Fd080e4004b2312b45f796a192D27a0":5.7651884265587166,"0x68749665FF8D2d112Fa859AA293F07A622782F38":13.308884849175488,"0x6B175474E89094C44Da98b954EedeAC495271d0F":2493.5291797758773,"0x6C280dB098dB673d30d5B34eC04B6387185D3620":59.14405223061653,"0x6C5024Cd4F8A59110119C56f8933403A539555EB":119.28029767098822,"0x6C9815826FdF8c7a45cCfEd2064dbaB33a078712":6.652245838720471,"0x6ade6971Ca3d90990C30d39c78b0534C7166e07b":174.7083381778854,"0x6b5204B0Be36771253Cc38e88012E02B752f0f36":141.64393753292458,"0x6c3F90f043a72FA612cbac8115EE7e52BDe6E490":1142.5259819259275,"0x6c3ea9036406852006290770BEdFcAbA0e23A0e8":830.2400900613757,"0x6e52cCe4EaFDf77091dD1c82183b2D97b776b397":372.42506846218134,"0x6ef3D766Dfe02Dc4bF04aAe9122EB9A0Ded25615":0.22167440509648142,"0x7223442cad8e9cA474fC40109ab981608F8c4273":0.5772117128919347,"0x73968b9a57c6E53d41345FD57a6E6ae27d6CDB2F":107.37808966270643,"0x73A15FeD60Bf67631dC6cd7Bc5B6e8da8190aCF5":2258.4050819994936,"0x76237BCfDbe8e06FB774663add96216961df4ff3":12.600057762335341,"0x76Eb2FE28b36B3ee97F3Adae0C69606eeDB2A37c":759.1749774239441,"0x77E06c9eCCf2E797fd462A92B6D7642EF85b0A44":0.99601788644,"0x78da5799CF427Fee11e9996982F4150eCe7a99A7":53.66468951877439,"0x7988292D0FB141085c092132e2a70B30aA1eccAB":465.2670349335179,"0x7F17A6C77C3938D235b014818092eb6305BdA110":55.03905961883957,"0x7F86Bf177Dd4F3494b841a37e810A34dD56c829B":2573.3634799159936,"0x7FA768E035F956c41d6aeaa3Bd857e7E5141CAd5":0.5012199211213294,"0x7ea4aD8C803653498bF6AC1D2dEbc04DCe8Fd2aD":277.87225376382486,"0x7f39C581F595B53c5cb19bD0b3f8dA6c935E2Ca0":1201.1209553169526,"0x8064d9Ae6cDf087b1bcd5BDf3531bD5d8C537a68":73.13234103726705,"0x80d69e79258FE9D056c822461c4eb0B4ca8802E2":0.26123083700258165,"0x826180541412D574cf1336d22c0C0a287822678A":267.80991754817194,"0x830614aE209FF9d8706d386fcdBc7a55206fcffC":56.34750884571493,"0x83F20F44975D03b1b09e64809B757c47f942BEeA":1936.7593455804083,"0x84CeCB5525c6B1C20070E742da870062E84Da178":7.724871246706366,"0x853d955aCEf822Db058eb8505911ED77F175b99e":1724.6849335010584,"0x856c4Efb76C1D1AE02e20CEB03A2A6a08b0b8dC3":1.8680173775568998,"0x865377367054516e17014CcdED1e7d814EDC9ce4":527.4421117363169,"0x8C0D76C9B18779665475F3E212D9Ca1Ed6A1A0e6":729.8373426596589,"0x8Cd52ee292313C4D851e71A7064F096504aB3eE9":43.93822805187646,"0x8E870D67F660D95d5be530380D0eC0bd388289E1":0.007669264700973163,"0x8c9532a60E0E7C6BbD2B2c1303F63aCE1c3E9811":1.2082267903777655,"0x8dAEBADE922dF735c38C80C7eBD708Af50815fAa":14.225637270826462,"0x8e595470Ed749b85C6F7669de83EAe304C2ec68F":42.46746996896348,"0x917ceE801a67f933F2e6b33fC0cD1ED2d5909D88":517.4154615207196,"0x9181f633E9B9F15A32d5e37094F4C93b333e0E92":1.1921039149368342,"0x922406EAFC3CcEb32b0256F287fB977c426EDbd8":0.029080337758078095,"0x954313005C56b555bdC41B84D6c63B69049d7847":477.96173598668986,"0x9559Aaa82d9649C7A7b220E7c461d2E74c9a3593":198.37084930239797,"0x95710BDE45C8D384A976Cc58Cc7a7e489576b098":2.3829771405253974,"0x961D4921e1718E633BAC8Ded88c4a1cAe44b785a":1124.1863588134038,"0x9961BdBE8B7091E584c2bF9D0a160C583f564A8c":398.7011666480812,"0x99D8a9C45b2ecA8864373A26D1459e3Dff1e17F3":14.718226427374002,"0x9BE89D2a4cd102D8Fecc6BF9dA793be995C22541":250.3229766543622,"0x9D39A5DE30e57443BfF2A8307A4256c8797A3497":1396.3377370730655,"0x9EEAD9ce15383CaEED975427340b3A369410CFBF":12.471514790337773,"0x9b77bd0a665F05995b68e36fC1053AFFfAf0d4B5":1.3730034614257223,"0x9de1c3D446237ab9BaFF74127eb4F303802a2683":554.2214102590881,