{"0x0000000000085d4780B73119b644AE5ecd22b376":212.46758700894748,"0x0000000016E6Cb3038203c1129c8B4aEE7af7a11":1.8600105623796075,"0x005F893EcD7bF9667195642f7649DA8163e23658":164.85179566437566,"0x0100546F2cD4C9D97f798fFC9755E47865FF7Ee6":380.800048225098,"0x028171bCA77440897B824Ca71D1c56caC55b68A3":1194.2909891047539,"0x0316EB71485b0Ab14103307bf65a021042c6d380":0.026691135086394206,"0x03ab458634910AaD20eF5f1C8ee96F1D6ac54919":246.24850134038303,"0x04C154b66CB340F3Ae24111CC767e0184Ed00Cc6":300.46307696030203,"0x051d7e5609917Bd9b73f04BAc0DED8Dd46a74301":374.24632492931653,"0x056Fd409E1d7A124BD7017459dFEa2F387b6d5Cd":337.9542354706317,"0x075b1bb99792c9E1041bA13afEf80C91a1e70fB3":595.9627515356,"0x085780639CC2cACd35E474e71f4d000e2405d8f6":476.064073219027,"0x09db87A538BD693E9d08544577d5cCfAA6373A48":102.94543753204655,"0x0E2EC54fC0B509F445631Bf4b91AB8168230C752":0.4718030045858288,"0x0E573Ce2736Dd9637A0b21058352e1667925C7a8":133.28065068432406,"0x0a5E677a6A24b2F1A2Bf4F3bFfC443231d2fDEc8":0.12634236023358072,"0x0bc529c00C6401aEF6D220BE8C6Ea1667F6Ad93e":19.142394009413117,"0x0d86883FAf4FfD7aEb116390af37746F45b6f378":302.45400352461246,"0x0dE54CFdfeD8005176f8b7A9D5438B45c4F1df1e":5.836219738237851,"0x1456688345527bE1f37E9e627DA0837D6f08C925":1.2066888053733624,"0x15700B564Ca08D9439C58cA5053166E8317aa138":233.37422667707662,"0x16eAd9a10b1A77007E6E329B076aD1Fe97a6F7C0":177.36443899358014,"0x18084fbA666a33d37592fA2633fD49a74DD93a88":17.40079632935817,"0x1830c553dC76d3447B69b7B0dC19CF9e3c739C78":89.02538004556074,"0x183395DbD0B5e93323a7286D1973150697FFFCB3":533.2555700714435,"0x196f4727526eA7FB1e17b2071B3d8eAA38486988":2.5893372987341787,"0x1BED97CBC3c24A4fb5C069C6E311a967386131f7":271.1722172657192,"0x1aBaEA1f7C830bD89Acc67eC4af516284b1bC33c":114.39072344388764,"0x1c48f86ae57291F7686349F12601910BD8D470bb":0.5427044565209359,"0x1ce0D1E19c9514230FF8CD1DAbaC2555fb92122b":0,"0x2191DF768ad71140F9F3E96c1e4407A4aA31d082":24.716875714165347,"0x2260FAC5E5542a773Aa44fBCfeDf7C193bc2C599":23.424294860522433,"0x2302aaBe69e6E7A1b0Aa23aAC68fcCB8A4D2B460":115.36669437760966,"0x2570f1bD5D2735314FC102eb12Fc1aFe9e6E7193":36.1450755912824,"0x25eC98773D7b4ceD4cAFaB96A2A1c0945f145e10":0,"0x2889302a794dA87fBF1D6Db415C1492194663D13":1402.1342343683964,"0x2b01d4FdB87eb7F2399E5D68631d8A939a323786":251.82366080284848,"0x3175Df0976dFA876431C2E9eE6Bc45b65d3473CC":0.00003874640475377505,"0x3231Cb76718CDeF2155FC47b5286d82e6eDA273f":332.37120323940337,"0x32bd822d615A3658A68b6fDD30c2fcb2C996D678":298.80026086890854,"0x3432B6A60D23Ca0dFCa7761B7ab56459D9C964D0":297.11229280947026,"0x34635280737b5BFe6c7DC2FC3065D60d66e78185":279.5213554350226,"0x35282d87011f87508D457F08252Bc5bFa52E10A0":157.77770668613334,"0x35D8949372D46B7a3D5A56006AE77B215fc69bC0":1715.0877078566477,"0x35fA164735182de50811E8e2E824cFb9B6118ac2":976.7836420828088,"0x365AccFCa291e7D3914637ABf1F7635dB165Bb09":535.4176616545361,"0x383E6b4437b59fff47B619CBA855CA29342A8559":195.30372928601395,"0x38D64ce1Bdf1A9f24E0Ec469C9cAde61236fB4a0":237.98348912030346,"0x3A2725556Dde7B21fBe3dD64A4913ff29faba6A1":0.029975280247087253,"0x3Ed3B47Dd13EC9a98b44e6204A523E766B225811":4.429223,"0x40D16FC0246aD3160Ccc09B8D0D3A2cD28aE6C2f":297.5447199609689,"0x4591DBfF62656E7859Afe5e45f6f47D3669fBB28":224.781331750609,"0x4647B6D835f3B393C7A955df51EEfcf0db961606":295.6003657136451,"0x466a756E9A7401B5e2444a3fCB3c2C12FBEa0a54":54.57301578205237,"0x48759F220ED983dB51fA7A8C0D2AAb8f3ce4166a":2402.8781957195115,"0x49446A0874197839D15395B908328a74ccc96Bc0":36.88257249592184,"0x4AE86d8732390d852A13cb918463BC6e5775FaDD":175.24883327265889,"0x4D1941a887eC788F059b3bfcC8eE1E97b968825B":316.9632435944776,"0x4Fabb145d64652a948d72533023f6E7A623C7C53":0.0394576025684157,"0x4c9EDD5852cd905f086C759E8383e09bff1E68B3":3072.4873008044924,"0x4eBdF703948ddCEA3B11f675B4D1Fba9d2414A14":1754.6780012690965,"0x514910771AF9Ca656af840dff83E8264EcF986CA":85.49564869886837,"0x5228a22e72ccC52d415EcFd199F99D0665E7733b":61.364569054310905,"0x527331F3F550f6f85ACFEcAB9Cc0889180C6f1d5":305.53911275761004,"0x5426178799ee0a0181A89b4f57eFddfAb49941Ec":138.82508235560542,"0x5555f75e3d5278082200Fb451D1b6bA946D8e13b":118.77287496938426,"0x57Ab1ec28D129707052df4dF418D58a2D46d5f51":154.5706509153776,"0x57a5a0567187FF4A8dcC1A9bBa86155E355878F2":0.8500049669897096,"0x58efE15C0404aB22F87E4495D71f6f2077e862bE":0.001248567846,"0x5905c0290e59aFBDc42a5480add9bD7B20CB3759":0.17791286900542672,"0x59D9356E565Ab3A36dD77763Fc0d87fEaf85508C":200.44264494014925,"0x5BC25f649fc4e26069dDF4cF4010F9f706c23831":3.106872807901578,"0x5Be6C45e2d074fAa20700C49aDA3E88a1cc0025d":501.24104850381985,"0x5Ca135cB8527d76e932f34B5145575F9d8cbE08E":54.33735441258008,"0x5E8422345238F34275888049021821E8E08CAa1f":14589.076906835253,"0x5Ea630e00D6eE438d3deA1556A110359ACdc10A9":279.66153473053276,"0x5e74C9036fb86BD7eCdcb084a0673EFc32eA31cb":4.495837860669147,"0x6359B6d3e327c497453d4376561eE276c6933323":335.36921308503725,"0x63a0964A36c34E81959da5894ad888800e17405b":278.7533877695251,"0x65D72AA8DA931F047169112fcf34f52DbaAE7D18":357.1200856657323,"0x661c70333AA1850CcDBAe82776Bb436A0fCfeEfB":86.44869432384726,"0x6663b6D50992ef4fc0380199397c87C2f5256075":121.83507193115939,"0x668308d77be3533c909a692302Cb4D135Bf8041C":0.04489075405590818,"0x66a1E37c9b0eAddca17d3662D6c05F4DECf3e110":28.416874704065897,"0x674C6Ad92Fd080e4004b2312b45f796a192D27a0":0.09191541103485065,"0x677ddbd918637E5F2c79e164D402454dE7dA8619":1.0435083817376358,"0x68749665FF8D2d112Fa859AA293F07A622782F38":17.00230237576069,"0x69000405f9DcE69BD4Cbf4f2865b79144A69BFE0":0.00004289075724533889,"0x6B175474E89094C44Da98b954EedeAC495271d0F":5980.55489429379,"0x6C280dB098dB673d30d5B34eC04B6387185D3620":318.002712553877,"0x6C5024Cd4F8A59110119C56f8933403A539555EB":122.10386539317828,"0x6C9815826FdF8c7a45cCfEd2064dbaB33a078712":60.32001072957611,"0x6ade6971Ca3d90990C30d39c78b0534C7166e07b":206.33574273043652,"0x6b5204B0Be36771253Cc38e88012E02B752f0f36":178.03643694301505,"0x6c3F90f043a72FA612cbac8115EE7e52BDe6E490":892.3262848153445,"0x6c3ea9036406852006290770BEdFcAbA0e23A0e8":308.66369746876177,"0x6e52cCe4EaFDf77091dD1c82183b2D97b776b397":256.172818656665,"0x6ef3D766Dfe02Dc4bF04aAe9122EB9A0Ded25615":0.04298163673763061,"0x7223442cad8e9cA474fC40109ab981608F8c4273":103.72949079281928,"0x73968b9a57c6E53d41345FD57a6E6ae27d6CDB2F":148.30292752004056,"0x73A15FeD60Bf67631dC6cd7Bc5B6e8da8190aCF5":1524.0219655379947,"0x752B4c6e92d96467fE9b9a2522EF07228E00F87c":45.39653558106103,"0x76237BCfDbe8e06FB774663add96216961df4ff3":31.454962881511452,"0x76Eb2FE28b36B3ee97F3Adae0C69606eeDB2A37c":1186.634649071213,"0x77E06c9eCCf2E797fd462A92B6D7642EF85b0A44":0.9534714652399999,"0x78da5799CF427Fee11e9996982F4150eCe7a99A7":91.87950026632132,"0x7988292D0FB141085c092132e2a70B30aA1eccAB":460.5967459617606,"0x7F86Bf177Dd4F3494b841a37e810A34dD56c829B":7241.134758165676,"0x7FA768E035F956c41d6aeaa3Bd857e7E5141CAd5":0.3863772551365997,"0x7ea4aD8C803653498bF6AC1D2dEbc04DCe8Fd2aD":116.43529107197855,"0x7f39C581F595B53c5cb19bD0b3f8dA6c935E2Ca0":1067.429805376577,"0x8064d9Ae6cDf087b1bcd5BDf3531bD5d8C537a68":79.77251224566798,"0x808507121B80c02388fAd14726482e061B8da827":218.44347386128962,"0x80d69e79258FE9D056c822461c4eb0B4ca8802E2":0.2007086304498654,"0x826180541412D574cf1336d22c0C0a287822678A":202.20970150431492,"0x830614aE209FF9d8706d386fcdBc7a55206fcffC":46.80189518929387,"0x83F20F44975D03b1b09e64809B757c47f942BEeA":2833.0074230429163,"0x853d955aCEf822Db058eb8505911ED77F175b99e":1402.0264112469877,"0x856c4Efb76C1D1AE02e20CEB03A2A6a08b0b8dC3":300.78035313420173,"0x865377367054516e17014CcdED1e7d814EDC9ce4":12.768879426057469,"0x893DA8A02b487FEF2F7e3F35DF49d7625aE549a3":343.3361549097196,"0x8Bc3F1e82Ca3d63987dc12F90538c6bF818FcD0f":318.24825046862765,"0x8C0D76C9B18779665475F3E212D9Ca1Ed6A1A0e6":652.781067795123,"0x8C88538688aca3b733aD08b12BEe4574c0C00907":332.4109142066259,"0x8E870D67F660D95d5be530380D0eC0bd388289E1":169.8658635485822,"0x8c9532a60E0E7C6BbD2B2c1303F63aCE1c3E9811":179.69957520519986,