{"0x0000000000085d4780B73119b644AE5ecd22b376":205.19773247518378,"0x0000000016E6Cb3038203c1129c8B4aEE7af7a11":1.7996969983473052,"0x005F893EcD7bF9667195642f7649DA8163e23658":116.54543845532994,"0x0100546F2cD4C9D97f798fFC9755E47865FF7Ee6":316.46828282228756,"0x028171bCA77440897B824Ca71D1c56caC55b68A3":1150.4831887602127,"0x0316EB71485b0Ab14103307bf65a021042c6d380":0.017094454664250296,"0x03ab458634910AaD20eF5f1C8ee96F1D6ac54919":12.346650853069484,"0x04C154b66CB340F3Ae24111CC767e0184Ed00Cc6":847.0120955216044,"0x051d7e5609917Bd9b73f04BAc0DED8Dd46a74301":307.75934477226195,"0x056Fd409E1d7A124BD7017459dFEa2F387b6d5Cd":771.6032997056511,"0x067079c14B85169e6a29703769dadDef90816f4C":420.80308544118543,"0x075b1bb99792c9E1041bA13afEf80C91a1e70fB3":660.0105959168329,"0x085780639CC2cACd35E474e71f4d000e2405d8f6":1154.3429964615584,"0x09db87A538BD693E9d08544577d5cCfAA6373A48":53.39371685172093,"0x0E2EC54fC0B509F445631Bf4b91AB8168230C752":0.4712521353417567,"0x0E573Ce2736Dd9637A0b21058352e1667925C7a8":131.65139453719254,"0x0a5E677a6A24b2F1A2Bf4F3bFfC443231d2fDEc8":0.07660983687285232,"0x0bc529c00C6401aEF6D220BE8C6Ea1667F6Ad93e":9.413639083474731,"0x0d86883FAf4FfD7aEb116390af37746F45b6f378":259.158869666952,"0x0dE54CFdfeD8005176f8b7A9D5438B45c4F1df1e":5.830092539383879,"0x137469B55D1f15651BA46A89D0588e97dD0B6562":156.46142034562908,"0x1456688345527bE1f37E9e627DA0837D6f08C925":6.194439829688081,"0x15700B564Ca08D9439C58cA5053166E8317aa138":1947.206588182292,"0x18084fbA666a33d37592fA2633fD49a74DD93a88":362.73472003617803,"0x183395DbD0B5e93323a7286D1973150697FFFCB3":168.1794556926827,"0x196f4727526eA7FB1e17b2071B3d8eAA38486988":2.561829910183763,"0x1BED97CBC3c24A4fb5C069C6E311a967386131f7":222.0233736696362,"0x1a7e4e63778B4f12a199C062f3eFdD288afCBce8":316.0327428890758,"0x1aBaEA1f7C830bD89Acc67eC4af516284b1bC33c":476.371257951744,"0x1c48f86ae57291F7686349F12601910BD8D470bb":1.3084582292907563,"0x1ce0D1E19c9514230FF8CD1DAbaC2555fb92122b":0,"0x2191DF768ad71140F9F3E96c1e4407A4aA31d082":25.692872745416885,"0x2260FAC5E5542a773Aa44fBCfeDf7C193bc2C599":353.20464328191025,"0x2302aaBe69e6E7A1b0Aa23aAC68fcCB8A4D2B460":114.21644594806337,"0x2570f1bD5D2735314FC102eb12Fc1aFe9e6E7193":403.29864667113213,"0x25eC98773D7b4ceD4cAFaB96A2A1c0945f145e10":0,"0x2889302a794dA87fBF1D6Db415C1492194663D13":1189.3095346968123,"0x2b01d4FdB87eb7F2399E5D68631d8A939a323786":205.12397678725526,"0x3175Df0976dFA876431C2E9eE6Bc45b65d3473CC":9.269834469447032e-7,"0x3231Cb76718CDeF2155FC47b5286d82e6eDA273f":317.24111612629696,"0x32bd822d615A3658A68b6fDD30c2fcb2C996D678":210.29851193220114,"0x3432B6A60D23Ca0dFCa7761B7ab56459D9C964D0":259.8788539853941,"0x34635280737b5BFe6c7DC2FC3065D60d66e78185":194.95313746227052,"0x35282d87011f87508D457F08252Bc5bFa52E10A0":149.11010103255404,"0x35D8949372D46B7a3D5A56006AE77B215fc69bC0":434.21588429673136,"0x35fA164735182de50811E8e2E824cFb9B6118ac2":853.205227277763,"0x365AccFCa291e7D3914637ABf1F7635dB165Bb09":182.01370260541225,"0x383E6b4437b59fff47B619CBA855CA29342A8559":180.4596512763719,"0x38D64ce1Bdf1A9f24E0Ec469C9cAde61236fB4a0":183.9434694768925,"0x393DaD6c76D962Abba489a77dBf37ae948A4A6ee":104.33331654633335,"0x3A2725556Dde7B21fBe3dD64A4913ff29faba6A1":0.026335289119998943,"0x3A283D9c08E8b55966afb64C515f5143cf907611":4901.344196515772,"0x3Ed3B47Dd13EC9a98b44e6204A523E766B225811":756.158297756641,"0x401322B9FDdba8c0a8D40fbCECE1D1752C12316B":240.17723963351557,"0x40D16FC0246aD3160Ccc09B8D0D3A2cD28aE6C2f":1227.869199595403,"0x4591DBfF62656E7859Afe5e45f6f47D3669fBB28":171.68978991463115,"0x4647B6D835f3B393C7A955df51EEfcf0db961606":56.1420650173219,"0x466a756E9A7401B5e2444a3fCB3c2C12FBEa0a54":654.8854460353224,"0x48759F220ED983dB51fA7A8C0D2AAb8f3ce4166a":1666.989614786522,"0x49446A0874197839D15395B908328a74ccc96Bc0":13.64598665901705,"0x4AE86d8732390d852A13cb918463BC6e5775FaDD":100.01156018169802,"0x4D1941a887eC788F059b3bfcC8eE1E97b968825B":269.497443569021,"0x4DEcE678ceceb27446b35C672dC7d61F30bAD69E":429.94189921012037,"0x4Fabb145d64652a948d72533023f6E7A623C7C53":0.0396186608079591,"0x4c9EDD5852cd905f086C759E8383e09bff1E68B3":12216.170100760623,"0x4de2ab8177fC5fFAFB7aD11FB8BeB1e5fB95F71C":346.8967119749293,"0x4eBdF703948ddCEA3B11f675B4D1Fba9d2414A14":5438.624753305584,"0x514910771AF9Ca656af840dff83E8264EcF986CA":66.32263452466988,"0x5228a22e72ccC52d415EcFd199F99D0665E7733b":43.99721086365389,"0x527331F3F550f6f85ACFEcAB9Cc0889180C6f1d5":217.35303698668102,"0x5426178799ee0a0181A89b4f57eFddfAb49941Ec":802.6262230752092,"0x5555f75e3d5278082200Fb451D1b6bA946D8e13b":100.99826787691096,"0x57a5a0567187FF4A8dcC1A9bBa86155E355878F2":0.7982303087309849,"0x58efE15C0404aB22F87E4495D71f6f2077e862bE":0.0012475789802659678,"0x5905c0290e59aFBDc42a5480add9bD7B20CB3759":0.17978826892029626,"0x59D9356E565Ab3A36dD77763Fc0d87fEaf85508C":143.451979619884,"0x5BC25f649fc4e26069dDF4cF4010F9f706c23831":3.1023086847299712,"0x5Be6C45e2d074fAa20700C49aDA3E88a1cc0025d":458.6938586202837,"0x5Ca135cB8527d76e932f34B5145575F9d8cbE08E":42.210315518083505,"0x5E8422345238F34275888049021821E8E08CAa1f":12406.350348394879,"0x5Ea630e00D6eE438d3deA1556A110359ACdc10A9":192.84168785820256,"0x5b6C539b224014A09B3388e51CaAA8e354c959C8":454.7973004838311,"0x5e74C9036fb86BD7eCdcb084a0673EFc32eA31cb":6.871010918046977,"0x6359B6d3e327c497453d4376561eE276c6933323":206.6406134662629,"0x63a0964A36c34E81959da5894ad888800e17405b":224.63783655750782,"0x65D72AA8DA931F047169112fcf34f52DbaAE7D18":139.53314687340034,"0x65f228ED6a6001eD6485535e0Dc33E525734f54c":21.59870096111927,"0x661c70333AA1850CcDBAe82776Bb436A0fCfeEfB":54.82833913110284,"0x6663b6D50992ef4fc0380199397c87C2f5256075":40.77450059659546,"0x668308d77be3533c909a692302Cb4D135Bf8041C":0.03906280395995506,"0x66a1E37c9b0eAddca17d3662D6c05F4DECf3e110":12.148100930334667,"0x674C6Ad92Fd080e4004b2312b45f796a192D27a0":4.554210884879624,"0x677ddbd918637E5F2c79e164D402454dE7dA8619":1.5250918508114835,"0x68749665FF8D2d112Fa859AA293F07A622782F38":6.707270790658961,"0x69000405f9DcE69BD4Cbf4f2865b79144A69BFE0":0,"0x6B175474E89094C44Da98b954EedeAC495271d0F":14674.658725119274,"0x6C280dB098dB673d30d5B34eC04B6387185D3620":251.67964871300697,"0x6C5024Cd4F8A59110119C56f8933403A539555EB":105.91170347987921,"0x6C9815826FdF8c7a45cCfEd2064dbaB33a078712":57.12376324247914,"0x6ade6971Ca3d90990C30d39c78b0534C7166e07b":113.06622159172314,"0x6b5204B0Be36771253Cc38e88012E02B752f0f36":171.12775203855557,"0x6c3F90f043a72FA612cbac8115EE7e52BDe6E490":784.1797150439879,"0x6c3ea9036406852006290770BEdFcAbA0e23A0e8":1086.2801186910158,"0x6e52cCe4EaFDf77091dD1c82183b2D97b776b397":590.537290051424,"0x6ef3D766Dfe02Dc4bF04aAe9122EB9A0Ded25615":0.03751190757037258,"0x7223442cad8e9cA474fC40109ab981608F8c4273":53.93332336864722,"0x73968b9a57c6E53d41345FD57a6E6ae27d6CDB2F":80.14924873935213,"0x73A15FeD60Bf67631dC6cd7Bc5B6e8da8190aCF5":1877.0625439810349,"0x752B4c6e92d96467fE9b9a2522EF07228E00F87c":10.742393373986497,"0x76237BCfDbe8e06FB774663add96216961df4ff3":19.80895487354919,"0x76Eb2FE28b36B3ee97F3Adae0C69606eeDB2A37c":1182.7690753353622,"0x77E06c9eCCf2E797fd462A92B6D7642EF85b0A44":0.59158023912,"0x78da5799CF427Fee11e9996982F4150eCe7a99A7":79.99438624158478,"0x7988292D0FB141085c092132e2a70B30aA1eccAB":444.2927116566703,"0x7F17A6C77C3938D235b014818092eb6305BdA110":110.8360876447248,"0x7F86Bf177Dd4F3494b841a37e810A34dD56c829B":7154.911334884456,"0x7FA768E035F956c41d6aeaa3Bd857e7E5141CAd5":0.33518260989904985,"0x7ea4aD8C803653498bF6AC1D2dEbc04DCe8Fd2aD":19.498436424682332,"0x7f39C581F595B53c5cb19bD0b3f8dA6c935E2Ca0":3522.0486407687786,"0x8064d9Ae6cDf087b1bcd5BDf3531bD5d8C537a68":56.315021083391336,"0x808507121B80c02388fAd14726482e061B8da827":157.40652743928808,"0x80d69e79258FE9D056c822461c4eb0B4ca8802E2":0.17497805280678072,"0x826180541412D574cf1336d22c0C0a287822678A":144.19340439255672,"0x8282BD15dcA2EA2bDf24163E8f2781B30C43A2ef":210.41188976892167,"0x830614aE209FF9d8706d386fcdBc7a55206fcffC":29.508525804600943,"0x83F20F44975D03b1b09e64809B757c47f942BEeA":8525.569960617573,