{"0x0000000000085d4780B73119b644AE5ecd22b376":0.005435903392370298,"0x005F893EcD7bF9667195642f7649DA8163e23658":6.391426730585204,"0x0100546F2cD4C9D97f798fFC9755E47865FF7Ee6":153.97954299269313,"0x028171bCA77440897B824Ca71D1c56caC55b68A3":114.30910451615884,"0x0316EB71485b0Ab14103307bf65a021042c6d380":71.64364732066072,"0x03ab458634910AaD20eF5f1C8ee96F1D6ac54919":153.81452826637044,"0x04C154b66CB340F3Ae24111CC767e0184Ed00Cc6":185.6591171953859,"0x056Fd409E1d7A124BD7017459dFEa2F387b6d5Cd":35.65831229833756,"0x067079c14B85169e6a29703769dadDef90816f4C":102.6688412497926,"0x075b1bb99792c9E1041bA13afEf80C91a1e70fB3":807.41899434086,"0x085780639CC2cACd35E474e71f4d000e2405d8f6":527.5989760946877,"0x09b2E090531228d1b8E3d948C73b990Cb6e60720":546.4887874206598,"0x0E2EC54fC0B509F445631Bf4b91AB8168230C752":0.4500550846190761,"0x0E573Ce2736Dd9637A0b21058352e1667925C7a8":141.67849922717903,"0x0bc529c00C6401aEF6D220BE8C6Ea1667F6Ad93e":5.604973640724018,"0x0d86883FAf4FfD7aEb116390af37746F45b6f378":45.70958915532256,"0x0dE54CFdfeD8005176f8b7A9D5438B45c4F1df1e":0.9401141748571434,"0x1456688345527bE1f37E9e627DA0837D6f08C925":1.8168094358609719,"0x1830c553dC76d3447B69b7B0dC19CF9e3c739C78":185.72689612914132,"0x196f4727526eA7FB1e17b2071B3d8eAA38486988":2.4800499336896094,"0x1c48f86ae57291F7686349F12601910BD8D470bb":1.2483459588995272,"0x1ce0D1E19c9514230FF8CD1DAbaC2555fb92122b":0,"0x2260FAC5E5542a773Aa44fBCfeDf7C193bc2C599":338.5931877167971,"0x2570f1bD5D2735314FC102eb12Fc1aFe9e6E7193":8.12080690519178,"0x25eC98773D7b4ceD4cAFaB96A2A1c0945f145e10":5.917483102669191,"0x2889302a794dA87fBF1D6Db415C1492194663D13":80.00697784066222,"0x29059568bB40344487d62f7450E78b8E6C74e0e5":125.3699961644579,"0x2b01d4FdB87eb7F2399E5D68631d8A939a323786":17.79086178781671,"0x31429d1856aD1377A8A0079410B297e1a9e214c2":566.745656959922,"0x32bd822d615A3658A68b6fDD30c2fcb2C996D678":42.8796489320183,"0x35282d87011f87508D457F08252Bc5bFa52E10A0":698.1387683530141,"0x35fA164735182de50811E8e2E824cFb9B6118ac2":968.9475469106513,"0x365AccFCa291e7D3914637ABf1F7635dB165Bb09":642.9851619747216,"0x383E6b4437b59fff47B619CBA855CA29342A8559":20.011295335655035,"0x38D64ce1Bdf1A9f24E0Ec469C9cAde61236fB4a0":1088.7800527708662,"0x3A283D9c08E8b55966afb64C515f5143cf907611":2128.487429435452,"0x3Ed3B47Dd13EC9a98b44e6204A523E766B225811":14.139954513861577,"0x3f0e7916681452D23Cd36B1281457DA721F2E5dF":558.718636092496,"0x40D16FC0246aD3160Ccc09B8D0D3A2cD28aE6C2f":759.662117831421,"0x4591DBfF62656E7859Afe5e45f6f47D3669fBB28":127.31319844239593,"0x4647B6D835f3B393C7A955df51EEfcf0db961606":37.29483540253669,"0x466a756E9A7401B5e2444a3fCB3c2C12FBEa0a54":504.6204429925729,"0x48759F220ED983dB51fA7A8C0D2AAb8f3ce4166a":804.6386301828875,"0x49446A0874197839D15395B908328a74ccc96Bc0":7.9203796075346,"0x4AE86d8732390d852A13cb918463BC6e5775FaDD":22.63144058949887,"0x4DEcE678ceceb27446b35C672dC7d61F30bAD69E":605.533176380104,"0x4Fabb145d64652a948d72533023f6E7A623C7C53":0.003871194691067325,"0x4c9EDD5852cd905f086C759E8383e09bff1E68B3":2948.872334292936,"0x4de2ab8177fC5fFAFB7aD11FB8BeB1e5fB95F71C":56.262866801585716,"0x4eBdF703948ddCEA3B11f675B4D1Fba9d2414A14":487.1652909880743,"0x514910771AF9Ca656af840dff83E8264EcF986CA":116.60703794371857,"0x5228a22e72ccC52d415EcFd199F99D0665E7733b":52.994380759759004,"0x5426178799ee0a0181A89b4f57eFddfAb49941Ec":29.883213274595864,"0x5555f75e3d5278082200Fb451D1b6bA946D8e13b":41.067501407864405,"0x57a5a0567187FF4A8dcC1A9bBa86155E355878F2":1.1743074121109507,"0x58efE15C0404aB22F87E4495D71f6f2077e862bE":0.0012471519700626358,"0x5905c0290e59aFBDc42a5480add9bD7B20CB3759":0.000009789911896082797,"0x59D9356E565Ab3A36dD77763Fc0d87fEaf85508C":354.06777039022734,"0x5BC25f649fc4e26069dDF4cF4010F9f706c23831":0.29555564863633266,"0x5Be6C45e2d074fAa20700C49aDA3E88a1cc0025d":154.13529193117094,"0x5Ca135cB8527d76e932f34B5145575F9d8cbE08E":52.14431768466425,"0x5E8422345238F34275888049021821E8E08CAa1f":16400.56384045304,"0x5b6C539b224014A09B3388e51CaAA8e354c959C8":78.26529394718887,"0x5e74C9036fb86BD7eCdcb084a0673EFc32eA31cb":205.05228358637478,"0x63a0964A36c34E81959da5894ad888800e17405b":17.06198678499463,"0x65D72AA8DA931F047169112fcf34f52DbaAE7D18":93.7752888755025,"0x661c70333AA1850CcDBAe82776Bb436A0fCfeEfB":0.0013034332714402363,"0x6663b6D50992ef4fc0380199397c87C2f5256075":517.6063004222254,"0x668308d77be3533c909a692302Cb4D135Bf8041C":0.05747107599392593,"0x66a1E37c9b0eAddca17d3662D6c05F4DECf3e110":0.10862144064263547,"0x674C6Ad92Fd080e4004b2312b45f796a192D27a0":0.640748389933801,"0x68749665FF8D2d112Fa859AA293F07A622782F38":16.31737897934923,"0x6B175474E89094C44Da98b954EedeAC495271d0F":1403.3842780666425,"0x6C280dB098dB673d30d5B34eC04B6387185D3620":66.33521253717511,"0x6C5024Cd4F8A59110119C56f8933403A539555EB":105.97165206263007,"0x6ade6971Ca3d90990C30d39c78b0534C7166e07b":79.8942166990723,"0x6c3F90f043a72FA612cbac8115EE7e52BDe6E490":1130.1135243684328,"0x6c3ea9036406852006290770BEdFcAbA0e23A0e8":1566.3940428579906,"0x6e52cCe4EaFDf77091dD1c82183b2D97b776b397":471.9943526606125,"0x6ef3D766Dfe02Dc4bF04aAe9122EB9A0Ded25615":0.029798868321430985,"0x73968b9a57c6E53d41345FD57a6E6ae27d6CDB2F":77.08181558727844,"0x73A15FeD60Bf67631dC6cd7Bc5B6e8da8190aCF5":0.012578755423542667,"0x76237BCfDbe8e06FB774663add96216961df4ff3":17.10488504354128,"0x76Eb2FE28b36B3ee97F3Adae0C69606eeDB2A37c":723.5082692197966,"0x78da5799CF427Fee11e9996982F4150eCe7a99A7":251.85899725169452,"0x7988292D0FB141085c092132e2a70B30aA1eccAB":484.24318961616933,"0x7F17A6C77C3938D235b014818092eb6305BdA110":26.789354161501176,"0x7F86Bf177Dd4F3494b841a37e810A34dD56c829B":2398.901989147287,"0x7FA768E035F956c41d6aeaa3Bd857e7E5141CAd5":0.04042344985299595,"0x7ea4aD8C803653498bF6AC1D2dEbc04DCe8Fd2aD":64.05659034400152,"0x7f39C581F595B53c5cb19bD0b3f8dA6c935E2Ca0":1404.3362382489004,"0x8064d9Ae6cDf087b1bcd5BDf3531bD5d8C537a68":73.64270036882138,"0x826180541412D574cf1336d22c0C0a287822678A":823.2548474246574,"0x830614aE209FF9d8706d386fcdBc7a55206fcffC":40.892631473218934,"0x83F20F44975D03b1b09e64809B757c47f942BEeA":1242.7405267977676,"0x853d955aCEf822Db058eb8505911ED77F175b99e":1190.5545167582834,"0x856c4Efb76C1D1AE02e20CEB03A2A6a08b0b8dC3":1.837061580792185,"0x865377367054516e17014CcdED1e7d814EDC9ce4":346.217511554634,"0x8C0D76C9B18779665475F3E212D9Ca1Ed6A1A0e6":309.16817815599296,"0x8C88538688aca3b733aD08b12BEe4574c0C00907":30.949113259676327,"0x8Cd52ee292313C4D851e71A7064F096504aB3eE9":64.90647694897757,"0x8E870D67F660D95d5be530380D0eC0bd388289E1":668.4816728821202,"0x8dAEBADE922dF735c38C80C7eBD708Af50815fAa":15.488866465663087,"0x8e595470Ed749b85C6F7669de83EAe304C2ec68F":15.025785307453832,"0x917ceE801a67f933F2e6b33fC0cD1ED2d5909D88":256.7816470371125,"0x9181f633E9B9F15A32d5e37094F4C93b333e0E92":0.4668334971347501,"0x922406EAFC3CcEb32b0256F287fB977c426EDbd8":0.029080337758078095,"0x9559Aaa82d9649C7A7b220E7c461d2E74c9a3593":194.3786182351807,"0x95710BDE45C8D384A976Cc58Cc7a7e489576b098":0.6622032381412235,"0x961D4921e1718E633BAC8Ded88c4a1cAe44b785a":221.4957575197947,"0x96E61422b6A9bA0e068B6c5ADd4fFaBC6a4aae27":542.6394896679138,"0x9961BdBE8B7091E584c2bF9D0a160C583f564A8c":377.42402397389566,"0x99D8a9C45b2ecA8864373A26D1459e3Dff1e17F3":9.436335086392894,"0x9BE89D2a4cd102D8Fecc6BF9dA793be995C22541":233.02975360394046,"0x9D39A5DE30e57443BfF2A8307A4256c8797A3497":1211.2026799180046,"0x9EEAD9ce15383CaEED975427340b3A369410CFBF":0.000003993861818936,"0x9FeE65D5A627e73212989c8BbEdC5Fa5Cae3821F":12.36220593554477,"0x9b77bd0a665F05995b68e36fC1053AFFfAf0d4B5":0.7861223997283402,"0x9de1c3D446237ab9BaFF74127eb4F303802a2683":118.9079570646672,"0xA0b86991c6218b36c1d19D4a2e9Eb0cE3606eB48":3352.462678665068,"0xA0d69E286B938e21CBf7E51D71F6A4c8918f482F":475.95723629894206,"0xA1290d69c65A6Fe4DF752f95823fae25cB99e5A7":76.41821431617261,"0xA35b1B31Ce002FBF2058D22F30f95D405200A15b":1.857059671851053,"0xA5588F7cdf560811710A2D82D3C9c99769DB1Dcb":405.9226414017455,"0xA663B02CF0a4b149d2aD41910CB81e23e1c41c32":26.90442792092427,"0xAB846Fb6C81370327e784Ae7CbB6d6a6af6Ff4BF":48.92682041501978,