{"0x0000000000085d4780B73119b644AE5ecd22b376":0.008458620126823684,"0x005F893EcD7bF9667195642f7649DA8163e23658":0.2376212283388777,"0x0100546F2cD4C9D97f798fFC9755E47865FF7Ee6":481.22366466809365,"0x028171bCA77440897B824Ca71D1c56caC55b68A3":743.1263347483507,"0x0316EB71485b0Ab14103307bf65a021042c6d380":0.022914915259020233,"0x03ab458634910AaD20eF5f1C8ee96F1D6ac54919":185.0368987682725,"0x04C154b66CB340F3Ae24111CC767e0184Ed00Cc6":430.6202748127026,"0x056Fd409E1d7A124BD7017459dFEa2F387b6d5Cd":44.20863798904457,"0x067079c14B85169e6a29703769dadDef90816f4C":375.6467718966635,"0x075b1bb99792c9E1041bA13afEf80C91a1e70fB3":344.56066399707,"0x085780639CC2cACd35E474e71f4d000e2405d8f6":379.5850369487852,"0x0E2EC54fC0B509F445631Bf4b91AB8168230C752":0.47151450279572815,"0x0E573Ce2736Dd9637A0b21058352e1667925C7a8":144.0058467879203,"0x0a5E677a6A24b2F1A2Bf4F3bFfC443231d2fDEc8":0.050157650332627146,"0x0bc529c00C6401aEF6D220BE8C6Ea1667F6Ad93e":13.036615513318011,"0x0d86883FAf4FfD7aEb116390af37746F45b6f378":243.49840064498122,"0x0dE54CFdfeD8005176f8b7A9D5438B45c4F1df1e":5.831001312184399,"0x1456688345527bE1f37E9e627DA0837D6f08C925":2.7248095357117137,"0x16eAd9a10b1A77007E6E329B076aD1Fe97a6F7C0":133.24992815024706,"0x18084fbA666a33d37592fA2633fD49a74DD93a88":2.4157294828911238,"0x183395DbD0B5e93323a7286D1973150697FFFCB3":402.15624121838715,"0x196f4727526eA7FB1e17b2071B3d8eAA38486988":2.532051982108702,"0x1aBaEA1f7C830bD89Acc67eC4af516284b1bC33c":491.1421757183269,"0x1c48f86ae57291F7686349F12601910BD8D470bb":0.03807878007847416,"0x1ce0D1E19c9514230FF8CD1DAbaC2555fb92122b":0,"0x2191DF768ad71140F9F3E96c1e4407A4aA31d082":6.65763232614152,"0x2260FAC5E5542a773Aa44fBCfeDf7C193bc2C599":10.452321042979943,"0x2302aaBe69e6E7A1b0Aa23aAC68fcCB8A4D2B460":134.86781852192198,"0x2570f1bD5D2735314FC102eb12Fc1aFe9e6E7193":3.538136769118569,"0x25eC98773D7b4ceD4cAFaB96A2A1c0945f145e10":0,"0x2889302a794dA87fBF1D6Db415C1492194663D13":277.9544264683835,"0x2b01d4FdB87eb7F2399E5D68631d8A939a323786":17.82943198957161,"0x31429d1856aD1377A8A0079410B297e1a9e214c2":470.5941283052645,"0x32bd822d615A3658A68b6fDD30c2fcb2C996D678":81.38228932729635,"0x34635280737b5BFe6c7DC2FC3065D60d66e78185":377.66086223121,"0x35282d87011f87508D457F08252Bc5bFa52E10A0":125.01316039739574,"0x35D8949372D46B7a3D5A56006AE77B215fc69bC0":193.83254239595755,"0x35fA164735182de50811E8e2E824cFb9B6118ac2":1172.5415182977756,"0x365AccFCa291e7D3914637ABf1F7635dB165Bb09":391.22651441354105,"0x383E6b4437b59fff47B619CBA855CA29342A8559":162.4612666134891,"0x38D64ce1Bdf1A9f24E0Ec469C9cAde61236fB4a0":254.47804474256742,"0x3A283D9c08E8b55966afb64C515f5143cf907611":1187.4182436321114,"0x3Ed3B47Dd13EC9a98b44e6204A523E766B225811":0.000091793092,"0x401322B9FDdba8c0a8D40fbCECE1D1752C12316B":390.46583141233185,"0x40D16FC0246aD3160Ccc09B8D0D3A2cD28aE6C2f":244.5852842134615,"0x4591DBfF62656E7859Afe5e45f6f47D3669fBB28":299.08301221351496,"0x466a756E9A7401B5e2444a3fCB3c2C12FBEa0a54":1.6969148259227387,"0x48759F220ED983dB51fA7A8C0D2AAb8f3ce4166a":1548.3512975055608,"0x49446A0874197839D15395B908328a74ccc96Bc0":27.606413936422147,"0x4AE86d8732390d852A13cb918463BC6e5775FaDD":131.7957515961699,"0x4D1941a887eC788F059b3bfcC8eE1E97b968825B":9.933864359195374,"0x4Fabb145d64652a948d72533023f6E7A623C7C53":0.029356437492646145,"0x4c9EDD5852cd905f086C759E8383e09bff1E68B3":1400.1812793019853,"0x4de2ab8177fC5fFAFB7aD11FB8BeB1e5fB95F71C":232.30301446952973,"0x4e3FBD56CD56c3e72c1403e103b45Db9da5B9D2B":481.9233871913986,"0x4eBdF703948ddCEA3B11f675B4D1Fba9d2414A14":54.492091884956906,"0x514910771AF9Ca656af840dff83E8264EcF986CA":113.90197822959747,"0x5228a22e72ccC52d415EcFd199F99D0665E7733b":57.01966837509099,"0x5426178799ee0a0181A89b4f57eFddfAb49941Ec":16.331510912488813,"0x5555f75e3d5278082200Fb451D1b6bA946D8e13b":93.25465129074064,"0x57a5a0567187FF4A8dcC1A9bBa86155E355878F2":1.2130052058392793,"0x58efE15C0404aB22F87E4495D71f6f2077e862bE":0.001248567846,"0x5905c0290e59aFBDc42a5480add9bD7B20CB3759":0.1788955150664852,"0x59D9356E565Ab3A36dD77763Fc0d87fEaf85508C":581.6909768905191,"0x5BC25f649fc4e26069dDF4cF4010F9f706c23831":0.3742872432156433,"0x5Be6C45e2d074fAa20700C49aDA3E88a1cc0025d":67.38708792765442,"0x5Ca135cB8527d76e932f34B5145575F9d8cbE08E":52.9238967226122,"0x5E8422345238F34275888049021821E8E08CAa1f":17835.378878256517,"0x5Ea630e00D6eE438d3deA1556A110359ACdc10A9":409.4766012915171,"0x5e74C9036fb86BD7eCdcb084a0673EFc32eA31cb":212.66314236172474,"0x62B9c7356A2Dc64a1969e19C23e4f579F9810Aa7":277.6140411143036,"0x6359B6d3e327c497453d4376561eE276c6933323":285.3347142555004,"0x63a0964A36c34E81959da5894ad888800e17405b":170.58059777975365,"0x65D72AA8DA931F047169112fcf34f52DbaAE7D18":131.5468499038241,"0x661c70333AA1850CcDBAe82776Bb436A0fCfeEfB":58.296414419954736,"0x6663b6D50992ef4fc0380199397c87C2f5256075":3.5882619903186024,"0x668308d77be3533c909a692302Cb4D135Bf8041C":0.059089779402321685,"0x66a1E37c9b0eAddca17d3662D6c05F4DECf3e110":6.579804938843437,"0x674C6Ad92Fd080e4004b2312b45f796a192D27a0":1.0867252933298488,"0x68749665FF8D2d112Fa859AA293F07A622782F38":17.393768384779037,"0x6B175474E89094C44Da98b954EedeAC495271d0F":667.3397405997998,"0x6C5024Cd4F8A59110119C56f8933403A539555EB":129.95282334690114,"0x6C9815826FdF8c7a45cCfEd2064dbaB33a078712":11.836281978849215,"0x6ade6971Ca3d90990C30d39c78b0534C7166e07b":199.8761338184435,"0x6b5204B0Be36771253Cc38e88012E02B752f0f36":152.78393306794007,"0x6c3F90f043a72FA612cbac8115EE7e52BDe6E490":977.2292269117829,"0x6c3ea9036406852006290770BEdFcAbA0e23A0e8":242.73204585237258,"0x6e52cCe4EaFDf77091dD1c82183b2D97b776b397":183.60396143404813,"0x6ef3D766Dfe02Dc4bF04aAe9122EB9A0Ded25615":0.08995487495438556,"0x7223442cad8e9cA474fC40109ab981608F8c4273":10.45650471959845,"0x73968b9a57c6E53d41345FD57a6E6ae27d6CDB2F":112.76874408908934,"0x73A15FeD60Bf67631dC6cd7Bc5B6e8da8190aCF5":450.7882035946383,"0x76237BCfDbe8e06FB774663add96216961df4ff3":20.61152826402069,"0x76Eb2FE28b36B3ee97F3Adae0C69606eeDB2A37c":792.2839781170256,"0x77E06c9eCCf2E797fd462A92B6D7642EF85b0A44":1.0092442739,"0x78da5799CF427Fee11e9996982F4150eCe7a99A7":87.51186356093856,"0x7988292D0FB141085c092132e2a70B30aA1eccAB":471.5562528068967,"0x7F17A6C77C3938D235b014818092eb6305BdA110":75.77751075316235,"0x7F86Bf177Dd4F3494b841a37e810A34dD56c829B":587.6176440790694,"0x7FA768E035F956c41d6aeaa3Bd857e7E5141CAd5":0.5075518722453712,"0x7f39C581F595B53c5cb19bD0b3f8dA6c935E2Ca0":92.539005545638,"0x8064d9Ae6cDf087b1bcd5BDf3531bD5d8C537a68":80.47419320080279,"0x808507121B80c02388fAd14726482e061B8da827":339.3966504033918,"0x80d69e79258FE9D056c822461c4eb0B4ca8802E2":0.2658842106193557,"0x826180541412D574cf1336d22c0C0a287822678A":267.4860532994501,"0x830614aE209FF9d8706d386fcdBc7a55206fcffC":61.94282829474625,"0x83F20F44975D03b1b09e64809B757c47f942BEeA":706.2036403522832,"0x853d955aCEf822Db058eb8505911ED77F175b99e":421.2992517491678,"0x856c4Efb76C1D1AE02e20CEB03A2A6a08b0b8dC3":1.9814123101319074,"0x865377367054516e17014CcdED1e7d814EDC9ce4":55.357843579527724,"0x8C0D76C9B18779665475F3E212D9Ca1Ed6A1A0e6":335.3631360778253,"0x8Cd52ee292313C4D851e71A7064F096504aB3eE9":69.7652045052058,"0x8E870D67F660D95d5be530380D0eC0bd388289E1":0.00766151874362518,"0x8c9532a60E0E7C6BbD2B2c1303F63aCE1c3E9811":1.235642183055943,"0x8dAEBADE922dF735c38C80C7eBD708Af50815fAa":17.262647915959526,"0x8e595470Ed749b85C6F7669de83EAe304C2ec68F":0.0006001612662761742,"0x917ceE801a67f933F2e6b33fC0cD1ED2d5909D88":75.97433745015068,"0x9181f633E9B9F15A32d5e37094F4C93b333e0E92":1.2111540072453566,"0x922406EAFC3CcEb32b0256F287fB977c426EDbd8":0.029056084756387855,"0x954313005C56b555bdC41B84D6c63B69049d7847":488.0734856572597,"0x9559Aaa82d9649C7A7b220E7c461d2E74c9a3593":216.49501682448067,"0x95710BDE45C8D384A976Cc58Cc7a7e489576b098":2.9327506430250883,"0x961D4921e1718E633BAC8Ded88c4a1cAe44b785a":1146.5213681520138,"0x96E61422b6A9bA0e068B6c5ADd4fFaBC6a4aae27":400.195601653891,"0x9961BdBE8B7091E584c2bF9D0a160C583f564A8c":401.2656363905735,"0x99D8a9C45b2ecA8864373A26D1459e3Dff1e17F3":23.51045651763136,