{"0x0000000000085d4780B73119b644AE5ecd22b376":0.00846900312465451,"0x005F893EcD7bF9667195642f7649DA8163e23658":167.8127632063292,"0x0100546F2cD4C9D97f798fFC9755E47865FF7Ee6":435.00962259212037,"0x028171bCA77440897B824Ca71D1c56caC55b68A3":804.9263133755002,"0x0316EB71485b0Ab14103307bf65a021042c6d380":0.022586956374076803,"0x03ab458634910AaD20eF5f1C8ee96F1D6ac54919":174.0777492507101,"0x04C154b66CB340F3Ae24111CC767e0184Ed00Cc6":409.7183564557367,"0x056Fd409E1d7A124BD7017459dFEa2F387b6d5Cd":266.3099462493133,"0x075b1bb99792c9E1041bA13afEf80C91a1e70fB3":308.93275917227913,"0x085780639CC2cACd35E474e71f4d000e2405d8f6":691.7338989362515,"0x0E2EC54fC0B509F445631Bf4b91AB8168230C752":0.4714913373436777,"0x0E573Ce2736Dd9637A0b21058352e1667925C7a8":130.6825841540771,"0x0a5E677a6A24b2F1A2Bf4F3bFfC443231d2fDEc8":0.061973410942864196,"0x0bc529c00C6401aEF6D220BE8C6Ea1667F6Ad93e":8.578964329261945,"0x0d86883FAf4FfD7aEb116390af37746F45b6f378":235.95189919191807,"0x0dE54CFdfeD8005176f8b7A9D5438B45c4F1df1e":5.828345423446382,"0x1456688345527bE1f37E9e627DA0837D6f08C925":6.7861193698585245,"0x15700B564Ca08D9439C58cA5053166E8317aa138":466.8734110642092,"0x16eAd9a10b1A77007E6E329B076aD1Fe97a6F7C0":102.56894970545727,"0x18084fbA666a33d37592fA2633fD49a74DD93a88":3.7738546541325753,"0x1830c553dC76d3447B69b7B0dC19CF9e3c739C78":84.50202582774433,"0x183395DbD0B5e93323a7286D1973150697FFFCB3":285.3847885289769,"0x196f4727526eA7FB1e17b2071B3d8eAA38486988":2.557852228553007,"0x1aBaEA1f7C830bD89Acc67eC4af516284b1bC33c":479.2269654899761,"0x1c48f86ae57291F7686349F12601910BD8D470bb":1.2960630210989177,"0x1ce0D1E19c9514230FF8CD1DAbaC2555fb92122b":0,"0x2191DF768ad71140F9F3E96c1e4407A4aA31d082":15.689211555350104,"0x2260FAC5E5542a773Aa44fBCfeDf7C193bc2C599":14.4350262,"0x2302aaBe69e6E7A1b0Aa23aAC68fcCB8A4D2B460":128.16649829643868,"0x2570f1bD5D2735314FC102eb12Fc1aFe9e6E7193":92.5940167300561,"0x25eC98773D7b4ceD4cAFaB96A2A1c0945f145e10":5.796465586123469,"0x2889302a794dA87fBF1D6Db415C1492194663D13":1125.2825032235282,"0x2b01d4FdB87eb7F2399E5D68631d8A939a323786":22.668945349645803,"0x31429d1856aD1377A8A0079410B297e1a9e214c2":416.87904328380336,"0x32bd822d615A3658A68b6fDD30c2fcb2C996D678":51.62102502621073,"0x34635280737b5BFe6c7DC2FC3065D60d66e78185":254.27988533311125,"0x35282d87011f87508D457F08252Bc5bFa52E10A0":141.36639592187427,"0x35D8949372D46B7a3D5A56006AE77B215fc69bC0":822.8522681266081,"0x35fA164735182de50811E8e2E824cFb9B6118ac2":1126.7352733144064,"0x365AccFCa291e7D3914637ABf1F7635dB165Bb09":304.89323473180536,"0x383E6b4437b59fff47B619CBA855CA29342A8559":147.1237697239831,"0x38D64ce1Bdf1A9f24E0Ec469C9cAde61236fB4a0":249.09182025341576,"0x3A2725556Dde7B21fBe3dD64A4913ff29faba6A1":0.03691842100859457,"0x3A283D9c08E8b55966afb64C515f5143cf907611":7367.515008704153,"0x3Ed3B47Dd13EC9a98b44e6204A523E766B225811":0.000092184,"0x401322B9FDdba8c0a8D40fbCECE1D1752C12316B":315.2047645759334,"0x40D16FC0246aD3160Ccc09B8D0D3A2cD28aE6C2f":917.4811022096558,"0x4591DBfF62656E7859Afe5e45f6f47D3669fBB28":351.9319604142786,"0x4647B6D835f3B393C7A955df51EEfcf0db961606":451.71019815226936,"0x466a756E9A7401B5e2444a3fCB3c2C12FBEa0a54":9.00469565649327,"0x48759F220ED983dB51fA7A8C0D2AAb8f3ce4166a":1587.1252487671832,"0x49446A0874197839D15395B908328a74ccc96Bc0":15.975239936489734,"0x4Fabb145d64652a948d72533023f6E7A623C7C53":0.035037793157008584,"0x4c9EDD5852cd905f086C759E8383e09bff1E68B3":9232.933652690412,"0x4de2ab8177fC5fFAFB7aD11FB8BeB1e5fB95F71C":282.4209167744201,"0x4eBdF703948ddCEA3B11f675B4D1Fba9d2414A14":3709.1863339065667,"0x514910771AF9Ca656af840dff83E8264EcF986CA":86.16797160050923,"0x5228a22e72ccC52d415EcFd199F99D0665E7733b":41.18693064194578,"0x5426178799ee0a0181A89b4f57eFddfAb49941Ec":64.41745829077354,"0x5555f75e3d5278082200Fb451D1b6bA946D8e13b":71.01621945597091,"0x57a5a0567187FF4A8dcC1A9bBa86155E355878F2":1.1210396257732307,"0x58efE15C0404aB22F87E4495D71f6f2077e862bE":0.001247792485367634,"0x5905c0290e59aFBDc42a5480add9bD7B20CB3759":0.20096466334519528,"0x59D9356E565Ab3A36dD77763Fc0d87fEaf85508C":595.4348386765258,"0x5BC25f649fc4e26069dDF4cF4010F9f706c23831":4.011390461009255,"0x5Be6C45e2d074fAa20700C49aDA3E88a1cc0025d":174.46171710074566,"0x5Ca135cB8527d76e932f34B5145575F9d8cbE08E":33.19827647450737,"0x5E8422345238F34275888049021821E8E08CAa1f":16547.151159007037,"0x5Ea630e00D6eE438d3deA1556A110359ACdc10A9":384.07690428070435,"0x5b6C539b224014A09B3388e51CaAA8e354c959C8":110.96785893914901,"0x5e74C9036fb86BD7eCdcb084a0673EFc32eA31cb":175.95791430698017,"0x62B9c7356A2Dc64a1969e19C23e4f579F9810Aa7":249.91860036014222,"0x63a0964A36c34E81959da5894ad888800e17405b":145.0349473850673,"0x65D72AA8DA931F047169112fcf34f52DbaAE7D18":102.68584511162334,"0x65f228ED6a6001eD6485535e0Dc33E525734f54c":33.0810306262343,"0x661c70333AA1850CcDBAe82776Bb436A0fCfeEfB":40.124211783888896,"0x6663b6D50992ef4fc0380199397c87C2f5256075":12.094483195012172,"0x668308d77be3533c909a692302Cb4D135Bf8041C":0.054902774440986554,"0x66a1E37c9b0eAddca17d3662D6c05F4DECf3e110":22.08077012975027,"0x674C6Ad92Fd080e4004b2312b45f796a192D27a0":5.729582415590993,"0x677ddbd918637E5F2c79e164D402454dE7dA8619":0.2597727110694708,"0x68749665FF8D2d112Fa859AA293F07A622782F38":20.463115365923322,"0x6B175474E89094C44Da98b954EedeAC495271d0F":5111.09462436778,"0x6C280dB098dB673d30d5B34eC04B6387185D3620":12.492868484467065,"0x6C5024Cd4F8A59110119C56f8933403A539555EB":93.6209616054376,"0x6C9815826FdF8c7a45cCfEd2064dbaB33a078712":20.141697190453872,"0x6ade6971Ca3d90990C30d39c78b0534C7166e07b":192.88697819886832,"0x6b5204B0Be36771253Cc38e88012E02B752f0f36":233.5918633170894,"0x6c3F90f043a72FA612cbac8115EE7e52BDe6E490":1113.9505681476717,"0x6c3ea9036406852006290770BEdFcAbA0e23A0e8":890.755047192998,"0x6ef3D766Dfe02Dc4bF04aAe9122EB9A0Ded25615":0.08328018218048555,"0x7223442cad8e9cA474fC40109ab981608F8c4273":40.40443432153548,"0x73968b9a57c6E53d41345FD57a6E6ae27d6CDB2F":94.40646546347634,"0x73A15FeD60Bf67631dC6cd7Bc5B6e8da8190aCF5":1878.9838042921974,"0x76237BCfDbe8e06FB774663add96216961df4ff3":7.763058976065691,"0x76Eb2FE28b36B3ee97F3Adae0C69606eeDB2A37c":839.7545315240955,"0x77E06c9eCCf2E797fd462A92B6D7642EF85b0A44":1.06877843284,"0x78da5799CF427Fee11e9996982F4150eCe7a99A7":69.43319354326823,"0x7988292D0FB141085c092132e2a70B30aA1eccAB":443.0200946759989,"0x7F17A6C77C3938D235b014818092eb6305BdA110":75.88542926146604,"0x7F86Bf177Dd4F3494b841a37e810A34dD56c829B":3550.899370222597,"0x7FA768E035F956c41d6aeaa3Bd857e7E5141CAd5":0.47162651458596977,"0x7ea4aD8C803653498bF6AC1D2dEbc04DCe8Fd2aD":449.65027440019327,"0x7f39C581F595B53c5cb19bD0b3f8dA6c935E2Ca0":2510.111656859128,"0x8064d9Ae6cDf087b1bcd5BDf3531bD5d8C537a68":72.06678831025795,"0x808507121B80c02388fAd14726482e061B8da827":305.33219394140133,"0x80d69e79258FE9D056c822461c4eb0B4ca8802E2":0.2452538492583053,"0x826180541412D574cf1336d22c0C0a287822678A":215.64602166342442,"0x830614aE209FF9d8706d386fcdBc7a55206fcffC":34.62501206496973,"0x83F20F44975D03b1b09e64809B757c47f942BEeA":8203.967564547835,"0x853d955aCEf822Db058eb8505911ED77F175b99e":2870.163967721097,"0x856c4Efb76C1D1AE02e20CEB03A2A6a08b0b8dC3":1.834509984362268,"0x865377367054516e17014CcdED1e7d814EDC9ce4":281.1437318950179,"0x8C0D76C9B18779665475F3E212D9Ca1Ed6A1A0e6":428.205851936554,"0x8C88538688aca3b733aD08b12BEe4574c0C00907":436.40232452182846,"0x8Cd52ee292313C4D851e71A7064F096504aB3eE9":55.70786348686491,"0x8E870D67F660D95d5be530380D0eC0bd388289E1":0.10376408974050703,"0x8c9532a60E0E7C6BbD2B2c1303F63aCE1c3E9811":2.0034845189702124,"0x8dAEBADE922dF735c38C80C7eBD708Af50815fAa":8.007744295845487,"0x8e595470Ed749b85C6F7669de83EAe304C2ec68F":11.55274170901327,"0x917ceE801a67f933F2e6b33fC0cD1ED2d5909D88":108.20500341478639,"0x9181f633E9B9F15A32d5e37094F4C93b333e0E92":1.1213208606470342,"0x922406EAFC3CcEb32b0256F287fB977c426EDbd8":0.00728263869809082,"0x954313005C56b555bdC41B84D6c63B69049d7847":460.6225814679564,"0x9559Aaa82d9649C7A7b220E7c461d2E74c9a3593":187.50096557791258,"0x95710BDE45C8D384A976Cc58Cc7a7e489576b098":3.804722222449175,