{"0x005F893EcD7bF9667195642f7649DA8163e23658":4.634228367617694,"0x0100546F2cD4C9D97f798fFC9755E47865FF7Ee6":151.45794773991764,"0x028171bCA77440897B824Ca71D1c56caC55b68A3":758.0011471400364,"0x0316EB71485b0Ab14103307bf65a021042c6d380":69.72320731747048,"0x03ab458634910AaD20eF5f1C8ee96F1D6ac54919":147.44006889916403,"0x04C154b66CB340F3Ae24111CC767e0184Ed00Cc6":141.5577335391641,"0x056Fd409E1d7A124BD7017459dFEa2F387b6d5Cd":700.6762206931511,"0x067079c14B85169e6a29703769dadDef90816f4C":570.7021367809199,"0x075b1bb99792c9E1041bA13afEf80C91a1e70fB3":284.8309535875784,"0x085780639CC2cACd35E474e71f4d000e2405d8f6":494.6928682062502,"0x0E2EC54fC0B509F445631Bf4b91AB8168230C752":0.45006379102484917,"0x0E573Ce2736Dd9637A0b21058352e1667925C7a8":143.50997355325265,"0x0bc529c00C6401aEF6D220BE8C6Ea1667F6Ad93e":7.601538644720002,"0x0d86883FAf4FfD7aEb116390af37746F45b6f378":47.89753122983233,"0x0dE54CFdfeD8005176f8b7A9D5438B45c4F1df1e":3.820060799068987,"0x1456688345527bE1f37E9e627DA0837D6f08C925":3.994621896734182,"0x1830c553dC76d3447B69b7B0dC19CF9e3c739C78":188.51977112527038,"0x196f4727526eA7FB1e17b2071B3d8eAA38486988":0.9090041353867008,"0x1c48f86ae57291F7686349F12601910BD8D470bb":0.11255033377423855,"0x1ce0D1E19c9514230FF8CD1DAbaC2555fb92122b":0,"0x2260FAC5E5542a773Aa44fBCfeDf7C193bc2C599":348.61598694465243,"0x2570f1bD5D2735314FC102eb12Fc1aFe9e6E7193":134.64376965464317,"0x25eC98773D7b4ceD4cAFaB96A2A1c0945f145e10":0,"0x2889302a794dA87fBF1D6Db415C1492194663D13":1077.1635814142137,"0x29059568bB40344487d62f7450E78b8E6C74e0e5":553.0970715958256,"0x2b01d4FdB87eb7F2399E5D68631d8A939a323786":21.19988026766304,"0x3175Df0976dFA876431C2E9eE6Bc45b65d3473CC":2090.600526473726,"0x32bd822d615A3658A68b6fDD30c2fcb2C996D678":37.38907748045596,"0x35282d87011f87508D457F08252Bc5bFa52E10A0":123.63855548123622,"0x35fA164735182de50811E8e2E824cFb9B6118ac2":372.5892330475328,"0x383E6b4437b59fff47B619CBA855CA29342A8559":1363.2220593148818,"0x38D64ce1Bdf1A9f24E0Ec469C9cAde61236fB4a0":491.50866357494743,"0x3A283D9c08E8b55966afb64C515f5143cf907611":10300.844137055783,"0x3Ed3B47Dd13EC9a98b44e6204A523E766B225811":372.7855439256852,"0x3f0e7916681452D23Cd36B1281457DA721F2E5dF":83.04960746682684,"0x40D16FC0246aD3160Ccc09B8D0D3A2cD28aE6C2f":1171.8355751097813,"0x4591DBfF62656E7859Afe5e45f6f47D3669fBB28":324.67804273922656,"0x4647B6D835f3B393C7A955df51EEfcf0db961606":483.11456222613214,"0x466a756E9A7401B5e2444a3fCB3c2C12FBEa0a54":506.9050311894351,"0x48759F220ED983dB51fA7A8C0D2AAb8f3ce4166a":38.34761534242211,"0x49446A0874197839D15395B908328a74ccc96Bc0":9.912639530068866,"0x4AE86d8732390d852A13cb918463BC6e5775FaDD":29.571764885423736,"0x4c9EDD5852cd905f086C759E8383e09bff1E68B3":6332.876861921672,"0x4de2ab8177fC5fFAFB7aD11FB8BeB1e5fB95F71C":73.38381957917782,"0x4eBdF703948ddCEA3B11f675B4D1Fba9d2414A14":3665.8170035591706,"0x514910771AF9Ca656af840dff83E8264EcF986CA":116.48811208100634,"0x5228a22e72ccC52d415EcFd199F99D0665E7733b":56.35255775898176,"0x5426178799ee0a0181A89b4f57eFddfAb49941Ec":188.2359634210835,"0x57a5a0567187FF4A8dcC1A9bBa86155E355878F2":1.2001681492218557,"0x58efE15C0404aB22F87E4495D71f6f2077e862bE":0.001246727456994996,"0x59D9356E565Ab3A36dD77763Fc0d87fEaf85508C":2006.28388881469,"0x5BC25f649fc4e26069dDF4cF4010F9f706c23831":2.22147813779045,"0x5Be6C45e2d074fAa20700C49aDA3E88a1cc0025d":295.9074284056069,"0x5Ca135cB8527d76e932f34B5145575F9d8cbE08E":54.30593731217558,"0x5E8422345238F34275888049021821E8E08CAa1f":16617.774050511634,"0x5b6C539b224014A09B3388e51CaAA8e354c959C8":30.69458647946554,"0x5ca0313D44551e32e0d7a298EC024321c4BC59B4":11.69017782882741,"0x5e74C9036fb86BD7eCdcb084a0673EFc32eA31cb":199.19009440791993,"0x6359B6d3e327c497453d4376561eE276c6933323":1.102512508935769,"0x63a0964A36c34E81959da5894ad888800e17405b":17.145478813341615,"0x65D72AA8DA931F047169112fcf34f52DbaAE7D18":95.31872604103036,"0x65f228ED6a6001eD6485535e0Dc33E525734f54c":0.5155115068940709,"0x661c70333AA1850CcDBAe82776Bb436A0fCfeEfB":0.0013320045306597396,"0x6663b6D50992ef4fc0380199397c87C2f5256075":23.1048524764774,"0x668308d77be3533c909a692302Cb4D135Bf8041C":0.058763721874161054,"0x66a1E37c9b0eAddca17d3662D6c05F4DECf3e110":0.10858570418866403,"0x674C6Ad92Fd080e4004b2312b45f796a192D27a0":2.4370796486119004,"0x6B175474E89094C44Da98b954EedeAC495271d0F":6506.588221188893,"0x6C5024Cd4F8A59110119C56f8933403A539555EB":108.9401843769438,"0x6ade6971Ca3d90990C30d39c78b0534C7166e07b":85.41944761603017,"0x6b5204B0Be36771253Cc38e88012E02B752f0f36":301.0855222215014,"0x6c38cE8984a890F5e46e6dF6117C26b3F1EcfC9C":0.5585844594524376,"0x6c3F90f043a72FA612cbac8115EE7e52BDe6E490":2735.5292849686857,"0x6c3ea9036406852006290770BEdFcAbA0e23A0e8":2055.256196596418,"0x6e52cCe4EaFDf77091dD1c82183b2D97b776b397":1585.0784458823828,"0x6ef3D766Dfe02Dc4bF04aAe9122EB9A0Ded25615":0.030507386939728456,"0x73968b9a57c6E53d41345FD57a6E6ae27d6CDB2F":81.4497129727552,"0x73A15FeD60Bf67631dC6cd7Bc5B6e8da8190aCF5":0.012592845605881624,"0x76237BCfDbe8e06FB774663add96216961df4ff3":13.383611720826346,"0x76Eb2FE28b36B3ee97F3Adae0C69606eeDB2A37c":189.873372950398,"0x78da5799CF427Fee11e9996982F4150eCe7a99A7":251.87890906045564,"0x7988292D0FB141085c092132e2a70B30aA1eccAB":2.0849615785029547,"0x7F17A6C77C3938D235b014818092eb6305BdA110":31.01871332529951,"0x7F86Bf177Dd4F3494b841a37e810A34dD56c829B":3664.516933161127,"0x7FA768E035F956c41d6aeaa3Bd857e7E5141CAd5":0.04131280087439124,"0x7ea4aD8C803653498bF6AC1D2dEbc04DCe8Fd2aD":72.07299738929305,"0x7f39C581F595B53c5cb19bD0b3f8dA6c935E2Ca0":8681.675174626138,"0x8064d9Ae6cDf087b1bcd5BDf3531bD5d8C537a68":77.9634831666663,"0x808507121B80c02388fAd14726482e061B8da827":1887.8844293381815,"0x826180541412D574cf1336d22c0C0a287822678A":189.09285029245936,"0x830614aE209FF9d8706d386fcdBc7a55206fcffC":42.0606182424028,"0x83F20F44975D03b1b09e64809B757c47f942BEeA":9014.067554886637,"0x84CeCB5525c6B1C20070E742da870062E84Da178":7.338786939932309,"0x853d955aCEf822Db058eb8505911ED77F175b99e":5351.352005782141,"0x856c4Efb76C1D1AE02e20CEB03A2A6a08b0b8dC3":1.8821534801087965,"0x865377367054516e17014CcdED1e7d814EDC9ce4":342.45994773293074,"0x8C0D76C9B18779665475F3E212D9Ca1Ed6A1A0e6":307.1388116745589,"0x8C88538688aca3b733aD08b12BEe4574c0C00907":164.28362894868866,"0x8Cd52ee292313C4D851e71A7064F096504aB3eE9":66.42605010645222,"0x8E870D67F660D95d5be530380D0eC0bd388289E1":669.2656410146726,"0x8dAEBADE922dF735c38C80C7eBD708Af50815fAa":18.03289399686435,"0x8e595470Ed749b85C6F7669de83EAe304C2ec68F":15.02128305276766,"0x917ceE801a67f933F2e6b33fC0cD1ED2d5909D88":256.396163244796,"0x9181f633E9B9F15A32d5e37094F4C93b333e0E92":0.47793291688768763,"0x922406EAFC3CcEb32b0256F287fB977c426EDbd8":0.029070770326955687,"0x9559Aaa82d9649C7A7b220E7c461d2E74c9a3593":202.0625615386414,"0x95710BDE45C8D384A976Cc58Cc7a7e489576b098":0.6382044768853603,"0x961D4921e1718E633BAC8Ded88c4a1cAe44b785a":223.17484662935044,"0x9961BdBE8B7091E584c2bF9D0a160C583f564A8c":334.86045543266744,"0x99D8a9C45b2ecA8864373A26D1459e3Dff1e17F3":3960.9827675596985,"0x9BE89D2a4cd102D8Fecc6BF9dA793be995C22541":227.3043603347948,"0x9D39A5DE30e57443BfF2A8307A4256c8797A3497":8234.967975596765,"0x9EEAD9ce15383CaEED975427340b3A369410CFBF":0.000003992502364296,"0x9FeE65D5A627e73212989c8BbEdC5Fa5Cae3821F":15.647226345515277,"0x9b77bd0a665F05995b68e36fC1053AFFfAf0d4B5":5.82519032840745,"0x9de1c3D446237ab9BaFF74127eb4F303802a2683":90.86972499196689,"0xA0b86991c6218b36c1d19D4a2e9Eb0cE3606eB48":12865.623601082687,"0xA0d69E286B938e21CBf7E51D71F6A4c8918f482F":885.7129455367427,"0xA1290d69c65A6Fe4DF752f95823fae25cB99e5A7":5793.412799551162,"0xA35b1B31Ce002FBF2058D22F30f95D405200A15b":531.4637788371217,"0xA5588F7cdf560811710A2D82D3C9c99769DB1Dcb":4621.0385943810315,"0xA663B02CF0a4b149d2aD41910CB81e23e1c41c32":61.359155200894556,"0xAB846Fb6C81370327e784Ae7CbB6d6a6af6Ff4BF":52.323197630184964,"0xBC6DA0FE9aD5f3b0d58160288917AA56653660E9":0.4721574338858235,"0xBcca60bB61934080951369a648Fb03DF4F96263C":548.1209508395492,"0xC02aaA39b223FE8D0A0e5C4F27eAD9083C756Cc2":17681.701130289275,