{"0x0000000000085d4780B73119b644AE5ecd22b376":215.7046742555959,"0x0000000016E6Cb3038203c1129c8B4aEE7af7a11":0.9742503561892882,"0x005F893EcD7bF9667195642f7649DA8163e23658":165.13584046564026,"0x0100546F2cD4C9D97f798fFC9755E47865FF7Ee6":386.05673286509364,"0x028171bCA77440897B824Ca71D1c56caC55b68A3":1193.5571275803131,"0x0316EB71485b0Ab14103307bf65a021042c6d380":0.9571345948478621,"0x03ab458634910AaD20eF5f1C8ee96F1D6ac54919":262.41268530655753,"0x04C154b66CB340F3Ae24111CC767e0184Ed00Cc6":304.97950128505664,"0x051d7e5609917Bd9b73f04BAc0DED8Dd46a74301":379.8129464102821,"0x056Fd409E1d7A124BD7017459dFEa2F387b6d5Cd":440.3915527377078,"0x075b1bb99792c9E1041bA13afEf80C91a1e70fB3":595.5352968699344,"0x085780639CC2cACd35E474e71f4d000e2405d8f6":517.3006197823689,"0x09db87A538BD693E9d08544577d5cCfAA6373A48":103.9613704249984,"0x0E2EC54fC0B509F445631Bf4b91AB8168230C752":0.4712494414981005,"0x0E573Ce2736Dd9637A0b21058352e1667925C7a8":144.82608190733467,"0x0a5E677a6A24b2F1A2Bf4F3bFfC443231d2fDEc8":0.13496545418468042,"0x0bc529c00C6401aEF6D220BE8C6Ea1667F6Ad93e":21.9587430218158,"0x0d86883FAf4FfD7aEb116390af37746F45b6f378":328.83573721059537,"0x0dE54CFdfeD8005176f8b7A9D5438B45c4F1df1e":5.282630380869645,"0x127091edE112aEd7Bae281747771b3150Bb047bB":3.1057766804784195,"0x1456688345527bE1f37E9e627DA0837D6f08C925":5.112319565885288,"0x15700B564Ca08D9439C58cA5053166E8317aa138":398.46951185970437,"0x18084fbA666a33d37592fA2633fD49a74DD93a88":50.54755143485137,"0x183395DbD0B5e93323a7286D1973150697FFFCB3":573.6879873126771,"0x196f4727526eA7FB1e17b2071B3d8eAA38486988":1.6413687695595556,"0x1BED97CBC3c24A4fb5C069C6E311a967386131f7":268.855048518727,"0x1aBaEA1f7C830bD89Acc67eC4af516284b1bC33c":117.42293643992085,"0x1c48f86ae57291F7686349F12601910BD8D470bb":1.1425975266157997,"0x1ce0D1E19c9514230FF8CD1DAbaC2555fb92122b":0,"0x2191DF768ad71140F9F3E96c1e4407A4aA31d082":25.345270859440742,"0x2260FAC5E5542a773Aa44fBCfeDf7C193bc2C599":30.308091596878167,"0x2302aaBe69e6E7A1b0Aa23aAC68fcCB8A4D2B460":120.47365148735163,"0x25eC98773D7b4ceD4cAFaB96A2A1c0945f145e10":0,"0x2b01d4FdB87eb7F2399E5D68631d8A939a323786":250.5242207061839,"0x2bd1F344a2398340C2b1119Da98816eA723F5F0f":0.24109169290733828,"0x3175Df0976dFA876431C2E9eE6Bc45b65d3473CC":0.000038720453383233987,"0x3231Cb76718CDeF2155FC47b5286d82e6eDA273f":330.1976444288192,"0x32bd822d615A3658A68b6fDD30c2fcb2C996D678":298.73575999046363,"0x3432B6A60D23Ca0dFCa7761B7ab56459D9C964D0":303.6215542866353,"0x34635280737b5BFe6c7DC2FC3065D60d66e78185":285.4451158748915,"0x35282d87011f87508D457F08252Bc5bFa52E10A0":160.9808892061782,"0x35D8949372D46B7a3D5A56006AE77B215fc69bC0":1989.9205885650595,"0x35fA164735182de50811E8e2E824cFb9B6118ac2":960.8447468093691,"0x365AccFCa291e7D3914637ABf1F7635dB165Bb09":559.5627671982264,"0x383E6b4437b59fff47B619CBA855CA29342A8559":198.6250312146013,"0x38D64ce1Bdf1A9f24E0Ec469C9cAde61236fB4a0":242.03699108201423,"0x3A2725556Dde7B21fBe3dD64A4913ff29faba6A1":0.029599040509488327,"0x3Ed3B47Dd13EC9a98b44e6204A523E766B225811":3.0240206017057454,"0x40D16FC0246aD3160Ccc09B8D0D3A2cD28aE6C2f":319.8088358365905,"0x4591DBfF62656E7859Afe5e45f6f47D3669fBB28":229.75725329474224,"0x4647B6D835f3B393C7A955df51EEfcf0db961606":297.7848464419138,"0x466a756E9A7401B5e2444a3fCB3c2C12FBEa0a54":58.96544127499027,"0x48759F220ED983dB51fA7A8C0D2AAb8f3ce4166a":2406.0869876339425,"0x49446A0874197839D15395B908328a74ccc96Bc0":40.605566711989695,"0x4AE86d8732390d852A13cb918463BC6e5775FaDD":180.1233873324117,"0x4Fabb145d64652a948d72533023f6E7A623C7C53":0.03966824770437025,"0x4c9EDD5852cd905f086C759E8383e09bff1E68B3":3581.2415676164665,"0x4eBdF703948ddCEA3B11f675B4D1Fba9d2414A14":2095.4234892678137,"0x514910771AF9Ca656af840dff83E8264EcF986CA":88.53671686738997,"0x5228a22e72ccC52d415EcFd199F99D0665E7733b":63.09881397723055,"0x5555f75e3d5278082200Fb451D1b6bA946D8e13b":120.21236212065007,"0x57Ab1ec28D129707052df4dF418D58a2D46d5f51":157.38996721762234,"0x57a5a0567187FF4A8dcC1A9bBa86155E355878F2":0.8383460535205278,"0x58efE15C0404aB22F87E4495D71f6f2077e862bE":0.0012468585566188261,"0x5905c0290e59aFBDc42a5480add9bD7B20CB3759":0.1776693062877583,"0x59D9356E565Ab3A36dD77763Fc0d87fEaf85508C":230.28838008852082,"0x5BC25f649fc4e26069dDF4cF4010F9f706c23831":1.977431098101583,"0x5Be6C45e2d074fAa20700C49aDA3E88a1cc0025d":545.4167879084846,"0x5Ca135cB8527d76e932f34B5145575F9d8cbE08E":57.100558989236134,"0x5E8422345238F34275888049021821E8E08CAa1f":14281.586460577195,"0x5Ea630e00D6eE438d3deA1556A110359ACdc10A9":311.6608756521871,"0x5e74C9036fb86BD7eCdcb084a0673EFc32eA31cb":7.735884117261567,"0x63a0964A36c34E81959da5894ad888800e17405b":297.78158443777176,"0x65D72AA8DA931F047169112fcf34f52DbaAE7D18":363.31158904537426,"0x661c70333AA1850CcDBAe82776Bb436A0fCfeEfB":127.17801452773848,"0x668308d77be3533c909a692302Cb4D135Bf8041C":0.04433687329040177,"0x66a1E37c9b0eAddca17d3662D6c05F4DECf3e110":35.80353842038568,"0x674C6Ad92Fd080e4004b2312b45f796a192D27a0":3.914117431091518,"0x677ddbd918637E5F2c79e164D402454dE7dA8619":3.5025097756298615,"0x68749665FF8D2d112Fa859AA293F07A622782F38":20.803591679817274,"0x69000405f9DcE69BD4Cbf4f2865b79144A69BFE0":0.003437235280636224,"0x6B175474E89094C44Da98b954EedeAC495271d0F":6276.516946483083,"0x6C5024Cd4F8A59110119C56f8933403A539555EB":125.45084922275365,"0x6C9815826FdF8c7a45cCfEd2064dbaB33a078712":61.85357032439584,"0x6b5204B0Be36771253Cc38e88012E02B752f0f36":183.17664738110332,"0x6c3F90f043a72FA612cbac8115EE7e52BDe6E490":1044.0436324816808,"0x6c3ea9036406852006290770BEdFcAbA0e23A0e8":479.11709092386235,"0x6ef3D766Dfe02Dc4bF04aAe9122EB9A0Ded25615":0.0419510727104928,"0x7223442cad8e9cA474fC40109ab981608F8c4273":135.8420669005354,"0x73968b9a57c6E53d41345FD57a6E6ae27d6CDB2F":146.701496971595,"0x73A15FeD60Bf67631dC6cd7Bc5B6e8da8190aCF5":1966.594638767112,"0x752B4c6e92d96467fE9b9a2522EF07228E00F87c":49.07776294348288,"0x76237BCfDbe8e06FB774663add96216961df4ff3":36.227554897247416,"0x76Eb2FE28b36B3ee97F3Adae0C69606eeDB2A37c":1186.478271065769,"0x77E06c9eCCf2E797fd462A92B6D7642EF85b0A44":0.11217173823053547,"0x78da5799CF427Fee11e9996982F4150eCe7a99A7":95.5766097670672,"0x7FA768E035F956c41d6aeaa3Bd857e7E5141CAd5":0.37737938022712847,"0x7f39C581F595B53c5cb19bD0b3f8dA6c935E2Ca0":1618.060518895668,"0x8064d9Ae6cDf087b1bcd5BDf3531bD5d8C537a68":81.84147910560664,"0x808507121B80c02388fAd14726482e061B8da827":208.41054735633946,"0x80d69e79258FE9D056c822461c4eb0B4ca8802E2":0.19650479945403299,"0x826180541412D574cf1336d22c0C0a287822678A":206.65292181413622,"0x830614aE209FF9d8706d386fcdBc7a55206fcffC":51.07382093901202,"0x83F20F44975D03b1b09e64809B757c47f942BEeA":4023.7772113599863,"0x853d955aCEf822Db058eb8505911ED77F175b99e":1610.2709384967268,"0x856c4Efb76C1D1AE02e20CEB03A2A6a08b0b8dC3":295.42331512958884,"0x865377367054516e17014CcdED1e7d814EDC9ce4":31.395394502998496,"0x8C0D76C9B18779665475F3E212D9Ca1Ed6A1A0e6":656.5161774648567,"0x8E870D67F660D95d5be530380D0eC0bd388289E1":172.14011989589892,"0x8c9532a60E0E7C6BbD2B2c1303F63aCE1c3E9811":208.30769089064933,"0x8dAEBADE922dF735c38C80C7eBD708Af50815fAa":20.419630661479804,"0x8e595470Ed749b85C6F7669de83EAe304C2ec68F":458.8994538396922,"0x917ceE801a67f933F2e6b33fC0cD1ED2d5909D88":344.5361554609357,"0x9181f633E9B9F15A32d5e37094F4C93b333e0E92":0.8958365593201861,"0x922406EAFC3CcEb32b0256F287fB977c426EDbd8":0.007280787347172681,"0x939b08547a4a586C1300714AA4EBF5CB43c1119C":241.13394820497118,"0x9559Aaa82d9649C7A7b220E7c461d2E74c9a3593":36.83818737957737,"0x95710BDE45C8D384A976Cc58Cc7a7e489576b098":2.7019557173099513,"0x961D4921e1718E633BAC8Ded88c4a1cAe44b785a":784.4661547096115,"0x9961BdBE8B7091E584c2bF9D0a160C583f564A8c":407.01197134104046,"0x99D8a9C45b2ecA8864373A26D1459e3Dff1e17F3":36.620155294233754,"0x9BE89D2a4cd102D8Fecc6BF9dA793be995C22541":286.69589492083077,"0x9D11ab23d33aD026C466CE3c124928fDb69Ba20E":0.27827266295542474,"0x9D39A5DE30e57443BfF2A8307A4256c8797A3497":4476.546792361478,"0x9EEAD9ce15383CaEED975427340b3A369410CFBF":19.244396404075623,"0x9de1c3D446237ab9BaFF74127eb4F303802a2683":95.37357131934215,