{"0x0000000000085d4780B73119b644AE5ecd22b376":0.008477472127779164,"0x005F893EcD7bF9667195642f7649DA8163e23658":204.48319025103063,"0x0100546F2cD4C9D97f798fFC9755E47865FF7Ee6":198.59965614204916,"0x028171bCA77440897B824Ca71D1c56caC55b68A3":796.790343825839,"0x0316EB71485b0Ab14103307bf65a021042c6d380":70.59691346200795,"0x03ab458634910AaD20eF5f1C8ee96F1D6ac54919":183.15694606405455,"0x04C154b66CB340F3Ae24111CC767e0184Ed00Cc6":438.5354787767698,"0x056Fd409E1d7A124BD7017459dFEa2F387b6d5Cd":394.178061760887,"0x075b1bb99792c9E1041bA13afEf80C91a1e70fB3":331.83511229303815,"0x085780639CC2cACd35E474e71f4d000e2405d8f6":761.6408011003813,"0x0E2EC54fC0B509F445631Bf4b91AB8168230C752":0.4715251613614092,"0x0E573Ce2736Dd9637A0b21058352e1667925C7a8":145.6680743216357,"0x0a5E677a6A24b2F1A2Bf4F3bFfC443231d2fDEc8":0.04872046837467221,"0x0bc529c00C6401aEF6D220BE8C6Ea1667F6Ad93e":14.835370572345319,"0x0d86883FAf4FfD7aEb116390af37746F45b6f378":245.20165746805498,"0x0dE54CFdfeD8005176f8b7A9D5438B45c4F1df1e":5.835001668468382,"0x1456688345527bE1f37E9e627DA0837D6f08C925":4.4135021119360704,"0x16eAd9a10b1A77007E6E329B076aD1Fe97a6F7C0":133.95909585759716,"0x18084fbA666a33d37592fA2633fD49a74DD93a88":14.78212360737776,"0x1830c553dC76d3447B69b7B0dC19CF9e3c739C78":116.49519858756207,"0x183395DbD0B5e93323a7286D1973150697FFFCB3":391.90527449859513,"0x196f4727526eA7FB1e17b2071B3d8eAA38486988":0.8084457640794107,"0x1c48f86ae57291F7686349F12601910BD8D470bb":0.1145799918148912,"0x1ce0D1E19c9514230FF8CD1DAbaC2555fb92122b":0,"0x2191DF768ad71140F9F3E96c1e4407A4aA31d082":6.146455525151623,"0x2260FAC5E5542a773Aa44fBCfeDf7C193bc2C599":371.3006485629932,"0x2570f1bD5D2735314FC102eb12Fc1aFe9e6E7193":907.6198496706302,"0x25eC98773D7b4ceD4cAFaB96A2A1c0945f145e10":0,"0x29059568bB40344487d62f7450E78b8E6C74e0e5":279.305521819377,"0x2b01d4FdB87eb7F2399E5D68631d8A939a323786":21.663941375715996,"0x32bd822d615A3658A68b6fDD30c2fcb2C996D678":77.80742737314625,"0x34635280737b5BFe6c7DC2FC3065D60d66e78185":367.3443958650262,"0x35282d87011f87508D457F08252Bc5bFa52E10A0":119.90741069906746,"0x35D8949372D46B7a3D5A56006AE77B215fc69bC0":799.4907567223681,"0x35fA164735182de50811E8e2E824cFb9B6118ac2":1160.8708548479026,"0x383E6b4437b59fff47B619CBA855CA29342A8559":166.91052731793002,"0x38D64ce1Bdf1A9f24E0Ec469C9cAde61236fB4a0":251.90531363805073,"0x3A283D9c08E8b55966afb64C515f5143cf907611":3367.498020799958,"0x3Ed3B47Dd13EC9a98b44e6204A523E766B225811":367.77460619899995,"0x401322B9FDdba8c0a8D40fbCECE1D1752C12316B":477.6603054089391,"0x40D16FC0246aD3160Ccc09B8D0D3A2cD28aE6C2f":640.8357365156625,"0x4591DBfF62656E7859Afe5e45f6f47D3669fBB28":258.07859131436294,"0x4647B6D835f3B393C7A955df51EEfcf0db961606":422.89029258693716,"0x466a756E9A7401B5e2444a3fCB3c2C12FBEa0a54":3.7468740727323553,"0x48759F220ED983dB51fA7A8C0D2AAb8f3ce4166a":1557.1149084098927,"0x49446A0874197839D15395B908328a74ccc96Bc0":23.09299314089258,"0x4AE86d8732390d852A13cb918463BC6e5775FaDD":134.73396063188287,"0x4D1941a887eC788F059b3bfcC8eE1E97b968825B":13.841895043836722,"0x4Fabb145d64652a948d72533023f6E7A623C7C53":0.028544739298570872,"0x4c9EDD5852cd905f086C759E8383e09bff1E68B3":6158.271039324913,"0x4de2ab8177fC5fFAFB7aD11FB8BeB1e5fB95F71C":224.9162276138704,"0x4eBdF703948ddCEA3B11f675B4D1Fba9d2414A14":1642.6597907372006,"0x514910771AF9Ca656af840dff83E8264EcF986CA":118.94748449972647,"0x5228a22e72ccC52d415EcFd199F99D0665E7733b":59.472331669654736,"0x5426178799ee0a0181A89b4f57eFddfAb49941Ec":284.51699965885047,"0x5555f75e3d5278082200Fb451D1b6bA946D8e13b":84.3857204386871,"0x57a5a0567187FF4A8dcC1A9bBa86155E355878F2":1.2093427122716398,"0x58efE15C0404aB22F87E4495D71f6f2077e862bE":0.001248567846,"0x5905c0290e59aFBDc42a5480add9bD7B20CB3759":0.1788955150664852,"0x59D9356E565Ab3A36dD77763Fc0d87fEaf85508C":587.2468711451459,"0x5BC25f649fc4e26069dDF4cF4010F9f706c23831":2.7283265266123546,"0x5Be6C45e2d074fAa20700C49aDA3E88a1cc0025d":630.7308307143858,"0x5Ca135cB8527d76e932f34B5145575F9d8cbE08E":55.00567029866158,"0x5E8422345238F34275888049021821E8E08CAa1f":18242.27512864566,"0x5b6C539b224014A09B3388e51CaAA8e354c959C8":5274.919709691874,"0x5e74C9036fb86BD7eCdcb084a0673EFc32eA31cb":207.30517924121736,"0x63a0964A36c34E81959da5894ad888800e17405b":81.76859089389183,"0x65D72AA8DA931F047169112fcf34f52DbaAE7D18":134.9448685246183,"0x65f228ED6a6001eD6485535e0Dc33E525734f54c":61.010378985093446,"0x661c70333AA1850CcDBAe82776Bb436A0fCfeEfB":60.46829890852554,"0x6663b6D50992ef4fc0380199397c87C2f5256075":6.945324624557477,"0x668308d77be3533c909a692302Cb4D135Bf8041C":0.05923574073065509,"0x66a1E37c9b0eAddca17d3662D6c05F4DECf3e110":6.3561952835228,"0x674C6Ad92Fd080e4004b2312b45f796a192D27a0":2.926222999816096,"0x68749665FF8D2d112Fa859AA293F07A622782F38":19.48036210045949,"0x6B175474E89094C44Da98b954EedeAC495271d0F":3929.1774100012976,"0x6C5024Cd4F8A59110119C56f8933403A539555EB":124.50662543529526,"0x6C9815826FdF8c7a45cCfEd2064dbaB33a078712":10.932420445918911,"0x6ade6971Ca3d90990C30d39c78b0534C7166e07b":197.67713661741814,"0x6b5204B0Be36771253Cc38e88012E02B752f0f36":187.57995594414064,"0x6c3F90f043a72FA612cbac8115EE7e52BDe6E490":1291.3299385109212,"0x6c3ea9036406852006290770BEdFcAbA0e23A0e8":894.963295495205,"0x6e52cCe4EaFDf77091dD1c82183b2D97b776b397":575.9796576694359,"0x6ef3D766Dfe02Dc4bF04aAe9122EB9A0Ded25615":0.08981353139489698,"0x7223442cad8e9cA474fC40109ab981608F8c4273":1.9012832482889979,"0x73968b9a57c6E53d41345FD57a6E6ae27d6CDB2F":113.14854690794806,"0x73A15FeD60Bf67631dC6cd7Bc5B6e8da8190aCF5":3445.625275629898,"0x76237BCfDbe8e06FB774663add96216961df4ff3":21.059662693981856,"0x76Eb2FE28b36B3ee97F3Adae0C69606eeDB2A37c":773.4857082993285,"0x77E06c9eCCf2E797fd462A92B6D7642EF85b0A44":1.0554903839,"0x78da5799CF427Fee11e9996982F4150eCe7a99A7":89.60284529545407,"0x7988292D0FB141085c092132e2a70B30aA1eccAB":476.5649724009627,"0x7F17A6C77C3938D235b014818092eb6305BdA110":62.98021306146604,"0x7F86Bf177Dd4F3494b841a37e810A34dD56c829B":3830.373084121717,"0x7FA768E035F956c41d6aeaa3Bd857e7E5141CAd5":0.5083851144535603,"0x7ea4aD8C803653498bF6AC1D2dEbc04DCe8Fd2aD":418.47972416913524,"0x7f39C581F595B53c5cb19bD0b3f8dA6c935E2Ca0":1630.1298387843726,"0x8064d9Ae6cDf087b1bcd5BDf3531bD5d8C537a68":82.03136801058916,"0x80d69e79258FE9D056c822461c4eb0B4ca8802E2":0.2656715891094509,"0x826180541412D574cf1336d22c0C0a287822678A":262.9077063537826,"0x830614aE209FF9d8706d386fcdBc7a55206fcffC":63.24847369956508,"0x83F20F44975D03b1b09e64809B757c47f942BEeA":3718.0959946567345,"0x853d955aCEf822Db058eb8505911ED77F175b99e":2441.9994235252757,"0x856c4Efb76C1D1AE02e20CEB03A2A6a08b0b8dC3":0.09119603518218997,"0x865377367054516e17014CcdED1e7d814EDC9ce4":663.1931618425921,"0x8C0D76C9B18779665475F3E212D9Ca1Ed6A1A0e6":903.093072195595,"0x8C88538688aca3b733aD08b12BEe4574c0C00907":636.7048247456154,"0x8Cd52ee292313C4D851e71A7064F096504aB3eE9":53.07204389776899,"0x8E870D67F660D95d5be530380D0eC0bd388289E1":0.007676933965674135,"0x8c9532a60E0E7C6BbD2B2c1303F63aCE1c3E9811":1.2130141254480227,"0x8dAEBADE922dF735c38C80C7eBD708Af50815fAa":19.252890649842218,"0x8e595470Ed749b85C6F7669de83EAe304C2ec68F":48.78774725500003,"0x917ceE801a67f933F2e6b33fC0cD1ED2d5909D88":582.1312771794595,"0x9181f633E9B9F15A32d5e37094F4C93b333e0E92":1.2092307111538607,"0x922406EAFC3CcEb32b0256F287fB977c426EDbd8":0.029071381014048606,"0x954313005C56b555bdC41B84D6c63B69049d7847":489.0813844201252,"0x9559Aaa82d9649C7A7b220E7c461d2E74c9a3593":219.93223536399663,"0x95710BDE45C8D384A976Cc58Cc7a7e489576b098":2.488266523656093,"0x961D4921e1718E633BAC8Ded88c4a1cAe44b785a":1080.9057712073466,"0x9961BdBE8B7091E584c2bF9D0a160C583f564A8c":402.80635426469195,"0x99D8a9C45b2ecA8864373A26D1459e3Dff1e17F3":25.5596872351679,"0x9BE89D2a4cd102D8Fecc6BF9dA793be995C22541":272.5051129404884,"0x9D39A5DE30e57443BfF2A8307A4256c8797A3497":2990.8716517801495,"0x9EEAD9ce15383CaEED975427340b3A369410CFBF":20.2458415219,"0x9FeE65D5A627e73212989c8BbEdC5Fa5Cae3821F":17.298395098684225,"0x9de1c3D446237ab9BaFF74127eb4F303802a2683":642.3973063805187,