{"0x0000000000085d4780B73119b644AE5ecd22b376":215.60286624916702,"0x0000000016E6Cb3038203c1129c8B4aEE7af7a11":0.9226187070862196,"0x005F893EcD7bF9667195642f7649DA8163e23658":159.79876334336416,"0x0100546F2cD4C9D97f798fFC9755E47865FF7Ee6":362.8704225272609,"0x028171bCA77440897B824Ca71D1c56caC55b68A3":1194.1813824044136,"0x0316EB71485b0Ab14103307bf65a021042c6d380":0.026174722547529117,"0x03ab458634910AaD20eF5f1C8ee96F1D6ac54919":245.0536089914277,"0x04C154b66CB340F3Ae24111CC767e0184Ed00Cc6":242.74739145594634,"0x051d7e5609917Bd9b73f04BAc0DED8Dd46a74301":357.97467756020944,"0x056Fd409E1d7A124BD7017459dFEa2F387b6d5Cd":285.97324792868505,"0x067079c14B85169e6a29703769dadDef90816f4C":497.81244575728005,"0x075b1bb99792c9E1041bA13afEf80C91a1e70fB3":567.0426692358055,"0x085780639CC2cACd35E474e71f4d000e2405d8f6":382.54356378282444,"0x09db87A538BD693E9d08544577d5cCfAA6373A48":72.22170550319166,"0x0E2EC54fC0B509F445631Bf4b91AB8168230C752":0.4714680466158055,"0x0E573Ce2736Dd9637A0b21058352e1667925C7a8":143.39990024045218,"0x0a5E677a6A24b2F1A2Bf4F3bFfC443231d2fDEc8":0.08055488774712291,"0x0bc529c00C6401aEF6D220BE8C6Ea1667F6Ad93e":21.799551591316213,"0x0d86883FAf4FfD7aEb116390af37746F45b6f378":289.662660183837,"0x0dE54CFdfeD8005176f8b7A9D5438B45c4F1df1e":4.438295995646848,"0x127091edE112aEd7Bae281747771b3150Bb047bB":1.6796324296576657,"0x137469B55D1f15651BA46A89D0588e97dD0B6562":219.02322583375624,"0x1456688345527bE1f37E9e627DA0837D6f08C925":5.238929682989193,"0x15700B564Ca08D9439C58cA5053166E8317aa138":64.34882747615842,"0x16eAd9a10b1A77007E6E329B076aD1Fe97a6F7C0":163.6513285673497,"0x18084fbA666a33d37592fA2633fD49a74DD93a88":17.649408513573086,"0x1830c553dC76d3447B69b7B0dC19CF9e3c739C78":87.40426964341337,"0x183395DbD0B5e93323a7286D1973150697FFFCB3":435.1470807600017,"0x196f4727526eA7FB1e17b2071B3d8eAA38486988":1.8685358117279245,"0x1BED97CBC3c24A4fb5C069C6E311a967386131f7":258.3288545859752,"0x1aBaEA1f7C830bD89Acc67eC4af516284b1bC33c":116.2589369398433,"0x1c48f86ae57291F7686349F12601910BD8D470bb":1.174886118857202,"0x1ce0D1E19c9514230FF8CD1DAbaC2555fb92122b":0,"0x2191DF768ad71140F9F3E96c1e4407A4aA31d082":25.657206121021392,"0x2260FAC5E5542a773Aa44fBCfeDf7C193bc2C599":16.409736306018676,"0x22CF19EB64226e0E1A79c69b345b31466fD273A7":5.089246261974478,"0x2302aaBe69e6E7A1b0Aa23aAC68fcCB8A4D2B460":116.55033121915716,"0x2570f1bD5D2735314FC102eb12Fc1aFe9e6E7193":5.006722428348926,"0x25eC98773D7b4ceD4cAFaB96A2A1c0945f145e10":0,"0x2889302a794dA87fBF1D6Db415C1492194663D13":372.85978410972183,"0x29059568bB40344487d62f7450E78b8E6C74e0e5":488.23166197832694,"0x2b01d4FdB87eb7F2399E5D68631d8A939a323786":242.7230426287456,"0x3175Df0976dFA876431C2E9eE6Bc45b65d3473CC":0.000038781455521329634,"0x3231Cb76718CDeF2155FC47b5286d82e6eDA273f":335.60463053193655,"0x32bd822d615A3658A68b6fDD30c2fcb2C996D678":284.05978213272715,"0x3432B6A60D23Ca0dFCa7761B7ab56459D9C964D0":289.05039581345284,"0x34635280737b5BFe6c7DC2FC3065D60d66e78185":240.88124387398983,"0x35282d87011f87508D457F08252Bc5bFa52E10A0":160.97984684544898,"0x3570E17b1F2DdFD73FBE437F34A34d1D54219138":0.09235627626086923,"0x35D8949372D46B7a3D5A56006AE77B215fc69bC0":614.9407159366195,"0x35fA164735182de50811E8e2E824cFb9B6118ac2":917.6409426279098,"0x365AccFCa291e7D3914637ABf1F7635dB165Bb09":435.2267310797541,"0x383E6b4437b59fff47B619CBA855CA29342A8559":198.79536801443157,"0x38D64ce1Bdf1A9f24E0Ec469C9cAde61236fB4a0":228.09631772900167,"0x393DaD6c76D962Abba489a77dBf37ae948A4A6ee":138.77213055352297,"0x3A2725556Dde7B21fBe3dD64A4913ff29faba6A1":0.02832923165923901,"0x3A283D9c08E8b55966afb64C515f5143cf907611":1395.9712839963283,"0x3Ed3B47Dd13EC9a98b44e6204A523E766B225811":3.505730823927367,"0x3f0e7916681452D23Cd36B1281457DA721F2E5dF":59.88074476510438,"0x401322B9FDdba8c0a8D40fbCECE1D1752C12316B":284.2786842689101,"0x40D16FC0246aD3160Ccc09B8D0D3A2cD28aE6C2f":151.92175949228348,"0x4591DBfF62656E7859Afe5e45f6f47D3669fBB28":216.8709105090553,"0x4647B6D835f3B393C7A955df51EEfcf0db961606":130.73406188560327,"0x466a756E9A7401B5e2444a3fCB3c2C12FBEa0a54":51.54665583909521,"0x48759F220ED983dB51fA7A8C0D2AAb8f3ce4166a":2392.085222377429,"0x49446A0874197839D15395B908328a74ccc96Bc0":35.230300630153934,"0x4AE86d8732390d852A13cb918463BC6e5775FaDD":158.35418762400724,"0x4D1941a887eC788F059b3bfcC8eE1E97b968825B":310.5414664625916,"0x4DEcE678ceceb27446b35C672dC7d61F30bAD69E":444.71441406828205,"0x4Fabb145d64652a948d72533023f6E7A623C7C53":0.039635083988050476,"0x4c9EDD5852cd905f086C759E8383e09bff1E68B3":961.5730210962882,"0x4de2ab8177fC5fFAFB7aD11FB8BeB1e5fB95F71C":411.54191453025777,"0x4eBdF703948ddCEA3B11f675B4D1Fba9d2414A14":178.39692076421045,"0x514910771AF9Ca656af840dff83E8264EcF986CA":87.04581056356908,"0x5228a22e72ccC52d415EcFd199F99D0665E7733b":60.68868305899818,"0x5271045F7B73c17825A7A7aee6917eE46b0B7520":199.73334467515141,"0x527331F3F550f6f85ACFEcAB9Cc0889180C6f1d5":279.9331004255277,"0x5426178799ee0a0181A89b4f57eFddfAb49941Ec":27.583237533090017,"0x5555f75e3d5278082200Fb451D1b6bA946D8e13b":129.7360459222396,"0x57Ab1ec28D129707052df4dF418D58a2D46d5f51":157.5226779627113,"0x57a5a0567187FF4A8dcC1A9bBa86155E355878F2":0.7825076141969013,"0x58efE15C0404aB22F87E4495D71f6f2077e862bE":0.001248567846,"0x5905c0290e59aFBDc42a5480add9bD7B20CB3759":0.17791286900542672,"0x59D9356E565Ab3A36dD77763Fc0d87fEaf85508C":178.01248857797168,"0x5BC25f649fc4e26069dDF4cF4010F9f706c23831":1.876711951063304,"0x5Be6C45e2d074fAa20700C49aDA3E88a1cc0025d":249.34666754565467,"0x5Ca135cB8527d76e932f34B5145575F9d8cbE08E":57.05482819139022,"0x5E8422345238F34275888049021821E8E08CAa1f":13650.874974412554,"0x5Ea630e00D6eE438d3deA1556A110359ACdc10A9":274.505597880899,"0x5b6C539b224014A09B3388e51CaAA8e354c959C8":41.477601661998236,"0x5e74C9036fb86BD7eCdcb084a0673EFc32eA31cb":7.466101614595952,"0x6359B6d3e327c497453d4376561eE276c6933323":253.4929395127265,"0x63a0964A36c34E81959da5894ad888800e17405b":262.26244730044056,"0x65D72AA8DA931F047169112fcf34f52DbaAE7D18":351.4232761136169,"0x65f228ED6a6001eD6485535e0Dc33E525734f54c":53.725350676475394,"0x661c70333AA1850CcDBAe82776Bb436A0fCfeEfB":83.17291785906303,"0x6663b6D50992ef4fc0380199397c87C2f5256075":103.23880913308348,"0x668308d77be3533c909a692302Cb4D135Bf8041C":0.042159037597808244,"0x66a1E37c9b0eAddca17d3662D6c05F4DECf3e110":31.43182275952738,"0x674C6Ad92Fd080e4004b2312b45f796a192D27a0":4.0511924397858055,"0x677ddbd918637E5F2c79e164D402454dE7dA8619":2.896660804592819,"0x68749665FF8D2d112Fa859AA293F07A622782F38":20.497765083496446,"0x69000405f9DcE69BD4Cbf4f2865b79144A69BFE0":0.000038857796360073084,"0x6B175474E89094C44Da98b954EedeAC495271d0F":4598.333773198056,"0x6C280dB098dB673d30d5B34eC04B6387185D3620":293.8093187379563,"0x6C5024Cd4F8A59110119C56f8933403A539555EB":130.16984421348334,"0x6C9815826FdF8c7a45cCfEd2064dbaB33a078712":61.04702468461509,"0x6ade6971Ca3d90990C30d39c78b0534C7166e07b":185.61744089155695,"0x6b5204B0Be36771253Cc38e88012E02B752f0f36":171.50620904418722,"0x6c3F90f043a72FA612cbac8115EE7e52BDe6E490":735.9519418674269,"0x6c3ea9036406852006290770BEdFcAbA0e23A0e8":129.52280363134452,"0x6e52cCe4EaFDf77091dD1c82183b2D97b776b397":115.17280044123389,"0x6ef3D766Dfe02Dc4bF04aAe9122EB9A0Ded25615":0.04043301296037591,"0x7223442cad8e9cA474fC40109ab981608F8c4273":89.13459484059733,"0x73968b9a57c6E53d41345FD57a6E6ae27d6CDB2F":98.24261057916064,"0x73A15FeD60Bf67631dC6cd7Bc5B6e8da8190aCF5":372.8768294808413,"0x752B4c6e92d96467fE9b9a2522EF07228E00F87c":55.58895479856613,"0x76237BCfDbe8e06FB774663add96216961df4ff3":35.6646199258138,"0x76Eb2FE28b36B3ee97F3Adae0C69606eeDB2A37c":1179.6895948509793,"0x77E06c9eCCf2E797fd462A92B6D7642EF85b0A44":0.1919707957260055,"0x78da5799CF427Fee11e9996982F4150eCe7a99A7":95.09557218235393,"0x7988292D0FB141085c092132e2a70B30aA1eccAB":454.9164949687214,"0x7F17A6C77C3938D235b014818092eb6305BdA110":148.6131235718028,"0x7F86Bf177Dd4F3494b841a37e810A34dD56c829B":3059.229509447346,"0x7FA768E035F956c41d6aeaa3Bd857e7E5141CAd5":0.3639519628650655,"0x7ea4aD8C803653498bF6AC1D2dEbc04DCe8Fd2aD":112.60912394709854,