{"0x0000000000085d4780B73119b644AE5ecd22b376":0.005435941570904923,"0x005F893EcD7bF9667195642f7649DA8163e23658":25.192280803649904,"0x0100546F2cD4C9D97f798fFC9755E47865FF7Ee6":150.92601042168835,"0x028171bCA77440897B824Ca71D1c56caC55b68A3":119.81899801526723,"0x0316EB71485b0Ab14103307bf65a021042c6d380":50.89740968766282,"0x03ab458634910AaD20eF5f1C8ee96F1D6ac54919":170.73856548027806,"0x04C154b66CB340F3Ae24111CC767e0184Ed00Cc6":231.76415514193562,"0x056Fd409E1d7A124BD7017459dFEa2F387b6d5Cd":149.04575735428034,"0x067079c14B85169e6a29703769dadDef90816f4C":16.065567743177297,"0x075b1bb99792c9E1041bA13afEf80C91a1e70fB3":741.5586539772553,"0x085780639CC2cACd35E474e71f4d000e2405d8f6":919.9538330362151,"0x09b2E090531228d1b8E3d948C73b990Cb6e60720":503.4486719536148,"0x0E2EC54fC0B509F445631Bf4b91AB8168230C752":0.4500061601872097,"0x0E573Ce2736Dd9637A0b21058352e1667925C7a8":142.99208340763528,"0x0a5E677a6A24b2F1A2Bf4F3bFfC443231d2fDEc8":0.007081707823710687,"0x0bc529c00C6401aEF6D220BE8C6Ea1667F6Ad93e":6.7326685298434406,"0x0d86883FAf4FfD7aEb116390af37746F45b6f378":152.43694388359916,"0x0dE54CFdfeD8005176f8b7A9D5438B45c4F1df1e":3.139505745974453,"0x1456688345527bE1f37E9e627DA0837D6f08C925":4.281677930623766,"0x16eAd9a10b1A77007E6E329B076aD1Fe97a6F7C0":56.178012143250776,"0x18084fbA666a33d37592fA2633fD49a74DD93a88":3148.2515410054675,"0x196f4727526eA7FB1e17b2071B3d8eAA38486988":0.7171636234292038,"0x1c48f86ae57291F7686349F12601910BD8D470bb":0.8730138366983778,"0x1ce0D1E19c9514230FF8CD1DAbaC2555fb92122b":0,"0x2260FAC5E5542a773Aa44fBCfeDf7C193bc2C599":3363.386665430147,"0x22CF19EB64226e0E1A79c69b345b31466fD273A7":1.0669903345156528,"0x2570f1bD5D2735314FC102eb12Fc1aFe9e6E7193":355.9168962948822,"0x25eC98773D7b4ceD4cAFaB96A2A1c0945f145e10":0,"0x2889302a794dA87fBF1D6Db415C1492194663D13":2035.1927829832362,"0x29059568bB40344487d62f7450E78b8E6C74e0e5":757.210429400679,"0x2b01d4FdB87eb7F2399E5D68631d8A939a323786":16.02866080144945,"0x31429d1856aD1377A8A0079410B297e1a9e214c2":482.37188799789203,"0x3175Df0976dFA876431C2E9eE6Bc45b65d3473CC":2439.6686565851815,"0x32bd822d615A3658A68b6fDD30c2fcb2C996D678":49.12414526434368,"0x35282d87011f87508D457F08252Bc5bFa52E10A0":714.6083742701446,"0x35fA164735182de50811E8e2E824cFb9B6118ac2":912.9182034171342,"0x365AccFCa291e7D3914637ABf1F7635dB165Bb09":484.56005268001826,"0x383E6b4437b59fff47B619CBA855CA29342A8559":33.95276398665631,"0x38D64ce1Bdf1A9f24E0Ec469C9cAde61236fB4a0":1273.6732813250958,"0x3A283D9c08E8b55966afb64C515f5143cf907611":9487.734633244534,"0x3Ed3B47Dd13EC9a98b44e6204A523E766B225811":572.7509852852455,"0x3f0e7916681452D23Cd36B1281457DA721F2E5dF":514.6263817998947,"0x40D16FC0246aD3160Ccc09B8D0D3A2cD28aE6C2f":1163.2613516429944,"0x4591DBfF62656E7859Afe5e45f6f47D3669fBB28":295.192058005765,"0x466a756E9A7401B5e2444a3fCB3c2C12FBEa0a54":526.5795150338552,"0x48759F220ED983dB51fA7A8C0D2AAb8f3ce4166a":987.4427615144973,"0x49446A0874197839D15395B908328a74ccc96Bc0":17.050712964048824,"0x4AE86d8732390d852A13cb918463BC6e5775FaDD":33.429700284739305,"0x4D1941a887eC788F059b3bfcC8eE1E97b968825B":12.378048198366699,"0x4DEcE678ceceb27446b35C672dC7d61F30bAD69E":607.749514856423,"0x4Fabb145d64652a948d72533023f6E7A623C7C53":0.009918054937140696,"0x4c9EDD5852cd905f086C759E8383e09bff1E68B3":12442.352515624818,"0x4de2ab8177fC5fFAFB7aD11FB8BeB1e5fB95F71C":67.1369537288268,"0x4eBdF703948ddCEA3B11f675B4D1Fba9d2414A14":5098.913733737311,"0x514910771AF9Ca656af840dff83E8264EcF986CA":105.31943882153847,"0x5228a22e72ccC52d415EcFd199F99D0665E7733b":50.2029425632845,"0x5426178799ee0a0181A89b4f57eFddfAb49941Ec":31.585346439289918,"0x5555f75e3d5278082200Fb451D1b6bA946D8e13b":58.748427598903305,"0x57a5a0567187FF4A8dcC1A9bBa86155E355878F2":1.032863176905004,"0x58efE15C0404aB22F87E4495D71f6f2077e862bE":0.0012498164138459997,"0x5905c0290e59aFBDc42a5480add9bD7B20CB3759":0.12991329262023293,"0x59D9356E565Ab3A36dD77763Fc0d87fEaf85508C":530.6873132052572,"0x5BC25f649fc4e26069dDF4cF4010F9f706c23831":1.9132942957575882,"0x5Be6C45e2d074fAa20700C49aDA3E88a1cc0025d":618.5183035263625,"0x5Ca135cB8527d76e932f34B5145575F9d8cbE08E":53.82253424326548,"0x5E8422345238F34275888049021821E8E08CAa1f":16206.469210934349,"0x5b6C539b224014A09B3388e51CaAA8e354c959C8":348.1834338411965,"0x5e74C9036fb86BD7eCdcb084a0673EFc32eA31cb":179.69860217577357,"0x62B9c7356A2Dc64a1969e19C23e4f579F9810Aa7":2606.9591086470987,"0x6359B6d3e327c497453d4376561eE276c6933323":0.5156094518016578,"0x63a0964A36c34E81959da5894ad888800e17405b":21.257684597731828,"0x64351fC9810aDAd17A690E4e1717Df5e7e085160":1142.3476890436675,"0x65D72AA8DA931F047169112fcf34f52DbaAE7D18":126.41264021153923,"0x661c70333AA1850CcDBAe82776Bb436A0fCfeEfB":42.33927795129155,"0x6663b6D50992ef4fc0380199397c87C2f5256075":532.2982677450015,"0x668308d77be3533c909a692302Cb4D135Bf8041C":0.05063622441712052,"0x66a1E37c9b0eAddca17d3662D6c05F4DECf3e110":0.10837486997237668,"0x674C6Ad92Fd080e4004b2312b45f796a192D27a0":1.8462620833922427,"0x68749665FF8D2d112Fa859AA293F07A622782F38":18.975961294566048,"0x6B175474E89094C44Da98b954EedeAC495271d0F":7906.508992085753,"0x6C280dB098dB673d30d5B34eC04B6387185D3620":59.03662634364949,"0x6C5024Cd4F8A59110119C56f8933403A539555EB":112.37013235654508,"0x6ade6971Ca3d90990C30d39c78b0534C7166e07b":0.11424295647247097,"0x6b5204B0Be36771253Cc38e88012E02B752f0f36":38.84564983333411,"0x6c38cE8984a890F5e46e6dF6117C26b3F1EcfC9C":0.002425437010704885,"0x6c3F90f043a72FA612cbac8115EE7e52BDe6E490":3597.961451844955,"0x6c3ea9036406852006290770BEdFcAbA0e23A0e8":2244.0683988884375,"0x6e52cCe4EaFDf77091dD1c82183b2D97b776b397":965.1747937702548,"0x6ef3D766Dfe02Dc4bF04aAe9122EB9A0Ded25615":0.026164167485880043,"0x73968b9a57c6E53d41345FD57a6E6ae27d6CDB2F":73.46656124394563,"0x73A15FeD60Bf67631dC6cd7Bc5B6e8da8190aCF5":0.021965531565171753,"0x76237BCfDbe8e06FB774663add96216961df4ff3":20.729011792494866,"0x76Eb2FE28b36B3ee97F3Adae0C69606eeDB2A37c":738.1543947481838,"0x77E06c9eCCf2E797fd462A92B6D7642EF85b0A44":0.45767354502,"0x78da5799CF427Fee11e9996982F4150eCe7a99A7":303.7037286261462,"0x7988292D0FB141085c092132e2a70B30aA1eccAB":481.56084942054235,"0x7F17A6C77C3938D235b014818092eb6305BdA110":54.17070227353923,"0x7F86Bf177Dd4F3494b841a37e810A34dD56c829B":13164.39242930833,"0x7FA768E035F956c41d6aeaa3Bd857e7E5141CAd5":0.035427571091988797,"0x7f39C581F595B53c5cb19bD0b3f8dA6c935E2Ca0":5470.306984169814,"0x8064d9Ae6cDf087b1bcd5BDf3531bD5d8C537a68":68.88160663184061,"0x80d69e79258FE9D056c822461c4eb0B4ca8802E2":0.02420205063731173,"0x826180541412D574cf1336d22c0C0a287822678A":839.1562477286274,"0x830614aE209FF9d8706d386fcdBc7a55206fcffC":45.48449261880893,"0x83F20F44975D03b1b09e64809B757c47f942BEeA":10882.9860785983,"0x84CeCB5525c6B1C20070E742da870062E84Da178":6.54665220165383,"0x853d955aCEf822Db058eb8505911ED77F175b99e":5033.060434005065,"0x856c4Efb76C1D1AE02e20CEB03A2A6a08b0b8dC3":1.614879629758784,"0x865377367054516e17014CcdED1e7d814EDC9ce4":483.03005166179446,"0x8C0D76C9B18779665475F3E212D9Ca1Ed6A1A0e6":373.6258895416946,"0x8C88538688aca3b733aD08b12BEe4574c0C00907":214.56353017962363,"0x8Cd52ee292313C4D851e71A7064F096504aB3eE9":141.127937100822,"0x8E870D67F660D95d5be530380D0eC0bd388289E1":668.2125793015604,"0x8c9532a60E0E7C6BbD2B2c1303F63aCE1c3E9811":0.042686768003636084,"0x8dAEBADE922dF735c38C80C7eBD708Af50815fAa":16.531435131098714,"0x8e595470Ed749b85C6F7669de83EAe304C2ec68F":19.65655997348932,"0x917ceE801a67f933F2e6b33fC0cD1ED2d5909D88":347.92106098570207,"0x9181f633E9B9F15A32d5e37094F4C93b333e0E92":0.4098925501631423,"0x922406EAFC3CcEb32b0256F287fB977c426EDbd8":0.029014325391367255,"0x9559Aaa82d9649C7A7b220E7c461d2E74c9a3593":173.20928219032066,"0x95710BDE45C8D384A976Cc58Cc7a7e489576b098":0.5661395324022049,"0x961D4921e1718E633BAC8Ded88c4a1cAe44b785a":221.54282726956603,"0x96E61422b6A9bA0e068B6c5ADd4fFaBC6a4aae27":546.6756783247247,"0x9961BdBE8B7091E584c2bF9D0a160C583f564A8c":394.5816018714224,"0x99D8a9C45b2ecA8864373A26D1459e3Dff1e17F3":3936.6985349128017,"0x9BE89D2a4cd102D8Fecc6BF9dA793be995C22541":216.44098037651545,