{"0x0000000000085d4780B73119b644AE5ecd22b376":0.005497708985850114,"0x005F893EcD7bF9667195642f7649DA8163e23658":91.74340505993574,"0x0100546F2cD4C9D97f798fFC9755E47865FF7Ee6":154.32037034760995,"0x028171bCA77440897B824Ca71D1c56caC55b68A3":735.7167901839554,"0x0316EB71485b0Ab14103307bf65a021042c6d380":50.85755909842453,"0x03ab458634910AaD20eF5f1C8ee96F1D6ac54919":169.6696681362132,"0x04C154b66CB340F3Ae24111CC767e0184Ed00Cc6":207.92241186526553,"0x056Fd409E1d7A124BD7017459dFEa2F387b6d5Cd":229.03384214825192,"0x067079c14B85169e6a29703769dadDef90816f4C":24.09932594601304,"0x075b1bb99792c9E1041bA13afEf80C91a1e70fB3":762.8078103850683,"0x085780639CC2cACd35E474e71f4d000e2405d8f6":942.4794759863282,"0x09b2E090531228d1b8E3d948C73b990Cb6e60720":491.4467860633872,"0x0E2EC54fC0B509F445631Bf4b91AB8168230C752":0.45000238714510016,"0x0E573Ce2736Dd9637A0b21058352e1667925C7a8":141.1202802030103,"0x0a5E677a6A24b2F1A2Bf4F3bFfC443231d2fDEc8":0.0075124878062576336,"0x0bc529c00C6401aEF6D220BE8C6Ea1667F6Ad93e":4.974033134472117,"0x0d86883FAf4FfD7aEb116390af37746F45b6f378":152.7146598351258,"0x0dE54CFdfeD8005176f8b7A9D5438B45c4F1df1e":0.6669233179725204,"0x1456688345527bE1f37E9e627DA0837D6f08C925":2.0023821865329077,"0x16eAd9a10b1A77007E6E329B076aD1Fe97a6F7C0":55.292048698341134,"0x18084fbA666a33d37592fA2633fD49a74DD93a88":12.903212213174761,"0x1830c553dC76d3447B69b7B0dC19CF9e3c739C78":96.94270576989952,"0x183395DbD0B5e93323a7286D1973150697FFFCB3":323.63436977176656,"0x196f4727526eA7FB1e17b2071B3d8eAA38486988":2.4980491816152126,"0x1c48f86ae57291F7686349F12601910BD8D470bb":0.46848623491044833,"0x1ce0D1E19c9514230FF8CD1DAbaC2555fb92122b":0,"0x2260FAC5E5542a773Aa44fBCfeDf7C193bc2C599":322.02594358326985,"0x2570f1bD5D2735314FC102eb12Fc1aFe9e6E7193":357.3711774936865,"0x25eC98773D7b4ceD4cAFaB96A2A1c0945f145e10":0,"0x2889302a794dA87fBF1D6Db415C1492194663D13":506.60956465716134,"0x29059568bB40344487d62f7450E78b8E6C74e0e5":49.35926085318761,"0x2b01d4FdB87eb7F2399E5D68631d8A939a323786":11.696134374437866,"0x31429d1856aD1377A8A0079410B297e1a9e214c2":469.19212482765664,"0x32bd822d615A3658A68b6fDD30c2fcb2C996D678":45.23845339113472,"0x34635280737b5BFe6c7DC2FC3065D60d66e78185":429.96898398825925,"0x35282d87011f87508D457F08252Bc5bFa52E10A0":71.68424466615944,"0x35D8949372D46B7a3D5A56006AE77B215fc69bC0":0.13832736675375085,"0x35fA164735182de50811E8e2E824cFb9B6118ac2":938.2032251004273,"0x383E6b4437b59fff47B619CBA855CA29342A8559":34.79564661991206,"0x38D64ce1Bdf1A9f24E0Ec469C9cAde61236fB4a0":150.07380619941299,"0x3A283D9c08E8b55966afb64C515f5143cf907611":787.1720234472424,"0x3Ed3B47Dd13EC9a98b44e6204A523E766B225811":997.7007789820937,"0x401322B9FDdba8c0a8D40fbCECE1D1752C12316B":417.10705317692486,"0x40D16FC0246aD3160Ccc09B8D0D3A2cD28aE6C2f":126.56247152079571,"0x4591DBfF62656E7859Afe5e45f6f47D3669fBB28":305.9335872482034,"0x4647B6D835f3B393C7A955df51EEfcf0db961606":191.28005986276003,"0x48759F220ED983dB51fA7A8C0D2AAb8f3ce4166a":988.79348175851,"0x49446A0874197839D15395B908328a74ccc96Bc0":16.82203395516085,"0x4AE86d8732390d852A13cb918463BC6e5775FaDD":35.34179280201719,"0x4D1941a887eC788F059b3bfcC8eE1E97b968825B":10.474190911315107,"0x4Fabb145d64652a948d72533023f6E7A623C7C53":0.009947779377511748,"0x4c9EDD5852cd905f086C759E8383e09bff1E68B3":828.1536542318614,"0x4de2ab8177fC5fFAFB7aD11FB8BeB1e5fB95F71C":117.94593276074423,"0x4eBdF703948ddCEA3B11f675B4D1Fba9d2414A14":45.56773819215651,"0x514910771AF9Ca656af840dff83E8264EcF986CA":104.4850269356243,"0x5228a22e72ccC52d415EcFd199F99D0665E7733b":49.19985588961856,"0x5426178799ee0a0181A89b4f57eFddfAb49941Ec":27.380685907881848,"0x5555f75e3d5278082200Fb451D1b6bA946D8e13b":53.690189698261335,"0x57a5a0567187FF4A8dcC1A9bBa86155E355878F2":1.0655490157688903,"0x58efE15C0404aB22F87E4495D71f6f2077e862bE":0.001251064981692,"0x5905c0290e59aFBDc42a5480add9bD7B20CB3759":0.13932181870415358,"0x59D9356E565Ab3A36dD77763Fc0d87fEaf85508C":532.2274412931149,"0x5BC25f649fc4e26069dDF4cF4010F9f706c23831":3.2754826959812586,"0x5Be6C45e2d074fAa20700C49aDA3E88a1cc0025d":63.28726666304177,"0x5Ca135cB8527d76e932f34B5145575F9d8cbE08E":52.221244479456324,"0x5E8422345238F34275888049021821E8E08CAa1f":15507.932554779756,"0x5b6C539b224014A09B3388e51CaAA8e354c959C8":725.1031105662573,"0x5e74C9036fb86BD7eCdcb084a0673EFc32eA31cb":187.6384593351733,"0x63a0964A36c34E81959da5894ad888800e17405b":18.85103404425767,"0x65D72AA8DA931F047169112fcf34f52DbaAE7D18":126.90459341402223,"0x661c70333AA1850CcDBAe82776Bb436A0fCfeEfB":43.70128866856324,"0x668308d77be3533c909a692302Cb4D135Bf8041C":0.0521327527877261,"0x66a1E37c9b0eAddca17d3662D6c05F4DECf3e110":0.10883868352392075,"0x674C6Ad92Fd080e4004b2312b45f796a192D27a0":3.757403784161597,"0x68749665FF8D2d112Fa859AA293F07A622782F38":15.777346606604867,"0x6B175474E89094C44Da98b954EedeAC495271d0F":305.86889264111005,"0x6C5024Cd4F8A59110119C56f8933403A539555EB":109.0512052883871,"0x6ade6971Ca3d90990C30d39c78b0534C7166e07b":124.21578564973886,"0x6b5204B0Be36771253Cc38e88012E02B752f0f36":36.967712905652306,"0x6c3F90f043a72FA612cbac8115EE7e52BDe6E490":1098.527691512276,"0x6c3ea9036406852006290770BEdFcAbA0e23A0e8":414.3279286387542,"0x6e52cCe4EaFDf77091dD1c82183b2D97b776b397":27.67548734361588,"0x6ef3D766Dfe02Dc4bF04aAe9122EB9A0Ded25615":0.026967498213388376,"0x73968b9a57c6E53d41345FD57a6E6ae27d6CDB2F":81.90711356482183,"0x73A15FeD60Bf67631dC6cd7Bc5B6e8da8190aCF5":2.4539773621358205,"0x76237BCfDbe8e06FB774663add96216961df4ff3":19.308754459609208,"0x76Eb2FE28b36B3ee97F3Adae0C69606eeDB2A37c":732.2121842963655,"0x77E06c9eCCf2E797fd462A92B6D7642EF85b0A44":0.51178538394,"0x78da5799CF427Fee11e9996982F4150eCe7a99A7":40.11859588910051,"0x7988292D0FB141085c092132e2a70B30aA1eccAB":468.40995874416495,"0x7F17A6C77C3938D235b014818092eb6305BdA110":51.862922832659656,"0x7F86Bf177Dd4F3494b841a37e810A34dD56c829B":980.2385710735018,"0x7FA768E035F956c41d6aeaa3Bd857e7E5141CAd5":0.036604718733981315,"0x7ea4aD8C803653498bF6AC1D2dEbc04DCe8Fd2aD":104.59825118320005,"0x7f39C581F595B53c5cb19bD0b3f8dA6c935E2Ca0":392.94445292192864,"0x8064d9Ae6cDf087b1bcd5BDf3531bD5d8C537a68":68.12893393759386,"0x80d69e79258FE9D056c822461c4eb0B4ca8802E2":0.024900318457846897,"0x826180541412D574cf1336d22c0C0a287822678A":197.33563466983037,"0x830614aE209FF9d8706d386fcdBc7a55206fcffC":50.46686351751674,"0x83F20F44975D03b1b09e64809B757c47f942BEeA":731.8220694193686,"0x84CeCB5525c6B1C20070E742da870062E84Da178":15.08185227992796,"0x853d955aCEf822Db058eb8505911ED77F175b99e":507.43576910793985,"0x856c4Efb76C1D1AE02e20CEB03A2A6a08b0b8dC3":1.654118383480951,"0x865377367054516e17014CcdED1e7d814EDC9ce4":506.8364555245098,"0x8682Fbf0CbF312C891532BA9F1A91e44f81ad7DF":482.6744507733097,"0x8C0D76C9B18779665475F3E212D9Ca1Ed6A1A0e6":383.9255910594756,"0x8C88538688aca3b733aD08b12BEe4574c0C00907":264.31027645477764,"0x8Cd52ee292313C4D851e71A7064F096504aB3eE9":0.9087778049577468,"0x8c9532a60E0E7C6BbD2B2c1303F63aCE1c3E9811":0.04425343324167872,"0x8dAEBADE922dF735c38C80C7eBD708Af50815fAa":14.94643250945285,"0x8e595470Ed749b85C6F7669de83EAe304C2ec68F":19.668254239185707,"0x917ceE801a67f933F2e6b33fC0cD1ED2d5909D88":375.9477981081715,"0x9181f633E9B9F15A32d5e37094F4C93b333e0E92":0.4224778437344058,"0x922406EAFC3CcEb32b0256F287fB977c426EDbd8":0.02913849843359425,"0x954313005C56b555bdC41B84D6c63B69049d7847":440.31870075359916,"0x9559Aaa82d9649C7A7b220E7c461d2E74c9a3593":177.2553174146029,"0x95710BDE45C8D384A976Cc58Cc7a7e489576b098":2.3825617204231238,"0x961D4921e1718E633BAC8Ded88c4a1cAe44b785a":859.4423712503733,"0x9961BdBE8B7091E584c2bF9D0a160C583f564A8c":393.1687892037982,"0x99D8a9C45b2ecA8864373A26D1459e3Dff1e17F3":33.50926482434087,"0x9BE89D2a4cd102D8Fecc6BF9dA793be995C22541":686.494216290725,"0x9D39A5DE30e57443BfF2A8307A4256c8797A3497":486.83641826700926,"0x9EEAD9ce15383CaEED975427340b3A369410CFBF":0.002916723980352,"0x9FeE65D5A627e73212989c8BbEdC5Fa5Cae3821F":12.533041001019514,"0x9b77bd0a665F05995b68e36fC1053AFFfAf0d4B5":5.737158056362739,"0x9de1c3D446237ab9BaFF74127eb4F303802a2683":416.9216515429898,