{"0x0000000000085d4780B73119b644AE5ecd22b376":214.24400070421646,"0x0000000016E6Cb3038203c1129c8B4aEE7af7a11":1.9028232918077443,"0x00000000eFE302BEAA2b3e6e1b18d08D69a9012a":7.806282371358612,"0x005F893EcD7bF9667195642f7649DA8163e23658":171.5952147055979,"0x0100546F2cD4C9D97f798fFC9755E47865FF7Ee6":401.9649631704645,"0x028171bCA77440897B824Ca71D1c56caC55b68A3":1192.4743158949625,"0x0316EB71485b0Ab14103307bf65a021042c6d380":0.1034384437427698,"0x03ab458634910AaD20eF5f1C8ee96F1D6ac54919":268.30092073919656,"0x04C154b66CB340F3Ae24111CC767e0184Ed00Cc6":350.18270273139376,"0x051d7e5609917Bd9b73f04BAc0DED8Dd46a74301":379.9709227262341,"0x056Fd409E1d7A124BD7017459dFEa2F387b6d5Cd":71.65074854800767,"0x067079c14B85169e6a29703769dadDef90816f4C":636.8636072550994,"0x075b1bb99792c9E1041bA13afEf80C91a1e70fB3":610.7383182975624,"0x085780639CC2cACd35E474e71f4d000e2405d8f6":694.1735129077716,"0x09db87A538BD693E9d08544577d5cCfAA6373A48":115.05606925232156,"0x0E2EC54fC0B509F445631Bf4b91AB8168230C752":0.47131919189691335,"0x0E573Ce2736Dd9637A0b21058352e1667925C7a8":140.20489115130206,"0x0F83287FF768D1c1e17a42F44d644D7F22e8ee1d":60.21648306896903,"0x0a5E677a6A24b2F1A2Bf4F3bFfC443231d2fDEc8":0.17984377498791396,"0x0bc529c00C6401aEF6D220BE8C6Ea1667F6Ad93e":21.043868127893923,"0x0d86883FAf4FfD7aEb116390af37746F45b6f378":490.6118070739942,"0x0dE54CFdfeD8005176f8b7A9D5438B45c4F1df1e":5.82974350769355,"0x137469B55D1f15651BA46A89D0588e97dD0B6562":228.56078468248916,"0x1456688345527bE1f37E9e627DA0837D6f08C925":4.556411865684859,"0x15700B564Ca08D9439C58cA5053166E8317aa138":636.4132418090016,"0x18084fbA666a33d37592fA2633fD49a74DD93a88":82.39281129693099,"0x1830c553dC76d3447B69b7B0dC19CF9e3c739C78":98.6140448682364,"0x196f4727526eA7FB1e17b2071B3d8eAA38486988":0.9777926313986547,"0x1BED97CBC3c24A4fb5C069C6E311a967386131f7":280.9450266029521,"0x1CC481cE2BD2EC7Bf67d1Be64d4878b16078F309":121.6804690101762,"0x1a7e4e63778B4f12a199C062f3eFdD288afCBce8":84.18660802097367,"0x1aBaEA1f7C830bD89Acc67eC4af516284b1bC33c":284.8033607334897,"0x1bEFB9B02f7Fc821B96aC1FE2cAF881FdF72b771":1.6941017547637152,"0x1c48f86ae57291F7686349F12601910BD8D470bb":0.6852143516080977,"0x1ce0D1E19c9514230FF8CD1DAbaC2555fb92122b":0,"0x2191DF768ad71140F9F3E96c1e4407A4aA31d082":24.821608238377916,"0x2260FAC5E5542a773Aa44fBCfeDf7C193bc2C599":30.617024737607796,"0x2302aaBe69e6E7A1b0Aa23aAC68fcCB8A4D2B460":123.55406178680727,"0x2570f1bD5D2735314FC102eb12Fc1aFe9e6E7193":57.854325944191295,"0x25eC98773D7b4ceD4cAFaB96A2A1c0945f145e10":5.746676457537303,"0x2889302a794dA87fBF1D6Db415C1492194663D13":2249.3511702277656,"0x29059568bB40344487d62f7450E78b8E6C74e0e5":953.6114622076086,"0x2b01d4FdB87eb7F2399E5D68631d8A939a323786":260.38469033124403,"0x2bd1F344a2398340C2b1119Da98816eA723F5F0f":0.9736209145129999,"0x3175Df0976dFA876431C2E9eE6Bc45b65d3473CC":0.0000387101479719831,"0x3231Cb76718CDeF2155FC47b5286d82e6eDA273f":335.11545638496824,"0x32bd822d615A3658A68b6fDD30c2fcb2C996D678":312.29906779424505,"0x34635280737b5BFe6c7DC2FC3065D60d66e78185":439.2675000076252,"0x35282d87011f87508D457F08252Bc5bFa52E10A0":160.33575654831168,"0x3570E17b1F2DdFD73FBE437F34A34d1D54219138":0.6386035015332735,"0x35D8949372D46B7a3D5A56006AE77B215fc69bC0":119.94372136271281,"0x35fA164735182de50811E8e2E824cFb9B6118ac2":1019.5366710943279,"0x383E6b4437b59fff47B619CBA855CA29342A8559":196.99020384756594,"0x38D64ce1Bdf1A9f24E0Ec469C9cAde61236fB4a0":263.62667836977425,"0x390f3595bCa2Df7d23783dFd126427CCeb997BF4":24274.354507407206,"0x393DaD6c76D962Abba489a77dBf37ae948A4A6ee":159.67995150192564,"0x3A2725556Dde7B21fBe3dD64A4913ff29faba6A1":0.030673303265689303,"0x3A283D9c08E8b55966afb64C515f5143cf907611":6202.458477484043,"0x3Ed3B47Dd13EC9a98b44e6204A523E766B225811":1.7733435462875264,"0x3f0e7916681452D23Cd36B1281457DA721F2E5dF":65.08636712473555,"0x401322B9FDdba8c0a8D40fbCECE1D1752C12316B":307.72078688463233,"0x40D16FC0246aD3160Ccc09B8D0D3A2cD28aE6C2f":142.03856452808003,"0x4591DBfF62656E7859Afe5e45f6f47D3669fBB28":240.94479806474087,"0x4647B6D835f3B393C7A955df51EEfcf0db961606":634.3187370264905,"0x466a756E9A7401B5e2444a3fCB3c2C12FBEa0a54":56.76718068506624,"0x48759F220ED983dB51fA7A8C0D2AAb8f3ce4166a":2408.4715884076986,"0x49446A0874197839D15395B908328a74ccc96Bc0":55.41727080276361,"0x4AE86d8732390d852A13cb918463BC6e5775FaDD":392.0113250980947,"0x4D1941a887eC788F059b3bfcC8eE1E97b968825B":383.41512291502426,"0x4D55a36902a6546A79ec4c9c315241De746D5fC3":0,"0x4DEcE678ceceb27446b35C672dC7d61F30bAD69E":31269.323358527563,"0x4Fabb145d64652a948d72533023f6E7A623C7C53":0.039748856163176215,"0x4c9EDD5852cd905f086C759E8383e09bff1E68B3":1204.314739673562,"0x4de2ab8177fC5fFAFB7aD11FB8BeB1e5fB95F71C":583.6472220730745,"0x4eBdF703948ddCEA3B11f675B4D1Fba9d2414A14":3712.2962152548507,"0x514910771AF9Ca656af840dff83E8264EcF986CA":88.44409520527648,"0x5228a22e72ccC52d415EcFd199F99D0665E7733b":62.54467497921933,"0x527331F3F550f6f85ACFEcAB9Cc0889180C6f1d5":415.49362996139956,"0x5426178799ee0a0181A89b4f57eFddfAb49941Ec":232.59826684454964,"0x5555f75e3d5278082200Fb451D1b6bA946D8e13b":123.77890321500708,"0x57Ab1ec28D129707052df4dF418D58a2D46d5f51":156.70209629725719,"0x57a5a0567187FF4A8dcC1A9bBa86155E355878F2":0.8707527852832037,"0x58efE15C0404aB22F87E4495D71f6f2077e862bE":0.001248567846,"0x5905c0290e59aFBDc42a5480add9bD7B20CB3759":0.17791286900542672,"0x59D9356E565Ab3A36dD77763Fc0d87fEaf85508C":321.36435283754196,"0x5BC25f649fc4e26069dDF4cF4010F9f706c23831":1.1813760853856459,"0x5Be6C45e2d074fAa20700C49aDA3E88a1cc0025d":635.0791549872785,"0x5Ca135cB8527d76e932f34B5145575F9d8cbE08E":56.406271993884985,"0x5E8422345238F34275888049021821E8E08CAa1f":14954.58070481539,"0x5Ea630e00D6eE438d3deA1556A110359ACdc10A9":403.0217355264854,"0x5b6C539b224014A09B3388e51CaAA8e354c959C8":233.27275259596286,"0x5e74C9036fb86BD7eCdcb084a0673EFc32eA31cb":6.73713474092934,"0x5f98805A4E8be255a32880FDeC7F6728C6568bA0":196.92951526393577,"0x625E92624Bc2D88619ACCc1788365A69767f6200":3580.560146155983,"0x62B9c7356A2Dc64a1969e19C23e4f579F9810Aa7":101.46643557365788,"0x6359B6d3e327c497453d4376561eE276c6933323":362.4176626371237,"0x63a0964A36c34E81959da5894ad888800e17405b":318.46278118030756,"0x65D72AA8DA931F047169112fcf34f52DbaAE7D18":363.1327900224,"0x65f228ED6a6001eD6485535e0Dc33E525734f54c":74.92361040228394,"0x661c70333AA1850CcDBAe82776Bb436A0fCfeEfB":165.50167145853356,"0x6663b6D50992ef4fc0380199397c87C2f5256075":150.25369246310217,"0x668308d77be3533c909a692302Cb4D135Bf8041C":0.046083621081007456,"0x66a1E37c9b0eAddca17d3662D6c05F4DECf3e110":37.63789213725634,"0x674C6Ad92Fd080e4004b2312b45f796a192D27a0":2.5794699658172506,"0x677ddbd918637E5F2c79e164D402454dE7dA8619":3.4319713329879296,"0x68749665FF8D2d112Fa859AA293F07A622782F38":19.799259008695444,"0x69000405f9DcE69BD4Cbf4f2865b79144A69BFE0":1.4144653078309317,"0x6B175474E89094C44Da98b954EedeAC495271d0F":1063.9563840286564,"0x6C280dB098dB673d30d5B34eC04B6387185D3620":362.54782245338924,"0x6C5024Cd4F8A59110119C56f8933403A539555EB":124.75431962195766,"0x6C9815826FdF8c7a45cCfEd2064dbaB33a078712":60.5756039953794,"0x6ade6971Ca3d90990C30d39c78b0534C7166e07b":239.05857480592877,"0x6b5204B0Be36771253Cc38e88012E02B752f0f36":221.82958254781957,"0x6c3F90f043a72FA612cbac8115EE7e52BDe6E490":535.6371343381452,"0x6c3ea9036406852006290770BEdFcAbA0e23A0e8":374.48380912209,"0x6e52cCe4EaFDf77091dD1c82183b2D97b776b397":656.2095991657109,"0x6ef3D766Dfe02Dc4bF04aAe9122EB9A0Ded25615":0.06911796353770461,"0x7223442cad8e9cA474fC40109ab981608F8c4273":213.24120442236347,"0x73968b9a57c6E53d41345FD57a6E6ae27d6CDB2F":155.87532070328908,"0x73A15FeD60Bf67631dC6cd7Bc5B6e8da8190aCF5":347.90123347754553,"0x752B4c6e92d96467fE9b9a2522EF07228E00F87c":36.54943279625642,"0x76237BCfDbe8e06FB774663add96216961df4ff3":37.566290129821695,"0x76Eb2FE28b36B3ee97F3Adae0C69606eeDB2A37c":1178.734164858173,"0x77E06c9eCCf2E797fd462A92B6D7642EF85b0A44":1.18251727984,"0x78da5799CF427Fee11e9996982F4150eCe7a99A7":96.2810405734409,"0x7988292D0FB141085c092132e2a70B30aA1eccAB":466.94214811187226,