{"0x0000000000085d4780B73119b644AE5ecd22b376":214.78758540929385,"0x0000000016E6Cb3038203c1129c8B4aEE7af7a11":1.8278569640162075,"0x005F893EcD7bF9667195642f7649DA8163e23658":161.0478814825659,"0x0100546F2cD4C9D97f798fFC9755E47865FF7Ee6":376.55634139018133,"0x028171bCA77440897B824Ca71D1c56caC55b68A3":1193.0458154893765,"0x0316EB71485b0Ab14103307bf65a021042c6d380":0.10250302320352218,"0x03ab458634910AaD20eF5f1C8ee96F1D6ac54919":261.2297278345011,"0x04C154b66CB340F3Ae24111CC767e0184Ed00Cc6":303.396325333602,"0x051d7e5609917Bd9b73f04BAc0DED8Dd46a74301":364.97358947485816,"0x056Fd409E1d7A124BD7017459dFEa2F387b6d5Cd":462.28437001033177,"0x067079c14B85169e6a29703769dadDef90816f4C":611.6556369314825,"0x075b1bb99792c9E1041bA13afEf80C91a1e70fB3":606.2243358855494,"0x085780639CC2cACd35E474e71f4d000e2405d8f6":563.8733988034179,"0x09db87A538BD693E9d08544577d5cCfAA6373A48":108.65933997604601,"0x0E2EC54fC0B509F445631Bf4b91AB8168230C752":0.47100986316216875,"0x0E573Ce2736Dd9637A0b21058352e1667925C7a8":145.2722274397135,"0x0a5E677a6A24b2F1A2Bf4F3bFfC443231d2fDEc8":0.16944064548818652,"0x0bc529c00C6401aEF6D220BE8C6Ea1667F6Ad93e":19.88222213927028,"0x0d86883FAf4FfD7aEb116390af37746F45b6f378":330.5436010104052,"0x0dE54CFdfeD8005176f8b7A9D5438B45c4F1df1e":5.831950727138784,"0x1456688345527bE1f37E9e627DA0837D6f08C925":3.327142840651456,"0x15700B564Ca08D9439C58cA5053166E8317aa138":456.8076337205956,"0x18084fbA666a33d37592fA2633fD49a74DD93a88":54.82829582221736,"0x183395DbD0B5e93323a7286D1973150697FFFCB3":547.6866448291447,"0x196f4727526eA7FB1e17b2071B3d8eAA38486988":0.5318452204475114,"0x1BED97CBC3c24A4fb5C069C6E311a967386131f7":263.14092176601275,"0x1aBaEA1f7C830bD89Acc67eC4af516284b1bC33c":116.44281619761202,"0x1c48f86ae57291F7686349F12601910BD8D470bb":0.0999411920576686,"0x1ce0D1E19c9514230FF8CD1DAbaC2555fb92122b":0,"0x2191DF768ad71140F9F3E96c1e4407A4aA31d082":24.612143189952786,"0x2260FAC5E5542a773Aa44fBCfeDf7C193bc2C599":28.690141227577932,"0x25eC98773D7b4ceD4cAFaB96A2A1c0945f145e10":0,"0x2b01d4FdB87eb7F2399E5D68631d8A939a323786":245.30958335902932,"0x2bd1F344a2398340C2b1119Da98816eA723F5F0f":0.24131524986444475,"0x3175Df0976dFA876431C2E9eE6Bc45b65d3473CC":0.00003871059060069987,"0x3231Cb76718CDeF2155FC47b5286d82e6eDA273f":328.9498134867319,"0x32bd822d615A3658A68b6fDD30c2fcb2C996D678":292.4739869145669,"0x3432B6A60D23Ca0dFCa7761B7ab56459D9C964D0":293.9741552507468,"0x34635280737b5BFe6c7DC2FC3065D60d66e78185":268.46986908948224,"0x35282d87011f87508D457F08252Bc5bFa52E10A0":159.59018852301276,"0x35D8949372D46B7a3D5A56006AE77B215fc69bC0":2080.1607175654967,"0x35fA164735182de50811E8e2E824cFb9B6118ac2":950.2516264980569,"0x365AccFCa291e7D3914637ABf1F7635dB165Bb09":548.7896067639554,"0x383E6b4437b59fff47B619CBA855CA29342A8559":197.09735525808895,"0x38D64ce1Bdf1A9f24E0Ec469C9cAde61236fB4a0":245.69985115339398,"0x3A2725556Dde7B21fBe3dD64A4913ff29faba6A1":0.029528387299890612,"0x3Ed3B47Dd13EC9a98b44e6204A523E766B225811":1.9617674141464445,"0x40D16FC0246aD3160Ccc09B8D0D3A2cD28aE6C2f":340.98668301988096,"0x4591DBfF62656E7859Afe5e45f6f47D3669fBB28":230.46541173167023,"0x466a756E9A7401B5e2444a3fCB3c2C12FBEa0a54":55.956834204089986,"0x48759F220ED983dB51fA7A8C0D2AAb8f3ce4166a":2405.5466267798506,"0x49446A0874197839D15395B908328a74ccc96Bc0":40.547629508919705,"0x4D55a36902a6546A79ec4c9c315241De746D5fC3":0,"0x4Fabb145d64652a948d72533023f6E7A623C7C53":0.03982819519743405,"0x4c9EDD5852cd905f086C759E8383e09bff1E68B3":3922.793979526834,"0x4de2ab8177fC5fFAFB7aD11FB8BeB1e5fB95F71C":465.44553666668946,"0x514910771AF9Ca656af840dff83E8264EcF986CA":83.56324366743777,"0x5228a22e72ccC52d415EcFd199F99D0665E7733b":59.80049313837093,"0x5555f75e3d5278082200Fb451D1b6bA946D8e13b":117.24345309523639,"0x57Ab1ec28D129707052df4dF418D58a2D46d5f51":156.40899100401163,"0x57a5a0567187FF4A8dcC1A9bBa86155E355878F2":0.8371580016200251,"0x58efE15C0404aB22F87E4495D71f6f2077e862bE":0.001248014730444222,"0x5905c0290e59aFBDc42a5480add9bD7B20CB3759":0.1778340536044573,"0x59D9356E565Ab3A36dD77763Fc0d87fEaf85508C":250.11150216345442,"0x5BC25f649fc4e26069dDF4cF4010F9f706c23831":0.6659564010044979,"0x5Ca135cB8527d76e932f34B5145575F9d8cbE08E":54.130606905720235,"0x5E8422345238F34275888049021821E8E08CAa1f":14035.76547123993,"0x5Ea630e00D6eE438d3deA1556A110359ACdc10A9":349.4167419938792,"0x5e74C9036fb86BD7eCdcb084a0673EFc32eA31cb":5.837161671873796,"0x63a0964A36c34E81959da5894ad888800e17405b":292.4770377717668,"0x65D72AA8DA931F047169112fcf34f52DbaAE7D18":362.19701320249726,"0x661c70333AA1850CcDBAe82776Bb436A0fCfeEfB":121.94334373469427,"0x668308d77be3533c909a692302Cb4D135Bf8041C":0.04424466280043876,"0x66a1E37c9b0eAddca17d3662D6c05F4DECf3e110":34.31308922274531,"0x674C6Ad92Fd080e4004b2312b45f796a192D27a0":2.178386446211709,"0x677ddbd918637E5F2c79e164D402454dE7dA8619":2.919131847751672,"0x68749665FF8D2d112Fa859AA293F07A622782F38":19.781691855664295,"0x69000405f9DcE69BD4Cbf4f2865b79144A69BFE0":0.003530466940383017,"0x6B175474E89094C44Da98b954EedeAC495271d0F":548.4444598322265,"0x6C5024Cd4F8A59110119C56f8933403A539555EB":124.23350043550275,"0x6C9815826FdF8c7a45cCfEd2064dbaB33a078712":60.06441746377283,"0x6b5204B0Be36771253Cc38e88012E02B752f0f36":189.54205183200466,"0x6c3F90f043a72FA612cbac8115EE7e52BDe6E490":1050.2963773884671,"0x6c3ea9036406852006290770BEdFcAbA0e23A0e8":635.4412809335147,"0x6e52cCe4EaFDf77091dD1c82183b2D97b776b397":411.58448980312215,"0x6ef3D766Dfe02Dc4bF04aAe9122EB9A0Ded25615":0.04194216174792192,"0x7223442cad8e9cA474fC40109ab981608F8c4273":145.92123863575455,"0x73968b9a57c6E53d41345FD57a6E6ae27d6CDB2F":145.21937140137615,"0x73A15FeD60Bf67631dC6cd7Bc5B6e8da8190aCF5":2157.3639619931673,"0x752B4c6e92d96467fE9b9a2522EF07228E00F87c":32.09008704176301,"0x76237BCfDbe8e06FB774663add96216961df4ff3":34.968627838634475,"0x76Eb2FE28b36B3ee97F3Adae0C69606eeDB2A37c":1183.05177086317,"0x77E06c9eCCf2E797fd462A92B6D7642EF85b0A44":1.18374429694,"0x78da5799CF427Fee11e9996982F4150eCe7a99A7":95.76080831692437,"0x7FA768E035F956c41d6aeaa3Bd857e7E5141CAd5":0.3767410630111124,"0x7f39C581F595B53c5cb19bD0b3f8dA6c935E2Ca0":2128.5706457076058,"0x8064d9Ae6cDf087b1bcd5BDf3531bD5d8C537a68":78.78417682863387,"0x808507121B80c02388fAd14726482e061B8da827":206.92923513633605,"0x80d69e79258FE9D056c822461c4eb0B4ca8802E2":0.19615515519330062,"0x826180541412D574cf1336d22c0C0a287822678A":207.4037913634789,"0x830614aE209FF9d8706d386fcdBc7a55206fcffC":49.591892884381885,"0x83F20F44975D03b1b09e64809B757c47f942BEeA":4895.309030461398,"0x853d955aCEf822Db058eb8505911ED77F175b99e":1808.8519753326784,"0x856c4Efb76C1D1AE02e20CEB03A2A6a08b0b8dC3":290.04474567536516,"0x865377367054516e17014CcdED1e7d814EDC9ce4":33.550145059640805,"0x8C0D76C9B18779665475F3E212D9Ca1Ed6A1A0e6":661.7406491135047,"0x8C88538688aca3b733aD08b12BEe4574c0C00907":352.02388399605354,"0x8E870D67F660D95d5be530380D0eC0bd388289E1":171.14385017358182,"0x8c9532a60E0E7C6BbD2B2c1303F63aCE1c3E9811":204.14303861303472,"0x8dAEBADE922dF735c38C80C7eBD708Af50815fAa":19.201448046289915,"0x8e595470Ed749b85C6F7669de83EAe304C2ec68F":458.5336624570095,"0x917ceE801a67f933F2e6b33fC0cD1ED2d5909D88":366.2457091409195,"0x9181f633E9B9F15A32d5e37094F4C93b333e0E92":0.8956554162579589,"0x922406EAFC3CcEb32b0256F287fB977c426EDbd8":0.007284723290069512,"0x9559Aaa82d9649C7A7b220E7c461d2E74c9a3593":35.35378938506402,"0x95710BDE45C8D384A976Cc58Cc7a7e489576b098":0.3732567813654107,"0x961D4921e1718E633BAC8Ded88c4a1cAe44b785a":784.6369325984346,"0x9961BdBE8B7091E584c2bF9D0a160C583f564A8c":405.7250857381849,"0x99D8a9C45b2ecA8864373A26D1459e3Dff1e17F3":35.623232895308135,"0x9BE89D2a4cd102D8Fecc6BF9dA793be995C22541":277.9399820194329,"0x9D11ab23d33aD026C466CE3c124928fDb69Ba20E":1.2181723785382612,"0x9D39A5DE30e57443BfF2A8307A4256c8797A3497":5412.219088724402,"0x9EEAD9ce15383CaEED975427340b3A369410CFBF":18.16263329666552,"0xA0b86991c6218b36c1d19D4a2e9Eb0cE3606eB48":4864.316909125583,"0xA0d69E286B938e21CBf7E51D71F6A4c8918f482F":407.59202330831135,"0xA1290d69c65A6Fe4DF752f95823fae25cB99e5A7":407.79890883540764,