{"0x0000000000085d4780B73119b644AE5ecd22b376":0.008467588801132693,"0x005F893EcD7bF9667195642f7649DA8163e23658":132.6330097232975,"0x0100546F2cD4C9D97f798fFC9755E47865FF7Ee6":157.4011505307365,"0x028171bCA77440897B824Ca71D1c56caC55b68A3":745.7537070915091,"0x0316EB71485b0Ab14103307bf65a021042c6d380":59.854648308488,"0x03ab458634910AaD20eF5f1C8ee96F1D6ac54919":173.06484748473514,"0x04C154b66CB340F3Ae24111CC767e0184Ed00Cc6":253.51480804549888,"0x056Fd409E1d7A124BD7017459dFEa2F387b6d5Cd":446.85180736166893,"0x067079c14B85169e6a29703769dadDef90816f4C":152.62853324163507,"0x075b1bb99792c9E1041bA13afEf80C91a1e70fB3":755.149428894366,"0x085780639CC2cACd35E474e71f4d000e2405d8f6":1133.3515261511384,"0x0E2EC54fC0B509F445631Bf4b91AB8168230C752":0.4715699520447018,"0x0E573Ce2736Dd9637A0b21058352e1667925C7a8":141.37970727454416,"0x0a5E677a6A24b2F1A2Bf4F3bFfC443231d2fDEc8":0.008909252907529986,"0x0bc529c00C6401aEF6D220BE8C6Ea1667F6Ad93e":13.110013050921935,"0x0d86883FAf4FfD7aEb116390af37746F45b6f378":183.6605653642955,"0x0dE54CFdfeD8005176f8b7A9D5438B45c4F1df1e":2.1768359999257445,"0x1456688345527bE1f37E9e627DA0837D6f08C925":2.365140327766165,"0x18084fbA666a33d37592fA2633fD49a74DD93a88":24.011855289314315,"0x1830c553dC76d3447B69b7B0dC19CF9e3c739C78":96.59137402536588,"0x183395DbD0B5e93323a7286D1973150697FFFCB3":322.0717106839731,"0x196f4727526eA7FB1e17b2071B3d8eAA38486988":2.497978315242205,"0x1c48f86ae57291F7686349F12601910BD8D470bb":0.03959089148553222,"0x1ce0D1E19c9514230FF8CD1DAbaC2555fb92122b":0,"0x2260FAC5E5542a773Aa44fBCfeDf7C193bc2C599":319.3591571695987,"0x2570f1bD5D2735314FC102eb12Fc1aFe9e6E7193":580.9407486608908,"0x25eC98773D7b4ceD4cAFaB96A2A1c0945f145e10":0,"0x2889302a794dA87fBF1D6Db415C1492194663D13":967.3854021419509,"0x2b01d4FdB87eb7F2399E5D68631d8A939a323786":16.31569461014268,"0x31429d1856aD1377A8A0079410B297e1a9e214c2":469.60539202798884,"0x32bd822d615A3658A68b6fDD30c2fcb2C996D678":54.50270955156223,"0x34635280737b5BFe6c7DC2FC3065D60d66e78185":414.77499790433336,"0x35282d87011f87508D457F08252Bc5bFa52E10A0":95.01035729686924,"0x35D8949372D46B7a3D5A56006AE77B215fc69bC0":1575.6731295004652,"0x35fA164735182de50811E8e2E824cFb9B6118ac2":956.6390221447062,"0x383E6b4437b59fff47B619CBA855CA29342A8559":117.4092203628739,"0x38D64ce1Bdf1A9f24E0Ec469C9cAde61236fB4a0":165.80363274632109,"0x3Ed3B47Dd13EC9a98b44e6204A523E766B225811":1001.1100174225354,"0x40D16FC0246aD3160Ccc09B8D0D3A2cD28aE6C2f":216.46467192263546,"0x4591DBfF62656E7859Afe5e45f6f47D3669fBB28":454.50233269648635,"0x4647B6D835f3B393C7A955df51EEfcf0db961606":260.4759026494956,"0x466a756E9A7401B5e2444a3fCB3c2C12FBEa0a54":1.781060329119326,"0x48759F220ED983dB51fA7A8C0D2AAb8f3ce4166a":1006.3542804297307,"0x49446A0874197839D15395B908328a74ccc96Bc0":17.347671272988354,"0x4AE86d8732390d852A13cb918463BC6e5775FaDD":82.1690310266682,"0x4D1941a887eC788F059b3bfcC8eE1E97b968825B":11.02566374713503,"0x4Fabb145d64652a948d72533023f6E7A623C7C53":0.02891845697148721,"0x4c9EDD5852cd905f086C759E8383e09bff1E68B3":3102.96961349392,"0x4de2ab8177fC5fFAFB7aD11FB8BeB1e5fB95F71C":145.97832148076833,"0x4eBdF703948ddCEA3B11f675B4D1Fba9d2414A14":1540.5927525152158,"0x514910771AF9Ca656af840dff83E8264EcF986CA":102.32224943156898,"0x5228a22e72ccC52d415EcFd199F99D0665E7733b":50.74720609104506,"0x5426178799ee0a0181A89b4f57eFddfAb49941Ec":256.8809647639824,"0x5555f75e3d5278082200Fb451D1b6bA946D8e13b":84.64744252601216,"0x57a5a0567187FF4A8dcC1A9bBa86155E355878F2":1.0554746590309694,"0x58efE15C0404aB22F87E4495D71f6f2077e862bE":0.001248567846,"0x5905c0290e59aFBDc42a5480add9bD7B20CB3759":0.1788955150664852,"0x59D9356E565Ab3A36dD77763Fc0d87fEaf85508C":549.0703446097576,"0x5BC25f649fc4e26069dDF4cF4010F9f706c23831":0.022064627850614728,"0x5Be6C45e2d074fAa20700C49aDA3E88a1cc0025d":127.04598181370493,"0x5Ca135cB8527d76e932f34B5145575F9d8cbE08E":53.019897121526185,"0x5E8422345238F34275888049021821E8E08CAa1f":15704.920119296268,"0x5e74C9036fb86BD7eCdcb084a0673EFc32eA31cb":181.71904121332844,"0x63a0964A36c34E81959da5894ad888800e17405b":23.069507030745243,"0x65D72AA8DA931F047169112fcf34f52DbaAE7D18":131.39989002468263,"0x661c70333AA1850CcDBAe82776Bb436A0fCfeEfB":49.27818585893137,"0x668308d77be3533c909a692302Cb4D135Bf8041C":0.05189365423083712,"0x66a1E37c9b0eAddca17d3662D6c05F4DECf3e110":0.1087300620832781,"0x674C6Ad92Fd080e4004b2312b45f796a192D27a0":1.2438427530914344,"0x68749665FF8D2d112Fa859AA293F07A622782F38":18.06708342642828,"0x6B175474E89094C44Da98b954EedeAC495271d0F":2227.909139640155,"0x6C280dB098dB673d30d5B34eC04B6387185D3620":59.81190444782124,"0x6C5024Cd4F8A59110119C56f8933403A539555EB":110.36837485057802,"0x6ade6971Ca3d90990C30d39c78b0534C7166e07b":130.05937143818994,"0x6b5204B0Be36771253Cc38e88012E02B752f0f36":80.18347001429144,"0x6c3F90f043a72FA612cbac8115EE7e52BDe6E490":1332.9189871297137,"0x6c3ea9036406852006290770BEdFcAbA0e23A0e8":655.7323100776107,"0x6e52cCe4EaFDf77091dD1c82183b2D97b776b397":137.93415909299335,"0x6ef3D766Dfe02Dc4bF04aAe9122EB9A0Ded25615":0.02687858596259201,"0x73968b9a57c6E53d41345FD57a6E6ae27d6CDB2F":82.28543036631578,"0x73A15FeD60Bf67631dC6cd7Bc5B6e8da8190aCF5":4915.884064562554,"0x76237BCfDbe8e06FB774663add96216961df4ff3":17.866286897000617,"0x76Eb2FE28b36B3ee97F3Adae0C69606eeDB2A37c":732.9250533535287,"0x77E06c9eCCf2E797fd462A92B6D7642EF85b0A44":0.6475758416399999,"0x78da5799CF427Fee11e9996982F4150eCe7a99A7":56.72754113723388,"0x7988292D0FB141085c092132e2a70B30aA1eccAB":469.05887131078055,"0x7F17A6C77C3938D235b014818092eb6305BdA110":51.44964869941891,"0x7F86Bf177Dd4F3494b841a37e810A34dD56c829B":3007.8583956465027,"0x7FA768E035F956c41d6aeaa3Bd857e7E5141CAd5":0.4455223090120334,"0x7ea4aD8C803653498bF6AC1D2dEbc04DCe8Fd2aD":115.51021158238265,"0x7f39C581F595B53c5cb19bD0b3f8dA6c935E2Ca0":910.3081097004683,"0x8064d9Ae6cDf087b1bcd5BDf3531bD5d8C537a68":69.78755251157268,"0x80d69e79258FE9D056c822461c4eb0B4ca8802E2":0.024845873326740417,"0x826180541412D574cf1336d22c0C0a287822678A":208.76432450076803,"0x830614aE209FF9d8706d386fcdBc7a55206fcffC":52.55119638405517,"0x83F20F44975D03b1b09e64809B757c47f942BEeA":2374.2964309576496,"0x853d955aCEf822Db058eb8505911ED77F175b99e":1021.8109725263915,"0x856c4Efb76C1D1AE02e20CEB03A2A6a08b0b8dC3":1.655684261914889,"0x865377367054516e17014CcdED1e7d814EDC9ce4":695.4916015266903,"0x8682Fbf0CbF312C891532BA9F1A91e44f81ad7DF":483.43049532238615,"0x8C0D76C9B18779665475F3E212D9Ca1Ed6A1A0e6":503.64743662818034,"0x8C88538688aca3b733aD08b12BEe4574c0C00907":288.8994605296321,"0x8Cd52ee292313C4D851e71A7064F096504aB3eE9":3.1111734984737693,"0x8c9532a60E0E7C6BbD2B2c1303F63aCE1c3E9811":0.044041829911259954,"0x8dAEBADE922dF735c38C80C7eBD708Af50815fAa":15.087153112463792,"0x8e595470Ed749b85C6F7669de83EAe304C2ec68F":20.472737798674864,"0x917ceE801a67f933F2e6b33fC0cD1ED2d5909D88":430.2958743170832,"0x9181f633E9B9F15A32d5e37094F4C93b333e0E92":0.421085176136144,"0x922406EAFC3CcEb32b0256F287fB977c426EDbd8":0.02910941809583617,"0x954313005C56b555bdC41B84D6c63B69049d7847":443.46232215408776,"0x9559Aaa82d9649C7A7b220E7c461d2E74c9a3593":183.08003403452025,"0x95710BDE45C8D384A976Cc58Cc7a7e489576b098":2.267100078159013,"0x961D4921e1718E633BAC8Ded88c4a1cAe44b785a":872.6300362139377,"0x9961BdBE8B7091E584c2bF9D0a160C583f564A8c":393.8784968089095,"0x99D8a9C45b2ecA8864373A26D1459e3Dff1e17F3":41.96965827582422,"0x9BE89D2a4cd102D8Fecc6BF9dA793be995C22541":675.1198433766943,"0x9D39A5DE30e57443BfF2A8307A4256c8797A3497":2495.678815049845,"0x9EEAD9ce15383CaEED975427340b3A369410CFBF":5.003817521053855,"0x9FeE65D5A627e73212989c8BbEdC5Fa5Cae3821F":13.720473838841603,"0x9b77bd0a665F05995b68e36fC1053AFFfAf0d4B5":6.361785432485445,"0x9de1c3D446237ab9BaFF74127eb4F303802a2683":441.3096387469898,"0xA0b86991c6218b36c1d19D4a2e9Eb0cE3606eB48":5986.543143653244,"0xA0d69E286B938e21CBf7E51D71F6A4c8918f482F":1043.0414735618567,"0xA1290d69c65A6Fe4DF752f95823fae25cB99e5A7":220.97588427619,"0xA35b1B31Ce002FBF2058D22F30f95D405200A15b":1.7245744330642188,"0xA5588F7cdf560811710A2D82D3C9c99769DB1Dcb":358.1924076031231,