{"0x0000000000085d4780B73119b644AE5ecd22b376":207.9462788219799,"0x0000000016E6Cb3038203c1129c8B4aEE7af7a11":2.197959534204209,"0x005F893EcD7bF9667195642f7649DA8163e23658":180.57100211091077,"0x0100546F2cD4C9D97f798fFC9755E47865FF7Ee6":429.853008830174,"0x028171bCA77440897B824Ca71D1c56caC55b68A3":1098.8441137527773,"0x0316EB71485b0Ab14103307bf65a021042c6d380":0.020859123496422296,"0x03ab458634910AaD20eF5f1C8ee96F1D6ac54919":1.7435099870043262,"0x04C154b66CB340F3Ae24111CC767e0184Ed00Cc6":509.6437803034177,"0x051d7e5609917Bd9b73f04BAc0DED8Dd46a74301":378.1777306769153,"0x056Fd409E1d7A124BD7017459dFEa2F387b6d5Cd":676.0783833796036,"0x075b1bb99792c9E1041bA13afEf80C91a1e70fB3":770.0359837104908,"0x085780639CC2cACd35E474e71f4d000e2405d8f6":1000.3204146269567,"0x09db87A538BD693E9d08544577d5cCfAA6373A48":88.95531960718607,"0x0E2EC54fC0B509F445631Bf4b91AB8168230C752":0.4714529172937356,"0x0E573Ce2736Dd9637A0b21058352e1667925C7a8":140.04070369214026,"0x0a5E677a6A24b2F1A2Bf4F3bFfC443231d2fDEc8":0.08039647105538816,"0x0bc529c00C6401aEF6D220BE8C6Ea1667F6Ad93e":14.406049889338343,"0x0d86883FAf4FfD7aEb116390af37746F45b6f378":258.7456499902205,"0x0dE54CFdfeD8005176f8b7A9D5438B45c4F1df1e":1.0239134927258828,"0x1456688345527bE1f37E9e627DA0837D6f08C925":6.786486064612559,"0x15700B564Ca08D9439C58cA5053166E8317aa138":1627.679065890644,"0x18084fbA666a33d37592fA2633fD49a74DD93a88":424.67516193751715,"0x183395DbD0B5e93323a7286D1973150697FFFCB3":295.18901943017534,"0x196f4727526eA7FB1e17b2071B3d8eAA38486988":2.567522299549817,"0x1BED97CBC3c24A4fb5C069C6E311a967386131f7":310.6972021486005,"0x1a7e4e63778B4f12a199C062f3eFdD288afCBce8":325.01704512045296,"0x1aBaEA1f7C830bD89Acc67eC4af516284b1bC33c":485.00463874847026,"0x1c48f86ae57291F7686349F12601910BD8D470bb":1.3071128390571622,"0x1ce0D1E19c9514230FF8CD1DAbaC2555fb92122b":0,"0x2191DF768ad71140F9F3E96c1e4407A4aA31d082":17.215619739810244,"0x2260FAC5E5542a773Aa44fBCfeDf7C193bc2C599":419.7694937128568,"0x2302aaBe69e6E7A1b0Aa23aAC68fcCB8A4D2B460":137.52363738815276,"0x2570f1bD5D2735314FC102eb12Fc1aFe9e6E7193":236.54424859375067,"0x25eC98773D7b4ceD4cAFaB96A2A1c0945f145e10":5.867090050336415,"0x2889302a794dA87fBF1D6Db415C1492194663D13":646.4202476798275,"0x2b01d4FdB87eb7F2399E5D68631d8A939a323786":280.65231418306547,"0x3175Df0976dFA876431C2E9eE6Bc45b65d3473CC":9.283027274354821e-7,"0x3231Cb76718CDeF2155FC47b5286d82e6eDA273f":323.5855182638371,"0x32bd822d615A3658A68b6fDD30c2fcb2C996D678":320.46955516485997,"0x3432B6A60D23Ca0dFCa7761B7ab56459D9C964D0":375.84099966159874,"0x34635280737b5BFe6c7DC2FC3065D60d66e78185":247.00206157288247,"0x35282d87011f87508D457F08252Bc5bFa52E10A0":150.06145061956317,"0x35D8949372D46B7a3D5A56006AE77B215fc69bC0":289.81417246932693,"0x35fA164735182de50811E8e2E824cFb9B6118ac2":1069.89986867589,"0x365AccFCa291e7D3914637ABf1F7635dB165Bb09":308.1355182782679,"0x383E6b4437b59fff47B619CBA855CA29342A8559":172.71942921924096,"0x38D64ce1Bdf1A9f24E0Ec469C9cAde61236fB4a0":253.99257755557258,"0x3A2725556Dde7B21fBe3dD64A4913ff29faba6A1":0.03549458682791293,"0x3A283D9c08E8b55966afb64C515f5143cf907611":4418.538988029744,"0x3Ed3B47Dd13EC9a98b44e6204A523E766B225811":351.4112992413738,"0x3f0e7916681452D23Cd36B1281457DA721F2E5dF":11.489256063964433,"0x40D16FC0246aD3160Ccc09B8D0D3A2cD28aE6C2f":718.3170105669197,"0x4591DBfF62656E7859Afe5e45f6f47D3669fBB28":124.62062430343401,"0x4647B6D835f3B393C7A955df51EEfcf0db961606":30.307358798955676,"0x466a756E9A7401B5e2444a3fCB3c2C12FBEa0a54":324.8181799408786,"0x48759F220ED983dB51fA7A8C0D2AAb8f3ce4166a":1663.454214957989,"0x49446A0874197839D15395B908328a74ccc96Bc0":26.558040247463556,"0x4AE86d8732390d852A13cb918463BC6e5775FaDD":132.0520620094058,"0x4D1941a887eC788F059b3bfcC8eE1E97b968825B":333.04550982052075,"0x4Fabb145d64652a948d72533023f6E7A623C7C53":0.03490408356796401,"0x4c9EDD5852cd905f086C759E8383e09bff1E68B3":3861.5512432783735,"0x4eBdF703948ddCEA3B11f675B4D1Fba9d2414A14":1805.3558035610379,"0x514910771AF9Ca656af840dff83E8264EcF986CA":93.76616835729732,"0x5228a22e72ccC52d415EcFd199F99D0665E7733b":57.274595617012885,"0x527331F3F550f6f85ACFEcAB9Cc0889180C6f1d5":202.51670973515425,"0x5426178799ee0a0181A89b4f57eFddfAb49941Ec":806.5317372584045,"0x5555f75e3d5278082200Fb451D1b6bA946D8e13b":85.64418513698848,"0x57a5a0567187FF4A8dcC1A9bBa86155E355878F2":1.0481796650186277,"0x58efE15C0404aB22F87E4495D71f6f2077e862bE":0.00124695095063943,"0x5905c0290e59aFBDc42a5480add9bD7B20CB3759":0.19211693238644187,"0x59D9356E565Ab3A36dD77763Fc0d87fEaf85508C":124.06947858860579,"0x5BC25f649fc4e26069dDF4cF4010F9f706c23831":3.889669282673742,"0x5Be6C45e2d074fAa20700C49aDA3E88a1cc0025d":434.52767092380935,"0x5Ca135cB8527d76e932f34B5145575F9d8cbE08E":46.02693775202633,"0x5E8422345238F34275888049021821E8E08CAa1f":15502.612954420692,"0x5Ea630e00D6eE438d3deA1556A110359ACdc10A9":296.99852413282395,"0x5e74C9036fb86BD7eCdcb084a0673EFc32eA31cb":2.088775739404398,"0x63a0964A36c34E81959da5894ad888800e17405b":305.97601515882405,"0x65D72AA8DA931F047169112fcf34f52DbaAE7D18":146.09040385117908,"0x661c70333AA1850CcDBAe82776Bb436A0fCfeEfB":57.4406102899054,"0x6663b6D50992ef4fc0380199397c87C2f5256075":68.58764058564711,"0x668308d77be3533c909a692302Cb4D135Bf8041C":0.05120400626151583,"0x66a1E37c9b0eAddca17d3662D6c05F4DECf3e110":21.629244434753105,"0x674C6Ad92Fd080e4004b2312b45f796a192D27a0":6.102724682869534,"0x677ddbd918637E5F2c79e164D402454dE7dA8619":1.3103393776877954,"0x68749665FF8D2d112Fa859AA293F07A622782F38":12.92924671983605,"0x69000405f9DcE69BD4Cbf4f2865b79144A69BFE0":0,"0x6B175474E89094C44Da98b954EedeAC495271d0F":5751.935556219769,"0x6C5024Cd4F8A59110119C56f8933403A539555EB":116.58199190971385,"0x6C9815826FdF8c7a45cCfEd2064dbaB33a078712":70.14539973243684,"0x6b5204B0Be36771253Cc38e88012E02B752f0f36":208.11691354738102,"0x6c3F90f043a72FA612cbac8115EE7e52BDe6E490":539.4588900354702,"0x6c3ea9036406852006290770BEdFcAbA0e23A0e8":856.3463972300742,"0x6e52cCe4EaFDf77091dD1c82183b2D97b776b397":472.6637464589245,"0x6ef3D766Dfe02Dc4bF04aAe9122EB9A0Ded25615":0.07774385551463439,"0x7223442cad8e9cA474fC40109ab981608F8c4273":81.09869645208066,"0x73968b9a57c6E53d41345FD57a6E6ae27d6CDB2F":107.86191642012064,"0x73A15FeD60Bf67631dC6cd7Bc5B6e8da8190aCF5":1130.7897723267504,"0x752B4c6e92d96467fE9b9a2522EF07228E00F87c":43.08966434570606,"0x76237BCfDbe8e06FB774663add96216961df4ff3":25.16198081242761,"0x76Eb2FE28b36B3ee97F3Adae0C69606eeDB2A37c":1175.6225534953192,"0x77E06c9eCCf2E797fd462A92B6D7642EF85b0A44":0.8359138536199999,"0x78da5799CF427Fee11e9996982F4150eCe7a99A7":81.54584869016296,"0x7988292D0FB141085c092132e2a70B30aA1eccAB":467.31621110219425,"0x7F17A6C77C3938D235b014818092eb6305BdA110":129.96305324221314,"0x7F86Bf177Dd4F3494b841a37e810A34dD56c829B":2715.1373347713193,"0x7FA768E035F956c41d6aeaa3Bd857e7E5141CAd5":0.44029208935834774,"0x7ea4aD8C803653498bF6AC1D2dEbc04DCe8Fd2aD":4.791291286745767,"0x7f39C581F595B53c5cb19bD0b3f8dA6c935E2Ca0":1115.913122732729,"0x8064d9Ae6cDf087b1bcd5BDf3531bD5d8C537a68":69.58942192488664,"0x808507121B80c02388fAd14726482e061B8da827":247.7194867495827,"0x80d69e79258FE9D056c822461c4eb0B4ca8802E2":0.22930656102652358,"0x826180541412D574cf1336d22c0C0a287822678A":199.36375713518467,"0x8282BD15dcA2EA2bDf24163E8f2781B30C43A2ef":303.66586722283233,"0x830614aE209FF9d8706d386fcdBc7a55206fcffC":47.412000188542365,"0x83F20F44975D03b1b09e64809B757c47f942BEeA":3683.261071856166,"0x84CeCB5525c6B1C20070E742da870062E84Da178":40.65191545905968,"0x853d955aCEf822Db058eb8505911ED77F175b99e":1815.8378562252478,"0x856c4Efb76C1D1AE02e20CEB03A2A6a08b0b8dC3":292.44247513026994,"0x865377367054516e17014CcdED1e7d814EDC9ce4":728.069596235752,"0x8Bc3F1e82Ca3d63987dc12F90538c6bF818FcD0f":301.65778942015936,"0x8C0D76C9B18779665475F3E212D9Ca1Ed6A1A0e6":479.70647697511953,"0x8C88538688aca3b733aD08b12BEe4574c0C00907":125.14904173697862,"0x8Cd52ee292313C4D851e71A7064F096504aB3eE9":154.83918900859857,"0x8E870D67F660D95d5be530380D0eC0bd388289E1":0.11706829195658414,"0x8c9532a60E0E7C6BbD2B2c1303F63aCE1c3E9811":6.668715039159209,