{"0x005F893EcD7bF9667195642f7649DA8163e23658":3.427880123774761,"0x0100546F2cD4C9D97f798fFC9755E47865FF7Ee6":144.2709812508502,"0x028171bCA77440897B824Ca71D1c56caC55b68A3":757.1004143922468,"0x0316EB71485b0Ab14103307bf65a021042c6d380":65.88478453669975,"0x03ab458634910AaD20eF5f1C8ee96F1D6ac54919":143.2379935915027,"0x04C154b66CB340F3Ae24111CC767e0184Ed00Cc6":136.32870428148175,"0x056Fd409E1d7A124BD7017459dFEa2F387b6d5Cd":699.8074905083064,"0x067079c14B85169e6a29703769dadDef90816f4C":554.8435530270121,"0x075b1bb99792c9E1041bA13afEf80C91a1e70fB3":270.23127569651876,"0x085780639CC2cACd35E474e71f4d000e2405d8f6":24971.220610086384,"0x0E2EC54fC0B509F445631Bf4b91AB8168230C752":0.4500658960493421,"0x0E573Ce2736Dd9637A0b21058352e1667925C7a8":142.24940821784074,"0x0bc529c00C6401aEF6D220BE8C6Ea1667F6Ad93e":6.088797288063443,"0x0d86883FAf4FfD7aEb116390af37746F45b6f378":42.01429133650128,"0x0dE54CFdfeD8005176f8b7A9D5438B45c4F1df1e":1.6332042756986869,"0x1456688345527bE1f37E9e627DA0837D6f08C925":3.0610773569416017,"0x1830c553dC76d3447B69b7B0dC19CF9e3c739C78":182.37996583874317,"0x196f4727526eA7FB1e17b2071B3d8eAA38486988":2.480126015044091,"0x1c48f86ae57291F7686349F12601910BD8D470bb":0.4018641775165196,"0x1ce0D1E19c9514230FF8CD1DAbaC2555fb92122b":0,"0x2260FAC5E5542a773Aa44fBCfeDf7C193bc2C599":337.69807809644857,"0x2570f1bD5D2735314FC102eb12Fc1aFe9e6E7193":129.09940034453223,"0x25eC98773D7b4ceD4cAFaB96A2A1c0945f145e10":0,"0x2889302a794dA87fBF1D6Db415C1492194663D13":921.5599712781889,"0x29059568bB40344487d62f7450E78b8E6C74e0e5":524.9807024481917,"0x2b01d4FdB87eb7F2399E5D68631d8A939a323786":17.791893400016622,"0x3175Df0976dFA876431C2E9eE6Bc45b65d3473CC":2089.0082112457235,"0x32bd822d615A3658A68b6fDD30c2fcb2C996D678":33.29846298754714,"0x35282d87011f87508D457F08252Bc5bFa52E10A0":122.46960432090127,"0x35fA164735182de50811E8e2E824cFb9B6118ac2":347.7934898642491,"0x383E6b4437b59fff47B619CBA855CA29342A8559":1361.2762686005185,"0x38D64ce1Bdf1A9f24E0Ec469C9cAde61236fB4a0":472.9920198217194,"0x3A283D9c08E8b55966afb64C515f5143cf907611":9463.572935208296,"0x3Ed3B47Dd13EC9a98b44e6204A523E766B225811":269.42817632523304,"0x3f0e7916681452D23Cd36B1281457DA721F2E5dF":76.47281345897353,"0x40D16FC0246aD3160Ccc09B8D0D3A2cD28aE6C2f":1140.7191980211574,"0x4591DBfF62656E7859Afe5e45f6f47D3669fBB28":322.76907601620223,"0x4647B6D835f3B393C7A955df51EEfcf0db961606":466.0957374246348,"0x466a756E9A7401B5e2444a3fCB3c2C12FBEa0a54":506.0606264436456,"0x48759F220ED983dB51fA7A8C0D2AAb8f3ce4166a":38.34146552700153,"0x49446A0874197839D15395B908328a74ccc96Bc0":8.286124477077927,"0x4AE86d8732390d852A13cb918463BC6e5775FaDD":23.48501810906988,"0x4c9EDD5852cd905f086C759E8383e09bff1E68B3":6102.968843856016,"0x4de2ab8177fC5fFAFB7aD11FB8BeB1e5fB95F71C":65.21874449008658,"0x4eBdF703948ddCEA3B11f675B4D1Fba9d2414A14":3557.7574866966324,"0x514910771AF9Ca656af840dff83E8264EcF986CA":110.05284555463705,"0x5228a22e72ccC52d415EcFd199F99D0665E7733b":53.18306464203474,"0x5426178799ee0a0181A89b4f57eFddfAb49941Ec":183.50968046732163,"0x57a5a0567187FF4A8dcC1A9bBa86155E355878F2":1.1650162091386307,"0x58efE15C0404aB22F87E4495D71f6f2077e862bE":0.0012463553837768879,"0x59D9356E565Ab3A36dD77763Fc0d87fEaf85508C":1977.9852459412868,"0x5BC25f649fc4e26069dDF4cF4010F9f706c23831":0.5649924337095367,"0x5Be6C45e2d074fAa20700C49aDA3E88a1cc0025d":264.58306181773753,"0x5Ca135cB8527d76e932f34B5145575F9d8cbE08E":53.32465731817354,"0x5E8422345238F34275888049021821E8E08CAa1f":16081.491069207159,"0x5b6C539b224014A09B3388e51CaAA8e354c959C8":16.48596632518757,"0x5ca0313D44551e32e0d7a298EC024321c4BC59B4":7.40529510538796,"0x5e74C9036fb86BD7eCdcb084a0673EFc32eA31cb":191.8716941822907,"0x63a0964A36c34E81959da5894ad888800e17405b":14.958505260837015,"0x65D72AA8DA931F047169112fcf34f52DbaAE7D18":92.45772558788154,"0x661c70333AA1850CcDBAe82776Bb436A0fCfeEfB":0.0012833826269129218,"0x6663b6D50992ef4fc0380199397c87C2f5256075":17.890126436529805,"0x668308d77be3533c909a692302Cb4D135Bf8041C":0.05702948505455537,"0x66a1E37c9b0eAddca17d3662D6c05F4DECf3e110":0.10862144064263547,"0x674C6Ad92Fd080e4004b2312b45f796a192D27a0":1.6302895508378856,"0x6B175474E89094C44Da98b954EedeAC495271d0F":6323.952161180841,"0x6C5024Cd4F8A59110119C56f8933403A539555EB":107.37649681883394,"0x6b5204B0Be36771253Cc38e88012E02B752f0f36":295.21378420088666,"0x6c38cE8984a890F5e46e6dF6117C26b3F1EcfC9C":0.000112634261407798,"0x6c3F90f043a72FA612cbac8115EE7e52BDe6E490":2698.2999009029827,"0x6c3ea9036406852006290770BEdFcAbA0e23A0e8":2040.7206322422712,"0x6e52cCe4EaFDf77091dD1c82183b2D97b776b397":1474.940283797559,"0x6ef3D766Dfe02Dc4bF04aAe9122EB9A0Ded25615":0.029574138562819798,"0x73968b9a57c6E53d41345FD57a6E6ae27d6CDB2F":77.62651637377138,"0x73A15FeD60Bf67631dC6cd7Bc5B6e8da8190aCF5":0.012579736714116739,"0x76237BCfDbe8e06FB774663add96216961df4ff3":12.20824347007063,"0x76Eb2FE28b36B3ee97F3Adae0C69606eeDB2A37c":189.91273948440625,"0x78da5799CF427Fee11e9996982F4150eCe7a99A7":246.71608055953612,"0x7F17A6C77C3938D235b014818092eb6305BdA110":23.857348726514083,"0x7F86Bf177Dd4F3494b841a37e810A34dD56c829B":3594.140273032983,"0x7FA768E035F956c41d6aeaa3Bd857e7E5141CAd5":0.04011274218157051,"0x7ea4aD8C803653498bF6AC1D2dEbc04DCe8Fd2aD":57.5627522678601,"0x7f39C581F595B53c5cb19bD0b3f8dA6c935E2Ca0":7742.550280493973,"0x8064d9Ae6cDf087b1bcd5BDf3531bD5d8C537a68":73.93458464596792,"0x808507121B80c02388fAd14726482e061B8da827":1788.5982033696528,"0x826180541412D574cf1336d22c0C0a287822678A":183.38028668724104,"0x830614aE209FF9d8706d386fcdBc7a55206fcffC":37.70117129680554,"0x83F20F44975D03b1b09e64809B757c47f942BEeA":8376.251731460281,"0x84CeCB5525c6B1C20070E742da870062E84Da178":2.4630004911936623,"0x853d955aCEf822Db058eb8505911ED77F175b99e":5234.344771252159,"0x856c4Efb76C1D1AE02e20CEB03A2A6a08b0b8dC3":1.8294859689204084,"0x865377367054516e17014CcdED1e7d814EDC9ce4":341.80435660115444,"0x8C0D76C9B18779665475F3E212D9Ca1Ed6A1A0e6":306.20068384936314,"0x8C88538688aca3b733aD08b12BEe4574c0C00907":132.94478633850414,"0x8E870D67F660D95d5be530380D0eC0bd388289E1":668.3891429625285,"0x8dAEBADE922dF735c38C80C7eBD708Af50815fAa":16.63004127909238,"0x8e595470Ed749b85C6F7669de83EAe304C2ec68F":15.013948317967131,"0x917ceE801a67f933F2e6b33fC0cD1ED2d5909D88":236.06634978281417,"0x9181f633E9B9F15A32d5e37094F4C93b333e0E92":0.4633125195446491,"0x922406EAFC3CcEb32b0256F287fB977c426EDbd8":0.029080337758078095,"0x9559Aaa82d9649C7A7b220E7c461d2E74c9a3593":194.61146030840115,"0x95710BDE45C8D384A976Cc58Cc7a7e489576b098":0.647931970247444,"0x961D4921e1718E633BAC8Ded88c4a1cAe44b785a":217.9521861381502,"0x9961BdBE8B7091E584c2bF9D0a160C583f564A8c":333.56434442407647,"0x99D8a9C45b2ecA8864373A26D1459e3Dff1e17F3":3939.151378904721,"0x9BE89D2a4cd102D8Fecc6BF9dA793be995C22541":220.90815849038808,"0x9D39A5DE30e57443BfF2A8307A4256c8797A3497":7733.511255471548,"0x9EEAD9ce15383CaEED975427340b3A369410CFBF":0.000003991310842288,"0x9FeE65D5A627e73212989c8BbEdC5Fa5Cae3821F":14.093632257962666,"0x9b77bd0a665F05995b68e36fC1053AFFfAf0d4B5":2.108774364691132,"0x9de1c3D446237ab9BaFF74127eb4F303802a2683":60.26715227670754,"0xA0b86991c6218b36c1d19D4a2e9Eb0cE3606eB48":12649.79147080303,"0xA0d69E286B938e21CBf7E51D71F6A4c8918f482F":879.0952318383197,"0xA1290d69c65A6Fe4DF752f95823fae25cB99e5A7":5622.322903767023,"0xA35b1B31Ce002FBF2058D22F30f95D405200A15b":513.9624538961777,"0xA5588F7cdf560811710A2D82D3C9c99769DB1Dcb":4618.225072961241,"0xA663B02CF0a4b149d2aD41910CB81e23e1c41c32":60.33546183904712,"0xAB846Fb6C81370327e784Ae7CbB6d6a6af6Ff4BF":48.95301306685644,"0xBC6DA0FE9aD5f3b0d58160288917AA56653660E9":0.47321332811974137,"0xBcca60bB61934080951369a648Fb03DF4F96263C":546.4289917409878,"0xC02aaA39b223FE8D0A0e5C4F27eAD9083C756Cc2":16730.220609461667,"0xC272B96bCcdaf1BF98F2197D355066Da3C15982a":84.42352826924358,"0xC3ADe5aCe1bBb033CcAE8177C12Ecbfa16bD6A9D":0.3445789554553819,"0xC975342A95cCb75378ddc646B8620fa3Cd5bc051":82.90083411068412,"0xCFC5bD99915aAa815401C5a41A927aB7a38d29cf":23.87491142470833,"0xCb08717451aaE9EF950a2524E33B6DCaBA60147B":173.0576902107171,