{"0x0000000000085d4780B73119b644AE5ecd22b376":215.05447495180297,"0x0000000016E6Cb3038203c1129c8B4aEE7af7a11":2.2061295606951554,"0x005F893EcD7bF9667195642f7649DA8163e23658":197.31727600955668,"0x0100546F2cD4C9D97f798fFC9755E47865FF7Ee6":446.5398197617281,"0x028171bCA77440897B824Ca71D1c56caC55b68A3":1107.3113206760586,"0x0316EB71485b0Ab14103307bf65a021042c6d380":0.021121022330820104,"0x03ab458634910AaD20eF5f1C8ee96F1D6ac54919":0.11070450074409614,"0x04C154b66CB340F3Ae24111CC767e0184Ed00Cc6":462.9985241860173,"0x051d7e5609917Bd9b73f04BAc0DED8Dd46a74301":401.39295776024466,"0x056Fd409E1d7A124BD7017459dFEa2F387b6d5Cd":681.5785394555842,"0x067079c14B85169e6a29703769dadDef90816f4C":470.9227843992845,"0x075b1bb99792c9E1041bA13afEf80C91a1e70fB3":805.442702685161,"0x085780639CC2cACd35E474e71f4d000e2405d8f6":1000.8976327190148,"0x09db87A538BD693E9d08544577d5cCfAA6373A48":92.15988872653027,"0x0E2EC54fC0B509F445631Bf4b91AB8168230C752":0.4714593032826124,"0x0E573Ce2736Dd9637A0b21058352e1667925C7a8":145.55495975728465,"0x0a5E677a6A24b2F1A2Bf4F3bFfC443231d2fDEc8":0.08126776285992932,"0x0bc529c00C6401aEF6D220BE8C6Ea1667F6Ad93e":21.807419707507535,"0x0d86883FAf4FfD7aEb116390af37746F45b6f378":270.86829223638284,"0x0dE54CFdfeD8005176f8b7A9D5438B45c4F1df1e":3.1653425085269156,"0x1456688345527bE1f37E9e627DA0837D6f08C925":4.357162523989641,"0x15700B564Ca08D9439C58cA5053166E8317aa138":1572.3012789152738,"0x16eAd9a10b1A77007E6E329B076aD1Fe97a6F7C0":120.5975686359388,"0x18084fbA666a33d37592fA2633fD49a74DD93a88":431.91587487123365,"0x1830c553dC76d3447B69b7B0dC19CF9e3c739C78":106.26792624123996,"0x183395DbD0B5e93323a7286D1973150697FFFCB3":319.2935017742999,"0x196f4727526eA7FB1e17b2071B3d8eAA38486988":0.8503158318887791,"0x1BED97CBC3c24A4fb5C069C6E311a967386131f7":324.8683984648627,"0x1a7e4e63778B4f12a199C062f3eFdD288afCBce8":328.78563375780897,"0x1aBaEA1f7C830bD89Acc67eC4af516284b1bC33c":489.045325715813,"0x1c48f86ae57291F7686349F12601910BD8D470bb":0.11448528939726808,"0x1ce0D1E19c9514230FF8CD1DAbaC2555fb92122b":0,"0x2191DF768ad71140F9F3E96c1e4407A4aA31d082":17.830463301946324,"0x2260FAC5E5542a773Aa44fBCfeDf7C193bc2C599":432.0304060371375,"0x2302aaBe69e6E7A1b0Aa23aAC68fcCB8A4D2B460":149.88832366992477,"0x2570f1bD5D2735314FC102eb12Fc1aFe9e6E7193":204.86259798676514,"0x25eC98773D7b4ceD4cAFaB96A2A1c0945f145e10":5.855007018888419,"0x2b01d4FdB87eb7F2399E5D68631d8A939a323786":300.88534042054596,"0x3175Df0976dFA876431C2E9eE6Bc45b65d3473CC":9.261961030681825e-7,"0x3231Cb76718CDeF2155FC47b5286d82e6eDA273f":331.65292099609104,"0x32bd822d615A3658A68b6fDD30c2fcb2C996D678":342.39926843835906,"0x3432B6A60D23Ca0dFCa7761B7ab56459D9C964D0":384.29754617536355,"0x34635280737b5BFe6c7DC2FC3065D60d66e78185":272.98627084693857,"0x35282d87011f87508D457F08252Bc5bFa52E10A0":158.44721202202717,"0x35D8949372D46B7a3D5A56006AE77B215fc69bC0":292.9732249064025,"0x35fA164735182de50811E8e2E824cFb9B6118ac2":1109.1147807768166,"0x365AccFCa291e7D3914637ABf1F7635dB165Bb09":317.36095694206296,"0x383E6b4437b59fff47B619CBA855CA29342A8559":181.7442576861913,"0x38D64ce1Bdf1A9f24E0Ec469C9cAde61236fB4a0":266.815474471175,"0x3A2725556Dde7B21fBe3dD64A4913ff29faba6A1":0.03550172763312576,"0x3A283D9c08E8b55966afb64C515f5143cf907611":4464.914276020913,"0x3Ed3B47Dd13EC9a98b44e6204A523E766B225811":360.1369555837242,"0x3f0e7916681452D23Cd36B1281457DA721F2E5dF":26.000217094668503,"0x40D16FC0246aD3160Ccc09B8D0D3A2cD28aE6C2f":659.0672983647108,"0x4591DBfF62656E7859Afe5e45f6f47D3669fBB28":128.24201815847616,"0x4647B6D835f3B393C7A955df51EEfcf0db961606":46.94802563313323,"0x466a756E9A7401B5e2444a3fCB3c2C12FBEa0a54":326.928656241976,"0x48759F220ED983dB51fA7A8C0D2AAb8f3ce4166a":1660.1104082789118,"0x49446A0874197839D15395B908328a74ccc96Bc0":34.446803108738294,"0x4AE86d8732390d852A13cb918463BC6e5775FaDD":153.85750317183994,"0x4D1941a887eC788F059b3bfcC8eE1E97b968825B":344.6048102631997,"0x4DEcE678ceceb27446b35C672dC7d61F30bAD69E":444.0386874678514,"0x4Fabb145d64652a948d72533023f6E7A623C7C53":0.03505177332736695,"0x4c9EDD5852cd905f086C759E8383e09bff1E68B3":3573.6797522612774,"0x4de2ab8177fC5fFAFB7aD11FB8BeB1e5fB95F71C":428.85881310521086,"0x4eBdF703948ddCEA3B11f675B4D1Fba9d2414A14":1755.1668205619599,"0x514910771AF9Ca656af840dff83E8264EcF986CA":103.30810410320794,"0x5228a22e72ccC52d415EcFd199F99D0665E7733b":65.54981331262051,"0x527331F3F550f6f85ACFEcAB9Cc0889180C6f1d5":219.1700270633805,"0x5555f75e3d5278082200Fb451D1b6bA946D8e13b":95.3406453266797,"0x57a5a0567187FF4A8dcC1A9bBa86155E355878F2":1.0862642660113369,"0x58efE15C0404aB22F87E4495D71f6f2077e862bE":0.0012473954407926059,"0x5905c0290e59aFBDc42a5480add9bD7B20CB3759":0.1921854146989662,"0x59D9356E565Ab3A36dD77763Fc0d87fEaf85508C":130.735030702369,"0x5BC25f649fc4e26069dDF4cF4010F9f706c23831":1.8818587892473089,"0x5Be6C45e2d074fAa20700C49aDA3E88a1cc0025d":438.7598486445856,"0x5Ca135cB8527d76e932f34B5145575F9d8cbE08E":53.90184742394465,"0x5E8422345238F34275888049021821E8E08CAa1f":16084.824937443898,"0x5Ea630e00D6eE438d3deA1556A110359ACdc10A9":352.6486118880744,"0x5b6C539b224014A09B3388e51CaAA8e354c959C8":661.5245534052809,"0x5e74C9036fb86BD7eCdcb084a0673EFc32eA31cb":7.734029841626506,"0x6359B6d3e327c497453d4376561eE276c6933323":312.75037020414396,"0x63a0964A36c34E81959da5894ad888800e17405b":319.5497087031968,"0x65D72AA8DA931F047169112fcf34f52DbaAE7D18":152.03889340755913,"0x661c70333AA1850CcDBAe82776Bb436A0fCfeEfB":64.73950424811198,"0x668308d77be3533c909a692302Cb4D135Bf8041C":0.05304265562922033,"0x66a1E37c9b0eAddca17d3662D6c05F4DECf3e110":25.304919748395694,"0x674C6Ad92Fd080e4004b2312b45f796a192D27a0":2.7144149681117997,"0x677ddbd918637E5F2c79e164D402454dE7dA8619":1.3100399399648353,"0x68749665FF8D2d112Fa859AA293F07A622782F38":19.181139961792688,"0x69000405f9DcE69BD4Cbf4f2865b79144A69BFE0":0,"0x6B175474E89094C44Da98b954EedeAC495271d0F":4586.445605174566,"0x6C5024Cd4F8A59110119C56f8933403A539555EB":124.0065977708034,"0x6C9815826FdF8c7a45cCfEd2064dbaB33a078712":72.65059258002387,"0x6b5204B0Be36771253Cc38e88012E02B752f0f36":203.39478766786448,"0x6c3F90f043a72FA612cbac8115EE7e52BDe6E490":545.1344241202501,"0x6c3ea9036406852006290770BEdFcAbA0e23A0e8":838.3402421712913,"0x6e52cCe4EaFDf77091dD1c82183b2D97b776b397":485.2288996830283,"0x6ef3D766Dfe02Dc4bF04aAe9122EB9A0Ded25615":0.08029927167778385,"0x7223442cad8e9cA474fC40109ab981608F8c4273":87.52009194131767,"0x73968b9a57c6E53d41345FD57a6E6ae27d6CDB2F":119.33401722085996,"0x73A15FeD60Bf67631dC6cd7Bc5B6e8da8190aCF5":953.7653668853301,"0x752B4c6e92d96467fE9b9a2522EF07228E00F87c":61.56452753828739,"0x76237BCfDbe8e06FB774663add96216961df4ff3":32.84815857893072,"0x76Eb2FE28b36B3ee97F3Adae0C69606eeDB2A37c":1171.1990015345916,"0x77E06c9eCCf2E797fd462A92B6D7642EF85b0A44":0.88835694236,"0x78da5799CF427Fee11e9996982F4150eCe7a99A7":90.61551516891721,"0x7F17A6C77C3938D235b014818092eb6305BdA110":139.91754628502974,"0x7F86Bf177Dd4F3494b841a37e810A34dD56c829B":1949.8146460739545,"0x7FA768E035F956c41d6aeaa3Bd857e7E5141CAd5":0.4549732817150006,"0x7ea4aD8C803653498bF6AC1D2dEbc04DCe8Fd2aD":19.368674103850143,"0x7f39C581F595B53c5cb19bD0b3f8dA6c935E2Ca0":1085.4285020005016,"0x8064d9Ae6cDf087b1bcd5BDf3531bD5d8C537a68":78.41656713542949,"0x808507121B80c02388fAd14726482e061B8da827":265.0170323246235,"0x80d69e79258FE9D056c822461c4eb0B4ca8802E2":0.23755425064406957,"0x826180541412D574cf1336d22c0C0a287822678A":200.5343728225526,"0x8282BD15dcA2EA2bDf24163E8f2781B30C43A2ef":323.64384869080743,"0x830614aE209FF9d8706d386fcdBc7a55206fcffC":57.126211573973514,"0x83F20F44975D03b1b09e64809B757c47f942BEeA":3256.1452026149327,"0x84CeCB5525c6B1C20070E742da870062E84Da178":64.85356201464218,"0x853d955aCEf822Db058eb8505911ED77F175b99e":1761.0537116914288,"0x856c4Efb76C1D1AE02e20CEB03A2A6a08b0b8dC3":309.373182268666,"0x865377367054516e17014CcdED1e7d814EDC9ce4":731.4270557428539,"0x893DA8A02b487FEF2F7e3F35DF49d7625aE549a3":359.3525054119683,"0x8C0D76C9B18779665475F3E212D9Ca1Ed6A1A0e6":485.6115857780458,"0x8C88538688aca3b733aD08b12BEe4574c0C00907":147.07332588297695,