{"0x005F893EcD7bF9667195642f7649DA8163e23658":5.895128393937676,"0x0100546F2cD4C9D97f798fFC9755E47865FF7Ee6":159.95994477985553,"0x028171bCA77440897B824Ca71D1c56caC55b68A3":119.62165118667266,"0x0316EB71485b0Ab14103307bf65a021042c6d380":77.59261677924869,"0x03ab458634910AaD20eF5f1C8ee96F1D6ac54919":155.0766295611547,"0x04C154b66CB340F3Ae24111CC767e0184Ed00Cc6":144.83838247223918,"0x056Fd409E1d7A124BD7017459dFEa2F387b6d5Cd":0.83974212,"0x075b1bb99792c9E1041bA13afEf80C91a1e70fB3":819.8562151283293,"0x085780639CC2cACd35E474e71f4d000e2405d8f6":509.64812768760015,"0x09b2E090531228d1b8E3d948C73b990Cb6e60720":549.0977229191135,"0x0E2EC54fC0B509F445631Bf4b91AB8168230C752":0.45005784612401895,"0x0E573Ce2736Dd9637A0b21058352e1667925C7a8":142.26597645020638,"0x0bc529c00C6401aEF6D220BE8C6Ea1667F6Ad93e":6.608953608549101,"0x0d86883FAf4FfD7aEb116390af37746F45b6f378":46.80999692205721,"0x0dE54CFdfeD8005176f8b7A9D5438B45c4F1df1e":2.3902072980347495,"0x1456688345527bE1f37E9e627DA0837D6f08C925":2.9057623895632196,"0x1830c553dC76d3447B69b7B0dC19CF9e3c739C78":186.85653185263212,"0x196f4727526eA7FB1e17b2071B3d8eAA38486988":2.4800693666373967,"0x1c48f86ae57291F7686349F12601910BD8D470bb":0.04933697088854149,"0x1ce0D1E19c9514230FF8CD1DAbaC2555fb92122b":0,"0x2260FAC5E5542a773Aa44fBCfeDf7C193bc2C599":344.2644869028088,"0x25eC98773D7b4ceD4cAFaB96A2A1c0945f145e10":0,"0x2889302a794dA87fBF1D6Db415C1492194663D13":46.51444491976407,"0x29059568bB40344487d62f7450E78b8E6C74e0e5":99.41560127544233,"0x2b01d4FdB87eb7F2399E5D68631d8A939a323786":19.127997369328217,"0x31429d1856aD1377A8A0079410B297e1a9e214c2":568.221842518784,"0x32bd822d615A3658A68b6fDD30c2fcb2C996D678":37.28129443897035,"0x35282d87011f87508D457F08252Bc5bFa52E10A0":698.1248086073401,"0x35fA164735182de50811E8e2E824cFb9B6118ac2":972.1692764729934,"0x365AccFCa291e7D3914637ABf1F7635dB165Bb09":651.4876479491985,"0x383E6b4437b59fff47B619CBA855CA29342A8559":19.70693143803976,"0x38D64ce1Bdf1A9f24E0Ec469C9cAde61236fB4a0":1084.8570745970094,"0x3A283D9c08E8b55966afb64C515f5143cf907611":208.3576395676315,"0x3Ed3B47Dd13EC9a98b44e6204A523E766B225811":15.862189200138475,"0x3f0e7916681452D23Cd36B1281457DA721F2E5dF":566.9783702296876,"0x40D16FC0246aD3160Ccc09B8D0D3A2cD28aE6C2f":697.1429284924651,"0x4591DBfF62656E7859Afe5e45f6f47D3669fBB28":94.10014738995146,"0x4647B6D835f3B393C7A955df51EEfcf0db961606":31.860145397590696,"0x466a756E9A7401B5e2444a3fCB3c2C12FBEa0a54":506.3041328432893,"0x48759F220ED983dB51fA7A8C0D2AAb8f3ce4166a":804.4864556868501,"0x49446A0874197839D15395B908328a74ccc96Bc0":8.970636542539424,"0x4AE86d8732390d852A13cb918463BC6e5775FaDD":26.89183404266631,"0x4DEcE678ceceb27446b35C672dC7d61F30bAD69E":606.797262743076,"0x4c9EDD5852cd905f086C759E8383e09bff1E68B3":2701.5649430843882,"0x4de2ab8177fC5fFAFB7aD11FB8BeB1e5fB95F71C":62.32210567681678,"0x4eBdF703948ddCEA3B11f675B4D1Fba9d2414A14":253.19008027474553,"0x514910771AF9Ca656af840dff83E8264EcF986CA":118.18426535421396,"0x5228a22e72ccC52d415EcFd199F99D0665E7733b":54.53811225893025,"0x5426178799ee0a0181A89b4f57eFddfAb49941Ec":33.36968943530368,"0x5555f75e3d5278082200Fb451D1b6bA946D8e13b":44.5288028425001,"0x57a5a0567187FF4A8dcC1A9bBa86155E355878F2":1.1824522112731997,"0x58efE15C0404aB22F87E4495D71f6f2077e862bE":0.0012469122450362038,"0x59D9356E565Ab3A36dD77763Fc0d87fEaf85508C":359.69698390125825,"0x5BC25f649fc4e26069dDF4cF4010F9f706c23831":1.233057442183457,"0x5Be6C45e2d074fAa20700C49aDA3E88a1cc0025d":124.9630526766174,"0x5Ca135cB8527d76e932f34B5145575F9d8cbE08E":53.35125069932452,"0x5E8422345238F34275888049021821E8E08CAa1f":16506.521066039604,"0x5b6C539b224014A09B3388e51CaAA8e354c959C8":81.1354926188795,"0x5e74C9036fb86BD7eCdcb084a0673EFc32eA31cb":210.87063966703593,"0x63a0964A36c34E81959da5894ad888800e17405b":19.417045860306363,"0x65D72AA8DA931F047169112fcf34f52DbaAE7D18":96.66268215175484,"0x661c70333AA1850CcDBAe82776Bb436A0fCfeEfB":0.0013097564938851227,"0x6663b6D50992ef4fc0380199397c87C2f5256075":523.09768233199,"0x668308d77be3533c909a692302Cb4D135Bf8041C":0.057756511480444576,"0x66a1E37c9b0eAddca17d3662D6c05F4DECf3e110":0.1086064508838268,"0x674C6Ad92Fd080e4004b2312b45f796a192D27a0":1.631485176749625,"0x68749665FF8D2d112Fa859AA293F07A622782F38":18.065307323356087,"0x6B175474E89094C44Da98b954EedeAC495271d0F":810.473111338825,"0x6C280dB098dB673d30d5B34eC04B6387185D3620":69.24765208237699,"0x6C5024Cd4F8A59110119C56f8933403A539555EB":107.59127737166635,"0x6ade6971Ca3d90990C30d39c78b0534C7166e07b":82.51804586177519,"0x6c38cE8984a890F5e46e6dF6117C26b3F1EcfC9C":0.000142200334274067,"0x6c3F90f043a72FA612cbac8115EE7e52BDe6E490":1100.232107275155,"0x6c3ea9036406852006290770BEdFcAbA0e23A0e8":1103.3680049981372,"0x6e52cCe4EaFDf77091dD1c82183b2D97b776b397":105.11778563756238,"0x6ef3D766Dfe02Dc4bF04aAe9122EB9A0Ded25615":0.02996567874961763,"0x73968b9a57c6E53d41345FD57a6E6ae27d6CDB2F":78.9457321382645,"0x73A15FeD60Bf67631dC6cd7Bc5B6e8da8190aCF5":0.012579069943192894,"0x76237BCfDbe8e06FB774663add96216961df4ff3":18.63756105751278,"0x76Eb2FE28b36B3ee97F3Adae0C69606eeDB2A37c":722.6055101506103,"0x78da5799CF427Fee11e9996982F4150eCe7a99A7":252.9996709815405,"0x7988292D0FB141085c092132e2a70B30aA1eccAB":487.0898447858331,"0x7F17A6C77C3938D235b014818092eb6305BdA110":28.49143426666861,"0x7F86Bf177Dd4F3494b841a37e810A34dD56c829B":1929.5243963538396,"0x7FA768E035F956c41d6aeaa3Bd857e7E5141CAd5":0.04064672305842076,"0x7f39C581F595B53c5cb19bD0b3f8dA6c935E2Ca0":1303.0184251407575,"0x8064d9Ae6cDf087b1bcd5BDf3531bD5d8C537a68":75.14458201876708,"0x826180541412D574cf1336d22c0C0a287822678A":876.2772048813221,"0x830614aE209FF9d8706d386fcdBc7a55206fcffC":41.01579559988501,"0x83F20F44975D03b1b09e64809B757c47f942BEeA":591.5811346552531,"0x84CeCB5525c6B1C20070E742da870062E84Da178":4.84273614193704,"0x853d955aCEf822Db058eb8505911ED77F175b99e":926.8113663241912,"0x856c4Efb76C1D1AE02e20CEB03A2A6a08b0b8dC3":1.848757072819461,"0x865377367054516e17014CcdED1e7d814EDC9ce4":343.4738316428412,"0x8C0D76C9B18779665475F3E212D9Ca1Ed6A1A0e6":306.3845038047969,"0x8C88538688aca3b733aD08b12BEe4574c0C00907":15.933233611485646,"0x8Cd52ee292313C4D851e71A7064F096504aB3eE9":67.95862625313357,"0x8E870D67F660D95d5be530380D0eC0bd388289E1":672.2157107006731,"0x8dAEBADE922dF735c38C80C7eBD708Af50815fAa":17.21653800005272,"0x8e595470Ed749b85C6F7669de83EAe304C2ec68F":15.026928086509782,"0x917ceE801a67f933F2e6b33fC0cD1ED2d5909D88":254.1843671660322,"0x9181f633E9B9F15A32d5e37094F4C93b333e0E92":0.46944674231505484,"0x922406EAFC3CcEb32b0256F287fB977c426EDbd8":0.029076324671467483,"0x9559Aaa82d9649C7A7b220E7c461d2E74c9a3593":197.2471906302869,"0x95710BDE45C8D384A976Cc58Cc7a7e489576b098":0.665169956236437,"0x961D4921e1718E633BAC8Ded88c4a1cAe44b785a":234.92071690488754,"0x96E61422b6A9bA0e068B6c5ADd4fFaBC6a4aae27":546.3485521956134,"0x9961BdBE8B7091E584c2bF9D0a160C583f564A8c":378.17148982374334,"0x99D8a9C45b2ecA8864373A26D1459e3Dff1e17F3":7.057958174208473,"0x9BE89D2a4cd102D8Fecc6BF9dA793be995C22541":236.64354709467588,"0x9D39A5DE30e57443BfF2A8307A4256c8797A3497":433.15860490723236,"0x9EEAD9ce15383CaEED975427340b3A369410CFBF":0.000003993094126903999,"0x9FeE65D5A627e73212989c8BbEdC5Fa5Cae3821F":14.33747847136016,"0x9b77bd0a665F05995b68e36fC1053AFFfAf0d4B5":4.294697632993145,"0x9de1c3D446237ab9BaFF74127eb4F303802a2683":124.37968443122398,"0xA0b86991c6218b36c1d19D4a2e9Eb0cE3606eB48":2678.483086897034,"0xA0d69E286B938e21CBf7E51D71F6A4c8918f482F":470.8288701831661,"0xA1290d69c65A6Fe4DF752f95823fae25cB99e5A7":79.24340089100342,"0xA35b1B31Ce002FBF2058D22F30f95D405200A15b":1.8699399261213974,"0xA5588F7cdf560811710A2D82D3C9c99769DB1Dcb":406.7176931358774,"0xA663B02CF0a4b149d2aD41910CB81e23e1c41c32":27.954838691985284,"0xAB846Fb6C81370327e784Ae7CbB6d6a6af6Ff4BF":49.65512123236533,"0xBC6DA0FE9aD5f3b0d58160288917AA56653660E9":0.47110301162342116,"0xC02aaA39b223FE8D0A0e5C4F27eAD9083C756Cc2":2510.9840216831553,"0xC272B96bCcdaf1BF98F2197D355066Da3C15982a":84.81427988307043,"0xC3ADe5aCe1bBb033CcAE8177C12Ecbfa16bD6A9D":0.34936753566615797,