{"0x0000000000085d4780B73119b644AE5ecd22b376":217.8627570734886,"0x0000000016E6Cb3038203c1129c8B4aEE7af7a11":0.7975265716505814,"0x005F893EcD7bF9667195642f7649DA8163e23658":166.96402375470637,"0x0100546F2cD4C9D97f798fFC9755E47865FF7Ee6":379.4174823085481,"0x028171bCA77440897B824Ca71D1c56caC55b68A3":1192.0423238985618,"0x0316EB71485b0Ab14103307bf65a021042c6d380":1.1987909696251327,"0x03ab458634910AaD20eF5f1C8ee96F1D6ac54919":262.8439842387553,"0x04C154b66CB340F3Ae24111CC767e0184Ed00Cc6":305.3211323287233,"0x051d7e5609917Bd9b73f04BAc0DED8Dd46a74301":380.3745779438621,"0x056Fd409E1d7A124BD7017459dFEa2F387b6d5Cd":441.8794048243437,"0x067079c14B85169e6a29703769dadDef90816f4C":609.5671207395387,"0x075b1bb99792c9E1041bA13afEf80C91a1e70fB3":605.0496848904086,"0x085780639CC2cACd35E474e71f4d000e2405d8f6":517.84430091777,"0x09db87A538BD693E9d08544577d5cCfAA6373A48":104.74821962778678,"0x0E2EC54fC0B509F445631Bf4b91AB8168230C752":0.47101143527378425,"0x0E573Ce2736Dd9637A0b21058352e1667925C7a8":143.36219278351479,"0x0a5E677a6A24b2F1A2Bf4F3bFfC443231d2fDEc8":0.128139472100185,"0x0bc529c00C6401aEF6D220BE8C6Ea1667F6Ad93e":21.961714329127908,"0x0d86883FAf4FfD7aEb116390af37746F45b6f378":326.4895232655229,"0x0dE54CFdfeD8005176f8b7A9D5438B45c4F1df1e":5.286938742457791,"0x127091edE112aEd7Bae281747771b3150Bb047bB":1.7291287966510203,"0x137469B55D1f15651BA46A89D0588e97dD0B6562":227.57101270246903,"0x1456688345527bE1f37E9e627DA0837D6f08C925":5.102373899142963,"0x15700B564Ca08D9439C58cA5053166E8317aa138":354.0851409592758,"0x16eAd9a10b1A77007E6E329B076aD1Fe97a6F7C0":191.06651117587543,"0x18084fbA666a33d37592fA2633fD49a74DD93a88":51.2946786968145,"0x1830c553dC76d3447B69b7B0dC19CF9e3c739C78":92.64906084130205,"0x183395DbD0B5e93323a7286D1973150697FFFCB3":555.4682635465784,"0x196f4727526eA7FB1e17b2071B3d8eAA38486988":1.776341563706112,"0x1BED97CBC3c24A4fb5C069C6E311a967386131f7":271.526992091847,"0x1aBaEA1f7C830bD89Acc67eC4af516284b1bC33c":117.29174768154103,"0x1c48f86ae57291F7686349F12601910BD8D470bb":1.101684579187217,"0x1ce0D1E19c9514230FF8CD1DAbaC2555fb92122b":0,"0x2191DF768ad71140F9F3E96c1e4407A4aA31d082":25.659468432078434,"0x2260FAC5E5542a773Aa44fBCfeDf7C193bc2C599":30.53420902336722,"0x22CF19EB64226e0E1A79c69b345b31466fD273A7":3.245678697028367,"0x2302aaBe69e6E7A1b0Aa23aAC68fcCB8A4D2B460":122.585719620196,"0x2570f1bD5D2735314FC102eb12Fc1aFe9e6E7193":48.59689891722972,"0x25eC98773D7b4ceD4cAFaB96A2A1c0945f145e10":0,"0x2889302a794dA87fBF1D6Db415C1492194663D13":1663.8710005120058,"0x29059568bB40344487d62f7450E78b8E6C74e0e5":669.1331423254945,"0x2b01d4FdB87eb7F2399E5D68631d8A939a323786":252.52754165521125,"0x2bd1F344a2398340C2b1119Da98816eA723F5F0f":0.24138888363541394,"0x3175Df0976dFA876431C2E9eE6Bc45b65d3473CC":0.000038733697044568695,"0x3231Cb76718CDeF2155FC47b5286d82e6eDA273f":334.3431187268269,"0x32bd822d615A3658A68b6fDD30c2fcb2C996D678":301.5538354556917,"0x3432B6A60D23Ca0dFCa7761B7ab56459D9C964D0":301.6572862875294,"0x34635280737b5BFe6c7DC2FC3065D60d66e78185":285.5176757694528,"0x35282d87011f87508D457F08252Bc5bFa52E10A0":160.9861473359195,"0x3570E17b1F2DdFD73FBE437F34A34d1D54219138":0.7670073588967822,"0x35D8949372D46B7a3D5A56006AE77B215fc69bC0":1977.771009791669,"0x35fA164735182de50811E8e2E824cFb9B6118ac2":970.9205054436153,"0x365AccFCa291e7D3914637ABf1F7635dB165Bb09":552.032640071191,"0x383E6b4437b59fff47B619CBA855CA29342A8559":198.628944110405,"0x38D64ce1Bdf1A9f24E0Ec469C9cAde61236fB4a0":244.38405485962625,"0x393DaD6c76D962Abba489a77dBf37ae948A4A6ee":142.46422108790262,"0x3A2725556Dde7B21fBe3dD64A4913ff29faba6A1":0.02957953520375446,"0x3A283D9c08E8b55966afb64C515f5143cf907611":3435.0534969540267,"0x3Ed3B47Dd13EC9a98b44e6204A523E766B225811":3.1810360961945516,"0x3f0e7916681452D23Cd36B1281457DA721F2E5dF":65.76960842954978,"0x40D16FC0246aD3160Ccc09B8D0D3A2cD28aE6C2f":320.3561242153217,"0x4591DBfF62656E7859Afe5e45f6f47D3669fBB28":232.59130090793252,"0x4647B6D835f3B393C7A955df51EEfcf0db961606":296.4389336636726,"0x466a756E9A7401B5e2444a3fCB3c2C12FBEa0a54":58.21771214560561,"0x48759F220ED983dB51fA7A8C0D2AAb8f3ce4166a":2405.449794157796,"0x49446A0874197839D15395B908328a74ccc96Bc0":40.67403811574628,"0x4D1941a887eC788F059b3bfcC8eE1E97b968825B":320.20945784813983,"0x4DEcE678ceceb27446b35C672dC7d61F30bAD69E":444.9458629211791,"0x4Fabb145d64652a948d72533023f6E7A623C7C53":0.03966951712891838,"0x4c9EDD5852cd905f086C759E8383e09bff1E68B3":3518.4715531721718,"0x4de2ab8177fC5fFAFB7aD11FB8BeB1e5fB95F71C":497.1070177542653,"0x4eBdF703948ddCEA3B11f675B4D1Fba9d2414A14":1906.7183907981253,"0x514910771AF9Ca656af840dff83E8264EcF986CA":89.17585035608357,"0x5228a22e72ccC52d415EcFd199F99D0665E7733b":63.60611756275203,"0x5271045F7B73c17825A7A7aee6917eE46b0B7520":207.6368130507762,"0x527331F3F550f6f85ACFEcAB9Cc0889180C6f1d5":321.2226290287923,"0x5426178799ee0a0181A89b4f57eFddfAb49941Ec":169.1449045481358,"0x5555f75e3d5278082200Fb451D1b6bA946D8e13b":125.0192195438281,"0x57Ab1ec28D129707052df4dF418D58a2D46d5f51":159.32431771369312,"0x57a5a0567187FF4A8dcC1A9bBa86155E355878F2":0.8373703735918766,"0x58efE15C0404aB22F87E4495D71f6f2077e862bE":0.001248395543637252,"0x5905c0290e59aFBDc42a5480add9bD7B20CB3759":0.17788831702950397,"0x59D9356E565Ab3A36dD77763Fc0d87fEaf85508C":228.21194641785195,"0x5BC25f649fc4e26069dDF4cF4010F9f706c23831":1.9550159758189527,"0x5Be6C45e2d074fAa20700C49aDA3E88a1cc0025d":545.4442853141463,"0x5Ca135cB8527d76e932f34B5145575F9d8cbE08E":57.16320803294963,"0x5E8422345238F34275888049021821E8E08CAa1f":14402.815160279726,"0x5Ea630e00D6eE438d3deA1556A110359ACdc10A9":317.1590952285096,"0x5e74C9036fb86BD7eCdcb084a0673EFc32eA31cb":7.920895140377259,"0x6359B6d3e327c497453d4376561eE276c6933323":337.0158293945193,"0x63a0964A36c34E81959da5894ad888800e17405b":301.0369790754286,"0x65D72AA8DA931F047169112fcf34f52DbaAE7D18":363.2190515261553,"0x65f228ED6a6001eD6485535e0Dc33E525734f54c":72.20486503243174,"0x661c70333AA1850CcDBAe82776Bb436A0fCfeEfB":127.67830042172059,"0x6663b6D50992ef4fc0380199397c87C2f5256075":128.30048919335943,"0x668308d77be3533c909a692302Cb4D135Bf8041C":0.044354017954364736,"0x66a1E37c9b0eAddca17d3662D6c05F4DECf3e110":35.805005908676534,"0x674C6Ad92Fd080e4004b2312b45f796a192D27a0":3.874561550506655,"0x677ddbd918637E5F2c79e164D402454dE7dA8619":3.5454781953994297,"0x68749665FF8D2d112Fa859AA293F07A622782F38":20.662654594398635,"0x69000405f9DcE69BD4Cbf4f2865b79144A69BFE0":0.0021022410577271377,"0x6B175474E89094C44Da98b954EedeAC495271d0F":6249.639706148713,"0x6C280dB098dB673d30d5B34eC04B6387185D3620":322.11193614814266,"0x6C5024Cd4F8A59110119C56f8933403A539555EB":125.55379625858086,"0x6C9815826FdF8c7a45cCfEd2064dbaB33a078712":62.620350121805714,"0x6ade6971Ca3d90990C30d39c78b0534C7166e07b":216.556172641063,"0x6b5204B0Be36771253Cc38e88012E02B752f0f36":185.40228164177347,"0x6c3F90f043a72FA612cbac8115EE7e52BDe6E490":1042.9902200819301,"0x6c3ea9036406852006290770BEdFcAbA0e23A0e8":452.2431592301252,"0x6e52cCe4EaFDf77091dD1c82183b2D97b776b397":296.8946867958108,"0x6ef3D766Dfe02Dc4bF04aAe9122EB9A0Ded25615":0.04241296019576747,"0x7223442cad8e9cA474fC40109ab981608F8c4273":136.55536612967646,"0x73968b9a57c6E53d41345FD57a6E6ae27d6CDB2F":147.60542125689028,"0x73A15FeD60Bf67631dC6cd7Bc5B6e8da8190aCF5":1949.731984758421,"0x752B4c6e92d96467fE9b9a2522EF07228E00F87c":48.59639397182506,"0x76237BCfDbe8e06FB774663add96216961df4ff3":36.2504285832473,"0x76Eb2FE28b36B3ee97F3Adae0C69606eeDB2A37c":1186.7809360198523,"0x77E06c9eCCf2E797fd462A92B6D7642EF85b0A44":0.9025390827599999,"0x78da5799CF427Fee11e9996982F4150eCe7a99A7":94.99688331622589,"0x7F17A6C77C3938D235b014818092eb6305BdA110":157.8785311585569,"0x7F86Bf177Dd4F3494b841a37e810A34dD56c829B":9121.266542190544,"0x7FA768E035F956c41d6aeaa3Bd857e7E5141CAd5":0.38142107494801725,"0x7ea4aD8C803653498bF6AC1D2dEbc04DCe8Fd2aD":124.31106589874915,"0x7f39C581F595B53c5cb19bD0b3f8dA6c935E2Ca0":1626.470832703993,"0x8064d9Ae6cDf087b1bcd5BDf3531bD5d8C537a68":82.68387970142749,"0x808507121B80c02388fAd14726482e061B8da827":211.84904061123706,