{"0x005F893EcD7bF9667195642f7649DA8163e23658":8.551006166060837,"0x0100546F2cD4C9D97f798fFC9755E47865FF7Ee6":160.44693820288737,"0x028171bCA77440897B824Ca71D1c56caC55b68A3":118.36893012791067,"0x0316EB71485b0Ab14103307bf65a021042c6d380":69.17633869677873,"0x03ab458634910AaD20eF5f1C8ee96F1D6ac54919":156.04690914347174,"0x04C154b66CB340F3Ae24111CC767e0184Ed00Cc6":142.08570719041418,"0x056Fd409E1d7A124BD7017459dFEa2F387b6d5Cd":0.83955312,"0x075b1bb99792c9E1041bA13afEf80C91a1e70fB3":824.8686261580858,"0x085780639CC2cACd35E474e71f4d000e2405d8f6":506.69064514160925,"0x09b2E090531228d1b8E3d948C73b990Cb6e60720":551.4842452581668,"0x0E2EC54fC0B509F445631Bf4b91AB8168230C752":0.4500600108585281,"0x0E573Ce2736Dd9637A0b21058352e1667925C7a8":143.478614285621,"0x0bc529c00C6401aEF6D220BE8C6Ea1667F6Ad93e":7.958372388991334,"0x0d86883FAf4FfD7aEb116390af37746F45b6f378":49.36088737438059,"0x0dE54CFdfeD8005176f8b7A9D5438B45c4F1df1e":4.078126125575951,"0x1456688345527bE1f37E9e627DA0837D6f08C925":4.817865767132159,"0x1830c553dC76d3447B69b7B0dC19CF9e3c739C78":189.1099604754408,"0x196f4727526eA7FB1e17b2071B3d8eAA38486988":1.0060934029582986,"0x1c48f86ae57291F7686349F12601910BD8D470bb":0.08816820773430756,"0x1ce0D1E19c9514230FF8CD1DAbaC2555fb92122b":0,"0x2260FAC5E5542a773Aa44fBCfeDf7C193bc2C599":346.377906601966,"0x25eC98773D7b4ceD4cAFaB96A2A1c0945f145e10":5.8196924929141165,"0x2889302a794dA87fBF1D6Db415C1492194663D13":48.17450806199611,"0x29059568bB40344487d62f7450E78b8E6C74e0e5":91.85339318544057,"0x2b01d4FdB87eb7F2399E5D68631d8A939a323786":21.081073760804383,"0x31429d1856aD1377A8A0079410B297e1a9e214c2":575.4448082354278,"0x32bd822d615A3658A68b6fDD30c2fcb2C996D678":37.57169742732854,"0x35282d87011f87508D457F08252Bc5bFa52E10A0":698.6507727713745,"0x35fA164735182de50811E8e2E824cFb9B6118ac2":973.8516838098806,"0x365AccFCa291e7D3914637ABf1F7635dB165Bb09":652.0887542118785,"0x383E6b4437b59fff47B619CBA855CA29342A8559":21.386919990233128,"0x38D64ce1Bdf1A9f24E0Ec469C9cAde61236fB4a0":1087.2415859531534,"0x3A283D9c08E8b55966afb64C515f5143cf907611":67.6749521773277,"0x3f0e7916681452D23Cd36B1281457DA721F2E5dF":569.3759766553732,"0x40D16FC0246aD3160Ccc09B8D0D3A2cD28aE6C2f":689.257195976523,"0x4591DBfF62656E7859Afe5e45f6f47D3669fBB28":90.9877535249947,"0x4647B6D835f3B393C7A955df51EEfcf0db961606":35.998074124442525,"0x466a756E9A7401B5e2444a3fCB3c2C12FBEa0a54":507.14118855377575,"0x48759F220ED983dB51fA7A8C0D2AAb8f3ce4166a":804.9320831757404,"0x49446A0874197839D15395B908328a74ccc96Bc0":9.997450189132234,"0x4AE86d8732390d852A13cb918463BC6e5775FaDD":29.341527573838246,"0x4DEcE678ceceb27446b35C672dC7d61F30bAD69E":608.1259811462711,"0x4c9EDD5852cd905f086C759E8383e09bff1E68B3":1219.1286755990864,"0x4de2ab8177fC5fFAFB7aD11FB8BeB1e5fB95F71C":68.7759128766659,"0x4eBdF703948ddCEA3B11f675B4D1Fba9d2414A14":163.05349986451964,"0x514910771AF9Ca656af840dff83E8264EcF986CA":117.11127917972729,"0x5228a22e72ccC52d415EcFd199F99D0665E7733b":56.05243689074707,"0x5426178799ee0a0181A89b4f57eFddfAb49941Ec":35.75885769874557,"0x5555f75e3d5278082200Fb451D1b6bA946D8e13b":47.7467329219556,"0x57a5a0567187FF4A8dcC1A9bBa86155E355878F2":1.1833353421152601,"0x58efE15C0404aB22F87E4495D71f6f2077e862bE":0.001247376712274916,"0x59D9356E565Ab3A36dD77763Fc0d87fEaf85508C":353.2860796073135,"0x5BC25f649fc4e26069dDF4cF4010F9f706c23831":2.4416766528411786,"0x5Be6C45e2d074fAa20700C49aDA3E88a1cc0025d":73.81833575196731,"0x5Ca135cB8527d76e932f34B5145575F9d8cbE08E":54.64493159835863,"0x5E8422345238F34275888049021821E8E08CAa1f":16474.32737256992,"0x5b6C539b224014A09B3388e51CaAA8e354c959C8":84.06378321894601,"0x5e74C9036fb86BD7eCdcb084a0673EFc32eA31cb":203.25333403318479,"0x6359B6d3e327c497453d4376561eE276c6933323":1.14961187333783,"0x63a0964A36c34E81959da5894ad888800e17405b":20.62005419608321,"0x65D72AA8DA931F047169112fcf34f52DbaAE7D18":95.78936254903167,"0x661c70333AA1850CcDBAe82776Bb436A0fCfeEfB":0.0013125893062021932,"0x6663b6D50992ef4fc0380199397c87C2f5256075":527.2595518257417,"0x668308d77be3533c909a692302Cb4D135Bf8041C":0.05785721707417301,"0x66a1E37c9b0eAddca17d3662D6c05F4DECf3e110":0.10862144064263547,"0x674C6Ad92Fd080e4004b2312b45f796a192D27a0":2.5450226477851716,"0x68749665FF8D2d112Fa859AA293F07A622782F38":19.09951347270354,"0x6B175474E89094C44Da98b954EedeAC495271d0F":295.07088163086564,"0x6C280dB098dB673d30d5B34eC04B6387185D3620":71.51173218131852,"0x6C5024Cd4F8A59110119C56f8933403A539555EB":109.17985157287902,"0x6ade6971Ca3d90990C30d39c78b0534C7166e07b":85.64567701103167,"0x6c38cE8984a890F5e46e6dF6117C26b3F1EcfC9C":1.200634268602552,"0x6c3F90f043a72FA612cbac8115EE7e52BDe6E490":1092.8356444036328,"0x6c3ea9036406852006290770BEdFcAbA0e23A0e8":1097.7069670761146,"0x6e52cCe4EaFDf77091dD1c82183b2D97b776b397":87.5522208917319,"0x6ef3D766Dfe02Dc4bF04aAe9122EB9A0Ded25615":0.029975542590128187,"0x73968b9a57c6E53d41345FD57a6E6ae27d6CDB2F":80.52463767329691,"0x73A15FeD60Bf67631dC6cd7Bc5B6e8da8190aCF5":0.012580265090216095,"0x76237BCfDbe8e06FB774663add96216961df4ff3":19.27529557465976,"0x76Eb2FE28b36B3ee97F3Adae0C69606eeDB2A37c":722.543350599009,"0x78da5799CF427Fee11e9996982F4150eCe7a99A7":254.03540292953593,"0x7988292D0FB141085c092132e2a70B30aA1eccAB":489.0420231715639,"0x7F17A6C77C3938D235b014818092eb6305BdA110":31.189628706839716,"0x7F86Bf177Dd4F3494b841a37e810A34dD56c829B":1654.845053243607,"0x7FA768E035F956c41d6aeaa3Bd857e7E5141CAd5":0.04065913482447989,"0x7ea4aD8C803653498bF6AC1D2dEbc04DCe8Fd2aD":71.35918775083186,"0x7f39C581F595B53c5cb19bD0b3f8dA6c935E2Ca0":232.65291181785904,"0x8064d9Ae6cDf087b1bcd5BDf3531bD5d8C537a68":76.8220891045141,"0x826180541412D574cf1336d22c0C0a287822678A":879.9337425031345,"0x830614aE209FF9d8706d386fcdBc7a55206fcffC":42.41302833452421,"0x83F20F44975D03b1b09e64809B757c47f942BEeA":244.7862717961016,"0x84CeCB5525c6B1C20070E742da870062E84Da178":9.797154641386383,"0x853d955aCEf822Db058eb8505911ED77F175b99e":769.6049315451556,"0x856c4Efb76C1D1AE02e20CEB03A2A6a08b0b8dC3":0.27174712964245323,"0x865377367054516e17014CcdED1e7d814EDC9ce4":343.6122473375875,"0x8C0D76C9B18779665475F3E212D9Ca1Ed6A1A0e6":307.1047759459033,"0x8C88538688aca3b733aD08b12BEe4574c0C00907":18.59712080435907,"0x8Cd52ee292313C4D851e71A7064F096504aB3eE9":68.38779537694327,"0x8E870D67F660D95d5be530380D0eC0bd388289E1":672.3504509815205,"0x8dAEBADE922dF735c38C80C7eBD708Af50815fAa":18.17253176788524,"0x8e595470Ed749b85C6F7669de83EAe304C2ec68F":15.031619495265785,"0x917ceE801a67f933F2e6b33fC0cD1ED2d5909D88":255.67820440996917,"0x9181f633E9B9F15A32d5e37094F4C93b333e0E92":0.46960111716784875,"0x922406EAFC3CcEb32b0256F287fB977c426EDbd8":0.029080337758078095,"0x9559Aaa82d9649C7A7b220E7c461d2E74c9a3593":199.20823514490948,"0x95710BDE45C8D384A976Cc58Cc7a7e489576b098":0.6513656128198453,"0x961D4921e1718E633BAC8Ded88c4a1cAe44b785a":238.2773792078174,"0x96E61422b6A9bA0e068B6c5ADd4fFaBC6a4aae27":548.2857515508201,"0x9961BdBE8B7091E584c2bF9D0a160C583f564A8c":379.49836833958005,"0x99D8a9C45b2ecA8864373A26D1459e3Dff1e17F3":8.168086741670672,"0x9BE89D2a4cd102D8Fecc6BF9dA793be995C22541":238.89951587928707,"0x9D39A5DE30e57443BfF2A8307A4256c8797A3497":306.2584774442426,"0x9EEAD9ce15383CaEED975427340b3A369410CFBF":0.000003994581530216,"0x9FeE65D5A627e73212989c8BbEdC5Fa5Cae3821F":15.973232215092672,"0x9b77bd0a665F05995b68e36fC1053AFFfAf0d4B5":6.913265857620832,"0x9de1c3D446237ab9BaFF74127eb4F303802a2683":118.34255536210284,"0xA0b86991c6218b36c1d19D4a2e9Eb0cE3606eB48":1728.0215834491207,"0xA0d69E286B938e21CBf7E51D71F6A4c8918f482F":469.17153639641117,"0xA1290d69c65A6Fe4DF752f95823fae25cB99e5A7":80.10498069251942,"0xA35b1B31Ce002FBF2058D22F30f95D405200A15b":0.4082591445926095,"0xA5588F7cdf560811710A2D82D3C9c99769DB1Dcb":402.9189701718083,"0xA663B02CF0a4b149d2aD41910CB81e23e1c41c32":27.359611948876584,"0xAB846Fb6C81370327e784Ae7CbB6d6a6af6Ff4BF":52.124431431589535,"0xBC6DA0FE9aD5f3b0d58160288917AA56653660E9":0.4716957254870703,"0xC02aaA39b223FE8D0A0e5C4F27eAD9083C756Cc2":2005.8160462231167,"0xC272B96bCcdaf1BF98F2197D355066Da3C15982a":85.76625103925524,