{"0x0000000000085d4780B73119b644AE5ecd22b376":0.005448491400643456,"0x005F893EcD7bF9667195642f7649DA8163e23658":17.332491816565454,"0x0100546F2cD4C9D97f798fFC9755E47865FF7Ee6":143.38665315660947,"0x028171bCA77440897B824Ca71D1c56caC55b68A3":116.6774279493234,"0x0316EB71485b0Ab14103307bf65a021042c6d380":48.67733251314783,"0x03ab458634910AaD20eF5f1C8ee96F1D6ac54919":169.36014430826168,"0x04C154b66CB340F3Ae24111CC767e0184Ed00Cc6":220.63522228568644,"0x056Fd409E1d7A124BD7017459dFEa2F387b6d5Cd":104.45263650974651,"0x075b1bb99792c9E1041bA13afEf80C91a1e70fB3":744.0764991496352,"0x085780639CC2cACd35E474e71f4d000e2405d8f6":826.7615707059857,"0x09b2E090531228d1b8E3d948C73b990Cb6e60720":500.68314419425855,"0x0E2EC54fC0B509F445631Bf4b91AB8168230C752":0.4497155860293437,"0x0E573Ce2736Dd9637A0b21058352e1667925C7a8":142.06629737538697,"0x0a5E677a6A24b2F1A2Bf4F3bFfC443231d2fDEc8":1.7406081567618427e-10,"0x0bc529c00C6401aEF6D220BE8C6Ea1667F6Ad93e":5.813300243481868,"0x0d86883FAf4FfD7aEb116390af37746F45b6f378":142.34854295185332,"0x0dE54CFdfeD8005176f8b7A9D5438B45c4F1df1e":1.468307793808479,"0x1456688345527bE1f37E9e627DA0837D6f08C925":3.358102678569974,"0x16eAd9a10b1A77007E6E329B076aD1Fe97a6F7C0":48.09583186398938,"0x18084fbA666a33d37592fA2633fD49a74DD93a88":7.678473184017687,"0x1830c553dC76d3447B69b7B0dC19CF9e3c739C78":84.26528801135196,"0x196f4727526eA7FB1e17b2071B3d8eAA38486988":2.4863397359398274,"0x1c48f86ae57291F7686349F12601910BD8D470bb":0.07736559951756652,"0x1ce0D1E19c9514230FF8CD1DAbaC2555fb92122b":0,"0x2260FAC5E5542a773Aa44fBCfeDf7C193bc2C599":311.69534008244085,"0x2570f1bD5D2735314FC102eb12Fc1aFe9e6E7193":288.8908504430507,"0x25eC98773D7b4ceD4cAFaB96A2A1c0945f145e10":0,"0x2889302a794dA87fBF1D6Db415C1492194663D13":1779.1724536603424,"0x29059568bB40344487d62f7450E78b8E6C74e0e5":670.1890456703035,"0x2b01d4FdB87eb7F2399E5D68631d8A939a323786":13.774782836216707,"0x31429d1856aD1377A8A0079410B297e1a9e214c2":474.53527871808666,"0x32bd822d615A3658A68b6fDD30c2fcb2C996D678":39.95793433759335,"0x35282d87011f87508D457F08252Bc5bFa52E10A0":705.351417085028,"0x35fA164735182de50811E8e2E824cFb9B6118ac2":891.2644325064252,"0x365AccFCa291e7D3914637ABf1F7635dB165Bb09":481.81901548436116,"0x383E6b4437b59fff47B619CBA855CA29342A8559":32.6287278587798,"0x38D64ce1Bdf1A9f24E0Ec469C9cAde61236fB4a0":1254.3788633611543,"0x3A283D9c08E8b55966afb64C515f5143cf907611":8648.28868641022,"0x3Ed3B47Dd13EC9a98b44e6204A523E766B225811":571.2636748818153,"0x40D16FC0246aD3160Ccc09B8D0D3A2cD28aE6C2f":1067.7012381388797,"0x4591DBfF62656E7859Afe5e45f6f47D3669fBB28":290.38119716179904,"0x466a756E9A7401B5e2444a3fCB3c2C12FBEa0a54":525.7006253761502,"0x48759F220ED983dB51fA7A8C0D2AAb8f3ce4166a":983.5847111647442,"0x49446A0874197839D15395B908328a74ccc96Bc0":14.814368667737558,"0x4AE86d8732390d852A13cb918463BC6e5775FaDD":30.869376322632508,"0x4D1941a887eC788F059b3bfcC8eE1E97b968825B":10.545327477235979,"0x4DEcE678ceceb27446b35C672dC7d61F30bAD69E":606.8092839898376,"0x4Fabb145d64652a948d72533023f6E7A623C7C53":0.00381702506375522,"0x4c9EDD5852cd905f086C759E8383e09bff1E68B3":10895.627280370018,"0x4de2ab8177fC5fFAFB7aD11FB8BeB1e5fB95F71C":58.90288009486501,"0x4eBdF703948ddCEA3B11f675B4D1Fba9d2414A14":3988.1963149819803,"0x514910771AF9Ca656af840dff83E8264EcF986CA":101.8304293150728,"0x5228a22e72ccC52d415EcFd199F99D0665E7733b":49.04229229086436,"0x5426178799ee0a0181A89b4f57eFddfAb49941Ec":30.65847124401607,"0x5555f75e3d5278082200Fb451D1b6bA946D8e13b":54.94867069219356,"0x57a5a0567187FF4A8dcC1A9bBa86155E355878F2":1.0225422100451491,"0x58efE15C0404aB22F87E4495D71f6f2077e862bE":0.0012480746617008298,"0x5905c0290e59aFBDc42a5480add9bD7B20CB3759":0.07177138224668655,"0x59D9356E565Ab3A36dD77763Fc0d87fEaf85508C":503.551460043861,"0x5BC25f649fc4e26069dDF4cF4010F9f706c23831":0.8162662454183606,"0x5Be6C45e2d074fAa20700C49aDA3E88a1cc0025d":524.7653716933731,"0x5Ca135cB8527d76e932f34B5145575F9d8cbE08E":51.80342408118473,"0x5E8422345238F34275888049021821E8E08CAa1f":14528.12169294775,"0x5b6C539b224014A09B3388e51CaAA8e354c959C8":233.60153999968986,"0x5e74C9036fb86BD7eCdcb084a0673EFc32eA31cb":181.25796521909405,"0x63a0964A36c34E81959da5894ad888800e17405b":19.36410628036751,"0x65D72AA8DA931F047169112fcf34f52DbaAE7D18":116.22289975429726,"0x661c70333AA1850CcDBAe82776Bb436A0fCfeEfB":26.24838177755103,"0x6663b6D50992ef4fc0380199397c87C2f5256075":525.0255612962831,"0x668308d77be3533c909a692302Cb4D135Bf8041C":0.04998457273009555,"0x66a1E37c9b0eAddca17d3662D6c05F4DECf3e110":0.1086041698335733,"0x674C6Ad92Fd080e4004b2312b45f796a192D27a0":0.9297822322752393,"0x68749665FF8D2d112Fa859AA293F07A622782F38":17.954644461071332,"0x6B175474E89094C44Da98b954EedeAC495271d0F":6922.737512429146,"0x6C5024Cd4F8A59110119C56f8933403A539555EB":114.5159765514116,"0x6ade6971Ca3d90990C30d39c78b0534C7166e07b":108.49754782665248,"0x6b5204B0Be36771253Cc38e88012E02B752f0f36":36.182433194427354,"0x6c3F90f043a72FA612cbac8115EE7e52BDe6E490":1289.5498715887666,"0x6c3ea9036406852006290770BEdFcAbA0e23A0e8":2103.256484338398,"0x6e52cCe4EaFDf77091dD1c82183b2D97b776b397":907.8352513913588,"0x6ef3D766Dfe02Dc4bF04aAe9122EB9A0Ded25615":0.025904712961960875,"0x73968b9a57c6E53d41345FD57a6E6ae27d6CDB2F":70.41828274762439,"0x73A15FeD60Bf67631dC6cd7Bc5B6e8da8190aCF5":0.012579334139626103,"0x76237BCfDbe8e06FB774663add96216961df4ff3":19.16350712882263,"0x76Eb2FE28b36B3ee97F3Adae0C69606eeDB2A37c":734.7298352244711,"0x77E06c9eCCf2E797fd462A92B6D7642EF85b0A44":0.44773717061999996,"0x78da5799CF427Fee11e9996982F4150eCe7a99A7":286.5408613660082,"0x7988292D0FB141085c092132e2a70B30aA1eccAB":478.3239361126468,"0x7F17A6C77C3938D235b014818092eb6305BdA110":46.24848149142137,"0x7F86Bf177Dd4F3494b841a37e810A34dD56c829B":11173.823660763295,"0x7FA768E035F956c41d6aeaa3Bd857e7E5141CAd5":0.035100159035420984,"0x7ea4aD8C803653498bF6AC1D2dEbc04DCe8Fd2aD":101.13517226936489,"0x7f39C581F595B53c5cb19bD0b3f8dA6c935E2Ca0":5195.687556476232,"0x8064d9Ae6cDf087b1bcd5BDf3531bD5d8C537a68":68.13272344867242,"0x80d69e79258FE9D056c822461c4eb0B4ca8802E2":0.023921676240302465,"0x826180541412D574cf1336d22c0C0a287822678A":845.6516707042106,"0x830614aE209FF9d8706d386fcdBc7a55206fcffC":41.07476898576305,"0x83F20F44975D03b1b09e64809B757c47f942BEeA":9739.385470190668,"0x84CeCB5525c6B1C20070E742da870062E84Da178":3.8084349153434642,"0x853d955aCEf822Db058eb8505911ED77F175b99e":4339.574895582627,"0x856c4Efb76C1D1AE02e20CEB03A2A6a08b0b8dC3":1.5980815338691923,"0x865377367054516e17014CcdED1e7d814EDC9ce4":474.7923887473314,"0x8C0D76C9B18779665475F3E212D9Ca1Ed6A1A0e6":324.23499269911036,"0x8Cd52ee292313C4D851e71A7064F096504aB3eE9":113.31086452082494,"0x8E870D67F660D95d5be530380D0eC0bd388289E1":667.2796189709014,"0x8c9532a60E0E7C6BbD2B2c1303F63aCE1c3E9811":0.042260942702997135,"0x8dAEBADE922dF735c38C80C7eBD708Af50815fAa":15.751057013671556,"0x8e595470Ed749b85C6F7669de83EAe304C2ec68F":18.455147311285735,"0x917ceE801a67f933F2e6b33fC0cD1ED2d5909D88":339.17580954424056,"0x9181f633E9B9F15A32d5e37094F4C93b333e0E92":0.40582777416068466,"0x922406EAFC3CcEb32b0256F287fB977c426EDbd8":0.02907571398437456,"0x9559Aaa82d9649C7A7b220E7c461d2E74c9a3593":170.2076181644363,"0x95710BDE45C8D384A976Cc58Cc7a7e489576b098":0.5936955941207301,"0x961D4921e1718E633BAC8Ded88c4a1cAe44b785a":228.36076973537465,"0x96E61422b6A9bA0e068B6c5ADd4fFaBC6a4aae27":541.9523542570832,"0x9961BdBE8B7091E584c2bF9D0a160C583f564A8c":394.8040871979755,"0x99D8a9C45b2ecA8864373A26D1459e3Dff1e17F3":52.395524988220245,"0x9BE89D2a4cd102D8Fecc6BF9dA793be995C22541":217.01600695416312,"0x9D39A5DE30e57443BfF2A8307A4256c8797A3497":9606.499455233708,"0x9EEAD9ce15383CaEED975427340b3A369410CFBF":0.00290975236964048,"0x9FeE65D5A627e73212989c8BbEdC5Fa5Cae3821F":14.108912072023921,"0x9b77bd0a665F05995b68e36fC1053AFFfAf0d4B5":7.99218958539124,"0x9de1c3D446237ab9BaFF74127eb4F303802a2683":297.0391861997492,"0xA0b86991c6218b36c1d19D4a2e9Eb0cE3606eB48":14728.847420939583,"0xA0d69E286B938e21CBf7E51D71F6A4c8918f482F":578.2110669140319,"0xA1290d69c65A6Fe4DF752f95823fae25cB99e5A7":371.8456815616841,