{"0x0000000000085d4780B73119b644AE5ecd22b376":215.3321192253205,"0x0000000016E6Cb3038203c1129c8B4aEE7af7a11":1.7791166204206734,"0x005F893EcD7bF9667195642f7649DA8163e23658":168.35713118725715,"0x0100546F2cD4C9D97f798fFC9755E47865FF7Ee6":383.4085890566897,"0x028171bCA77440897B824Ca71D1c56caC55b68A3":1194.2719290674054,"0x0316EB71485b0Ab14103307bf65a021042c6d380":0.026962866486980996,"0x03ab458634910AaD20eF5f1C8ee96F1D6ac54919":250.22063983215784,"0x04C154b66CB340F3Ae24111CC767e0184Ed00Cc6":300.3173508500002,"0x051d7e5609917Bd9b73f04BAc0DED8Dd46a74301":381.22371729613803,"0x056Fd409E1d7A124BD7017459dFEa2F387b6d5Cd":338.71412068261145,"0x067079c14B85169e6a29703769dadDef90816f4C":574.5334771910859,"0x075b1bb99792c9E1041bA13afEf80C91a1e70fB3":607.6713202870151,"0x085780639CC2cACd35E474e71f4d000e2405d8f6":474.2952096811082,"0x09db87A538BD693E9d08544577d5cCfAA6373A48":105.8487359611772,"0x0E2EC54fC0B509F445631Bf4b91AB8168230C752":0.47133943667548217,"0x0E573Ce2736Dd9637A0b21058352e1667925C7a8":141.03827980662786,"0x0a5E677a6A24b2F1A2Bf4F3bFfC443231d2fDEc8":0.12631948721144057,"0x0bc529c00C6401aEF6D220BE8C6Ea1667F6Ad93e":21.576225658865077,"0x0d86883FAf4FfD7aEb116390af37746F45b6f378":303.1180906714284,"0x0dE54CFdfeD8005176f8b7A9D5438B45c4F1df1e":4.764749619557547,"0x1456688345527bE1f37E9e627DA0837D6f08C925":4.6338981617128425,"0x15700B564Ca08D9439C58cA5053166E8317aa138":219.06223874178445,"0x18084fbA666a33d37592fA2633fD49a74DD93a88":19.248360259167416,"0x183395DbD0B5e93323a7286D1973150697FFFCB3":542.9567886859752,"0x196f4727526eA7FB1e17b2071B3d8eAA38486988":1.5137930158772372,"0x1BED97CBC3c24A4fb5C069C6E311a967386131f7":273.17142971023475,"0x1aBaEA1f7C830bD89Acc67eC4af516284b1bC33c":116.25975138594126,"0x1c48f86ae57291F7686349F12601910BD8D470bb":0.9971706076786814,"0x1ce0D1E19c9514230FF8CD1DAbaC2555fb92122b":0,"0x2191DF768ad71140F9F3E96c1e4407A4aA31d082":25.757950925699454,"0x2260FAC5E5542a773Aa44fBCfeDf7C193bc2C599":25.84522348511172,"0x25eC98773D7b4ceD4cAFaB96A2A1c0945f145e10":0,"0x2b01d4FdB87eb7F2399E5D68631d8A939a323786":253.44575757828926,"0x3175Df0976dFA876431C2E9eE6Bc45b65d3473CC":0.0000387065051341307,"0x3231Cb76718CDeF2155FC47b5286d82e6eDA273f":336.28552323844514,"0x32bd822d615A3658A68b6fDD30c2fcb2C996D678":302.6371277922181,"0x3432B6A60D23Ca0dFCa7761B7ab56459D9C964D0":300.9964000507049,"0x34635280737b5BFe6c7DC2FC3065D60d66e78185":220.19937288545538,"0x35282d87011f87508D457F08252Bc5bFa52E10A0":160.60059290000115,"0x35D8949372D46B7a3D5A56006AE77B215fc69bC0":1637.3374715302366,"0x35fA164735182de50811E8e2E824cFb9B6118ac2":982.3840694927576,"0x365AccFCa291e7D3914637ABf1F7635dB165Bb09":542.242743801978,"0x383E6b4437b59fff47B619CBA855CA29342A8559":197.73440936500313,"0x38D64ce1Bdf1A9f24E0Ec469C9cAde61236fB4a0":239.68191603550463,"0x393DaD6c76D962Abba489a77dBf37ae948A4A6ee":143.6558775044619,"0x3A2725556Dde7B21fBe3dD64A4913ff29faba6A1":0.02895164304277603,"0x3Ed3B47Dd13EC9a98b44e6204A523E766B225811":3.17625396304706,"0x40D16FC0246aD3160Ccc09B8D0D3A2cD28aE6C2f":299.3185668190213,"0x4591DBfF62656E7859Afe5e45f6f47D3669fBB28":225.3312090774589,"0x466a756E9A7401B5e2444a3fCB3c2C12FBEa0a54":54.71814869788649,"0x48759F220ED983dB51fA7A8C0D2AAb8f3ce4166a":2402.198181190123,"0x49446A0874197839D15395B908328a74ccc96Bc0":38.964573558683675,"0x4Fabb145d64652a948d72533023f6E7A623C7C53":0.039535672178125404,"0x4c9EDD5852cd905f086C759E8383e09bff1E68B3":2994.3152963031225,"0x4de2ab8177fC5fFAFB7aD11FB8BeB1e5fB95F71C":432.01233228000245,"0x4eBdF703948ddCEA3B11f675B4D1Fba9d2414A14":1613.898980731228,"0x514910771AF9Ca656af840dff83E8264EcF986CA":88.56551193129975,"0x5228a22e72ccC52d415EcFd199F99D0665E7733b":64.04427539103602,"0x5426178799ee0a0181A89b4f57eFddfAb49941Ec":144.33777942185353,"0x5555f75e3d5278082200Fb451D1b6bA946D8e13b":124.57172716081548,"0x57Ab1ec28D129707052df4dF418D58a2D46d5f51":157.16352091137583,"0x57a5a0567187FF4A8dcC1A9bBa86155E355878F2":0.820654544908897,"0x58efE15C0404aB22F87E4495D71f6f2077e862bE":0.0012479348221020778,"0x5905c0290e59aFBDc42a5480add9bD7B20CB3759":0.17782266718084097,"0x59D9356E565Ab3A36dD77763Fc0d87fEaf85508C":198.6711830641281,"0x5BC25f649fc4e26069dDF4cF4010F9f706c23831":1.7720860038364175,"0x5Be6C45e2d074fAa20700C49aDA3E88a1cc0025d":505.67773348777246,"0x5Ca135cB8527d76e932f34B5145575F9d8cbE08E":55.707068812553594,"0x5E8422345238F34275888049021821E8E08CAa1f":14537.607956718564,"0x5Ea630e00D6eE438d3deA1556A110359ACdc10A9":292.86993996245775,"0x5e74C9036fb86BD7eCdcb084a0673EFc32eA31cb":6.021516176788337,"0x6359B6d3e327c497453d4376561eE276c6933323":341.321594568213,"0x63a0964A36c34E81959da5894ad888800e17405b":280.8828270814202,"0x65D72AA8DA931F047169112fcf34f52DbaAE7D18":358.75961316853653,"0x661c70333AA1850CcDBAe82776Bb436A0fCfeEfB":89.32960713706446,"0x668308d77be3533c909a692302Cb4D135Bf8041C":0.043353758100092704,"0x66a1E37c9b0eAddca17d3662D6c05F4DECf3e110":32.1344110790223,"0x674C6Ad92Fd080e4004b2312b45f796a192D27a0":2.6691089703049387,"0x677ddbd918637E5F2c79e164D402454dE7dA8619":2.7568515590681937,"0x68749665FF8D2d112Fa859AA293F07A622782F38":20.273213766669272,"0x69000405f9DcE69BD4Cbf4f2865b79144A69BFE0":0.00003914281539059893,"0x6B175474E89094C44Da98b954EedeAC495271d0F":5650.323325997098,"0x6C5024Cd4F8A59110119C56f8933403A539555EB":125.0536906662362,"0x6C9815826FdF8c7a45cCfEd2064dbaB33a078712":61.708254767920224,"0x6b5204B0Be36771253Cc38e88012E02B752f0f36":180.01426799746665,"0x6c3F90f043a72FA612cbac8115EE7e52BDe6E490":893.1135933708483,"0x6c3ea9036406852006290770BEdFcAbA0e23A0e8":254.02028592091185,"0x6ef3D766Dfe02Dc4bF04aAe9122EB9A0Ded25615":0.043196280558340044,"0x7223442cad8e9cA474fC40109ab981608F8c4273":103.02266995917813,"0x73968b9a57c6E53d41345FD57a6E6ae27d6CDB2F":149.41430710119624,"0x73A15FeD60Bf67631dC6cd7Bc5B6e8da8190aCF5":1402.5131073505522,"0x752B4c6e92d96467fE9b9a2522EF07228E00F87c":47.78124347171518,"0x76237BCfDbe8e06FB774663add96216961df4ff3":34.16324331392155,"0x76Eb2FE28b36B3ee97F3Adae0C69606eeDB2A37c":1185.6414358699406,"0x77E06c9eCCf2E797fd462A92B6D7642EF85b0A44":0.9437289514,"0x78da5799CF427Fee11e9996982F4150eCe7a99A7":93.8415925245401,"0x7FA768E035F956c41d6aeaa3Bd857e7E5141CAd5":0.38815160063914983,"0x7f39C581F595B53c5cb19bD0b3f8dA6c935E2Ca0":1010.2948453920453,"0x8064d9Ae6cDf087b1bcd5BDf3531bD5d8C537a68":83.219167699473,"0x808507121B80c02388fAd14726482e061B8da827":222.7535379383015,"0x80d69e79258FE9D056c822461c4eb0B4ca8802E2":0.20183923689142275,"0x826180541412D574cf1336d22c0C0a287822678A":210.25967050147585,"0x830614aE209FF9d8706d386fcdBc7a55206fcffC":48.25614350275376,"0x83F20F44975D03b1b09e64809B757c47f942BEeA":2800.8724358819045,"0x853d955aCEf822Db058eb8505911ED77F175b99e":1369.4590680167555,"0x856c4Efb76C1D1AE02e20CEB03A2A6a08b0b8dC3":301.5750957391898,"0x865377367054516e17014CcdED1e7d814EDC9ce4":14.561692432925376,"0x8C0D76C9B18779665475F3E212D9Ca1Ed6A1A0e6":653.081435053071,"0x8Cd52ee292313C4D851e71A7064F096504aB3eE9":446.4518309374948,"0x8E870D67F660D95d5be530380D0eC0bd388289E1":172.03221577772297,"0x8c9532a60E0E7C6BbD2B2c1303F63aCE1c3E9811":181.4827054584532,"0x8dAEBADE922dF735c38C80C7eBD708Af50815fAa":20.24896049052904,"0x8e595470Ed749b85C6F7669de83EAe304C2ec68F":457.995696620775,"0x90244F43D548a4f8dFecfAD91a193465B1fad6F7":180.97058468055437,"0x917ceE801a67f933F2e6b33fC0cD1ED2d5909D88":300.7157556593678,"0x9181f633E9B9F15A32d5e37094F4C93b333e0E92":0.922397497105478,"0x922406EAFC3CcEb32b0256F287fB977c426EDbd8":0.00728206288422258,"0x954313005C56b555bdC41B84D6c63B69049d7847":304.6022624579043,"0x9559Aaa82d9649C7A7b220E7c461d2E74c9a3593":36.11704922706726,"0x95710BDE45C8D384A976Cc58Cc7a7e489576b098":0.6691592117664394,"0x961D4921e1718E633BAC8Ded88c4a1cAe44b785a":776.7207732948732,"0x9961BdBE8B7091E584c2bF9D0a160C583f564A8c":406.1942705922605,"0x99D8a9C45b2ecA8864373A26D1459e3Dff1e17F3":36.67351731273288,"0x9BE89D2a4cd102D8Fecc6BF9dA793be995C22541":284.77915790540607,"0x9D11ab23d33aD026C466CE3c124928fDb69Ba20E":1.1967692090363338,"0x9D39A5DE30e57443BfF2A8307A4256c8797A3497":3201.979792620672,