{"0x0000000000085d4780B73119b644AE5ecd22b376":215.86365212651208,"0x0000000016E6Cb3038203c1129c8B4aEE7af7a11":1.0352344065492711,"0x00000000eFE302BEAA2b3e6e1b18d08D69a9012a":54.66830223840034,"0x005F893EcD7bF9667195642f7649DA8163e23658":168.8369938610649,"0x0100546F2cD4C9D97f798fFC9755E47865FF7Ee6":394.653135962724,"0x028171bCA77440897B824Ca71D1c56caC55b68A3":1197.245917818421,"0x0316EB71485b0Ab14103307bf65a021042c6d380":0.06387090735347356,"0x03ab458634910AaD20eF5f1C8ee96F1D6ac54919":267.30377014990773,"0x04C154b66CB340F3Ae24111CC767e0184Ed00Cc6":342.5626757340189,"0x051d7e5609917Bd9b73f04BAc0DED8Dd46a74301":368.88012915859446,"0x056Fd409E1d7A124BD7017459dFEa2F387b6d5Cd":151.92541790920754,"0x067079c14B85169e6a29703769dadDef90816f4C":608.9127918319194,"0x075b1bb99792c9E1041bA13afEf80C91a1e70fB3":593.4668811065446,"0x085780639CC2cACd35E474e71f4d000e2405d8f6":723.2452487133498,"0x09db87A538BD693E9d08544577d5cCfAA6373A48":113.87104597411273,"0x0E2EC54fC0B509F445631Bf4b91AB8168230C752":0.47144834420322185,"0x0E573Ce2736Dd9637A0b21058352e1667925C7a8":141.44023567131958,"0x0F83287FF768D1c1e17a42F44d644D7F22e8ee1d":62.035437637598406,"0x0a5E677a6A24b2F1A2Bf4F3bFfC443231d2fDEc8":0.17420954391475033,"0x0bc529c00C6401aEF6D220BE8C6Ea1667F6Ad93e":21.62457359688679,"0x0d86883FAf4FfD7aEb116390af37746F45b6f378":590.070268552473,"0x0dE54CFdfeD8005176f8b7A9D5438B45c4F1df1e":4.585710523193038,"0x127091edE112aEd7Bae281747771b3150Bb047bB":2.122670269563709,"0x137469B55D1f15651BA46A89D0588e97dD0B6562":225.60178336876479,"0x1456688345527bE1f37E9e627DA0837D6f08C925":5.644689669598894,"0x15700B564Ca08D9439C58cA5053166E8317aa138":926.3822105005999,"0x16eAd9a10b1A77007E6E329B076aD1Fe97a6F7C0":195.59864645172195,"0x18084fbA666a33d37592fA2633fD49a74DD93a88":80.89122343190077,"0x1830c553dC76d3447B69b7B0dC19CF9e3c739C78":96.7584921876353,"0x196f4727526eA7FB1e17b2071B3d8eAA38486988":1.9003968869920593,"0x1BED97CBC3c24A4fb5C069C6E311a967386131f7":274.7420815299216,"0x1CC481cE2BD2EC7Bf67d1Be64d4878b16078F309":128.41986788256756,"0x1a7e4e63778B4f12a199C062f3eFdD288afCBce8":84.53776727711319,"0x1aBaEA1f7C830bD89Acc67eC4af516284b1bC33c":285.305348693925,"0x1bEFB9B02f7Fc821B96aC1FE2cAF881FdF72b771":2.969092120356524,"0x1c48f86ae57291F7686349F12601910BD8D470bb":1.1779387299167408,"0x1ce0D1E19c9514230FF8CD1DAbaC2555fb92122b":0,"0x2191DF768ad71140F9F3E96c1e4407A4aA31d082":23.879015520464826,"0x2260FAC5E5542a773Aa44fBCfeDf7C193bc2C599":30.455041517236936,"0x22CF19EB64226e0E1A79c69b345b31466fD273A7":3.7278591849411264,"0x2302aaBe69e6E7A1b0Aa23aAC68fcCB8A4D2B460":125.8891552037552,"0x2570f1bD5D2735314FC102eb12Fc1aFe9e6E7193":58.2567833677507,"0x25eC98773D7b4ceD4cAFaB96A2A1c0945f145e10":0,"0x2889302a794dA87fBF1D6Db415C1492194663D13":2217.292937071892,"0x29059568bB40344487d62f7450E78b8E6C74e0e5":965.1428898522902,"0x2b01d4FdB87eb7F2399E5D68631d8A939a323786":255.6593854499928,"0x2bd1F344a2398340C2b1119Da98816eA723F5F0f":0.11184907998715571,"0x3175Df0976dFA876431C2E9eE6Bc45b65d3473CC":0.000038725064744916926,"0x3231Cb76718CDeF2155FC47b5286d82e6eDA273f":337.8454836812691,"0x32bd822d615A3658A68b6fDD30c2fcb2C996D678":305.3350028463797,"0x34635280737b5BFe6c7DC2FC3065D60d66e78185":399.38381719700556,"0x35282d87011f87508D457F08252Bc5bFa52E10A0":161.55094005699894,"0x35D8949372D46B7a3D5A56006AE77B215fc69bC0":157.3920408052071,"0x35fA164735182de50811E8e2E824cFb9B6118ac2":1001.3531490295329,"0x383E6b4437b59fff47B619CBA855CA29342A8559":198.71814132036198,"0x38D64ce1Bdf1A9f24E0Ec469C9cAde61236fB4a0":258.2129672979636,"0x390f3595bCa2Df7d23783dFd126427CCeb997BF4":24281.10548238953,"0x393DaD6c76D962Abba489a77dBf37ae948A4A6ee":158.0165345298033,"0x3A2725556Dde7B21fBe3dD64A4913ff29faba6A1":0.030017013774432905,"0x3A283D9c08E8b55966afb64C515f5143cf907611":6879.027203339664,"0x3Ed3B47Dd13EC9a98b44e6204A523E766B225811":3.3236404068763155,"0x3f0e7916681452D23Cd36B1281457DA721F2E5dF":66.44970924206051,"0x401322B9FDdba8c0a8D40fbCECE1D1752C12316B":300.6604671121846,"0x40D16FC0246aD3160Ccc09B8D0D3A2cD28aE6C2f":162.38164849959315,"0x4591DBfF62656E7859Afe5e45f6f47D3669fBB28":245.35434746774553,"0x4647B6D835f3B393C7A955df51EEfcf0db961606":619.7957295235728,"0x466a756E9A7401B5e2444a3fCB3c2C12FBEa0a54":58.41426733956077,"0x48759F220ED983dB51fA7A8C0D2AAb8f3ce4166a":2413.8835783351897,"0x49446A0874197839D15395B908328a74ccc96Bc0":60.27098075905997,"0x4AE86d8732390d852A13cb918463BC6e5775FaDD":395.82692917947435,"0x4D1941a887eC788F059b3bfcC8eE1E97b968825B":379.3409701858056,"0x4D55a36902a6546A79ec4c9c315241De746D5fC3":0,"0x4DEcE678ceceb27446b35C672dC7d61F30bAD69E":31323.056517137287,"0x4Fabb145d64652a948d72533023f6E7A623C7C53":0.03962607900766221,"0x4c9EDD5852cd905f086C759E8383e09bff1E68B3":1723.2269119613286,"0x4de2ab8177fC5fFAFB7aD11FB8BeB1e5fB95F71C":557.2794473501054,"0x4eBdF703948ddCEA3B11f675B4D1Fba9d2414A14":3728.2622443677383,"0x514910771AF9Ca656af840dff83E8264EcF986CA":87.87138699871547,"0x5228a22e72ccC52d415EcFd199F99D0665E7733b":62.046156518740034,"0x5271045F7B73c17825A7A7aee6917eE46b0B7520":276.48343253171873,"0x527331F3F550f6f85ACFEcAB9Cc0889180C6f1d5":425.9529522259849,"0x5426178799ee0a0181A89b4f57eFddfAb49941Ec":296.280412752807,"0x5555f75e3d5278082200Fb451D1b6bA946D8e13b":122.00103259313609,"0x57Ab1ec28D129707052df4dF418D58a2D46d5f51":157.62388934076324,"0x57a5a0567187FF4A8dcC1A9bBa86155E355878F2":0.8490754548810262,"0x58efE15C0404aB22F87E4495D71f6f2077e862bE":0.001248470457708012,"0x5905c0290e59aFBDc42a5480add9bD7B20CB3759":0.17789899180164429,"0x59D9356E565Ab3A36dD77763Fc0d87fEaf85508C":381.53455836218455,"0x5BC25f649fc4e26069dDF4cF4010F9f706c23831":0.6188045499965681,"0x5Be6C45e2d074fAa20700C49aDA3E88a1cc0025d":644.8601207219854,"0x5Ca135cB8527d76e932f34B5145575F9d8cbE08E":57.914312949241314,"0x5E8422345238F34275888049021821E8E08CAa1f":14588.513825756312,"0x5Ea630e00D6eE438d3deA1556A110359ACdc10A9":397.9586318471193,"0x5b6C539b224014A09B3388e51CaAA8e354c959C8":230.8696916766859,"0x5ca0313D44551e32e0d7a298EC024321c4BC59B4":0.4480928721639444,"0x5e74C9036fb86BD7eCdcb084a0673EFc32eA31cb":7.905276367667288,"0x5f98805A4E8be255a32880FDeC7F6728C6568bA0":141574.14048699863,"0x625E92624Bc2D88619ACCc1788365A69767f6200":3584.0309327297164,"0x62B9c7356A2Dc64a1969e19C23e4f579F9810Aa7":106.82915239038415,"0x6359B6d3e327c497453d4376561eE276c6933323":358.73029026816124,"0x63a0964A36c34E81959da5894ad888800e17405b":311.1493846463136,"0x65D72AA8DA931F047169112fcf34f52DbaAE7D18":367.2424739973112,"0x65f228ED6a6001eD6485535e0Dc33E525734f54c":76.43300113894244,"0x661c70333AA1850CcDBAe82776Bb436A0fCfeEfB":161.76632824340462,"0x6663b6D50992ef4fc0380199397c87C2f5256075":149.53794760256974,"0x668308d77be3533c909a692302Cb4D135Bf8041C":0.04503161832198231,"0x66a1E37c9b0eAddca17d3662D6c05F4DECf3e110":38.92945329605175,"0x674C6Ad92Fd080e4004b2312b45f796a192D27a0":4.041812865932786,"0x677ddbd918637E5F2c79e164D402454dE7dA8619":4.184206825317715,"0x68749665FF8D2d112Fa859AA293F07A622782F38":21.206996374514425,"0x69000405f9DcE69BD4Cbf4f2865b79144A69BFE0":2.2865952261187235,"0x6B175474E89094C44Da98b954EedeAC495271d0F":1637.8195235785201,"0x6C280dB098dB673d30d5B34eC04B6387185D3620":356.41910604449384,"0x6C5024Cd4F8A59110119C56f8933403A539555EB":125.80790309549242,"0x6C9815826FdF8c7a45cCfEd2064dbaB33a078712":58.2752646031498,"0x6ade6971Ca3d90990C30d39c78b0534C7166e07b":239.93060490275056,"0x6b5204B0Be36771253Cc38e88012E02B752f0f36":202.37839139009844,"0x6c3F90f043a72FA612cbac8115EE7e52BDe6E490":635.0966097483301,"0x6c3ea9036406852006290770BEdFcAbA0e23A0e8":447.1426882030986,"0x6e52cCe4EaFDf77091dD1c82183b2D97b776b397":791.908690000279,"0x6ef3D766Dfe02Dc4bF04aAe9122EB9A0Ded25615":0.09722452747842916,"0x7223442cad8e9cA474fC40109ab981608F8c4273":210.91647102478913,"0x73968b9a57c6E53d41345FD57a6E6ae27d6CDB2F":154.626984804854,"0x73A15FeD60Bf67631dC6cd7Bc5B6e8da8190aCF5":565.1329949640642,"0x752B4c6e92d96467fE9b9a2522EF07228E00F87c":35.74711675133754,"0x76237BCfDbe8e06FB774663add96216961df4ff3":38.63757679251337,