{"0x0000000000085d4780B73119b644AE5ecd22b376":0.008464150385864082,"0x005F893EcD7bF9667195642f7649DA8163e23658":194.58376173053384,"0x0100546F2cD4C9D97f798fFC9755E47865FF7Ee6":458.4160039106474,"0x028171bCA77440897B824Ca71D1c56caC55b68A3":820.9078896440034,"0x0316EB71485b0Ab14103307bf65a021042c6d380":0.02260092015697754,"0x03ab458634910AaD20eF5f1C8ee96F1D6ac54919":195.48438331588142,"0x04C154b66CB340F3Ae24111CC767e0184Ed00Cc6":425.1004416339468,"0x056Fd409E1d7A124BD7017459dFEa2F387b6d5Cd":279.9386625415431,"0x067079c14B85169e6a29703769dadDef90816f4C":395.9557401341094,"0x075b1bb99792c9E1041bA13afEf80C91a1e70fB3":340.4850252436458,"0x085780639CC2cACd35E474e71f4d000e2405d8f6":659.5630450834448,"0x0E2EC54fC0B509F445631Bf4b91AB8168230C752":0.4714957501160866,"0x0E573Ce2736Dd9637A0b21058352e1667925C7a8":146.64406542996133,"0x0a5E677a6A24b2F1A2Bf4F3bFfC443231d2fDEc8":0.061515197183582386,"0x0bc529c00C6401aEF6D220BE8C6Ea1667F6Ad93e":22.501826462903935,"0x0d86883FAf4FfD7aEb116390af37746F45b6f378":267.2040572801882,"0x0dE54CFdfeD8005176f8b7A9D5438B45c4F1df1e":3.868243263717393,"0x127091edE112aEd7Bae281747771b3150Bb047bB":0.13538124468353088,"0x1456688345527bE1f37E9e627DA0837D6f08C925":5.133926916951872,"0x16eAd9a10b1A77007E6E329B076aD1Fe97a6F7C0":129.50099604218596,"0x18084fbA666a33d37592fA2633fD49a74DD93a88":2.358853749951084,"0x1830c553dC76d3447B69b7B0dC19CF9e3c739C78":115.49264465059319,"0x183395DbD0B5e93323a7286D1973150697FFFCB3":356.31671610497244,"0x196f4727526eA7FB1e17b2071B3d8eAA38486988":1.4901100390066369,"0x1aBaEA1f7C830bD89Acc67eC4af516284b1bC33c":493.1398619861603,"0x1c48f86ae57291F7686349F12601910BD8D470bb":1.0987464153227533,"0x1ce0D1E19c9514230FF8CD1DAbaC2555fb92122b":0,"0x2191DF768ad71140F9F3E96c1e4407A4aA31d082":13.67108222549741,"0x2260FAC5E5542a773Aa44fBCfeDf7C193bc2C599":13.07122292562221,"0x22CF19EB64226e0E1A79c69b345b31466fD273A7":1.378089192955306,"0x2302aaBe69e6E7A1b0Aa23aAC68fcCB8A4D2B460":173.3003229632684,"0x2570f1bD5D2735314FC102eb12Fc1aFe9e6E7193":111.1876304900821,"0x25eC98773D7b4ceD4cAFaB96A2A1c0945f145e10":0,"0x2889302a794dA87fBF1D6Db415C1492194663D13":988.229177937071,"0x29059568bB40344487d62f7450E78b8E6C74e0e5":380.10800276480427,"0x2b01d4FdB87eb7F2399E5D68631d8A939a323786":20.4841397326441,"0x31429d1856aD1377A8A0079410B297e1a9e214c2":448.6469209170253,"0x32bd822d615A3658A68b6fDD30c2fcb2C996D678":78.62591730186905,"0x34635280737b5BFe6c7DC2FC3065D60d66e78185":287.46408257350146,"0x35282d87011f87508D457F08252Bc5bFa52E10A0":157.6014897268996,"0x35D8949372D46B7a3D5A56006AE77B215fc69bC0":796.9083809255097,"0x35fA164735182de50811E8e2E824cFb9B6118ac2":1124.726784142145,"0x365AccFCa291e7D3914637ABf1F7635dB165Bb09":351.887884555686,"0x383E6b4437b59fff47B619CBA855CA29342A8559":172.46544426804337,"0x38D64ce1Bdf1A9f24E0Ec469C9cAde61236fB4a0":273.1587919418047,"0x393DaD6c76D962Abba489a77dBf37ae948A4A6ee":174.7081768478174,"0x3A2725556Dde7B21fBe3dD64A4913ff29faba6A1":0.036519328777427605,"0x3A283D9c08E8b55966afb64C515f5143cf907611":6347.263394818425,"0x3Ed3B47Dd13EC9a98b44e6204A523E766B225811":0.000091592072,"0x3f0e7916681452D23Cd36B1281457DA721F2E5dF":28.18887579944837,"0x401322B9FDdba8c0a8D40fbCECE1D1752C12316B":370.00920249020027,"0x40D16FC0246aD3160Ccc09B8D0D3A2cD28aE6C2f":809.5075796401994,"0x4591DBfF62656E7859Afe5e45f6f47D3669fBB28":366.60563716019595,"0x466a756E9A7401B5e2444a3fCB3c2C12FBEa0a54":7.248315183432774,"0x48759F220ED983dB51fA7A8C0D2AAb8f3ce4166a":1575.3035642190998,"0x49446A0874197839D15395B908328a74ccc96Bc0":28.944546476083154,"0x4AE86d8732390d852A13cb918463BC6e5775FaDD":132.64996390070843,"0x4D1941a887eC788F059b3bfcC8eE1E97b968825B":14.955420064700414,"0x4Fabb145d64652a948d72533023f6E7A623C7C53":0.03524974944261809,"0x4c9EDD5852cd905f086C759E8383e09bff1E68B3":8197.976143752398,"0x4eBdF703948ddCEA3B11f675B4D1Fba9d2414A14":3496.192361100822,"0x514910771AF9Ca656af840dff83E8264EcF986CA":113.83625917585015,"0x5228a22e72ccC52d415EcFd199F99D0665E7733b":60.6589511720713,"0x5426178799ee0a0181A89b4f57eFddfAb49941Ec":88.0858745453135,"0x5555f75e3d5278082200Fb451D1b6bA946D8e13b":93.68843975567037,"0x57a5a0567187FF4A8dcC1A9bBa86155E355878F2":1.132180404660055,"0x58efE15C0404aB22F87E4495D71f6f2077e862bE":0.001248285669666804,"0x5905c0290e59aFBDc42a5480add9bD7B20CB3759":0.2010440937134753,"0x59D9356E565Ab3A36dD77763Fc0d87fEaf85508C":620.0441009758848,"0x5BC25f649fc4e26069dDF4cF4010F9f706c23831":2.6810433808042697,"0x5Be6C45e2d074fAa20700C49aDA3E88a1cc0025d":212.66664427775396,"0x5Ca135cB8527d76e932f34B5145575F9d8cbE08E":55.65257339502201,"0x5E8422345238F34275888049021821E8E08CAa1f":16741.35195536732,"0x5Ea630e00D6eE438d3deA1556A110359ACdc10A9":429.2287920243865,"0x5e74C9036fb86BD7eCdcb084a0673EFc32eA31cb":206.44502351693063,"0x62B9c7356A2Dc64a1969e19C23e4f579F9810Aa7":265.8239363342941,"0x6359B6d3e327c497453d4376561eE276c6933323":296.31141739976,"0x63a0964A36c34E81959da5894ad888800e17405b":167.91993517498736,"0x65D72AA8DA931F047169112fcf34f52DbaAE7D18":145.3251404772508,"0x661c70333AA1850CcDBAe82776Bb436A0fCfeEfB":65.93703995872765,"0x6663b6D50992ef4fc0380199397c87C2f5256075":40.32144226227025,"0x668308d77be3533c909a692302Cb4D135Bf8041C":0.05504518327138168,"0x66a1E37c9b0eAddca17d3662D6c05F4DECf3e110":19.12861295320791,"0x674C6Ad92Fd080e4004b2312b45f796a192D27a0":3.154634041782834,"0x677ddbd918637E5F2c79e164D402454dE7dA8619":0.19218997401721497,"0x68749665FF8D2d112Fa859AA293F07A622782F38":20.08967939916266,"0x6B175474E89094C44Da98b954EedeAC495271d0F":4714.209202949074,"0x6C280dB098dB673d30d5B34eC04B6387185D3620":65.2965592981969,"0x6C5024Cd4F8A59110119C56f8933403A539555EB":125.82977141203062,"0x6C9815826FdF8c7a45cCfEd2064dbaB33a078712":18.664639396487253,"0x6ade6971Ca3d90990C30d39c78b0534C7166e07b":219.203032632096,"0x6b5204B0Be36771253Cc38e88012E02B752f0f36":234.57411451807803,"0x6c3F90f043a72FA612cbac8115EE7e52BDe6E490":1121.0155667436768,"0x6c3ea9036406852006290770BEdFcAbA0e23A0e8":781.5329487117123,"0x6e52cCe4EaFDf77091dD1c82183b2D97b776b397":786.4201019408223,"0x6ef3D766Dfe02Dc4bF04aAe9122EB9A0Ded25615":0.08345928604842534,"0x7223442cad8e9cA474fC40109ab981608F8c4273":64.51898168595027,"0x73968b9a57c6E53d41345FD57a6E6ae27d6CDB2F":112.23083851680404,"0x73A15FeD60Bf67631dC6cd7Bc5B6e8da8190aCF5":1598.9277454678806,"0x76237BCfDbe8e06FB774663add96216961df4ff3":27.377993970303642,"0x76Eb2FE28b36B3ee97F3Adae0C69606eeDB2A37c":833.1323420921938,"0x77E06c9eCCf2E797fd462A92B6D7642EF85b0A44":0.07384820989738869,"0x78da5799CF427Fee11e9996982F4150eCe7a99A7":91.86361491872732,"0x7F17A6C77C3938D235b014818092eb6305BdA110":103.13976976531055,"0x7F86Bf177Dd4F3494b841a37e810A34dD56c829B":3327.0943147171306,"0x7FA768E035F956c41d6aeaa3Bd857e7E5141CAd5":0.47264206844610757,"0x7ea4aD8C803653498bF6AC1D2dEbc04DCe8Fd2aD":481.83694877607775,"0x7f39C581F595B53c5cb19bD0b3f8dA6c935E2Ca0":2337.037818943104,"0x8064d9Ae6cDf087b1bcd5BDf3531bD5d8C537a68":83.58572866563345,"0x808507121B80c02388fAd14726482e061B8da827":318.81438402349073,"0x80d69e79258FE9D056c822461c4eb0B4ca8802E2":0.2469743960162335,"0x826180541412D574cf1336d22c0C0a287822678A":234.37178064113212,"0x830614aE209FF9d8706d386fcdBc7a55206fcffC":62.61588377676706,"0x83F20F44975D03b1b09e64809B757c47f942BEeA":6720.760710440556,"0x84CeCB5525c6B1C20070E742da870062E84Da178":23.33096576862374,"0x853d955aCEf822Db058eb8505911ED77F175b99e":2718.918926226536,"0x856c4Efb76C1D1AE02e20CEB03A2A6a08b0b8dC3":0.6705701353775483,"0x865377367054516e17014CcdED1e7d814EDC9ce4":292.9974113869521,"0x8C0D76C9B18779665475F3E212D9Ca1Ed6A1A0e6":409.93003661702,"0x8C88538688aca3b733aD08b12BEe4574c0C00907":419.6838561251299,"0x8Cd52ee292313C4D851e71A7064F096504aB3eE9":73.23495126950458,"0x8E870D67F660D95d5be530380D0eC0bd388289E1":0.10372611208366202,"0x8c9532a60E0E7C6BbD2B2c1303F63aCE1c3E9811":17.076324534586824,"0x8dAEBADE922dF735c38C80C7eBD708Af50815fAa":19.936422916728745,"0x8e595470Ed749b85C6F7669de83EAe304C2ec68F":11.535310713383204,"0x917ceE801a67f933F2e6b33fC0cD1ED2d5909D88":114.99306525847527,