{"0x0000000000085d4780B73119b644AE5ecd22b376":213.1344099389276,"0x0000000016E6Cb3038203c1129c8B4aEE7af7a11":2.111808412794166,"0x005F893EcD7bF9667195642f7649DA8163e23658":190.7439040343973,"0x0100546F2cD4C9D97f798fFC9755E47865FF7Ee6":422.83987169580405,"0x028171bCA77440897B824Ca71D1c56caC55b68A3":1099.1083534413326,"0x0316EB71485b0Ab14103307bf65a021042c6d380":0.020739689731489628,"0x03ab458634910AaD20eF5f1C8ee96F1D6ac54919":1.7488399384502318,"0x04C154b66CB340F3Ae24111CC767e0184Ed00Cc6":553.7215109823181,"0x051d7e5609917Bd9b73f04BAc0DED8Dd46a74301":385.82517552321235,"0x056Fd409E1d7A124BD7017459dFEa2F387b6d5Cd":748.7971424244686,"0x067079c14B85169e6a29703769dadDef90816f4C":461.61144923469374,"0x075b1bb99792c9E1041bA13afEf80C91a1e70fB3":776.5429485656745,"0x085780639CC2cACd35E474e71f4d000e2405d8f6":1017.5080741029839,"0x09db87A538BD693E9d08544577d5cCfAA6373A48":85.00840807035281,"0x0E2EC54fC0B509F445631Bf4b91AB8168230C752":0.4714488830933381,"0x0E573Ce2736Dd9637A0b21058352e1667925C7a8":144.33270936247814,"0x0a5E677a6A24b2F1A2Bf4F3bFfC443231d2fDEc8":0.08015884601778603,"0x0bc529c00C6401aEF6D220BE8C6Ea1667F6Ad93e":22.198010245805765,"0x0d86883FAf4FfD7aEb116390af37746F45b6f378":273.16829944344704,"0x0dE54CFdfeD8005176f8b7A9D5438B45c4F1df1e":4.012013826436904,"0x137469B55D1f15651BA46A89D0588e97dD0B6562":233.8936554314793,"0x1456688345527bE1f37E9e627DA0837D6f08C925":4.053330087317342,"0x15700B564Ca08D9439C58cA5053166E8317aa138":1733.2311119485937,"0x18084fbA666a33d37592fA2633fD49a74DD93a88":421.6086521356824,"0x1830c553dC76d3447B69b7B0dC19CF9e3c739C78":104.51314985147013,"0x183395DbD0B5e93323a7286D1973150697FFFCB3":309.41834907004665,"0x196f4727526eA7FB1e17b2071B3d8eAA38486988":2.5659416491292513,"0x1BED97CBC3c24A4fb5C069C6E311a967386131f7":311.1119834680198,"0x1a7e4e63778B4f12a199C062f3eFdD288afCBce8":328.9637824336501,"0x1aBaEA1f7C830bD89Acc67eC4af516284b1bC33c":490.3347064759868,"0x1c48f86ae57291F7686349F12601910BD8D470bb":0.30739527383939724,"0x1ce0D1E19c9514230FF8CD1DAbaC2555fb92122b":0,"0x2191DF768ad71140F9F3E96c1e4407A4aA31d082":17.830463301946324,"0x2260FAC5E5542a773Aa44fBCfeDf7C193bc2C599":417.19197586547745,"0x22CF19EB64226e0E1A79c69b345b31466fD273A7":2.207074206628452,"0x2302aaBe69e6E7A1b0Aa23aAC68fcCB8A4D2B460":142.16191561747445,"0x2570f1bD5D2735314FC102eb12Fc1aFe9e6E7193":240.4178129930242,"0x25eC98773D7b4ceD4cAFaB96A2A1c0945f145e10":0,"0x2889302a794dA87fBF1D6Db415C1492194663D13":648.589006251557,"0x29059568bB40344487d62f7450E78b8E6C74e0e5":144.85305966313138,"0x2b01d4FdB87eb7F2399E5D68631d8A939a323786":284.7695635010635,"0x3175Df0976dFA876431C2E9eE6Bc45b65d3473CC":9.266909468362017e-7,"0x3231Cb76718CDeF2155FC47b5286d82e6eDA273f":332.22239720354486,"0x32bd822d615A3658A68b6fDD30c2fcb2C996D678":328.0006667255944,"0x3432B6A60D23Ca0dFCa7761B7ab56459D9C964D0":378.31253525483453,"0x34635280737b5BFe6c7DC2FC3065D60d66e78185":249.4378665945799,"0x35282d87011f87508D457F08252Bc5bFa52E10A0":156.536672852232,"0x35D8949372D46B7a3D5A56006AE77B215fc69bC0":319.6162623383807,"0x35fA164735182de50811E8e2E824cFb9B6118ac2":1071.1543775798661,"0x365AccFCa291e7D3914637ABf1F7635dB165Bb09":307.3879141082037,"0x383E6b4437b59fff47B619CBA855CA29342A8559":179.18882779291985,"0x38D64ce1Bdf1A9f24E0Ec469C9cAde61236fB4a0":255.79422192453535,"0x393DaD6c76D962Abba489a77dBf37ae948A4A6ee":160.8390005457543,"0x3A2725556Dde7B21fBe3dD64A4913ff29faba6A1":0.034049693660934605,"0x3A283D9c08E8b55966afb64C515f5143cf907611":4721.943071663121,"0x3Ed3B47Dd13EC9a98b44e6204A523E766B225811":358.13586256001315,"0x3f0e7916681452D23Cd36B1281457DA721F2E5dF":23.022349722426064,"0x401322B9FDdba8c0a8D40fbCECE1D1752C12316B":340.5283090481379,"0x40D16FC0246aD3160Ccc09B8D0D3A2cD28aE6C2f":745.4585324174741,"0x4591DBfF62656E7859Afe5e45f6f47D3669fBB28":129.29874533068707,"0x4647B6D835f3B393C7A955df51EEfcf0db961606":48.81972765498238,"0x466a756E9A7401B5e2444a3fCB3c2C12FBEa0a54":353.5436437574371,"0x48759F220ED983dB51fA7A8C0D2AAb8f3ce4166a":1665.6606348118594,"0x49446A0874197839D15395B908328a74ccc96Bc0":32.69895429204487,"0x4AE86d8732390d852A13cb918463BC6e5775FaDD":154.17861153380676,"0x4D1941a887eC788F059b3bfcC8eE1E97b968825B":335.09393512961475,"0x4DEcE678ceceb27446b35C672dC7d61F30bAD69E":443.7245890022307,"0x4Fabb145d64652a948d72533023f6E7A623C7C53":0.03516090317104594,"0x4c9EDD5852cd905f086C759E8383e09bff1E68B3":4194.607776600572,"0x4de2ab8177fC5fFAFB7aD11FB8BeB1e5fB95F71C":422.20568193703684,"0x4eBdF703948ddCEA3B11f675B4D1Fba9d2414A14":1817.8372322802581,"0x514910771AF9Ca656af840dff83E8264EcF986CA":97.01007609411803,"0x5228a22e72ccC52d415EcFd199F99D0665E7733b":63.65545318167658,"0x527331F3F550f6f85ACFEcAB9Cc0889180C6f1d5":217.89853360480697,"0x5426178799ee0a0181A89b4f57eFddfAb49941Ec":818.450035075824,"0x5555f75e3d5278082200Fb451D1b6bA946D8e13b":94.87716457186062,"0x57a5a0567187FF4A8dcC1A9bBa86155E355878F2":1.0458335362910405,"0x58efE15C0404aB22F87E4495D71f6f2077e862bE":0.001248567846,"0x5905c0290e59aFBDc42a5480add9bD7B20CB3759":0.1923660464165513,"0x59D9356E565Ab3A36dD77763Fc0d87fEaf85508C":136.12291127701536,"0x5BC25f649fc4e26069dDF4cF4010F9f706c23831":0.30807520518169274,"0x5Be6C45e2d074fAa20700C49aDA3E88a1cc0025d":452.0483251638034,"0x5Ca135cB8527d76e932f34B5145575F9d8cbE08E":52.93608875634193,"0x5E8422345238F34275888049021821E8E08CAa1f":15430.38514549248,"0x5Ea630e00D6eE438d3deA1556A110359ACdc10A9":300.9189340199324,"0x5b6C539b224014A09B3388e51CaAA8e354c959C8":626.3274797632467,"0x5e74C9036fb86BD7eCdcb084a0673EFc32eA31cb":7.076737471971646,"0x6359B6d3e327c497453d4376561eE276c6933323":298.9905801661089,"0x63a0964A36c34E81959da5894ad888800e17405b":302.7080933967087,"0x65D72AA8DA931F047169112fcf34f52DbaAE7D18":151.25698053577705,"0x65f228ED6a6001eD6485535e0Dc33E525734f54c":54.448989860735864,"0x661c70333AA1850CcDBAe82776Bb436A0fCfeEfB":62.19148178998962,"0x668308d77be3533c909a692302Cb4D135Bf8041C":0.051145776186614575,"0x66a1E37c9b0eAddca17d3662D6c05F4DECf3e110":27.577575803627642,"0x674C6Ad92Fd080e4004b2312b45f796a192D27a0":0.9464721400311233,"0x677ddbd918637E5F2c79e164D402454dE7dA8619":1.3050781292508264,"0x68749665FF8D2d112Fa859AA293F07A622782F38":19.576578365700758,"0x69000405f9DcE69BD4Cbf4f2865b79144A69BFE0":0,"0x6B175474E89094C44Da98b954EedeAC495271d0F":6401.0257909458705,"0x6C5024Cd4F8A59110119C56f8933403A539555EB":122.62919214235173,"0x6C9815826FdF8c7a45cCfEd2064dbaB33a078712":72.65059258002387,"0x6b5204B0Be36771253Cc38e88012E02B752f0f36":227.6281348098146,"0x6c3F90f043a72FA612cbac8115EE7e52BDe6E490":593.4042550552429,"0x6c3ea9036406852006290770BEdFcAbA0e23A0e8":868.7561002759438,"0x6e52cCe4EaFDf77091dD1c82183b2D97b776b397":518.248751424891,"0x6ef3D766Dfe02Dc4bF04aAe9122EB9A0Ded25615":0.08690653431314194,"0x7223442cad8e9cA474fC40109ab981608F8c4273":88.37750106166364,"0x73968b9a57c6E53d41345FD57a6E6ae27d6CDB2F":114.64435824619294,"0x73A15FeD60Bf67631dC6cd7Bc5B6e8da8190aCF5":1169.2017463825537,"0x752B4c6e92d96467fE9b9a2522EF07228E00F87c":47.97165025465332,"0x76237BCfDbe8e06FB774663add96216961df4ff3":30.466504302606346,"0x76Eb2FE28b36B3ee97F3Adae0C69606eeDB2A37c":1173.3254147513323,"0x77E06c9eCCf2E797fd462A92B6D7642EF85b0A44":0.8286377989799999,"0x78da5799CF427Fee11e9996982F4150eCe7a99A7":89.32366812883406,"0x7988292D0FB141085c092132e2a70B30aA1eccAB":477.38760192495886,"0x7F17A6C77C3938D235b014818092eb6305BdA110":138.9065956101468,"0x7F86Bf177Dd4F3494b841a37e810A34dD56c829B":2701.8311571217946,"0x7FA768E035F956c41d6aeaa3Bd857e7E5141CAd5":0.4384075533505205,"0x7ea4aD8C803653498bF6AC1D2dEbc04DCe8Fd2aD":17.44084488982368,"0x7f39C581F595B53c5cb19bD0b3f8dA6c935E2Ca0":1122.7581766276662,"0x8064d9Ae6cDf087b1bcd5BDf3531bD5d8C537a68":74.53354772439847,"0x808507121B80c02388fAd14726482e061B8da827":240.73516436270936,"0x80d69e79258FE9D056c822461c4eb0B4ca8802E2":0.22850534917808865,"0x826180541412D574cf1336d22c0C0a287822678A":193.12722328831683,"0x8282BD15dcA2EA2bDf24163E8f2781B30C43A2ef":304.72804194779627,"0x830614aE209FF9d8706d386fcdBc7a55206fcffC":52.43707716611463,