{"0x0000000000085d4780B73119b644AE5ecd22b376":0.005454076374851303,"0x005F893EcD7bF9667195642f7649DA8163e23658":20.41694206497498,"0x0100546F2cD4C9D97f798fFC9755E47865FF7Ee6":146.856513112307,"0x028171bCA77440897B824Ca71D1c56caC55b68A3":119.9418155572936,"0x0316EB71485b0Ab14103307bf65a021042c6d380":51.878254605430506,"0x03ab458634910AaD20eF5f1C8ee96F1D6ac54919":171.46293294373405,"0x04C154b66CB340F3Ae24111CC767e0184Ed00Cc6":224.6483789913669,"0x056Fd409E1d7A124BD7017459dFEa2F387b6d5Cd":106.01269311064742,"0x075b1bb99792c9E1041bA13afEf80C91a1e70fB3":755.1290998250955,"0x085780639CC2cACd35E474e71f4d000e2405d8f6":812.5292369832002,"0x09b2E090531228d1b8E3d948C73b990Cb6e60720":505.3152878390696,"0x0E2EC54fC0B509F445631Bf4b91AB8168230C752":0.45001585283327405,"0x0E573Ce2736Dd9637A0b21058352e1667925C7a8":143.77806151374108,"0x0a5E677a6A24b2F1A2Bf4F3bFfC443231d2fDEc8":1.7417626258805915e-10,"0x0bc529c00C6401aEF6D220BE8C6Ea1667F6Ad93e":7.770926880234246,"0x0d86883FAf4FfD7aEb116390af37746F45b6f378":146.3192146729436,"0x0dE54CFdfeD8005176f8b7A9D5438B45c4F1df1e":4.085365368415108,"0x137469B55D1f15651BA46A89D0588e97dD0B6562":0.2717668734036906,"0x1456688345527bE1f37E9e627DA0837D6f08C925":5.422218759816462,"0x16eAd9a10b1A77007E6E329B076aD1Fe97a6F7C0":52.27833116237078,"0x18084fbA666a33d37592fA2633fD49a74DD93a88":9.499598859013954,"0x1830c553dC76d3447B69b7B0dC19CF9e3c739C78":92.9951087299683,"0x196f4727526eA7FB1e17b2071B3d8eAA38486988":1.397685030001231,"0x1c48f86ae57291F7686349F12601910BD8D470bb":0.9960057681875717,"0x1ce0D1E19c9514230FF8CD1DAbaC2555fb92122b":0,"0x2260FAC5E5542a773Aa44fBCfeDf7C193bc2C599":316.0530366094394,"0x22CF19EB64226e0E1A79c69b345b31466fD273A7":2.8098217569610844,"0x2570f1bD5D2735314FC102eb12Fc1aFe9e6E7193":295.582785304176,"0x25eC98773D7b4ceD4cAFaB96A2A1c0945f145e10":5.8686596935273005,"0x2889302a794dA87fBF1D6Db415C1492194663D13":1793.2201973175656,"0x29059568bB40344487d62f7450E78b8E6C74e0e5":677.7482463554022,"0x2b01d4FdB87eb7F2399E5D68631d8A939a323786":17.893234286483533,"0x31429d1856aD1377A8A0079410B297e1a9e214c2":476.3272288456635,"0x32bd822d615A3658A68b6fDD30c2fcb2C996D678":44.63342292021903,"0x35282d87011f87508D457F08252Bc5bFa52E10A0":708.0400649069433,"0x35fA164735182de50811E8e2E824cFb9B6118ac2":892.7759522304927,"0x365AccFCa291e7D3914637ABf1F7635dB165Bb09":504.6902696003715,"0x383E6b4437b59fff47B619CBA855CA29342A8559":35.09900958972155,"0x38D64ce1Bdf1A9f24E0Ec469C9cAde61236fB4a0":1259.9545003531728,"0x3A283D9c08E8b55966afb64C515f5143cf907611":8543.424238539845,"0x3Ed3B47Dd13EC9a98b44e6204A523E766B225811":573.0568872324787,"0x3f0e7916681452D23Cd36B1281457DA721F2E5dF":490.64850596079646,"0x40D16FC0246aD3160Ccc09B8D0D3A2cD28aE6C2f":1068.8840975398557,"0x4591DBfF62656E7859Afe5e45f6f47D3669fBB28":291.9472479945257,"0x466a756E9A7401B5e2444a3fCB3c2C12FBEa0a54":527.3676989147356,"0x48759F220ED983dB51fA7A8C0D2AAb8f3ce4166a":975.6978099752899,"0x49446A0874197839D15395B908328a74ccc96Bc0":16.607746529106063,"0x4AE86d8732390d852A13cb918463BC6e5775FaDD":35.44557668128131,"0x4D1941a887eC788F059b3bfcC8eE1E97b968825B":13.834496040038115,"0x4DEcE678ceceb27446b35C672dC7d61F30bAD69E":608.1654991147419,"0x4Fabb145d64652a948d72533023f6E7A623C7C53":0.0038418278081408883,"0x4c9EDD5852cd905f086C759E8383e09bff1E68B3":10747.48176553328,"0x4eBdF703948ddCEA3B11f675B4D1Fba9d2414A14":3924.8103095118086,"0x514910771AF9Ca656af840dff83E8264EcF986CA":104.89429264022816,"0x5228a22e72ccC52d415EcFd199F99D0665E7733b":51.2860327520736,"0x5426178799ee0a0181A89b4f57eFddfAb49941Ec":33.15784856256309,"0x5555f75e3d5278082200Fb451D1b6bA946D8e13b":60.34245492003439,"0x57a5a0567187FF4A8dcC1A9bBa86155E355878F2":1.0370155581472964,"0x58efE15C0404aB22F87E4495D71f6f2077e862bE":0.001248567846,"0x5905c0290e59aFBDc42a5480add9bD7B20CB3759":0.07186193013842475,"0x59D9356E565Ab3A36dD77763Fc0d87fEaf85508C":506.336736142042,"0x5BC25f649fc4e26069dDF4cF4010F9f706c23831":2.4664733343421053,"0x5Be6C45e2d074fAa20700C49aDA3E88a1cc0025d":529.8351022373961,"0x5Ca135cB8527d76e932f34B5145575F9d8cbE08E":54.32292379331337,"0x5E8422345238F34275888049021821E8E08CAa1f":14674.947459957792,"0x5e74C9036fb86BD7eCdcb084a0673EFc32eA31cb":176.72090638411862,"0x6359B6d3e327c497453d4376561eE276c6933323":1.7064546946126755,"0x63a0964A36c34E81959da5894ad888800e17405b":21.76442969276306,"0x65D72AA8DA931F047169112fcf34f52DbaAE7D18":118.96462531737345,"0x661c70333AA1850CcDBAe82776Bb436A0fCfeEfB":29.352739837840076,"0x668308d77be3533c909a692302Cb4D135Bf8041C":0.050665725595651405,"0x66a1E37c9b0eAddca17d3662D6c05F4DECf3e110":0.1087300620832781,"0x674C6Ad92Fd080e4004b2312b45f796a192D27a0":2.3375379332811157,"0x68749665FF8D2d112Fa859AA293F07A622782F38":19.97522167872281,"0x6B175474E89094C44Da98b954EedeAC495271d0F":6812.777782757641,"0x6C280dB098dB673d30d5B34eC04B6387185D3620":62.10867060500012,"0x6C5024Cd4F8A59110119C56f8933403A539555EB":111.95017585602072,"0x6ade6971Ca3d90990C30d39c78b0534C7166e07b":0.0986937731462483,"0x6b5204B0Be36771253Cc38e88012E02B752f0f36":21.464550882762627,"0x6c38cE8984a890F5e46e6dF6117C26b3F1EcfC9C":1.4451503712950589,"0x6c3F90f043a72FA612cbac8115EE7e52BDe6E490":1290.5033229911535,"0x6c3ea9036406852006290770BEdFcAbA0e23A0e8":2098.885167663225,"0x6e52cCe4EaFDf77091dD1c82183b2D97b776b397":915.0502997953374,"0x6ef3D766Dfe02Dc4bF04aAe9122EB9A0Ded25615":0.026272157613058122,"0x73968b9a57c6E53d41345FD57a6E6ae27d6CDB2F":72.89687696087574,"0x73A15FeD60Bf67631dC6cd7Bc5B6e8da8190aCF5":0.012579950579986968,"0x76237BCfDbe8e06FB774663add96216961df4ff3":21.93909570058591,"0x76Eb2FE28b36B3ee97F3Adae0C69606eeDB2A37c":726.106488217521,"0x77E06c9eCCf2E797fd462A92B6D7642EF85b0A44":0.44709544644,"0x78da5799CF427Fee11e9996982F4150eCe7a99A7":288.8503602052655,"0x7988292D0FB141085c092132e2a70B30aA1eccAB":482.5966409719361,"0x7F17A6C77C3938D235b014818092eb6305BdA110":51.4294941041785,"0x7F86Bf177Dd4F3494b841a37e810A34dD56c829B":11251.352210960407,"0x7FA768E035F956c41d6aeaa3Bd857e7E5141CAd5":0.03562887737002017,"0x7ea4aD8C803653498bF6AC1D2dEbc04DCe8Fd2aD":106.31398085595552,"0x7f39C581F595B53c5cb19bD0b3f8dA6c935E2Ca0":5101.064787011658,"0x8064d9Ae6cDf087b1bcd5BDf3531bD5d8C537a68":69.89553634463773,"0x80d69e79258FE9D056c822461c4eb0B4ca8802E2":0.02424171265334956,"0x826180541412D574cf1336d22c0C0a287822678A":846.3158280080333,"0x830614aE209FF9d8706d386fcdBc7a55206fcffC":45.03087592309081,"0x83F20F44975D03b1b09e64809B757c47f942BEeA":9546.864635645514,"0x84CeCB5525c6B1C20070E742da870062E84Da178":9.356065936875433,"0x853d955aCEf822Db058eb8505911ED77F175b99e":4258.9137425585695,"0x856c4Efb76C1D1AE02e20CEB03A2A6a08b0b8dC3":0.5742822209467248,"0x865377367054516e17014CcdED1e7d814EDC9ce4":476.99437110933565,"0x8C0D76C9B18779665475F3E212D9Ca1Ed6A1A0e6":325.8996941453388,"0x8Cd52ee292313C4D851e71A7064F096504aB3eE9":116.84284683947774,"0x8E870D67F660D95d5be530380D0eC0bd388289E1":668.5575070326087,"0x8dAEBADE922dF735c38C80C7eBD708Af50815fAa":17.172272182016595,"0x8e595470Ed749b85C6F7669de83EAe304C2ec68F":16.013194787242558,"0x917ceE801a67f933F2e6b33fC0cD1ED2d5909D88":333.76243053985706,"0x9181f633E9B9F15A32d5e37094F4C93b333e0E92":0.41158422647501897,"0x922406EAFC3CcEb32b0256F287fB977c426EDbd8":0.02910941809583617,"0x9559Aaa82d9649C7A7b220E7c461d2E74c9a3593":173.97159779750007,"0x95710BDE45C8D384A976Cc58Cc7a7e489576b098":0.6087523717913833,"0x961D4921e1718E633BAC8Ded88c4a1cAe44b785a":226.68169757853937,"0x96E61422b6A9bA0e068B6c5ADd4fFaBC6a4aae27":546.197824844344,"0x9961BdBE8B7091E584c2bF9D0a160C583f564A8c":395.5293725188291,"0x99D8a9C45b2ecA8864373A26D1459e3Dff1e17F3":50.67725481430573,"0x9BE89D2a4cd102D8Fecc6BF9dA793be995C22541":220.92426487441884,"0x9D39A5DE30e57443BfF2A8307A4256c8797A3497":9350.16532494988,"0x9EEAD9ce15383CaEED975427340b3A369410CFBF":0.002910902176,"0x9FeE65D5A627e73212989c8BbEdC5Fa5Cae3821F":15.955336979921562,"0x9b77bd0a665F05995b68e36fC1053AFFfAf0d4B5":11.900377763450132,"0x9de1c3D446237ab9BaFF74127eb4F303802a2683":297.83447799656767,"0xA0b86991c6218b36c1d19D4a2e9Eb0cE3606eB48":13945.728651100912,