{"0x0000000000085d4780B73119b644AE5ecd22b376":0.00846119470377358,"0x005F893EcD7bF9667195642f7649DA8163e23658":162.98885195948833,"0x0100546F2cD4C9D97f798fFC9755E47865FF7Ee6":174.28771702231086,"0x028171bCA77440897B824Ca71D1c56caC55b68A3":746.3088797831499,"0x0316EB71485b0Ab14103307bf65a021042c6d380":62.304008620102415,"0x03ab458634910AaD20eF5f1C8ee96F1D6ac54919":174.83304244438364,"0x04C154b66CB340F3Ae24111CC767e0184Ed00Cc6":308.9350776561299,"0x056Fd409E1d7A124BD7017459dFEa2F387b6d5Cd":167.01080086849268,"0x075b1bb99792c9E1041bA13afEf80C91a1e70fB3":303.6973480480856,"0x085780639CC2cACd35E474e71f4d000e2405d8f6":513.1805290753048,"0x0E2EC54fC0B509F445631Bf4b91AB8168230C752":0.47153766429448984,"0x0E573Ce2736Dd9637A0b21058352e1667925C7a8":142.01045936065137,"0x0a5E677a6A24b2F1A2Bf4F3bFfC443231d2fDEc8":0.04929534115785419,"0x0bc529c00C6401aEF6D220BE8C6Ea1667F6Ad93e":11.443518057738414,"0x0d86883FAf4FfD7aEb116390af37746F45b6f378":187.83113962212465,"0x0dE54CFdfeD8005176f8b7A9D5438B45c4F1df1e":2.902043878827877,"0x1456688345527bE1f37E9e627DA0837D6f08C925":0.22816570057214358,"0x16eAd9a10b1A77007E6E329B076aD1Fe97a6F7C0":67.98140639426181,"0x18084fbA666a33d37592fA2633fD49a74DD93a88":9.282382764419934,"0x183395DbD0B5e93323a7286D1973150697FFFCB3":390.88186360653486,"0x196f4727526eA7FB1e17b2071B3d8eAA38486988":2.5274590882164794,"0x1c48f86ae57291F7686349F12601910BD8D470bb":1.289590875599354,"0x1ce0D1E19c9514230FF8CD1DAbaC2555fb92122b":0,"0x2191DF768ad71140F9F3E96c1e4407A4aA31d082":1.34696586150582,"0x2260FAC5E5542a773Aa44fBCfeDf7C193bc2C599":353.9688957629536,"0x2302aaBe69e6E7A1b0Aa23aAC68fcCB8A4D2B460":124.60785878291574,"0x2570f1bD5D2735314FC102eb12Fc1aFe9e6E7193":809.6792405695189,"0x25eC98773D7b4ceD4cAFaB96A2A1c0945f145e10":0,"0x2889302a794dA87fBF1D6Db415C1492194663D13":350.61279257769854,"0x2b01d4FdB87eb7F2399E5D68631d8A939a323786":14.463817939700531,"0x31429d1856aD1377A8A0079410B297e1a9e214c2":477.59003709429425,"0x32bd822d615A3658A68b6fDD30c2fcb2C996D678":79.75512518704694,"0x34635280737b5BFe6c7DC2FC3065D60d66e78185":388.35935818910343,"0x35282d87011f87508D457F08252Bc5bFa52E10A0":92.92493402483669,"0x35D8949372D46B7a3D5A56006AE77B215fc69bC0":334.08347419544805,"0x35fA164735182de50811E8e2E824cFb9B6118ac2":1108.89120743241,"0x383E6b4437b59fff47B619CBA855CA29342A8559":118.20889572561684,"0x38D64ce1Bdf1A9f24E0Ec469C9cAde61236fB4a0":224.48904875127545,"0x3A283D9c08E8b55966afb64C515f5143cf907611":1955.6183552001548,"0x3Ed3B47Dd13EC9a98b44e6204A523E766B225811":329.3293888430672,"0x40D16FC0246aD3160Ccc09B8D0D3A2cD28aE6C2f":465.7808269454861,"0x4591DBfF62656E7859Afe5e45f6f47D3669fBB28":176.0582398361305,"0x4647B6D835f3B393C7A955df51EEfcf0db961606":314.450387628376,"0x466a756E9A7401B5e2444a3fCB3c2C12FBEa0a54":6.429154175955811,"0x48759F220ED983dB51fA7A8C0D2AAb8f3ce4166a":1522.3441962594513,"0x49446A0874197839D15395B908328a74ccc96Bc0":17.253645611243194,"0x4AE86d8732390d852A13cb918463BC6e5775FaDD":111.07811420366107,"0x4D1941a887eC788F059b3bfcC8eE1E97b968825B":8.966618529485697,"0x4Fabb145d64652a948d72533023f6E7A623C7C53":0.028758354848206418,"0x4c9EDD5852cd905f086C759E8383e09bff1E68B3":1618.7922423713778,"0x4de2ab8177fC5fFAFB7aD11FB8BeB1e5fB95F71C":193.91013087856095,"0x4eBdF703948ddCEA3B11f675B4D1Fba9d2414A14":720.0208814905747,"0x514910771AF9Ca656af840dff83E8264EcF986CA":115.40763085913308,"0x5228a22e72ccC52d415EcFd199F99D0665E7733b":54.15788991992216,"0x5426178799ee0a0181A89b4f57eFddfAb49941Ec":271.28686190280223,"0x5555f75e3d5278082200Fb451D1b6bA946D8e13b":77.58563395719406,"0x57a5a0567187FF4A8dcC1A9bBa86155E355878F2":1.1868145443760574,"0x58efE15C0404aB22F87E4495D71f6f2077e862bE":0.0012485079147433918,"0x5905c0290e59aFBDc42a5480add9bD7B20CB3759":0.17888692808176204,"0x59D9356E565Ab3A36dD77763Fc0d87fEaf85508C":563.4438008207601,"0x5BC25f649fc4e26069dDF4cF4010F9f706c23831":4.25223624553744,"0x5Be6C45e2d074fAa20700C49aDA3E88a1cc0025d":337.88379370791336,"0x5Ca135cB8527d76e932f34B5145575F9d8cbE08E":47.17568448410675,"0x5E8422345238F34275888049021821E8E08CAa1f":17561.129343426663,"0x5e74C9036fb86BD7eCdcb084a0673EFc32eA31cb":205.4236765525999,"0x6359B6d3e327c497453d4376561eE276c6933323":261.7219359743844,"0x63a0964A36c34E81959da5894ad888800e17405b":26.672212867107753,"0x65D72AA8DA931F047169112fcf34f52DbaAE7D18":127.03632602008203,"0x661c70333AA1850CcDBAe82776Bb436A0fCfeEfB":52.91722393038927,"0x668308d77be3533c909a692302Cb4D135Bf8041C":0.05825679586401269,"0x66a1E37c9b0eAddca17d3662D6c05F4DECf3e110":0.10859633187807807,"0x674C6Ad92Fd080e4004b2312b45f796a192D27a0":5.449159334652947,"0x68749665FF8D2d112Fa859AA293F07A622782F38":15.934477016269238,"0x6B175474E89094C44Da98b954EedeAC495271d0F":1801.4261053660641,"0x6C5024Cd4F8A59110119C56f8933403A539555EB":119.41297864541758,"0x6C9815826FdF8c7a45cCfEd2064dbaB33a078712":4.429989776476569,"0x6ade6971Ca3d90990C30d39c78b0534C7166e07b":175.31270789684572,"0x6b5204B0Be36771253Cc38e88012E02B752f0f36":141.40168496338467,"0x6c3F90f043a72FA612cbac8115EE7e52BDe6E490":1033.427454602397,"0x6c3ea9036406852006290770BEdFcAbA0e23A0e8":738.8966905643191,"0x6e52cCe4EaFDf77091dD1c82183b2D97b776b397":314.79370906293406,"0x6ef3D766Dfe02Dc4bF04aAe9122EB9A0Ded25615":0.030211533063667067,"0x7223442cad8e9cA474fC40109ab981608F8c4273":0.5891862937778992,"0x73968b9a57c6E53d41345FD57a6E6ae27d6CDB2F":91.8183558054885,"0x73A15FeD60Bf67631dC6cd7Bc5B6e8da8190aCF5":1237.0594550383153,"0x76237BCfDbe8e06FB774663add96216961df4ff3":16.927138766711163,"0x76Eb2FE28b36B3ee97F3Adae0C69606eeDB2A37c":753.5626199288824,"0x77E06c9eCCf2E797fd462A92B6D7642EF85b0A44":0.83710762408,"0x78da5799CF427Fee11e9996982F4150eCe7a99A7":54.27876829453357,"0x7988292D0FB141085c092132e2a70B30aA1eccAB":467.8454569833534,"0x7F17A6C77C3938D235b014818092eb6305BdA110":56.691276285802914,"0x7F86Bf177Dd4F3494b841a37e810A34dD56c829B":2445.4982248768015,"0x7FA768E035F956c41d6aeaa3Bd857e7E5141CAd5":0.5008389854250369,"0x7ea4aD8C803653498bF6AC1D2dEbc04DCe8Fd2aD":144.8010528828489,"0x7f39C581F595B53c5cb19bD0b3f8dA6c935E2Ca0":843.8469374191736,"0x8064d9Ae6cDf087b1bcd5BDf3531bD5d8C537a68":73.96399703631373,"0x80d69e79258FE9D056c822461c4eb0B4ca8802E2":0.2613928343434615,"0x826180541412D574cf1336d22c0C0a287822678A":274.26609334383164,"0x830614aE209FF9d8706d386fcdBc7a55206fcffC":57.848364581667184,"0x83F20F44975D03b1b09e64809B757c47f942BEeA":1435.4149083536595,"0x84CeCB5525c6B1C20070E742da870062E84Da178":10.113164679403695,"0x853d955aCEf822Db058eb8505911ED77F175b99e":1480.551713676399,"0x856c4Efb76C1D1AE02e20CEB03A2A6a08b0b8dC3":1.8679579821680263,"0x865377367054516e17014CcdED1e7d814EDC9ce4":505.6088173026354,"0x8C0D76C9B18779665475F3E212D9Ca1Ed6A1A0e6":591.2605464214822,"0x8Cd52ee292313C4D851e71A7064F096504aB3eE9":44.84644398028635,"0x8E870D67F660D95d5be530380D0eC0bd388289E1":0.007669264700973163,"0x8c9532a60E0E7C6BbD2B2c1303F63aCE1c3E9811":1.2100928375471185,"0x8dAEBADE922dF735c38C80C7eBD708Af50815fAa":14.150862388634561,"0x8e595470Ed749b85C6F7669de83EAe304C2ec68F":42.05920720419495,"0x917ceE801a67f933F2e6b33fC0cD1ED2d5909D88":510.86774511978996,"0x9181f633E9B9F15A32d5e37094F4C93b333e0E92":1.1915885720999664,"0x922406EAFC3CcEb32b0256F287fB977c426EDbd8":0.02910941809583617,"0x954313005C56b555bdC41B84D6c63B69049d7847":476.2448804966529,"0x9559Aaa82d9649C7A7b220E7c461d2E74c9a3593":199.55089646611026,"0x95710BDE45C8D384A976Cc58Cc7a7e489576b098":2.395564545078702,"0x961D4921e1718E633BAC8Ded88c4a1cAe44b785a":1169.4843944968152,"0x9961BdBE8B7091E584c2bF9D0a160C583f564A8c":398.7880819178731,"0x99D8a9C45b2ecA8864373A26D1459e3Dff1e17F3":15.877570675987474,"0x9BE89D2a4cd102D8Fecc6BF9dA793be995C22541":251.59632322172718,"0x9D39A5DE30e57443BfF2A8307A4256c8797A3497":969.7744352596344,"0x9EEAD9ce15383CaEED975427340b3A369410CFBF":11.932511636148602,"0x9FeE65D5A627e73212989c8BbEdC5Fa5Cae3821F":11.113820501305577,"0x9b77bd0a665F05995b68e36fC1053AFFfAf0d4B5":4.9214106107451245,"0x9de1c3D446237ab9BaFF74127eb4F303802a2683":525.2022101433832,"0xA0b86991c6218b36c1d19D4a2e9Eb0cE3606eB48":4965.560966091986,