{"0x0000000000085d4780B73119b644AE5ecd22b376":0.005451551137489747,"0x005F893EcD7bF9667195642f7649DA8163e23658":17.97962809700162,"0x0100546F2cD4C9D97f798fFC9755E47865FF7Ee6":141.06998414671907,"0x028171bCA77440897B824Ca71D1c56caC55b68A3":117.39461538746987,"0x0316EB71485b0Ab14103307bf65a021042c6d380":51.57169430266591,"0x03ab458634910AaD20eF5f1C8ee96F1D6ac54919":171.67346866391188,"0x04C154b66CB340F3Ae24111CC767e0184Ed00Cc6":205.07404843719488,"0x056Fd409E1d7A124BD7017459dFEa2F387b6d5Cd":103.53093716163244,"0x075b1bb99792c9E1041bA13afEf80C91a1e70fB3":755.6834591014043,"0x085780639CC2cACd35E474e71f4d000e2405d8f6":800.4915210878613,"0x09b2E090531228d1b8E3d948C73b990Cb6e60720":482.71941788842815,"0x0E2EC54fC0B509F445631Bf4b91AB8168230C752":0.4500164079493231,"0x0E573Ce2736Dd9637A0b21058352e1667925C7a8":142.30209814850176,"0x0a5E677a6A24b2F1A2Bf4F3bFfC443231d2fDEc8":1.3888309627162494e-10,"0x0bc529c00C6401aEF6D220BE8C6Ea1667F6Ad93e":6.7046136890133194,"0x0d86883FAf4FfD7aEb116390af37746F45b6f378":139.6804819489902,"0x0dE54CFdfeD8005176f8b7A9D5438B45c4F1df1e":1.921508223345828,"0x1456688345527bE1f37E9e627DA0837D6f08C925":3.651629031338868,"0x16eAd9a10b1A77007E6E329B076aD1Fe97a6F7C0":46.626676778517,"0x18084fbA666a33d37592fA2633fD49a74DD93a88":8.309938835166035,"0x1830c553dC76d3447B69b7B0dC19CF9e3c739C78":87.38562739722977,"0x196f4727526eA7FB1e17b2071B3d8eAA38486988":0.12622089657093788,"0x1c48f86ae57291F7686349F12601910BD8D470bb":0.05249113798322795,"0x1ce0D1E19c9514230FF8CD1DAbaC2555fb92122b":0,"0x2260FAC5E5542a773Aa44fBCfeDf7C193bc2C599":316.49015647917525,"0x2570f1bD5D2735314FC102eb12Fc1aFe9e6E7193":293.9645156225334,"0x25eC98773D7b4ceD4cAFaB96A2A1c0945f145e10":5.8702467151774025,"0x2889302a794dA87fBF1D6Db415C1492194663D13":1717.6942685398365,"0x29059568bB40344487d62f7450E78b8E6C74e0e5":661.3331825737682,"0x2b01d4FdB87eb7F2399E5D68631d8A939a323786":14.27356639874089,"0x31429d1856aD1377A8A0079410B297e1a9e214c2":478.5207333184147,"0x32bd822d615A3658A68b6fDD30c2fcb2C996D678":40.70942465785844,"0x35282d87011f87508D457F08252Bc5bFa52E10A0":706.134641605772,"0x35fA164735182de50811E8e2E824cFb9B6118ac2":888.8493923866201,"0x365AccFCa291e7D3914637ABf1F7635dB165Bb09":509.5225664163865,"0x383E6b4437b59fff47B619CBA855CA29342A8559":32.681477511804374,"0x38D64ce1Bdf1A9f24E0Ec469C9cAde61236fB4a0":1217.818671846456,"0x3A283D9c08E8b55966afb64C515f5143cf907611":8398.953057898456,"0x3Ed3B47Dd13EC9a98b44e6204A523E766B225811":571.5213565552096,"0x3f0e7916681452D23Cd36B1281457DA721F2E5dF":489.13559768747876,"0x40D16FC0246aD3160Ccc09B8D0D3A2cD28aE6C2f":1065.955207441372,"0x4591DBfF62656E7859Afe5e45f6f47D3669fBB28":289.54915710284644,"0x4647B6D835f3B393C7A955df51EEfcf0db961606":156.14167250737705,"0x466a756E9A7401B5e2444a3fCB3c2C12FBEa0a54":522.8000311643046,"0x48759F220ED983dB51fA7A8C0D2AAb8f3ce4166a":952.383773311788,"0x49446A0874197839D15395B908328a74ccc96Bc0":15.459844224937175,"0x4AE86d8732390d852A13cb918463BC6e5775FaDD":29.037572867084112,"0x4D1941a887eC788F059b3bfcC8eE1E97b968825B":11.611187612473383,"0x4DEcE678ceceb27446b35C672dC7d61F30bAD69E":606.9382224798155,"0x4Fabb145d64652a948d72533023f6E7A623C7C53":0.003867791910933877,"0x4c9EDD5852cd905f086C759E8383e09bff1E68B3":10579.772207081669,"0x4eBdF703948ddCEA3B11f675B4D1Fba9d2414A14":3616.2246409319096,"0x514910771AF9Ca656af840dff83E8264EcF986CA":103.82109526759996,"0x5228a22e72ccC52d415EcFd199F99D0665E7733b":49.673785223807776,"0x5426178799ee0a0181A89b4f57eFddfAb49941Ec":30.838959442687173,"0x5555f75e3d5278082200Fb451D1b6bA946D8e13b":43.55974564445328,"0x57a5a0567187FF4A8dcC1A9bBa86155E355878F2":1.0413645609732924,"0x58efE15C0404aB22F87E4495D71f6f2077e862bE":0.00124848044625078,"0x5905c0290e59aFBDc42a5480add9bD7B20CB3759":0.07153494803448891,"0x59D9356E565Ab3A36dD77763Fc0d87fEaf85508C":495.7879363544445,"0x5BC25f649fc4e26069dDF4cF4010F9f706c23831":0.7521723870936146,"0x5Be6C45e2d074fAa20700C49aDA3E88a1cc0025d":503.70076028613255,"0x5Ca135cB8527d76e932f34B5145575F9d8cbE08E":51.898760469701365,"0x5E8422345238F34275888049021821E8E08CAa1f":14823.350436499162,"0x5e74C9036fb86BD7eCdcb084a0673EFc32eA31cb":176.4276296325965,"0x63a0964A36c34E81959da5894ad888800e17405b":20.35464476804103,"0x65D72AA8DA931F047169112fcf34f52DbaAE7D18":115.25992020790386,"0x661c70333AA1850CcDBAe82776Bb436A0fCfeEfB":27.156977051445097,"0x6663b6D50992ef4fc0380199397c87C2f5256075":530.5123731786192,"0x668308d77be3533c909a692302Cb4D135Bf8041C":0.050894321115157674,"0x66a1E37c9b0eAddca17d3662D6c05F4DECf3e110":0.10850369500097885,"0x674C6Ad92Fd080e4004b2312b45f796a192D27a0":1.4538311263264048,"0x68749665FF8D2d112Fa859AA293F07A622782F38":18.18160927571029,"0x6B175474E89094C44Da98b954EedeAC495271d0F":6658.637024800532,"0x6C280dB098dB673d30d5B34eC04B6387185D3620":57.05355340364384,"0x6C5024Cd4F8A59110119C56f8933403A539555EB":108.44821424200121,"0x6ade6971Ca3d90990C30d39c78b0534C7166e07b":105.21271229235754,"0x6b5204B0Be36771253Cc38e88012E02B752f0f36":22.68365544851903,"0x6c38cE8984a890F5e46e6dF6117C26b3F1EcfC9C":0.000001481404842102,"0x6c3F90f043a72FA612cbac8115EE7e52BDe6E490":1286.6299473192548,"0x6c3ea9036406852006290770BEdFcAbA0e23A0e8":2094.522855999587,"0x6e52cCe4EaFDf77091dD1c82183b2D97b776b397":902.8250773325262,"0x6ef3D766Dfe02Dc4bF04aAe9122EB9A0Ded25615":0.02631593030043145,"0x73968b9a57c6E53d41345FD57a6E6ae27d6CDB2F":72.02648004146512,"0x73A15FeD60Bf67631dC6cd7Bc5B6e8da8190aCF5":0.012592845605881624,"0x76237BCfDbe8e06FB774663add96216961df4ff3":16.759633323546844,"0x76Eb2FE28b36B3ee97F3Adae0C69606eeDB2A37c":724.0833817390625,"0x77E06c9eCCf2E797fd462A92B6D7642EF85b0A44":0.45618308886,"0x78da5799CF427Fee11e9996982F4150eCe7a99A7":286.85357766709313,"0x7988292D0FB141085c092132e2a70B30aA1eccAB":479.25143303058985,"0x7F17A6C77C3938D235b014818092eb6305BdA110":45.16554069829732,"0x7F86Bf177Dd4F3494b841a37e810A34dD56c829B":10632.26640337696,"0x7FA768E035F956c41d6aeaa3Bd857e7E5141CAd5":0.035694992870733265,"0x7ea4aD8C803653498bF6AC1D2dEbc04DCe8Fd2aD":103.62155526588924,"0x7f39C581F595B53c5cb19bD0b3f8dA6c935E2Ca0":5058.096806291379,"0x8064d9Ae6cDf087b1bcd5BDf3531bD5d8C537a68":68.73391197034076,"0x80d69e79258FE9D056c822461c4eb0B4ca8802E2":0.02431411386080772,"0x826180541412D574cf1336d22c0C0a287822678A":828.7150575352479,"0x830614aE209FF9d8706d386fcdBc7a55206fcffC":35.520653156511905,"0x83F20F44975D03b1b09e64809B757c47f942BEeA":8967.96342782933,"0x84CeCB5525c6B1C20070E742da870062E84Da178":3.3186013110919044,"0x853d955aCEf822Db058eb8505911ED77F175b99e":4206.747287564069,"0x856c4Efb76C1D1AE02e20CEB03A2A6a08b0b8dC3":1.6208137690653286,"0x865377367054516e17014CcdED1e7d814EDC9ce4":475.6368449139689,"0x8C0D76C9B18779665475F3E212D9Ca1Ed6A1A0e6":324.4508341786541,"0x8C88538688aca3b733aD08b12BEe4574c0C00907":151.0410706106075,"0x8Cd52ee292313C4D851e71A7064F096504aB3eE9":113.45482562973777,"0x8E870D67F660D95d5be530380D0eC0bd388289E1":666.6014446394096,"0x8dAEBADE922dF735c38C80C7eBD708Af50815fAa":16.122206411702884,"0x8e595470Ed749b85C6F7669de83EAe304C2ec68F":15.83186497374039,"0x917ceE801a67f933F2e6b33fC0cD1ED2d5909D88":320.5908776303808,"0x9181f633E9B9F15A32d5e37094F4C93b333e0E92":0.41226983442268467,"0x922406EAFC3CcEb32b0256F287fB977c426EDbd8":0.029048814671948336,"0x9559Aaa82d9649C7A7b220E7c461d2E74c9a3593":174.356286981593,"0x95710BDE45C8D384A976Cc58Cc7a7e489576b098":0.6190969019206792,"0x961D4921e1718E633BAC8Ded88c4a1cAe44b785a":218.28626891241925,"0x96E61422b6A9bA0e068B6c5ADd4fFaBC6a4aae27":548.4869080610974,"0x9961BdBE8B7091E584c2bF9D0a160C583f564A8c":390.76654384697633,"0x99D8a9C45b2ecA8864373A26D1459e3Dff1e17F3":50.0282024968031,"0x9BE89D2a4cd102D8Fecc6BF9dA793be995C22541":219.0946176358462,"0x9D39A5DE30e57443BfF2A8307A4256c8797A3497":8758.02458015181,"0x9EEAD9ce15383CaEED975427340b3A369410CFBF":0.00000399811611228,"0x9FeE65D5A627e73212989c8BbEdC5Fa5Cae3821F":13.34709682482497,"0x9de1c3D446237ab9BaFF74127eb4F303802a2683":280.94820713909087,"0xA0b86991c6218b36c1d19D4a2e9Eb0cE3606eB48":13734.93878111454,