{"0x0000000000085d4780B73119b644AE5ecd22b376":215.6745398720282,"0x0000000016E6Cb3038203c1129c8B4aEE7af7a11":0.7729083796006362,"0x005F893EcD7bF9667195642f7649DA8163e23658":165.15222859557971,"0x0100546F2cD4C9D97f798fFC9755E47865FF7Ee6":384.0293696160315,"0x028171bCA77440897B824Ca71D1c56caC55b68A3":1193.7206677436677,"0x0316EB71485b0Ab14103307bf65a021042c6d380":0.2229593578935108,"0x03ab458634910AaD20eF5f1C8ee96F1D6ac54919":262.4886634780612,"0x04C154b66CB340F3Ae24111CC767e0184Ed00Cc6":310.0812208221492,"0x051d7e5609917Bd9b73f04BAc0DED8Dd46a74301":376.32654009818566,"0x056Fd409E1d7A124BD7017459dFEa2F387b6d5Cd":460.7246147600025,"0x075b1bb99792c9E1041bA13afEf80C91a1e70fB3":595.4975511010147,"0x085780639CC2cACd35E474e71f4d000e2405d8f6":547.5477952382328,"0x09db87A538BD693E9d08544577d5cCfAA6373A48":104.21853516280898,"0x0E2EC54fC0B509F445631Bf4b91AB8168230C752":0.4713221263156683,"0x0E573Ce2736Dd9637A0b21058352e1667925C7a8":145.38619909220935,"0x0a5E677a6A24b2F1A2Bf4F3bFfC443231d2fDEc8":0.1696090755532841,"0x0bc529c00C6401aEF6D220BE8C6Ea1667F6Ad93e":21.846517490345978,"0x0d86883FAf4FfD7aEb116390af37746F45b6f378":331.64921227162745,"0x0dE54CFdfeD8005176f8b7A9D5438B45c4F1df1e":5.27927670764671,"0x1456688345527bE1f37E9e627DA0837D6f08C925":5.193236146737355,"0x15700B564Ca08D9439C58cA5053166E8317aa138":456.232570352281,"0x18084fbA666a33d37592fA2633fD49a74DD93a88":56.138717113483295,"0x183395DbD0B5e93323a7286D1973150697FFFCB3":566.0304771785485,"0x196f4727526eA7FB1e17b2071B3d8eAA38486988":1.7403624747248172,"0x1BED97CBC3c24A4fb5C069C6E311a967386131f7":269.6598318131123,"0x1aBaEA1f7C830bD89Acc67eC4af516284b1bC33c":117.36303116125269,"0x1c48f86ae57291F7686349F12601910BD8D470bb":1.1810199918663529,"0x1ce0D1E19c9514230FF8CD1DAbaC2555fb92122b":0,"0x2191DF768ad71140F9F3E96c1e4407A4aA31d082":24.29794561731509,"0x2260FAC5E5542a773Aa44fBCfeDf7C193bc2C599":30.542778045098625,"0x25eC98773D7b4ceD4cAFaB96A2A1c0945f145e10":0,"0x2889302a794dA87fBF1D6Db415C1492194663D13":1825.3086169417575,"0x2b01d4FdB87eb7F2399E5D68631d8A939a323786":251.74972106400193,"0x2bd1F344a2398340C2b1119Da98816eA723F5F0f":0.2413014887990505,"0x3175Df0976dFA876431C2E9eE6Bc45b65d3473CC":0.000038713076136372374,"0x3231Cb76718CDeF2155FC47b5286d82e6eDA273f":331.5103728482665,"0x32bd822d615A3658A68b6fDD30c2fcb2C996D678":298.4918403603754,"0x3432B6A60D23Ca0dFCa7761B7ab56459D9C964D0":303.10898082923313,"0x34635280737b5BFe6c7DC2FC3065D60d66e78185":270.73681283789585,"0x35282d87011f87508D457F08252Bc5bFa52E10A0":160.95447623712565,"0x35D8949372D46B7a3D5A56006AE77B215fc69bC0":2080.941878353052,"0x35fA164735182de50811E8e2E824cFb9B6118ac2":968.2075861540948,"0x365AccFCa291e7D3914637ABf1F7635dB165Bb09":561.5755535756305,"0x383E6b4437b59fff47B619CBA855CA29342A8559":199.601871433605,"0x38D64ce1Bdf1A9f24E0Ec469C9cAde61236fB4a0":252.2351957988177,"0x393DaD6c76D962Abba489a77dBf37ae948A4A6ee":140.14959199209645,"0x3A2725556Dde7B21fBe3dD64A4913ff29faba6A1":0.029680151449651054,"0x3Ed3B47Dd13EC9a98b44e6204A523E766B225811":3.213291789781937,"0x3f0e7916681452D23Cd36B1281457DA721F2E5dF":65.6348038856577,"0x40D16FC0246aD3160Ccc09B8D0D3A2cD28aE6C2f":330.99173433224075,"0x4591DBfF62656E7859Afe5e45f6f47D3669fBB28":230.67729818156997,"0x466a756E9A7401B5e2444a3fCB3c2C12FBEa0a54":58.24807037236088,"0x48759F220ED983dB51fA7A8C0D2AAb8f3ce4166a":2408.6939547487373,"0x49446A0874197839D15395B908328a74ccc96Bc0":42.27893401307703,"0x4D55a36902a6546A79ec4c9c315241De746D5fC3":0,"0x4DEcE678ceceb27446b35C672dC7d61F30bAD69E":445.0557808243255,"0x4Fabb145d64652a948d72533023f6E7A623C7C53":0.039571969786298365,"0x4c9EDD5852cd905f086C759E8383e09bff1E68B3":3855.9855229213804,"0x514910771AF9Ca656af840dff83E8264EcF986CA":86.75110613935486,"0x5228a22e72ccC52d415EcFd199F99D0665E7733b":62.55779422112418,"0x527331F3F550f6f85ACFEcAB9Cc0889180C6f1d5":329.6602287786473,"0x5555f75e3d5278082200Fb451D1b6bA946D8e13b":120.53521809304601,"0x57Ab1ec28D129707052df4dF418D58a2D46d5f51":157.27964293973068,"0x57a5a0567187FF4A8dcC1A9bBa86155E355878F2":0.8410176313693266,"0x58efE15C0404aB22F87E4495D71f6f2077e862bE":0.001247943562077,"0x5905c0290e59aFBDc42a5480add9bD7B20CB3759":0.177823912570924,"0x59D9356E565Ab3A36dD77763Fc0d87fEaf85508C":249.31571719235492,"0x5BC25f649fc4e26069dDF4cF4010F9f706c23831":2.172033727541401,"0x5Be6C45e2d074fAa20700C49aDA3E88a1cc0025d":582.1521213672997,"0x5Ca135cB8527d76e932f34B5145575F9d8cbE08E":55.921821797379295,"0x5E8422345238F34275888049021821E8E08CAa1f":14365.566105610518,"0x5Ea630e00D6eE438d3deA1556A110359ACdc10A9":365.93273070948896,"0x5e74C9036fb86BD7eCdcb084a0673EFc32eA31cb":7.731526967195405,"0x63a0964A36c34E81959da5894ad888800e17405b":299.53158450962485,"0x65D72AA8DA931F047169112fcf34f52DbaAE7D18":364.4855622311346,"0x661c70333AA1850CcDBAe82776Bb436A0fCfeEfB":126.14609362724919,"0x668308d77be3533c909a692302Cb4D135Bf8041C":0.04448932178888332,"0x66a1E37c9b0eAddca17d3662D6c05F4DECf3e110":36.10058760272591,"0x674C6Ad92Fd080e4004b2312b45f796a192D27a0":4.078629542736702,"0x677ddbd918637E5F2c79e164D402454dE7dA8619":3.6500419880294013,"0x68749665FF8D2d112Fa859AA293F07A622782F38":20.794373296274106,"0x69000405f9DcE69BD4Cbf4f2865b79144A69BFE0":0.003530466940383017,"0x6B175474E89094C44Da98b954EedeAC495271d0F":484.91198606375644,"0x6C5024Cd4F8A59110119C56f8933403A539555EB":125.55377885322154,"0x6C9815826FdF8c7a45cCfEd2064dbaB33a078712":59.29763766636295,"0x6b5204B0Be36771253Cc38e88012E02B752f0f36":194.4597522976978,"0x6c3F90f043a72FA612cbac8115EE7e52BDe6E490":1051.1194944201304,"0x6c3ea9036406852006290770BEdFcAbA0e23A0e8":596.8209250693208,"0x6ef3D766Dfe02Dc4bF04aAe9122EB9A0Ded25615":0.04213637722399001,"0x7223442cad8e9cA474fC40109ab981608F8c4273":150.35991977902125,"0x73968b9a57c6E53d41345FD57a6E6ae27d6CDB2F":147.84651428428603,"0x73A15FeD60Bf67631dC6cd7Bc5B6e8da8190aCF5":2142.00326130805,"0x752B4c6e92d96467fE9b9a2522EF07228E00F87c":48.9908307896398,"0x76237BCfDbe8e06FB774663add96216961df4ff3":36.164469949466685,"0x76Eb2FE28b36B3ee97F3Adae0C69606eeDB2A37c":1186.6715765164129,"0x77E06c9eCCf2E797fd462A92B6D7642EF85b0A44":0.24487129488034762,"0x78da5799CF427Fee11e9996982F4150eCe7a99A7":95.14505561123534,"0x7F86Bf177Dd4F3494b841a37e810A34dD56c829B":9250.051024751925,"0x7FA768E035F956c41d6aeaa3Bd857e7E5141CAd5":0.37895917785860456,"0x7f39C581F595B53c5cb19bD0b3f8dA6c935E2Ca0":2150.771581669394,"0x8064d9Ae6cDf087b1bcd5BDf3531bD5d8C537a68":81.91357119641545,"0x808507121B80c02388fAd14726482e061B8da827":215.21400546535048,"0x80d69e79258FE9D056c822461c4eb0B4ca8802E2":0.19678289488921005,"0x826180541412D574cf1336d22c0C0a287822678A":206.84912641423054,"0x830614aE209FF9d8706d386fcdBc7a55206fcffC":51.15050054175326,"0x83F20F44975D03b1b09e64809B757c47f942BEeA":4644.235806521069,"0x853d955aCEf822Db058eb8505911ED77F175b99e":1744.3862527539216,"0x856c4Efb76C1D1AE02e20CEB03A2A6a08b0b8dC3":297.2896276875127,"0x865377367054516e17014CcdED1e7d814EDC9ce4":33.97013966017298,"0x8C0D76C9B18779665475F3E212D9Ca1Ed6A1A0e6":662.0381765322005,"0x8E870D67F660D95d5be530380D0eC0bd388289E1":172.02621270126713,"0x8c9532a60E0E7C6BbD2B2c1303F63aCE1c3E9811":210.17136153443232,"0x8dAEBADE922dF735c38C80C7eBD708Af50815fAa":20.708538878086188,"0x8e595470Ed749b85C6F7669de83EAe304C2ec68F":459.0572348308771,"0x917ceE801a67f933F2e6b33fC0cD1ED2d5909D88":375.63514080320607,"0x9181f633E9B9F15A32d5e37094F4C93b333e0E92":0.8998027976949711,"0x922406EAFC3CcEb32b0256F287fB977c426EDbd8":0.0072830833138624994,"0x9559Aaa82d9649C7A7b220E7c461d2E74c9a3593":37.112059908844806,"0x95710BDE45C8D384A976Cc58Cc7a7e489576b098":2.666257735164331,"0x961D4921e1718E633BAC8Ded88c4a1cAe44b785a":791.617592213937,"0x9961BdBE8B7091E584c2bF9D0a160C583f564A8c":406.9228009795828,"0x99D8a9C45b2ecA8864373A26D1459e3Dff1e17F3":36.72357250306928,"0x9BE89D2a4cd102D8Fecc6BF9dA793be995C22541":286.15910085637864,"0x9D11ab23d33aD026C466CE3c124928fDb69Ba20E":1.2179555061592306,"0x9D39A5DE30e57443BfF2A8307A4256c8797A3497":5030.930238959746,"0x9EEAD9ce15383CaEED975427340b3A369410CFBF":18.195574540466403,