{"0x0000000000085d4780B73119b644AE5ecd22b376":0.005464984527601005,"0x005F893EcD7bF9667195642f7649DA8163e23658":6.696055759934514,"0x0100546F2cD4C9D97f798fFC9755E47865FF7Ee6":132.35975232283357,"0x028171bCA77440897B824Ca71D1c56caC55b68A3":120.18145954276821,"0x0316EB71485b0Ab14103307bf65a021042c6d380":47.943312004371634,"0x03ab458634910AaD20eF5f1C8ee96F1D6ac54919":165.72703745401822,"0x04C154b66CB340F3Ae24111CC767e0184Ed00Cc6":190.204103130365,"0x056Fd409E1d7A124BD7017459dFEa2F387b6d5Cd":71.6669242884961,"0x067079c14B85169e6a29703769dadDef90816f4C":474.29386055362033,"0x075b1bb99792c9E1041bA13afEf80C91a1e70fB3":726.5868151543979,"0x085780639CC2cACd35E474e71f4d000e2405d8f6":783.0491035787486,"0x09b2E090531228d1b8E3d948C73b990Cb6e60720":468.5922037001945,"0x0E2EC54fC0B509F445631Bf4b91AB8168230C752":0.4500202158729141,"0x0E573Ce2736Dd9637A0b21058352e1667925C7a8":138.38284810184567,"0x0bc529c00C6401aEF6D220BE8C6Ea1667F6Ad93e":2.169356788411167,"0x0d86883FAf4FfD7aEb116390af37746F45b6f378":0.09218004970169279,"0x0dE54CFdfeD8005176f8b7A9D5438B45c4F1df1e":5.833794853919667,"0x1456688345527bE1f37E9e627DA0837D6f08C925":6.778113857328049,"0x16eAd9a10b1A77007E6E329B076aD1Fe97a6F7C0":30.824769426947967,"0x18084fbA666a33d37592fA2633fD49a74DD93a88":2.7173661859650258,"0x1830c553dC76d3447B69b7B0dC19CF9e3c739C78":75.65791504721997,"0x196f4727526eA7FB1e17b2071B3d8eAA38486988":2.475901148552405,"0x1c48f86ae57291F7686349F12601910BD8D470bb":1.2628784521982586,"0x1ce0D1E19c9514230FF8CD1DAbaC2555fb92122b":0,"0x2260FAC5E5542a773Aa44fBCfeDf7C193bc2C599":305.08908405316424,"0x2570f1bD5D2735314FC102eb12Fc1aFe9e6E7193":267.76471767149553,"0x25eC98773D7b4ceD4cAFaB96A2A1c0945f145e10":5.954920155797827,"0x2889302a794dA87fBF1D6Db415C1492194663D13":1546.0322677584666,"0x29059568bB40344487d62f7450E78b8E6C74e0e5":566.2705073782784,"0x2b01d4FdB87eb7F2399E5D68631d8A939a323786":0.9290981885199543,"0x31429d1856aD1377A8A0079410B297e1a9e214c2":483.0834870195988,"0x32bd822d615A3658A68b6fDD30c2fcb2C996D678":26.368676874982086,"0x35282d87011f87508D457F08252Bc5bFa52E10A0":696.3191761457205,"0x35fA164735182de50811E8e2E824cFb9B6118ac2":877.3503223852383,"0x365AccFCa291e7D3914637ABf1F7635dB165Bb09":470.64636858902264,"0x383E6b4437b59fff47B619CBA855CA29342A8559":22.494739132042934,"0x38D64ce1Bdf1A9f24E0Ec469C9cAde61236fB4a0":1168.441186697379,"0x3A283D9c08E8b55966afb64C515f5143cf907611":7595.1520655123895,"0x3Ed3B47Dd13EC9a98b44e6204A523E766B225811":361.17290106498285,"0x3f0e7916681452D23Cd36B1281457DA721F2E5dF":407.59805975798673,"0x40D16FC0246aD3160Ccc09B8D0D3A2cD28aE6C2f":1053.4020210429235,"0x4591DBfF62656E7859Afe5e45f6f47D3669fBB28":252.85125243319825,"0x4647B6D835f3B393C7A955df51EEfcf0db961606":133.29809110538991,"0x466a756E9A7401B5e2444a3fCB3c2C12FBEa0a54":520.1389477701891,"0x48759F220ED983dB51fA7A8C0D2AAb8f3ce4166a":888.2669212975792,"0x49446A0874197839D15395B908328a74ccc96Bc0":9.512418372809089,"0x4D1941a887eC788F059b3bfcC8eE1E97b968825B":1.8110990480230982,"0x4DEcE678ceceb27446b35C672dC7d61F30bAD69E":601.8304141979322,"0x4Fabb145d64652a948d72533023f6E7A623C7C53":0.003909906637977998,"0x4c9EDD5852cd905f086C759E8383e09bff1E68B3":8972.405578990523,"0x4de2ab8177fC5fFAFB7aD11FB8BeB1e5fB95F71C":34.047608384353104,"0x4eBdF703948ddCEA3B11f675B4D1Fba9d2414A14":2669.768674061404,"0x514910771AF9Ca656af840dff83E8264EcF986CA":94.73679349838712,"0x5228a22e72ccC52d415EcFd199F99D0665E7733b":42.565244177884026,"0x5426178799ee0a0181A89b4f57eFddfAb49941Ec":19.098022388260343,"0x5555f75e3d5278082200Fb451D1b6bA946D8e13b":16.785544093833277,"0x57a5a0567187FF4A8dcC1A9bBa86155E355878F2":1.0267412472564559,"0x58efE15C0404aB22F87E4495D71f6f2077e862bE":0.0012498164138459997,"0x5905c0290e59aFBDc42a5480add9bD7B20CB3759":0.041238340790777164,"0x59D9356E565Ab3A36dD77763Fc0d87fEaf85508C":456.6046779169991,"0x5BC25f649fc4e26069dDF4cF4010F9f706c23831":4.3348264974707655,"0x5Be6C45e2d074fAa20700C49aDA3E88a1cc0025d":377.40894768873284,"0x5Ca135cB8527d76e932f34B5145575F9d8cbE08E":43.35570508311121,"0x5E8422345238F34275888049021821E8E08CAa1f":14545.699633108441,"0x5b6C539b224014A09B3388e51CaAA8e354c959C8":146.12321286897574,"0x5e74C9036fb86BD7eCdcb084a0673EFc32eA31cb":168.77152027017755,"0x63a0964A36c34E81959da5894ad888800e17405b":12.819607334485122,"0x65D72AA8DA931F047169112fcf34f52DbaAE7D18":106.34066814428206,"0x661c70333AA1850CcDBAe82776Bb436A0fCfeEfB":6.446170227002861,"0x668308d77be3533c909a692302Cb4D135Bf8041C":0.05023278421647837,"0x66a1E37c9b0eAddca17d3662D6c05F4DECf3e110":0.1087300620832781,"0x674C6Ad92Fd080e4004b2312b45f796a192D27a0":3.3730338268087037,"0x68749665FF8D2d112Fa859AA293F07A622782F38":7.369506301585159,"0x6B175474E89094C44Da98b954EedeAC495271d0F":6489.712094668711,"0x6C280dB098dB673d30d5B34eC04B6387185D3620":44.25496218802997,"0x6C5024Cd4F8A59110119C56f8933403A539555EB":101.36332767893386,"0x6ade6971Ca3d90990C30d39c78b0534C7166e07b":95.5223182127921,"0x6b5204B0Be36771253Cc38e88012E02B752f0f36":4.454743500084662,"0x6c3F90f043a72FA612cbac8115EE7e52BDe6E490":1220.925214536365,"0x6c3ea9036406852006290770BEdFcAbA0e23A0e8":1986.6794030293445,"0x6e52cCe4EaFDf77091dD1c82183b2D97b776b397":866.0946693921401,"0x6ef3D766Dfe02Dc4bF04aAe9122EB9A0Ded25615":0.02609030459311755,"0x73968b9a57c6E53d41345FD57a6E6ae27d6CDB2F":63.20622135785278,"0x73A15FeD60Bf67631dC6cd7Bc5B6e8da8190aCF5":0.012562589479432852,"0x76237BCfDbe8e06FB774663add96216961df4ff3":9.07076979350088,"0x76Eb2FE28b36B3ee97F3Adae0C69606eeDB2A37c":724.1587811793968,"0x77E06c9eCCf2E797fd462A92B6D7642EF85b0A44":0.44254127484,"0x78da5799CF427Fee11e9996982F4150eCe7a99A7":270.62681850244775,"0x7F17A6C77C3938D235b014818092eb6305BdA110":39.858441359893995,"0x7F86Bf177Dd4F3494b841a37e810A34dD56c829B":9574.11611925213,"0x7FA768E035F956c41d6aeaa3Bd857e7E5141CAd5":0.0353964709383381,"0x7ea4aD8C803653498bF6AC1D2dEbc04DCe8Fd2aD":75.6872387719952,"0x7f39C581F595B53c5cb19bD0b3f8dA6c935E2Ca0":4700.228022089727,"0x8064d9Ae6cDf087b1bcd5BDf3531bD5d8C537a68":61.555003141897615,"0x80d69e79258FE9D056c822461c4eb0B4ca8802E2":0.024036551861299316,"0x826180541412D574cf1336d22c0C0a287822678A":807.410079129474,"0x830614aE209FF9d8706d386fcdBc7a55206fcffC":39.93230334793966,"0x83F20F44975D03b1b09e64809B757c47f942BEeA":7561.8022895032445,"0x853d955aCEf822Db058eb8505911ED77F175b99e":3290.132063065595,"0x856c4Efb76C1D1AE02e20CEB03A2A6a08b0b8dC3":1.6154897823899392,"0x865377367054516e17014CcdED1e7d814EDC9ce4":470.5610716411524,"0x8C0D76C9B18779665475F3E212D9Ca1Ed6A1A0e6":318.60253109197555,"0x8C88538688aca3b733aD08b12BEe4574c0C00907":126.10027859980202,"0x8Cd52ee292313C4D851e71A7064F096504aB3eE9":53.129384864726006,"0x8E870D67F660D95d5be530380D0eC0bd388289E1":662.2258738050765,"0x8dAEBADE922dF735c38C80C7eBD708Af50815fAa":9.343793928941832,"0x8e595470Ed749b85C6F7669de83EAe304C2ec68F":15.069617744930133,"0x917ceE801a67f933F2e6b33fC0cD1ED2d5909D88":285.43258686865045,"0x9181f633E9B9F15A32d5e37094F4C93b333e0E92":0.4087349920650867,"0x922406EAFC3CcEb32b0256F287fB977c426EDbd8":0.02910941809583617,"0x9559Aaa82d9649C7A7b220E7c461d2E74c9a3593":164.88376945769855,"0x95710BDE45C8D384A976Cc58Cc7a7e489576b098":0.6204631264856151,"0x961D4921e1718E633BAC8Ded88c4a1cAe44b785a":214.92845665098343,"0x96E61422b6A9bA0e068B6c5ADd4fFaBC6a4aae27":535.6424782311947,"0x9961BdBE8B7091E584c2bF9D0a160C583f564A8c":384.28748786758246,"0x99D8a9C45b2ecA8864373A26D1459e3Dff1e17F3":33.337750295274695,"0x9BE89D2a4cd102D8Fecc6BF9dA793be995C22541":207.462017406677,"0x9D39A5DE30e57443BfF2A8307A4256c8797A3497":7003.823793618382,"0x9EEAD9ce15383CaEED975427340b3A369410CFBF":0.0000040023943959999996,"0x9FeE65D5A627e73212989c8BbEdC5Fa5Cae3821F":6.268971681438625,"0x9de1c3D446237ab9BaFF74127eb4F303802a2683":246.25401784694603,"0xA0b86991c6218b36c1d19D4a2e9Eb0cE3606eB48":12301.548049981762,"0xA0d69E286B938e21CBf7E51D71F6A4c8918f482F":507.65447739698243,"0xA1290d69c65A6Fe4DF752f95823fae25cB99e5A7":166.04185256928386,"0xA35b1B31Ce002FBF2058D22F30f95D405200A15b":1.6233389204675746,