{"0x0000000000085d4780B73119b644AE5ecd22b376":0.008459865070283007,"0x005F893EcD7bF9667195642f7649DA8163e23658":140.96258776467283,"0x0100546F2cD4C9D97f798fFC9755E47865FF7Ee6":159.77800750096003,"0x028171bCA77440897B824Ca71D1c56caC55b68A3":745.3713480860806,"0x0316EB71485b0Ab14103307bf65a021042c6d380":61.74632979860734,"0x03ab458634910AaD20eF5f1C8ee96F1D6ac54919":175.6187134622918,"0x04C154b66CB340F3Ae24111CC767e0184Ed00Cc6":257.67144835649236,"0x056Fd409E1d7A124BD7017459dFEa2F387b6d5Cd":498.31691318450186,"0x067079c14B85169e6a29703769dadDef90816f4C":187.79259020289138,"0x075b1bb99792c9E1041bA13afEf80C91a1e70fB3":760.5773950993819,"0x085780639CC2cACd35E474e71f4d000e2405d8f6":1190.9383259495905,"0x09b2E090531228d1b8E3d948C73b990Cb6e60720":497.348140083533,"0x0E2EC54fC0B509F445631Bf4b91AB8168230C752":0.47156727614042315,"0x0E573Ce2736Dd9637A0b21058352e1667925C7a8":143.6974219809907,"0x0a5E677a6A24b2F1A2Bf4F3bFfC443231d2fDEc8":0.02064397887263228,"0x0bc529c00C6401aEF6D220BE8C6Ea1667F6Ad93e":14.863542342588275,"0x0d86883FAf4FfD7aEb116390af37746F45b6f378":187.3115893477886,"0x0dE54CFdfeD8005176f8b7A9D5438B45c4F1df1e":4.435602042552275,"0x137469B55D1f15651BA46A89D0588e97dD0B6562":0.12274889727267821,"0x1456688345527bE1f37E9e627DA0837D6f08C925":5.138209681940396,"0x16eAd9a10b1A77007E6E329B076aD1Fe97a6F7C0":66.17631604571646,"0x18084fbA666a33d37592fA2633fD49a74DD93a88":25.70886641075271,"0x1830c553dC76d3447B69b7B0dC19CF9e3c739C78":100.6109149073615,"0x183395DbD0B5e93323a7286D1973150697FFFCB3":335.41006247563973,"0x196f4727526eA7FB1e17b2071B3d8eAA38486988":1.306757162417342,"0x1c48f86ae57291F7686349F12601910BD8D470bb":1.0155173112742895,"0x1ce0D1E19c9514230FF8CD1DAbaC2555fb92122b":0,"0x2260FAC5E5542a773Aa44fBCfeDf7C193bc2C599":321.40052179007216,"0x22CF19EB64226e0E1A79c69b345b31466fD273A7":0.9876478789160468,"0x2570f1bD5D2735314FC102eb12Fc1aFe9e6E7193":589.1916402315173,"0x25eC98773D7b4ceD4cAFaB96A2A1c0945f145e10":0,"0x2889302a794dA87fBF1D6Db415C1492194663D13":972.880161445587,"0x29059568bB40344487d62f7450E78b8E6C74e0e5":105.92464019945932,"0x2b01d4FdB87eb7F2399E5D68631d8A939a323786":20.100648236504995,"0x31429d1856aD1377A8A0079410B297e1a9e214c2":472.3323445943169,"0x32bd822d615A3658A68b6fDD30c2fcb2C996D678":63.61357873806441,"0x34635280737b5BFe6c7DC2FC3065D60d66e78185":383.4711660990023,"0x35282d87011f87508D457F08252Bc5bFa52E10A0":98.89837895670773,"0x35D8949372D46B7a3D5A56006AE77B215fc69bC0":1710.3304667390962,"0x35fA164735182de50811E8e2E824cFb9B6118ac2":978.3379948714795,"0x383E6b4437b59fff47B619CBA855CA29342A8559":119.68925381587253,"0x38D64ce1Bdf1A9f24E0Ec469C9cAde61236fB4a0":181.09716177757878,"0x3A283D9c08E8b55966afb64C515f5143cf907611":2116.508394463911,"0x3Ed3B47Dd13EC9a98b44e6204A523E766B225811":1009.2017271750511,"0x401322B9FDdba8c0a8D40fbCECE1D1752C12316B":426.1548052569399,"0x40D16FC0246aD3160Ccc09B8D0D3A2cD28aE6C2f":242.3571269926414,"0x4591DBfF62656E7859Afe5e45f6f47D3669fBB28":462.3247311805964,"0x4647B6D835f3B393C7A955df51EEfcf0db961606":283.1215193123503,"0x466a756E9A7401B5e2444a3fCB3c2C12FBEa0a54":0.19560846836998036,"0x48759F220ED983dB51fA7A8C0D2AAb8f3ce4166a":1037.0574041899554,"0x49446A0874197839D15395B908328a74ccc96Bc0":19.612693622685523,"0x4D1941a887eC788F059b3bfcC8eE1E97b968825B":13.920998784212923,"0x4Fabb145d64652a948d72533023f6E7A623C7C53":0.029356437492646145,"0x4c9EDD5852cd905f086C759E8383e09bff1E68B3":3455.604815669006,"0x4de2ab8177fC5fFAFB7aD11FB8BeB1e5fB95F71C":168.7409024642101,"0x4eBdF703948ddCEA3B11f675B4D1Fba9d2414A14":1740.765010242627,"0x514910771AF9Ca656af840dff83E8264EcF986CA":106.63794411650477,"0x5228a22e72ccC52d415EcFd199F99D0665E7733b":52.4660179385754,"0x5426178799ee0a0181A89b4f57eFddfAb49941Ec":262.1392075553455,"0x5555f75e3d5278082200Fb451D1b6bA946D8e13b":84.41892697109552,"0x57a5a0567187FF4A8dcC1A9bBa86155E355878F2":1.0822585178145188,"0x58efE15C0404aB22F87E4495D71f6f2077e862bE":0.001248567846,"0x5905c0290e59aFBDc42a5480add9bD7B20CB3759":0.1788955150664852,"0x59D9356E565Ab3A36dD77763Fc0d87fEaf85508C":554.1774820160855,"0x5BC25f649fc4e26069dDF4cF4010F9f706c23831":2.278318130993607,"0x5Be6C45e2d074fAa20700C49aDA3E88a1cc0025d":133.73391917633217,"0x5Ca135cB8527d76e932f34B5145575F9d8cbE08E":55.13605348048164,"0x5E8422345238F34275888049021821E8E08CAa1f":15774.028945677472,"0x5e74C9036fb86BD7eCdcb084a0673EFc32eA31cb":192.66748504530204,"0x63a0964A36c34E81959da5894ad888800e17405b":26.77504793982443,"0x65D72AA8DA931F047169112fcf34f52DbaAE7D18":135.3300373979248,"0x661c70333AA1850CcDBAe82776Bb436A0fCfeEfB":51.34013871881937,"0x668308d77be3533c909a692302Cb4D135Bf8041C":0.05287785061617087,"0x66a1E37c9b0eAddca17d3662D6c05F4DECf3e110":0.1086060163980642,"0x674C6Ad92Fd080e4004b2312b45f796a192D27a0":3.0662491002322816,"0x68749665FF8D2d112Fa859AA293F07A622782F38":20.22976258380886,"0x6B175474E89094C44Da98b954EedeAC495271d0F":2571.0396012583096,"0x6C280dB098dB673d30d5B34eC04B6387185D3620":66.98355927010529,"0x6C5024Cd4F8A59110119C56f8933403A539555EB":113.20507174262531,"0x6ade6971Ca3d90990C30d39c78b0534C7166e07b":135.22400949935036,"0x6b5204B0Be36771253Cc38e88012E02B752f0f36":164.0631580779091,"0x6c3F90f043a72FA612cbac8115EE7e52BDe6E490":1398.7344974236353,"0x6c3ea9036406852006290770BEdFcAbA0e23A0e8":776.5193811990674,"0x6e52cCe4EaFDf77091dD1c82183b2D97b776b397":0.9940171207428348,"0x6ef3D766Dfe02Dc4bF04aAe9122EB9A0Ded25615":0.027377120419651284,"0x73968b9a57c6E53d41345FD57a6E6ae27d6CDB2F":84.47418890682846,"0x73A15FeD60Bf67631dC6cd7Bc5B6e8da8190aCF5":5391.346224627455,"0x76237BCfDbe8e06FB774663add96216961df4ff3":21.792422301916684,"0x76Eb2FE28b36B3ee97F3Adae0C69606eeDB2A37c":732.2160899554764,"0x77E06c9eCCf2E797fd462A92B6D7642EF85b0A44":0.65742164852,"0x78da5799CF427Fee11e9996982F4150eCe7a99A7":59.1288832383151,"0x7F17A6C77C3938D235b014818092eb6305BdA110":57.7055299350255,"0x7F86Bf177Dd4F3494b841a37e810A34dD56c829B":4148.372462393248,"0x7FA768E035F956c41d6aeaa3Bd857e7E5141CAd5":0.45378713157889766,"0x7ea4aD8C803653498bF6AC1D2dEbc04DCe8Fd2aD":121.51946492470753,"0x7f39C581F595B53c5cb19bD0b3f8dA6c935E2Ca0":962.5304318709685,"0x8064d9Ae6cDf087b1bcd5BDf3531bD5d8C537a68":71.84934877075612,"0x80d69e79258FE9D056c822461c4eb0B4ca8802E2":0.25769991697353045,"0x826180541412D574cf1336d22c0C0a287822678A":210.90633551956495,"0x830614aE209FF9d8706d386fcdBc7a55206fcffC":55.151772015078016,"0x83F20F44975D03b1b09e64809B757c47f942BEeA":2668.6183453263343,"0x84CeCB5525c6B1C20070E742da870062E84Da178":24.72515468372426,"0x853d955aCEf822Db058eb8505911ED77F175b99e":1094.4769484111469,"0x856c4Efb76C1D1AE02e20CEB03A2A6a08b0b8dC3":0.5396173037887259,"0x865377367054516e17014CcdED1e7d814EDC9ce4":701.6249903845388,"0x8682Fbf0CbF312C891532BA9F1A91e44f81ad7DF":488.20924471283996,"0x8C0D76C9B18779665475F3E212D9Ca1Ed6A1A0e6":541.174210536995,"0x8C88538688aca3b733aD08b12BEe4574c0C00907":293.2470153628587,"0x8Cd52ee292313C4D851e71A7064F096504aB3eE9":5.993682720059415,"0x8c9532a60E0E7C6BbD2B2c1303F63aCE1c3E9811":0.044669991016219754,"0x8dAEBADE922dF735c38C80C7eBD708Af50815fAa":17.49755253102561,"0x8e595470Ed749b85C6F7669de83EAe304C2ec68F":20.47960878133428,"0x917ceE801a67f933F2e6b33fC0cD1ED2d5909D88":437.249016411312,"0x9181f633E9B9F15A32d5e37094F4C93b333e0E92":1.0797289326220156,"0x922406EAFC3CcEb32b0256F287fB977c426EDbd8":0.02907620835011645,"0x954313005C56b555bdC41B84D6c63B69049d7847":447.04815221405,"0x9559Aaa82d9649C7A7b220E7c461d2E74c9a3593":185.2737269136905,"0x95710BDE45C8D384A976Cc58Cc7a7e489576b098":0.349305970510699,"0x961D4921e1718E633BAC8Ded88c4a1cAe44b785a":904.7611089817735,"0x9961BdBE8B7091E584c2bF9D0a160C583f564A8c":395.34328759516353,"0x99D8a9C45b2ecA8864373A26D1459e3Dff1e17F3":65.02686563380416,"0x9BE89D2a4cd102D8Fecc6BF9dA793be995C22541":679.3513108009084,"0x9D39A5DE30e57443BfF2A8307A4256c8797A3497":2598.2339576171025,"0x9EEAD9ce15383CaEED975427340b3A369410CFBF":7.732483372160974,"0x9FeE65D5A627e73212989c8BbEdC5Fa5Cae3821F":16.763176812353823,"0x9b77bd0a665F05995b68e36fC1053AFFfAf0d4B5":11.80821776417712,