{"0x0000000000085d4780B73119b644AE5ecd22b376":0.00844800846590849,"0x005F893EcD7bF9667195642f7649DA8163e23658":150.56543955909862,"0x0100546F2cD4C9D97f798fFC9755E47865FF7Ee6":171.7044157082376,"0x028171bCA77440897B824Ca71D1c56caC55b68A3":758.4128076599374,"0x0316EB71485b0Ab14103307bf65a021042c6d380":60.094162118868404,"0x03ab458634910AaD20eF5f1C8ee96F1D6ac54919":172.24348312133517,"0x04C154b66CB340F3Ae24111CC767e0184Ed00Cc6":304.6382376336607,"0x056Fd409E1d7A124BD7017459dFEa2F387b6d5Cd":151.8355120543111,"0x067079c14B85169e6a29703769dadDef90816f4C":288.99392323280756,"0x075b1bb99792c9E1041bA13afEf80C91a1e70fB3":298.6802200806744,"0x085780639CC2cACd35E474e71f4d000e2405d8f6":486.88100670589927,"0x0E2EC54fC0B509F445631Bf4b91AB8168230C752":0.4715382666055752,"0x0E573Ce2736Dd9637A0b21058352e1667925C7a8":137.65577132226787,"0x0a5E677a6A24b2F1A2Bf4F3bFfC443231d2fDEc8":0.049007904766263204,"0x0bc529c00C6401aEF6D220BE8C6Ea1667F6Ad93e":7.0764153073243925,"0x0d86883FAf4FfD7aEb116390af37746F45b6f378":179.43282674898728,"0x0dE54CFdfeD8005176f8b7A9D5438B45c4F1df1e":5.83090764781328,"0x1456688345527bE1f37E9e627DA0837D6f08C925":6.767056487625177,"0x16eAd9a10b1A77007E6E329B076aD1Fe97a6F7C0":62.65469666005438,"0x18084fbA666a33d37592fA2633fD49a74DD93a88":6.669011861699752,"0x183395DbD0B5e93323a7286D1973150697FFFCB3":412.8315681824698,"0x196f4727526eA7FB1e17b2071B3d8eAA38486988":2.527463210180705,"0x1c48f86ae57291F7686349F12601910BD8D470bb":1.2907609061184158,"0x1ce0D1E19c9514230FF8CD1DAbaC2555fb92122b":0,"0x2191DF768ad71140F9F3E96c1e4407A4aA31d082":0.0040412318058671085,"0x2260FAC5E5542a773Aa44fBCfeDf7C193bc2C599":352.2901449462732,"0x2302aaBe69e6E7A1b0Aa23aAC68fcCB8A4D2B460":120.20979651990476,"0x25eC98773D7b4ceD4cAFaB96A2A1c0945f145e10":0,"0x2889302a794dA87fBF1D6Db415C1492194663D13":346.9560825634965,"0x29059568bB40344487d62f7450E78b8E6C74e0e5":168.32124851271186,"0x2b01d4FdB87eb7F2399E5D68631d8A939a323786":24.2175803757859,"0x31429d1856aD1377A8A0079410B297e1a9e214c2":471.9636861977132,"0x32bd822d615A3658A68b6fDD30c2fcb2C996D678":62.97650151979616,"0x34635280737b5BFe6c7DC2FC3065D60d66e78185":377.23379063306464,"0x35282d87011f87508D457F08252Bc5bFa52E10A0":92.08767835782913,"0x35D8949372D46B7a3D5A56006AE77B215fc69bC0":300.23645176338147,"0x35fA164735182de50811E8e2E824cFb9B6118ac2":1117.0820605155998,"0x383E6b4437b59fff47B619CBA855CA29342A8559":109.72277072319542,"0x38D64ce1Bdf1A9f24E0Ec469C9cAde61236fB4a0":221.2288962329683,"0x3A283D9c08E8b55966afb64C515f5143cf907611":1694.604404309354,"0x3Ed3B47Dd13EC9a98b44e6204A523E766B225811":331.84473693882614,"0x401322B9FDdba8c0a8D40fbCECE1D1752C12316B":457.1793294979449,"0x40D16FC0246aD3160Ccc09B8D0D3A2cD28aE6C2f":459.4342270903423,"0x4591DBfF62656E7859Afe5e45f6f47D3669fBB28":173.62944725142398,"0x4647B6D835f3B393C7A955df51EEfcf0db961606":309.5768487448906,"0x466a756E9A7401B5e2444a3fCB3c2C12FBEa0a54":6.434986941684837,"0x48759F220ED983dB51fA7A8C0D2AAb8f3ce4166a":1517.7162576951196,"0x49446A0874197839D15395B908328a74ccc96Bc0":14.793592970093009,"0x4AE86d8732390d852A13cb918463BC6e5775FaDD":102.95218622085183,"0x4D1941a887eC788F059b3bfcC8eE1E97b968825B":1.8248005306512096,"0x4Fabb145d64652a948d72533023f6E7A623C7C53":0.029013682828428526,"0x4c9EDD5852cd905f086C759E8383e09bff1E68B3":1593.31257361635,"0x4de2ab8177fC5fFAFB7aD11FB8BeB1e5fB95F71C":175.0154899727826,"0x4eBdF703948ddCEA3B11f675B4D1Fba9d2414A14":720.538965796315,"0x514910771AF9Ca656af840dff83E8264EcF986CA":111.16965648347022,"0x5228a22e72ccC52d415EcFd199F99D0665E7733b":48.87909298428646,"0x5426178799ee0a0181A89b4f57eFddfAb49941Ec":264.3998335331119,"0x5555f75e3d5278082200Fb451D1b6bA946D8e13b":71.0180759698262,"0x57a5a0567187FF4A8dcC1A9bBa86155E355878F2":1.1981486122773701,"0x58efE15C0404aB22F87E4495D71f6f2077e862bE":0.001247565246019662,"0x5905c0290e59aFBDc42a5480add9bD7B20CB3759":0.17875186196788684,"0x59D9356E565Ab3A36dD77763Fc0d87fEaf85508C":560.435715199114,"0x5BC25f649fc4e26069dDF4cF4010F9f706c23831":4.25223236850825,"0x5Be6C45e2d074fAa20700C49aDA3E88a1cc0025d":328.9407009318519,"0x5Ca135cB8527d76e932f34B5145575F9d8cbE08E":47.63388435091135,"0x5E8422345238F34275888049021821E8E08CAa1f":17676.857474829972,"0x5b6C539b224014A09B3388e51CaAA8e354c959C8":1102.7906666648112,"0x5e74C9036fb86BD7eCdcb084a0673EFc32eA31cb":195.59216780847245,"0x63a0964A36c34E81959da5894ad888800e17405b":19.824672334271586,"0x65D72AA8DA931F047169112fcf34f52DbaAE7D18":117.31803558177474,"0x661c70333AA1850CcDBAe82776Bb436A0fCfeEfB":50.322764116398496,"0x668308d77be3533c909a692302Cb4D135Bf8041C":0.058769127849284515,"0x66a1E37c9b0eAddca17d3662D6c05F4DECf3e110":0.10834333822579069,"0x674C6Ad92Fd080e4004b2312b45f796a192D27a0":5.049460909031091,"0x68749665FF8D2d112Fa859AA293F07A622782F38":7.669785455213156,"0x6B175474E89094C44Da98b954EedeAC495271d0F":1674.2114796350234,"0x6C5024Cd4F8A59110119C56f8933403A539555EB":130.03136496558633,"0x6C9815826FdF8c7a45cCfEd2064dbaB33a078712":3.0873801978375615,"0x6b5204B0Be36771253Cc38e88012E02B752f0f36":173.83337369503934,"0x6c3F90f043a72FA612cbac8115EE7e52BDe6E490":1020.8666474890119,"0x6c3ea9036406852006290770BEdFcAbA0e23A0e8":718.109734682684,"0x6e52cCe4EaFDf77091dD1c82183b2D97b776b397":297.3043306218896,"0x6ef3D766Dfe02Dc4bF04aAe9122EB9A0Ded25615":0.030386561749430874,"0x7223442cad8e9cA474fC40109ab981608F8c4273":0.5891862937778992,"0x73968b9a57c6E53d41345FD57a6E6ae27d6CDB2F":87.72916113155635,"0x73A15FeD60Bf67631dC6cd7Bc5B6e8da8190aCF5":1131.5689417582105,"0x76237BCfDbe8e06FB774663add96216961df4ff3":13.054066208965422,"0x76Eb2FE28b36B3ee97F3Adae0C69606eeDB2A37c":751.6021275501164,"0x77E06c9eCCf2E797fd462A92B6D7642EF85b0A44":0.85979578776,"0x78da5799CF427Fee11e9996982F4150eCe7a99A7":49.61469280178292,"0x7988292D0FB141085c092132e2a70B30aA1eccAB":454.58586297408164,"0x7F17A6C77C3938D235b014818092eb6305BdA110":42.3448799846393,"0x7F86Bf177Dd4F3494b841a37e810A34dD56c829B":2257.1015789843555,"0x7FA768E035F956c41d6aeaa3Bd857e7E5141CAd5":0.503797200605714,"0x7ea4aD8C803653498bF6AC1D2dEbc04DCe8Fd2aD":134.1525035581699,"0x7f39C581F595B53c5cb19bD0b3f8dA6c935E2Ca0":738.604473776006,"0x8064d9Ae6cDf087b1bcd5BDf3531bD5d8C537a68":66.9182933129493,"0x80d69e79258FE9D056c822461c4eb0B4ca8802E2":0.2632078795502363,"0x826180541412D574cf1336d22c0C0a287822678A":263.6836729150628,"0x830614aE209FF9d8706d386fcdBc7a55206fcffC":52.56061544569495,"0x83F20F44975D03b1b09e64809B757c47f942BEeA":1429.3201688747338,"0x84CeCB5525c6B1C20070E742da870062E84Da178":4.733995193708513,"0x853d955aCEf822Db058eb8505911ED77F175b99e":1463.6142258289208,"0x856c4Efb76C1D1AE02e20CEB03A2A6a08b0b8dC3":1.8804364134122713,"0x865377367054516e17014CcdED1e7d814EDC9ce4":290.75207934305405,"0x8C0D76C9B18779665475F3E212D9Ca1Ed6A1A0e6":583.9993249340199,"0x8C88538688aca3b733aD08b12BEe4574c0C00907":489.84468163385037,"0x8Cd52ee292313C4D851e71A7064F096504aB3eE9":40.03113380216837,"0x8E870D67F660D95d5be530380D0eC0bd388289E1":0.007656978538922204,"0x8c9532a60E0E7C6BbD2B2c1303F63aCE1c3E9811":1.2104177563034435,"0x8dAEBADE922dF735c38C80C7eBD708Af50815fAa":10.68005871331555,"0x8e595470Ed749b85C6F7669de83EAe304C2ec68F":41.389201797120094,"0x917ceE801a67f933F2e6b33fC0cD1ED2d5909D88":505.9972746612134,"0x9181f633E9B9F15A32d5e37094F4C93b333e0E92":1.1984919682734179,"0x922406EAFC3CcEb32b0256F287fB977c426EDbd8":0.029041602748184334,"0x954313005C56b555bdC41B84D6c63B69049d7847":472.7415851245392,"0x9559Aaa82d9649C7A7b220E7c461d2E74c9a3593":196.3240199881123,"0x95710BDE45C8D384A976Cc58Cc7a7e489576b098":2.395716409620397,"0x961D4921e1718E633BAC8Ded88c4a1cAe44b785a":1143.4626094386438,"0x9961BdBE8B7091E584c2bF9D0a160C583f564A8c":396.2758899165574,"0x99D8a9C45b2ecA8864373A26D1459e3Dff1e17F3":11.432221827015086,"0x9BE89D2a4cd102D8Fecc6BF9dA793be995C22541":250.1242007399742,"0x9D39A5DE30e57443BfF2A8307A4256c8797A3497":937.5175305044652,"0x9EEAD9ce15383CaEED975427340b3A369410CFBF":7.711013723742574,"0x9FeE65D5A627e73212989c8BbEdC5Fa5Cae3821F":7.908313841914234,"0x9de1c3D446237ab9BaFF74127eb4F303802a2683":503.0191523177756,