{"0x0000000000085d4780B73119b644AE5ecd22b376":213.35522135266754,"0x0000000016E6Cb3038203c1129c8B4aEE7af7a11":1.804682126471627,"0x00000000eFE302BEAA2b3e6e1b18d08D69a9012a":107.43743429989499,"0x005F893EcD7bF9667195642f7649DA8163e23658":160.02567475747162,"0x0100546F2cD4C9D97f798fFC9755E47865FF7Ee6":383.75698974335893,"0x028171bCA77440897B824Ca71D1c56caC55b68A3":1205.879678915083,"0x0316EB71485b0Ab14103307bf65a021042c6d380":0.1004482742624126,"0x03ab458634910AaD20eF5f1C8ee96F1D6ac54919":268.3889475521414,"0x04C154b66CB340F3Ae24111CC767e0184Ed00Cc6":415.05996875096406,"0x051d7e5609917Bd9b73f04BAc0DED8Dd46a74301":362.6505264280508,"0x056Fd409E1d7A124BD7017459dFEa2F387b6d5Cd":239.32753014429252,"0x067079c14B85169e6a29703769dadDef90816f4C":645.2768910861502,"0x075b1bb99792c9E1041bA13afEf80C91a1e70fB3":586.2552569330313,"0x085780639CC2cACd35E474e71f4d000e2405d8f6":805.1654149697424,"0x09db87A538BD693E9d08544577d5cCfAA6373A48":169.48243002584164,"0x0E2EC54fC0B509F445631Bf4b91AB8168230C752":0.4714343905435918,"0x0E573Ce2736Dd9637A0b21058352e1667925C7a8":145.66485380868238,"0x0F83287FF768D1c1e17a42F44d644D7F22e8ee1d":55.72913488355952,"0x0a5E677a6A24b2F1A2Bf4F3bFfC443231d2fDEc8":0.17288230035084534,"0x0bc529c00C6401aEF6D220BE8C6Ea1667F6Ad93e":20.073065228894528,"0x0d86883FAf4FfD7aEb116390af37746F45b6f378":642.6423245634863,"0x0dE54CFdfeD8005176f8b7A9D5438B45c4F1df1e":4.23549231371565,"0x127091edE112aEd7Bae281747771b3150Bb047bB":1.4884640792877721,"0x137469B55D1f15651BA46A89D0588e97dD0B6562":218.72621072401373,"0x1456688345527bE1f37E9e627DA0837D6f08C925":3.8084084076513407,"0x15700B564Ca08D9439C58cA5053166E8317aa138":1045.9243473280048,"0x16eAd9a10b1A77007E6E329B076aD1Fe97a6F7C0":192.83521078765557,"0x18084fbA666a33d37592fA2633fD49a74DD93a88":96.7570253498078,"0x1830c553dC76d3447B69b7B0dC19CF9e3c739C78":96.73530885573736,"0x196f4727526eA7FB1e17b2071B3d8eAA38486988":2.5897532305027444,"0x1BED97CBC3c24A4fb5C069C6E311a967386131f7":265.88211608928293,"0x1CC481cE2BD2EC7Bf67d1Be64d4878b16078F309":122.90265112632133,"0x1a7e4e63778B4f12a199C062f3eFdD288afCBce8":83.87507046315045,"0x1aBaEA1f7C830bD89Acc67eC4af516284b1bC33c":282.26463065963134,"0x1c48f86ae57291F7686349F12601910BD8D470bb":0.7151219231806009,"0x1ce0D1E19c9514230FF8CD1DAbaC2555fb92122b":0,"0x2191DF768ad71140F9F3E96c1e4407A4aA31d082":24.507410665740217,"0x2260FAC5E5542a773Aa44fBCfeDf7C193bc2C599":30.007001959006175,"0x2302aaBe69e6E7A1b0Aa23aAC68fcCB8A4D2B460":134.4374680972734,"0x2570f1bD5D2735314FC102eb12Fc1aFe9e6E7193":62.068036572629744,"0x25eC98773D7b4ceD4cAFaB96A2A1c0945f145e10":0,"0x2889302a794dA87fBF1D6Db415C1492194663D13":2776.870039020219,"0x2b01d4FdB87eb7F2399E5D68631d8A939a323786":247.98552167844198,"0x2bd1F344a2398340C2b1119Da98816eA723F5F0f":0.9746288737935748,"0x3175Df0976dFA876431C2E9eE6Bc45b65d3473CC":0.0000387316027951109,"0x3231Cb76718CDeF2155FC47b5286d82e6eDA273f":335.30652270846826,"0x32bd822d615A3658A68b6fDD30c2fcb2C996D678":294.2734732775565,"0x34635280737b5BFe6c7DC2FC3065D60d66e78185":375.94008561412693,"0x35282d87011f87508D457F08252Bc5bFa52E10A0":158.99465345675083,"0x3570E17b1F2DdFD73FBE437F34A34d1D54219138":0.16217461899618693,"0x35D8949372D46B7a3D5A56006AE77B215fc69bC0":428.13432714929587,"0x35fA164735182de50811E8e2E824cFb9B6118ac2":975.1016155717411,"0x383E6b4437b59fff47B619CBA855CA29342A8559":196.30053171064586,"0x38D64ce1Bdf1A9f24E0Ec469C9cAde61236fB4a0":248.8093439589435,"0x390f3595bCa2Df7d23783dFd126427CCeb997BF4":24264.736244332813,"0x3A2725556Dde7B21fBe3dD64A4913ff29faba6A1":0.028880156581554413,"0x3A283D9c08E8b55966afb64C515f5143cf907611":8535.99453696729,"0x3Ed3B47Dd13EC9a98b44e6204A523E766B225811":1.0440388756926753,"0x3f0e7916681452D23Cd36B1281457DA721F2E5dF":75.97878209233288,"0x401322B9FDdba8c0a8D40fbCECE1D1752C12316B":290.0889270109677,"0x40D16FC0246aD3160Ccc09B8D0D3A2cD28aE6C2f":249.91323921872385,"0x4591DBfF62656E7859Afe5e45f6f47D3669fBB28":267.87015242871007,"0x4647B6D835f3B393C7A955df51EEfcf0db961606":606.2458050245134,"0x466a756E9A7401B5e2444a3fCB3c2C12FBEa0a54":60.71731719722857,"0x48759F220ED983dB51fA7A8C0D2AAb8f3ce4166a":2419.288359195906,"0x49446A0874197839D15395B908328a74ccc96Bc0":56.339842948987524,"0x4AE86d8732390d852A13cb918463BC6e5775FaDD":377.60177829959616,"0x4D1941a887eC788F059b3bfcC8eE1E97b968825B":371.6238746769362,"0x4D55a36902a6546A79ec4c9c315241De746D5fC3":0,"0x4DEcE678ceceb27446b35C672dC7d61F30bAD69E":31283.193447608723,"0x4Fabb145d64652a948d72533023f6E7A623C7C53":0.03966951712891838,"0x4c9EDD5852cd905f086C759E8383e09bff1E68B3":3088.6234028218105,"0x4de2ab8177fC5fFAFB7aD11FB8BeB1e5fB95F71C":581.7255680259885,"0x4e3FBD56CD56c3e72c1403e103b45Db9da5B9D2B":1.8274756723467829,"0x4eBdF703948ddCEA3B11f675B4D1Fba9d2414A14":4962.144971164662,"0x514910771AF9Ca656af840dff83E8264EcF986CA":82.6430665102493,"0x5228a22e72ccC52d415EcFd199F99D0665E7733b":58.93705883873613,"0x5271045F7B73c17825A7A7aee6917eE46b0B7520":383.862953784457,"0x527331F3F550f6f85ACFEcAB9Cc0889180C6f1d5":409.24005762253705,"0x5426178799ee0a0181A89b4f57eFddfAb49941Ec":287.33525998572424,"0x5555f75e3d5278082200Fb451D1b6bA946D8e13b":117.31682363480144,"0x57Ab1ec28D129707052df4dF418D58a2D46d5f51":156.3939427653964,"0x57a5a0567187FF4A8dcC1A9bBa86155E355878F2":0.8188755449128075,"0x58efE15C0404aB22F87E4495D71f6f2077e862bE":0.0012498164138459997,"0x5905c0290e59aFBDc42a5480add9bD7B20CB3759":0.1780907818744321,"0x59D9356E565Ab3A36dD77763Fc0d87fEaf85508C":412.3472039186179,"0x5BC25f649fc4e26069dDF4cF4010F9f706c23831":1.1817076514652247,"0x5Be6C45e2d074fAa20700C49aDA3E88a1cc0025d":705.8528017874123,"0x5Ca135cB8527d76e932f34B5145575F9d8cbE08E":56.62579594924784,"0x5E8422345238F34275888049021821E8E08CAa1f":14315.152418198748,"0x5Ea630e00D6eE438d3deA1556A110359ACdc10A9":365.5372386268237,"0x5b6C539b224014A09B3388e51CaAA8e354c959C8":257.59052200849555,"0x5e74C9036fb86BD7eCdcb084a0673EFc32eA31cb":5.735591144088836,"0x5f98805A4E8be255a32880FDeC7F6728C6568bA0":196.7196774950927,"0x625E92624Bc2D88619ACCc1788365A69767f6200":3577.4796541377495,"0x62B9c7356A2Dc64a1969e19C23e4f579F9810Aa7":97.84468042028298,"0x6359B6d3e327c497453d4376561eE276c6933323":351.410536894627,"0x63a0964A36c34E81959da5894ad888800e17405b":300.02308642460565,"0x65D72AA8DA931F047169112fcf34f52DbaAE7D18":372.5096255846925,"0x65f228ED6a6001eD6485535e0Dc33E525734f54c":72.33697044346235,"0x661c70333AA1850CcDBAe82776Bb436A0fCfeEfB":182.17756933399042,"0x6663b6D50992ef4fc0380199397c87C2f5256075":172.44966147700694,"0x668308d77be3533c909a692302Cb4D135Bf8041C":0.04336410668104333,"0x66a1E37c9b0eAddca17d3662D6c05F4DECf3e110":36.924495445872765,"0x674C6Ad92Fd080e4004b2312b45f796a192D27a0":1.7876457939545338,"0x677ddbd918637E5F2c79e164D402454dE7dA8619":3.44894572619636,"0x68749665FF8D2d112Fa859AA293F07A622782F38":20.118804992855416,"0x69000405f9DcE69BD4Cbf4f2865b79144A69BFE0":0.2773166556828316,"0x6B175474E89094C44Da98b954EedeAC495271d0F":2784.5376623800475,"0x6C280dB098dB673d30d5B34eC04B6387185D3620":343.15587687914194,"0x6C5024Cd4F8A59110119C56f8933403A539555EB":123.09882971466213,"0x6C9815826FdF8c7a45cCfEd2064dbaB33a078712":59.80882419796953,"0x6ade6971Ca3d90990C30d39c78b0534C7166e07b":232.41941670168788,"0x6b5204B0Be36771253Cc38e88012E02B752f0f36":209.3314949033951,"0x6c3F90f043a72FA612cbac8115EE7e52BDe6E490":741.5551772719358,"0x6c3ea9036406852006290770BEdFcAbA0e23A0e8":592.3342716870274,"0x6e52cCe4EaFDf77091dD1c82183b2D97b776b397":993.6159787412172,"0x6ef3D766Dfe02Dc4bF04aAe9122EB9A0Ded25615":0.06516860722431024,"0x7223442cad8e9cA474fC40109ab981608F8c4273":209.5032180837926,"0x73968b9a57c6E53d41345FD57a6E6ae27d6CDB2F":153.27779039226476,"0x73A15FeD60Bf67631dC6cd7Bc5B6e8da8190aCF5":1324.130188911801,"0x752B4c6e92d96467fE9b9a2522EF07228E00F87c":32.89605499885838,"0x76237BCfDbe8e06FB774663add96216961df4ff3":39.518361044501106,"0x76Eb2FE28b36B3ee97F3Adae0C69606eeDB2A37c":1184.4550376779534,"0x77E06c9eCCf2E797fd462A92B6D7642EF85b0A44":1.1021885603600001,"0x78da5799CF427Fee11e9996982F4150eCe7a99A7":97.4950882468868,