{"0x0000000000085d4780B73119b644AE5ecd22b376":0.008477472127779164,"0x005F893EcD7bF9667195642f7649DA8163e23658":149.48812784082594,"0x0100546F2cD4C9D97f798fFC9755E47865FF7Ee6":174.00624607336331,"0x028171bCA77440897B824Ca71D1c56caC55b68A3":736.3051219578786,"0x0316EB71485b0Ab14103307bf65a021042c6d380":63.333800041381885,"0x03ab458634910AaD20eF5f1C8ee96F1D6ac54919":171.3106003170017,"0x04C154b66CB340F3Ae24111CC767e0184Ed00Cc6":307.4958966672346,"0x056Fd409E1d7A124BD7017459dFEa2F387b6d5Cd":136.41273851444492,"0x067079c14B85169e6a29703769dadDef90816f4C":278.84026233480944,"0x075b1bb99792c9E1041bA13afEf80C91a1e70fB3":302.68758571001433,"0x085780639CC2cACd35E474e71f4d000e2405d8f6":465.1256614831375,"0x0E2EC54fC0B509F445631Bf4b91AB8168230C752":0.47154102350646127,"0x0E573Ce2736Dd9637A0b21058352e1667925C7a8":141.17679549921863,"0x0a5E677a6A24b2F1A2Bf4F3bFfC443231d2fDEc8":0.04939115328838452,"0x0bc529c00C6401aEF6D220BE8C6Ea1667F6Ad93e":8.892990620394622,"0x0d86883FAf4FfD7aEb116390af37746F45b6f378":180.09378878714386,"0x0dE54CFdfeD8005176f8b7A9D5438B45c4F1df1e":5.842349010557403,"0x1456688345527bE1f37E9e627DA0837D6f08C925":6.767030250274017,"0x16eAd9a10b1A77007E6E329B076aD1Fe97a6F7C0":68.20276289679202,"0x18084fbA666a33d37592fA2633fD49a74DD93a88":9.91050853708825,"0x1830c553dC76d3447B69b7B0dC19CF9e3c739C78":99.9159819727546,"0x183395DbD0B5e93323a7286D1973150697FFFCB3":397.40525647208824,"0x196f4727526eA7FB1e17b2071B3d8eAA38486988":2.527482077291496,"0x1c48f86ae57291F7686349F12601910BD8D470bb":1.275720308184995,"0x1ce0D1E19c9514230FF8CD1DAbaC2555fb92122b":0,"0x2191DF768ad71140F9F3E96c1e4407A4aA31d082":0.003943033641802378,"0x2260FAC5E5542a773Aa44fBCfeDf7C193bc2C599":353.3924591485928,"0x2302aaBe69e6E7A1b0Aa23aAC68fcCB8A4D2B460":115.57997595355164,"0x2570f1bD5D2735314FC102eb12Fc1aFe9e6E7193":676.3677397048432,"0x25eC98773D7b4ceD4cAFaB96A2A1c0945f145e10":0,"0x2889302a794dA87fBF1D6Db415C1492194663D13":238.54924501903068,"0x2b01d4FdB87eb7F2399E5D68631d8A939a323786":2.583119590387502,"0x31429d1856aD1377A8A0079410B297e1a9e214c2":478.07670400221525,"0x32bd822d615A3658A68b6fDD30c2fcb2C996D678":59.77630989319409,"0x34635280737b5BFe6c7DC2FC3065D60d66e78185":393.5055337240779,"0x35282d87011f87508D457F08252Bc5bFa52E10A0":93.65423058611854,"0x35D8949372D46B7a3D5A56006AE77B215fc69bC0":253.34683979817564,"0x35fA164735182de50811E8e2E824cFb9B6118ac2":1110.0094579917484,"0x383E6b4437b59fff47B619CBA855CA29342A8559":114.10957673427451,"0x38D64ce1Bdf1A9f24E0Ec469C9cAde61236fB4a0":224.0275442619746,"0x3A283D9c08E8b55966afb64C515f5143cf907611":1343.043910962115,"0x3Ed3B47Dd13EC9a98b44e6204A523E766B225811":149.13351095839585,"0x401322B9FDdba8c0a8D40fbCECE1D1752C12316B":457.3434352271047,"0x40D16FC0246aD3160Ccc09B8D0D3A2cD28aE6C2f":443.9711227814251,"0x4591DBfF62656E7859Afe5e45f6f47D3669fBB28":161.29048598174668,"0x4647B6D835f3B393C7A955df51EEfcf0db961606":307.0433814107686,"0x466a756E9A7401B5e2444a3fCB3c2C12FBEa0a54":6.431381463604264,"0x48759F220ED983dB51fA7A8C0D2AAb8f3ce4166a":1501.9365880361936,"0x49446A0874197839D15395B908328a74ccc96Bc0":16.434582273292406,"0x4AE86d8732390d852A13cb918463BC6e5775FaDD":109.72200788414223,"0x4D1941a887eC788F059b3bfcC8eE1E97b968825B":1.367384996279766,"0x4Fabb145d64652a948d72533023f6E7A623C7C53":0.029444068649340616,"0x4c9EDD5852cd905f086C759E8383e09bff1E68B3":1451.6137591083016,"0x4de2ab8177fC5fFAFB7aD11FB8BeB1e5fB95F71C":179.0167305266567,"0x4eBdF703948ddCEA3B11f675B4D1Fba9d2414A14":720.7822668932779,"0x514910771AF9Ca656af840dff83E8264EcF986CA":114.74784770981721,"0x5228a22e72ccC52d415EcFd199F99D0665E7733b":50.99361992936241,"0x5426178799ee0a0181A89b4f57eFddfAb49941Ec":265.167996873389,"0x5555f75e3d5278082200Fb451D1b6bA946D8e13b":75.04052207637858,"0x57a5a0567187FF4A8dcC1A9bBa86155E355878F2":1.1962023918556215,"0x58efE15C0404aB22F87E4495D71f6f2077e862bE":0.0012498164138459997,"0x5905c0290e59aFBDc42a5480add9bD7B20CB3759":0.17907441058155169,"0x59D9356E565Ab3A36dD77763Fc0d87fEaf85508C":559.7125874978768,"0x5BC25f649fc4e26069dDF4cF4010F9f706c23831":3.7157638181467787,"0x5Be6C45e2d074fAa20700C49aDA3E88a1cc0025d":253.62855930168848,"0x5Ca135cB8527d76e932f34B5145575F9d8cbE08E":49.868220128152764,"0x5E8422345238F34275888049021821E8E08CAa1f":17576.793713238738,"0x5e74C9036fb86BD7eCdcb084a0673EFc32eA31cb":205.64351174306722,"0x6359B6d3e327c497453d4376561eE276c6933323":231.85515965751785,"0x63a0964A36c34E81959da5894ad888800e17405b":24.376991909134443,"0x65D72AA8DA931F047169112fcf34f52DbaAE7D18":124.68460233068843,"0x661c70333AA1850CcDBAe82776Bb436A0fCfeEfB":47.63152825131219,"0x668308d77be3533c909a692302Cb4D135Bf8041C":0.05859119403950666,"0x66a1E37c9b0eAddca17d3662D6c05F4DECf3e110":0.10872929977754812,"0x674C6Ad92Fd080e4004b2312b45f796a192D27a0":4.762198439696863,"0x68749665FF8D2d112Fa859AA293F07A622782F38":14.989115077784685,"0x6B175474E89094C44Da98b954EedeAC495271d0F":1358.8738985904108,"0x6C5024Cd4F8A59110119C56f8933403A539555EB":119.57645836886137,"0x6C9815826FdF8c7a45cCfEd2064dbaB33a078712":2.999883593040545,"0x6ade6971Ca3d90990C30d39c78b0534C7166e07b":163.98037474059674,"0x6b5204B0Be36771253Cc38e88012E02B752f0f36":186.50263331424276,"0x6c3F90f043a72FA612cbac8115EE7e52BDe6E490":993.4126091315721,"0x6c3ea9036406852006290770BEdFcAbA0e23A0e8":667.4552624465865,"0x6e52cCe4EaFDf77091dD1c82183b2D97b776b397":277.07106826812475,"0x6ef3D766Dfe02Dc4bF04aAe9122EB9A0Ded25615":0.03032144466761042,"0x7223442cad8e9cA474fC40109ab981608F8c4273":0.0212592672787638,"0x73968b9a57c6E53d41345FD57a6E6ae27d6CDB2F":91.08582575753,"0x73A15FeD60Bf67631dC6cd7Bc5B6e8da8190aCF5":931.6749701060372,"0x76237BCfDbe8e06FB774663add96216961df4ff3":13.264526843390499,"0x76Eb2FE28b36B3ee97F3Adae0C69606eeDB2A37c":746.978729007599,"0x77E06c9eCCf2E797fd462A92B6D7642EF85b0A44":0.82113494281,"0x78da5799CF427Fee11e9996982F4150eCe7a99A7":51.35703487611628,"0x7988292D0FB141085c092132e2a70B30aA1eccAB":458.86806621020474,"0x7F17A6C77C3938D235b014818092eb6305BdA110":45.882310239230186,"0x7F86Bf177Dd4F3494b841a37e810A34dD56c829B":1889.7797657503609,"0x7FA768E035F956c41d6aeaa3Bd857e7E5141CAd5":0.5028891645397728,"0x7ea4aD8C803653498bF6AC1D2dEbc04DCe8Fd2aD":135.74806768705213,"0x7f39C581F595B53c5cb19bD0b3f8dA6c935E2Ca0":641.8145316918323,"0x8064d9Ae6cDf087b1bcd5BDf3531bD5d8C537a68":74.28990238012557,"0x80d69e79258FE9D056c822461c4eb0B4ca8802E2":0.2624147675688453,"0x826180541412D574cf1336d22c0C0a287822678A":262.8009348242531,"0x830614aE209FF9d8706d386fcdBc7a55206fcffC":54.97470984748701,"0x83F20F44975D03b1b09e64809B757c47f942BEeA":997.7162392069147,"0x853d955aCEf822Db058eb8505911ED77F175b99e":1322.870361631852,"0x856c4Efb76C1D1AE02e20CEB03A2A6a08b0b8dC3":1.8738381256665044,"0x865377367054516e17014CcdED1e7d814EDC9ce4":292.8446045922126,"0x8C0D76C9B18779665475F3E212D9Ca1Ed6A1A0e6":573.8850364472311,"0x8C88538688aca3b733aD08b12BEe4574c0C00907":493.1384113457428,"0x8Cd52ee292313C4D851e71A7064F096504aB3eE9":38.75079807107187,"0x8E870D67F660D95d5be530380D0eC0bd388289E1":0.007676933965674135,"0x8c9532a60E0E7C6BbD2B2c1303F63aCE1c3E9811":1.215732711739476,"0x8dAEBADE922dF735c38C80C7eBD708Af50815fAa":10.9205419911525,"0x8e595470Ed749b85C6F7669de83EAe304C2ec68F":38.19505654629774,"0x917ceE801a67f933F2e6b33fC0cD1ED2d5909D88":505.7367436588242,"0x9181f633E9B9F15A32d5e37094F4C93b333e0E92":1.1959235146877207,"0x922406EAFC3CcEb32b0256F287fB977c426EDbd8":0.02910941809583617,"0x954313005C56b555bdC41B84D6c63B69049d7847":471.5574888720662,"0x9559Aaa82d9649C7A7b220E7c461d2E74c9a3593":199.41322061760852,"0x95710BDE45C8D384A976Cc58Cc7a7e489576b098":2.4293859263009656,"0x961D4921e1718E633BAC8Ded88c4a1cAe44b785a":1136.871165562417,"0x9961BdBE8B7091E584c2bF9D0a160C583f564A8c":390.6503835189436,"0x99D8a9C45b2ecA8864373A26D1459e3Dff1e17F3":7.500816148595915,"0x9BE89D2a4cd102D8Fecc6BF9dA793be995C22541":249.99057399461623,"0x9D39A5DE30e57443BfF2A8307A4256c8797A3497":875.0231148033586,"0x9EEAD9ce15383CaEED975427340b3A369410CFBF":12.375917774659397,"0x9FeE65D5A627e73212989c8BbEdC5Fa5Cae3821F":7.835763338949249,