{"0x0000000000085d4780B73119b644AE5ecd22b376":211.26739165504753,"0x0000000016E6Cb3038203c1129c8B4aEE7af7a11":1.8554402992498196,"0x005F893EcD7bF9667195642f7649DA8163e23658":160.61305041236199,"0x0100546F2cD4C9D97f798fFC9755E47865FF7Ee6":391.49319563383807,"0x028171bCA77440897B824Ca71D1c56caC55b68A3":1186.1137993759955,"0x0316EB71485b0Ab14103307bf65a021042c6d380":0.10234478396596142,"0x03ab458634910AaD20eF5f1C8ee96F1D6ac54919":262.2644041407253,"0x04C154b66CB340F3Ae24111CC767e0184Ed00Cc6":321.7299192103361,"0x051d7e5609917Bd9b73f04BAc0DED8Dd46a74301":347.78682897568996,"0x056Fd409E1d7A124BD7017459dFEa2F387b6d5Cd":534.841101918421,"0x067079c14B85169e6a29703769dadDef90816f4C":613.2510751668872,"0x075b1bb99792c9E1041bA13afEf80C91a1e70fB3":589.910939929266,"0x085780639CC2cACd35E474e71f4d000e2405d8f6":608.8532105971283,"0x09db87A538BD693E9d08544577d5cCfAA6373A48":107.23123077751953,"0x0E2EC54fC0B509F445631Bf4b91AB8168230C752":0.4708144884953571,"0x0E573Ce2736Dd9637A0b21058352e1667925C7a8":145.3910024951881,"0x0a5E677a6A24b2F1A2Bf4F3bFfC443231d2fDEc8":0.16793353326569319,"0x0bc529c00C6401aEF6D220BE8C6Ea1667F6Ad93e":19.35565897520747,"0x0d86883FAf4FfD7aEb116390af37746F45b6f378":332.41795750074544,"0x0dE54CFdfeD8005176f8b7A9D5438B45c4F1df1e":5.839236792143841,"0x137469B55D1f15651BA46A89D0588e97dD0B6562":214.03192654706092,"0x1456688345527bE1f37E9e627DA0837D6f08C925":6.190701578102279,"0x15700B564Ca08D9439C58cA5053166E8317aa138":494.65151926378235,"0x16eAd9a10b1A77007E6E329B076aD1Fe97a6F7C0":185.41245856540274,"0x18084fbA666a33d37592fA2633fD49a74DD93a88":1567.3334633178113,"0x183395DbD0B5e93323a7286D1973150697FFFCB3":628.9966928613416,"0x196f4727526eA7FB1e17b2071B3d8eAA38486988":2.5863746156875256,"0x1BED97CBC3c24A4fb5C069C6E311a967386131f7":272.2858200222801,"0x1aBaEA1f7C830bD89Acc67eC4af516284b1bC33c":116.79297716395696,"0x1c48f86ae57291F7686349F12601910BD8D470bb":1.3334120912515468,"0x1ce0D1E19c9514230FF8CD1DAbaC2555fb92122b":0,"0x2191DF768ad71140F9F3E96c1e4407A4aA31d082":27.858851440542303,"0x2260FAC5E5542a773Aa44fBCfeDf7C193bc2C599":567.8583227417661,"0x2302aaBe69e6E7A1b0Aa23aAC68fcCB8A4D2B460":117.09727793392449,"0x2570f1bD5D2735314FC102eb12Fc1aFe9e6E7193":35.16017780553815,"0x25eC98773D7b4ceD4cAFaB96A2A1c0945f145e10":0,"0x2b01d4FdB87eb7F2399E5D68631d8A939a323786":250.85954148625174,"0x2bd1F344a2398340C2b1119Da98816eA723F5F0f":0.241663622098899,"0x3175Df0976dFA876431C2E9eE6Bc45b65d3473CC":5382.84464150469,"0x3231Cb76718CDeF2155FC47b5286d82e6eDA273f":330.76219435237573,"0x32bd822d615A3658A68b6fDD30c2fcb2C996D678":296.65352781029105,"0x3432B6A60D23Ca0dFCa7761B7ab56459D9C964D0":297.0574239728355,"0x34635280737b5BFe6c7DC2FC3065D60d66e78185":258.92871762284454,"0x35282d87011f87508D457F08252Bc5bFa52E10A0":158.8096520292889,"0x35D8949372D46B7a3D5A56006AE77B215fc69bC0":2118.882995902791,"0x35fA164735182de50811E8e2E824cFb9B6118ac2":995.9034198116353,"0x365AccFCa291e7D3914637ABf1F7635dB165Bb09":630.8935738364611,"0x383E6b4437b59fff47B619CBA855CA29342A8559":194.7197789537569,"0x38D64ce1Bdf1A9f24E0Ec469C9cAde61236fB4a0":255.89872369639377,"0x393DaD6c76D962Abba489a77dBf37ae948A4A6ee":153.69342333144297,"0x3A2725556Dde7B21fBe3dD64A4913ff29faba6A1":0.03019368807916715,"0x3Ed3B47Dd13EC9a98b44e6204A523E766B225811":4.425387292882,"0x3f0e7916681452D23Cd36B1281457DA721F2E5dF":57.630034441255894,"0x401322B9FDdba8c0a8D40fbCECE1D1752C12316B":296.3913255372112,"0x40D16FC0246aD3160Ccc09B8D0D3A2cD28aE6C2f":393.7422934347964,"0x4591DBfF62656E7859Afe5e45f6f47D3669fBB28":236.77922562452153,"0x4647B6D835f3B393C7A955df51EEfcf0db961606":602.4360770185006,"0x466a756E9A7401B5e2444a3fCB3c2C12FBEa0a54":53.71030741347366,"0x48759F220ED983dB51fA7A8C0D2AAb8f3ce4166a":2413.449528542257,"0x49446A0874197839D15395B908328a74ccc96Bc0":38.73401771688894,"0x4D1941a887eC788F059b3bfcC8eE1E97b968825B":371.6670192295633,"0x4D55a36902a6546A79ec4c9c315241De746D5fC3":0,"0x4Fabb145d64652a948d72533023f6E7A623C7C53":0.04002654278307864,"0x4c9EDD5852cd905f086C759E8383e09bff1E68B3":4488.139882068915,"0x4de2ab8177fC5fFAFB7aD11FB8BeB1e5fB95F71C":528.1458319568139,"0x514910771AF9Ca656af840dff83E8264EcF986CA":83.96478578350816,"0x5228a22e72ccC52d415EcFd199F99D0665E7733b":58.588682785415216,"0x5271045F7B73c17825A7A7aee6917eE46b0B7520":263.4067227013112,"0x527331F3F550f6f85ACFEcAB9Cc0889180C6f1d5":372.45906814908284,"0x5555f75e3d5278082200Fb451D1b6bA946D8e13b":111.72965713234213,"0x57Ab1ec28D129707052df4dF418D58a2D46d5f51":154.39908650132944,"0x57a5a0567187FF4A8dcC1A9bBa86155E355878F2":0.8554743147285524,"0x58efE15C0404aB22F87E4495D71f6f2077e862bE":0.0012498164138459997,"0x5905c0290e59aFBDc42a5480add9bD7B20CB3759":0.1780907818744321,"0x59D9356E565Ab3A36dD77763Fc0d87fEaf85508C":257.917728964388,"0x5BC25f649fc4e26069dDF4cF4010F9f706c23831":1.1800772312296655,"0x5Be6C45e2d074fAa20700C49aDA3E88a1cc0025d":584.7340080232551,"0x5Ca135cB8527d76e932f34B5145575F9d8cbE08E":50.96823294470279,"0x5E8422345238F34275888049021821E8E08CAa1f":15297.603843910734,"0x5Ea630e00D6eE438d3deA1556A110359ACdc10A9":366.21729163072445,"0x5e74C9036fb86BD7eCdcb084a0673EFc32eA31cb":4.133063435112937,"0x62B9c7356A2Dc64a1969e19C23e4f579F9810Aa7":1207.408925708809,"0x6359B6d3e327c497453d4376561eE276c6933323":346.5587634063954,"0x63a0964A36c34E81959da5894ad888800e17405b":307.3706149559835,"0x64351fC9810aDAd17A690E4e1717Df5e7e085160":2726.963212060805,"0x65D72AA8DA931F047169112fcf34f52DbaAE7D18":360.2916584034218,"0x65f228ED6a6001eD6485535e0Dc33E525734f54c":65.4740494830822,"0x661c70333AA1850CcDBAe82776Bb436A0fCfeEfB":122.21017375511755,"0x668308d77be3533c909a692302Cb4D135Bf8041C":0.045312420115537995,"0x66a1E37c9b0eAddca17d3662D6c05F4DECf3e110":32.83949059056431,"0x674C6Ad92Fd080e4004b2312b45f796a192D27a0":0.316724231222341,"0x677ddbd918637E5F2c79e164D402454dE7dA8619":1.6152415599587828,"0x68749665FF8D2d112Fa859AA293F07A622782F38":17.386592153156386,"0x69000405f9DcE69BD4Cbf4f2865b79144A69BFE0":0.0036907981443628345,"0x6B175474E89094C44Da98b954EedeAC495271d0F":6830.610143119047,"0x6C280dB098dB673d30d5B34eC04B6387185D3620":349.17077386044855,"0x6C5024Cd4F8A59110119C56f8933403A539555EB":120.94120998541925,"0x6C9815826FdF8c7a45cCfEd2064dbaB33a078712":67.98780870367477,"0x6ade6971Ca3d90990C30d39c78b0534C7166e07b":220.0936139131609,"0x6b5204B0Be36771253Cc38e88012E02B752f0f36":219.44977430921497,"0x6c3F90f043a72FA612cbac8115EE7e52BDe6E490":1892.3595996634401,"0x6c3ea9036406852006290770BEdFcAbA0e23A0e8":782.010794936013,"0x6ef3D766Dfe02Dc4bF04aAe9122EB9A0Ded25615":0.04331319486786067,"0x7223442cad8e9cA474fC40109ab981608F8c4273":175.01942356483264,"0x73968b9a57c6E53d41345FD57a6E6ae27d6CDB2F":149.30075681395786,"0x73A15FeD60Bf67631dC6cd7Bc5B6e8da8190aCF5":2380.829429553009,"0x752B4c6e92d96467fE9b9a2522EF07228E00F87c":26.791462537715134,"0x76237BCfDbe8e06FB774663add96216961df4ff3":32.85881724207154,"0x76Eb2FE28b36B3ee97F3Adae0C69606eeDB2A37c":1189.2627871297423,"0x77E06c9eCCf2E797fd462A92B6D7642EF85b0A44":1.17417356356,"0x78da5799CF427Fee11e9996982F4150eCe7a99A7":94.40196099456655,"0x7988292D0FB141085c092132e2a70B30aA1eccAB":451.19137385678255,"0x7F17A6C77C3938D235b014818092eb6305BdA110":154.0439633175805,"0x7F86Bf177Dd4F3494b841a37e810A34dD56c829B":11058.56698913779,"0x7FA768E035F956c41d6aeaa3Bd857e7E5141CAd5":0.3897145597156416,"0x7ea4aD8C803653498bF6AC1D2dEbc04DCe8Fd2aD":123.03014002743214,"0x7f39C581F595B53c5cb19bD0b3f8dA6c935E2Ca0":2379.779002134938,"0x8064d9Ae6cDf087b1bcd5BDf3531bD5d8C537a68":79.54994535778016,"0x808507121B80c02388fAd14726482e061B8da827":223.54714764874015,"0x80d69e79258FE9D056c822461c4eb0B4ca8802E2":0.20198503449821464,"0x826180541412D574cf1336d22c0C0a287822678A":197.84839361125745,"0x8282BD15dcA2EA2bDf24163E8f2781B30C43A2ef":273.8961898420512,"0x830614aE209FF9d8706d386fcdBc7a55206fcffC":48.7644743263768,"0x83F20F44975D03b1b09e64809B757c47f942BEeA":5438.438891512077,"0x853d955aCEf822Db058eb8505911ED77F175b99e":2128.6803037612244,"0x856c4Efb76C1D1AE02e20CEB03A2A6a08b0b8dC3":1499.6068063600605,