{"0x0000000000085d4780B73119b644AE5ecd22b376":213.0649513968933,"0x0000000016E6Cb3038203c1129c8B4aEE7af7a11":1.8622183501592309,"0x00000000eFE302BEAA2b3e6e1b18d08D69a9012a":21.03667642896247,"0x005F893EcD7bF9667195642f7649DA8163e23658":161.32528978160914,"0x0100546F2cD4C9D97f798fFC9755E47865FF7Ee6":389.4258814921751,"0x028171bCA77440897B824Ca71D1c56caC55b68A3":1189.7160025675373,"0x0316EB71485b0Ab14103307bf65a021042c6d380":0.10108954148495897,"0x03ab458634910AaD20eF5f1C8ee96F1D6ac54919":263.6778628731683,"0x04C154b66CB340F3Ae24111CC767e0184Ed00Cc6":338.804030992684,"0x051d7e5609917Bd9b73f04BAc0DED8Dd46a74301":364.85510107092176,"0x056Fd409E1d7A124BD7017459dFEa2F387b6d5Cd":149.29544522755444,"0x067079c14B85169e6a29703769dadDef90816f4C":603.0400073799011,"0x075b1bb99792c9E1041bA13afEf80C91a1e70fB3":587.8546735212385,"0x085780639CC2cACd35E474e71f4d000e2405d8f6":711.5797503492123,"0x09db87A538BD693E9d08544577d5cCfAA6373A48":110.45211647799938,"0x0E2EC54fC0B509F445631Bf4b91AB8168230C752":0.4711705361001587,"0x0E573Ce2736Dd9637A0b21058352e1667925C7a8":133.2935160855362,"0x0F83287FF768D1c1e17a42F44d644D7F22e8ee1d":53.13325010077478,"0x0a5E677a6A24b2F1A2Bf4F3bFfC443231d2fDEc8":0.17599871857417818,"0x0bc529c00C6401aEF6D220BE8C6Ea1667F6Ad93e":18.534583339084392,"0x0d86883FAf4FfD7aEb116390af37746F45b6f378":512.821634963001,"0x0dE54CFdfeD8005176f8b7A9D5438B45c4F1df1e":5.8293620373250095,"0x137469B55D1f15651BA46A89D0588e97dD0B6562":214.94764424029307,"0x1456688345527bE1f37E9e627DA0837D6f08C925":0.9889701666757724,"0x15700B564Ca08D9439C58cA5053166E8317aa138":873.9380688768796,"0x16eAd9a10b1A77007E6E329B076aD1Fe97a6F7C0":186.43348059192442,"0x18084fbA666a33d37592fA2633fD49a74DD93a88":78.29836284194312,"0x1830c553dC76d3447B69b7B0dC19CF9e3c739C78":92.53841010996332,"0x196f4727526eA7FB1e17b2071B3d8eAA38486988":2.588316341984294,"0x1BED97CBC3c24A4fb5C069C6E311a967386131f7":269.8012220695739,"0x1CC481cE2BD2EC7Bf67d1Be64d4878b16078F309":117.64548411983452,"0x1a7e4e63778B4f12a199C062f3eFdD288afCBce8":84.11499777268524,"0x1aBaEA1f7C830bD89Acc67eC4af516284b1bC33c":284.0946290076304,"0x1c48f86ae57291F7686349F12601910BD8D470bb":0.009197508518661392,"0x1ce0D1E19c9514230FF8CD1DAbaC2555fb92122b":0,"0x2191DF768ad71140F9F3E96c1e4407A4aA31d082":24.193213093102525,"0x2260FAC5E5542a773Aa44fBCfeDf7C193bc2C599":27.602613971332428,"0x2302aaBe69e6E7A1b0Aa23aAC68fcCB8A4D2B460":119.29845919551414,"0x2570f1bD5D2735314FC102eb12Fc1aFe9e6E7193":51.03571974673894,"0x25eC98773D7b4ceD4cAFaB96A2A1c0945f145e10":5.808528227987511,"0x2889302a794dA87fBF1D6Db415C1492194663D13":2212.6868329803774,"0x29059568bB40344487d62f7450E78b8E6C74e0e5":959.0401682742989,"0x2b01d4FdB87eb7F2399E5D68631d8A939a323786":250.61125515148186,"0x2bd1F344a2398340C2b1119Da98816eA723F5F0f":0.9736552185749999,"0x3175Df0976dFA876431C2E9eE6Bc45b65d3473CC":0.00003870876716581789,"0x3231Cb76718CDeF2155FC47b5286d82e6eDA273f":334.6768803063294,"0x32bd822d615A3658A68b6fDD30c2fcb2C996D678":298.70521539640384,"0x34635280737b5BFe6c7DC2FC3065D60d66e78185":394.2971515507394,"0x35282d87011f87508D457F08252Bc5bFa52E10A0":158.81012465088097,"0x35D8949372D46B7a3D5A56006AE77B215fc69bC0":139.48079282696312,"0x35fA164735182de50811E8e2E824cFb9B6118ac2":996.9663238974333,"0x383E6b4437b59fff47B619CBA855CA29342A8559":194.0973007907382,"0x38D64ce1Bdf1A9f24E0Ec469C9cAde61236fB4a0":253.5040736166539,"0x390f3595bCa2Df7d23783dFd126427CCeb997BF4":24277.55564243521,"0x393DaD6c76D962Abba489a77dBf37ae948A4A6ee":147.830694702861,"0x3A2725556Dde7B21fBe3dD64A4913ff29faba6A1":0.03001856337173912,"0x3A283D9c08E8b55966afb64C515f5143cf907611":6071.310527923209,"0x3Ed3B47Dd13EC9a98b44e6204A523E766B225811":4.429223,"0x3f0e7916681452D23Cd36B1281457DA721F2E5dF":59.649422512099825,"0x401322B9FDdba8c0a8D40fbCECE1D1752C12316B":294.272484681717,"0x40D16FC0246aD3160Ccc09B8D0D3A2cD28aE6C2f":159.69758196132128,"0x4591DBfF62656E7859Afe5e45f6f47D3669fBB28":239.59152303212878,"0x4647B6D835f3B393C7A955df51EEfcf0db961606":613.2224072910046,"0x466a756E9A7401B5e2444a3fCB3c2C12FBEa0a54":54.12647314531915,"0x48759F220ED983dB51fA7A8C0D2AAb8f3ce4166a":2410.6891107290057,"0x49446A0874197839D15395B908328a74ccc96Bc0":56.86895670218943,"0x4AE86d8732390d852A13cb918463BC6e5775FaDD":380.81365913234833,"0x4D1941a887eC788F059b3bfcC8eE1E97b968825B":376.1741641308126,"0x4D55a36902a6546A79ec4c9c315241De746D5fC3":0,"0x4DEcE678ceceb27446b35C672dC7d61F30bAD69E":31286.76022687355,"0x4Fabb145d64652a948d72533023f6E7A623C7C53":0.03986786471456297,"0x4c9EDD5852cd905f086C759E8383e09bff1E68B3":1356.1074572622904,"0x4de2ab8177fC5fFAFB7aD11FB8BeB1e5fB95F71C":555.421997663354,"0x4eBdF703948ddCEA3B11f675B4D1Fba9d2414A14":3642.231238536518,"0x514910771AF9Ca656af840dff83E8264EcF986CA":86.1918777097369,"0x5228a22e72ccC52d415EcFd199F99D0665E7733b":58.576360465688545,"0x5271045F7B73c17825A7A7aee6917eE46b0B7520":269.92040836762794,"0x527331F3F550f6f85ACFEcAB9Cc0889180C6f1d5":402.8048006804921,"0x5426178799ee0a0181A89b4f57eFddfAb49941Ec":226.73291317759103,"0x5555f75e3d5278082200Fb451D1b6bA946D8e13b":117.52827801986014,"0x57Ab1ec28D129707052df4dF418D58a2D46d5f51":154.9328962234468,"0x57a5a0567187FF4A8dcC1A9bBa86155E355878F2":0.8541046694028434,"0x58efE15C0404aB22F87E4495D71f6f2077e862bE":0.001248567846,"0x5905c0290e59aFBDc42a5480add9bD7B20CB3759":0.17791286900542672,"0x59D9356E565Ab3A36dD77763Fc0d87fEaf85508C":342.4255061411071,"0x5BC25f649fc4e26069dDF4cF4010F9f706c23831":1.1810102950711117,"0x5Be6C45e2d074fAa20700C49aDA3E88a1cc0025d":622.2023449593187,"0x5Ca135cB8527d76e932f34B5145575F9d8cbE08E":54.10493860802646,"0x5E8422345238F34275888049021821E8E08CAa1f":14595.209099576801,"0x5Ea630e00D6eE438d3deA1556A110359ACdc10A9":392.1561339416279,"0x5b6C539b224014A09B3388e51CaAA8e354c959C8":221.9645142682826,"0x5e74C9036fb86BD7eCdcb084a0673EFc32eA31cb":4.41526244050935,"0x5f98805A4E8be255a32880FDeC7F6728C6568bA0":195.34001161950198,"0x625E92624Bc2D88619ACCc1788365A69767f6200":3577.8377951708894,"0x62B9c7356A2Dc64a1969e19C23e4f579F9810Aa7":96.48567861776937,"0x6359B6d3e327c497453d4376561eE276c6933323":349.151846347241,"0x63a0964A36c34E81959da5894ad888800e17405b":306.5590855794087,"0x65D72AA8DA931F047169112fcf34f52DbaAE7D18":363.6166352881618,"0x65f228ED6a6001eD6485535e0Dc33E525734f54c":68.49275167807552,"0x661c70333AA1850CcDBAe82776Bb436A0fCfeEfB":158.35811261414906,"0x6663b6D50992ef4fc0380199397c87C2f5256075":141.13837902399726,"0x668308d77be3533c909a692302Cb4D135Bf8041C":0.045202601592315726,"0x66a1E37c9b0eAddca17d3662D6c05F4DECf3e110":36.075600683076296,"0x674C6Ad92Fd080e4004b2312b45f796a192D27a0":5.592288932604063,"0x677ddbd918637E5F2c79e164D402454dE7dA8619":1.3273773137640457,"0x68749665FF8D2d112Fa859AA293F07A622782F38":17.268297879433515,"0x69000405f9DcE69BD4Cbf4f2865b79144A69BFE0":3.1808326125004447,"0x6B175474E89094C44Da98b954EedeAC495271d0F":1235.6970521166616,"0x6C280dB098dB673d30d5B34eC04B6387185D3620":347.0671307923858,"0x6C5024Cd4F8A59110119C56f8933403A539555EB":112.73509920497757,"0x6C9815826FdF8c7a45cCfEd2064dbaB33a078712":59.04204440055967,"0x6ade6971Ca3d90990C30d39c78b0534C7166e07b":235.7267954670862,"0x6b5204B0Be36771253Cc38e88012E02B752f0f36":198.6232949939265,"0x6c3F90f043a72FA612cbac8115EE7e52BDe6E490":623.2415868932843,"0x6c3ea9036406852006290770BEdFcAbA0e23A0e8":382.90641680934687,"0x6e52cCe4EaFDf77091dD1c82183b2D97b776b397":640.7652832253565,"0x6ef3D766Dfe02Dc4bF04aAe9122EB9A0Ded25615":0.0676822690570931,"0x7223442cad8e9cA474fC40109ab981608F8c4273":204.58509254910308,"0x73968b9a57c6E53d41345FD57a6E6ae27d6CDB2F":151.49448143736655,"0x73A15FeD60Bf67631dC6cd7Bc5B6e8da8190aCF5":395.47882720175966,"0x752B4c6e92d96467fE9b9a2522EF07228E00F87c":30.821535646543612,"0x76237BCfDbe8e06FB774663add96216961df4ff3":34.101731801304574,"0x76Eb2FE28b36B3ee97F3Adae0C69606eeDB2A37c":1178.50307426485,"0x77E06c9eCCf2E797fd462A92B6D7642EF85b0A44":1.1239476636,"0x78da5799CF427Fee11e9996982F4150eCe7a99A7":93.36876238521955,"0x7988292D0FB141085c092132e2a70B30aA1eccAB":462.45122609299966,