{"0x0000000000085d4780B73119b644AE5ecd22b376":0.00846900312465451,"0x005F893EcD7bF9667195642f7649DA8163e23658":0.27805950138251395,"0x0100546F2cD4C9D97f798fFC9755E47865FF7Ee6":459.7734615793516,"0x028171bCA77440897B824Ca71D1c56caC55b68A3":822.5428460546082,"0x0316EB71485b0Ab14103307bf65a021042c6d380":0.02244901924758866,"0x03ab458634910AaD20eF5f1C8ee96F1D6ac54919":200.92720192391096,"0x04C154b66CB340F3Ae24111CC767e0184Ed00Cc6":426.95470737661657,"0x056Fd409E1d7A124BD7017459dFEa2F387b6d5Cd":288.41611573668035,"0x067079c14B85169e6a29703769dadDef90816f4C":418.9943829769334,"0x075b1bb99792c9E1041bA13afEf80C91a1e70fB3":342.8892438089431,"0x085780639CC2cACd35E474e71f4d000e2405d8f6":724.1570689604299,"0x0E2EC54fC0B509F445631Bf4b91AB8168230C752":0.4714900567348924,"0x0E573Ce2736Dd9637A0b21058352e1667925C7a8":146.78737494540738,"0x0a5E677a6A24b2F1A2Bf4F3bFfC443231d2fDEc8":0.062259794542415314,"0x0bc529c00C6401aEF6D220BE8C6Ea1667F6Ad93e":23.615163946838738,"0x0d86883FAf4FfD7aEb116390af37746F45b6f378":268.8750664256262,"0x0dE54CFdfeD8005176f8b7A9D5438B45c4F1df1e":3.880086516938049,"0x127091edE112aEd7Bae281747771b3150Bb047bB":0.010124781873478544,"0x1456688345527bE1f37E9e627DA0837D6f08C925":5.585949407795792,"0x15700B564Ca08D9439C58cA5053166E8317aa138":558.5521850724502,"0x16eAd9a10b1A77007E6E329B076aD1Fe97a6F7C0":131.00149117760873,"0x18084fbA666a33d37592fA2633fD49a74DD93a88":3.0387106319942383,"0x1830c553dC76d3447B69b7B0dC19CF9e3c739C78":115.22421124297053,"0x183395DbD0B5e93323a7286D1973150697FFFCB3":359.53525088837154,"0x196f4727526eA7FB1e17b2071B3d8eAA38486988":1.691454823501122,"0x1aBaEA1f7C830bD89Acc67eC4af516284b1bC33c":493.52305922371374,"0x1bEFB9B02f7Fc821B96aC1FE2cAF881FdF72b771":4.847596203864059,"0x1c48f86ae57291F7686349F12601910BD8D470bb":0.9919154198110441,"0x1ce0D1E19c9514230FF8CD1DAbaC2555fb92122b":0,"0x2191DF768ad71140F9F3E96c1e4407A4aA31d082":15.285585688776171,"0x2260FAC5E5542a773Aa44fBCfeDf7C193bc2C599":17.909913533267442,"0x22CF19EB64226e0E1A79c69b345b31466fD273A7":2.3327722981173347,"0x25eC98773D7b4ceD4cAFaB96A2A1c0945f145e10":5.8484567968629255,"0x2889302a794dA87fBF1D6Db415C1492194663D13":1149.833300626359,"0x29059568bB40344487d62f7450E78b8E6C74e0e5":381.0080854485664,"0x2b01d4FdB87eb7F2399E5D68631d8A939a323786":21.372701306744336,"0x31429d1856aD1377A8A0079410B297e1a9e214c2":449.4414975449549,"0x32bd822d615A3658A68b6fDD30c2fcb2C996D678":87.97094314939646,"0x34635280737b5BFe6c7DC2FC3065D60d66e78185":310.4181698035628,"0x35282d87011f87508D457F08252Bc5bFa52E10A0":157.8647320674618,"0x3570E17b1F2DdFD73FBE437F34A34d1D54219138":0.05963775282074581,"0x35D8949372D46B7a3D5A56006AE77B215fc69bC0":958.8935445529934,"0x35fA164735182de50811E8e2E824cFb9B6118ac2":1133.9429891987372,"0x365AccFCa291e7D3914637ABf1F7635dB165Bb09":355.3266257697511,"0x383E6b4437b59fff47B619CBA855CA29342A8559":176.21419319174584,"0x38D64ce1Bdf1A9f24E0Ec469C9cAde61236fB4a0":274.4049129068071,"0x393DaD6c76D962Abba489a77dBf37ae948A4A6ee":177.82608456251438,"0x3A2725556Dde7B21fBe3dD64A4913ff29faba6A1":0.036569254848171105,"0x3A283D9c08E8b55966afb64C515f5143cf907611":7882.767381534396,"0x3Ed3B47Dd13EC9a98b44e6204A523E766B225811":0.000092184,"0x3f0e7916681452D23Cd36B1281457DA721F2E5dF":28.879038887377096,"0x401322B9FDdba8c0a8D40fbCECE1D1752C12316B":370.9529559109987,"0x40D16FC0246aD3160Ccc09B8D0D3A2cD28aE6C2f":951.6393820894864,"0x4591DBfF62656E7859Afe5e45f6f47D3669fBB28":434.73828425824064,"0x466a756E9A7401B5e2444a3fCB3c2C12FBEa0a54":7.821933379853294,"0x48759F220ED983dB51fA7A8C0D2AAb8f3ce4166a":1586.2193183294266,"0x49446A0874197839D15395B908328a74ccc96Bc0":29.342519434369084,"0x4AE86d8732390d852A13cb918463BC6e5775FaDD":134.91310741223876,"0x4D1941a887eC788F059b3bfcC8eE1E97b968825B":15.604378053209675,"0x4Fabb145d64652a948d72533023f6E7A623C7C53":0.03524974944261809,"0x4c9EDD5852cd905f086C759E8383e09bff1E68B3":9847.69670880982,"0x4de2ab8177fC5fFAFB7aD11FB8BeB1e5fB95F71C":366.10695848097316,"0x4eBdF703948ddCEA3B11f675B4D1Fba9d2414A14":3752.334329505405,"0x514910771AF9Ca656af840dff83E8264EcF986CA":114.39539372685482,"0x5228a22e72ccC52d415EcFd199F99D0665E7733b":71.35927469157792,"0x5555f75e3d5278082200Fb451D1b6bA946D8e13b":95.09696595013042,"0x57a5a0567187FF4A8dcC1A9bBa86155E355878F2":1.1235890412229526,"0x58efE15C0404aB22F87E4495D71f6f2077e862bE":0.001248567846,"0x5905c0290e59aFBDc42a5480add9bD7B20CB3759":0.19163386152154038,"0x59D9356E565Ab3A36dD77763Fc0d87fEaf85508C":637.781890292887,"0x5BC25f649fc4e26069dDF4cF4010F9f706c23831":2.9678799803711775,"0x5Be6C45e2d074fAa20700C49aDA3E88a1cc0025d":214.09851622268206,"0x5Ca135cB8527d76e932f34B5145575F9d8cbE08E":55.68414821303661,"0x5E8422345238F34275888049021821E8E08CAa1f":16782.310278040997,"0x5Ea630e00D6eE438d3deA1556A110359ACdc10A9":433.0581072258204,"0x5b6C539b224014A09B3388e51CaAA8e354c959C8":150.99310182240455,"0x5e74C9036fb86BD7eCdcb084a0673EFc32eA31cb":207.95740181850383,"0x62B9c7356A2Dc64a1969e19C23e4f579F9810Aa7":265.7215588547042,"0x6359B6d3e327c497453d4376561eE276c6933323":304.14990191779236,"0x63a0964A36c34E81959da5894ad888800e17405b":174.37549338209368,"0x65D72AA8DA931F047169112fcf34f52DbaAE7D18":151.8529845548689,"0x65f228ED6a6001eD6485535e0Dc33E525734f54c":60.496634485593056,"0x661c70333AA1850CcDBAe82776Bb436A0fCfeEfB":68.17553406432553,"0x6663b6D50992ef4fc0380199397c87C2f5256075":64.02559073036682,"0x668308d77be3533c909a692302Cb4D135Bf8041C":0.054966410491011274,"0x66a1E37c9b0eAddca17d3662D6c05F4DECf3e110":21.571611057781784,"0x674C6Ad92Fd080e4004b2312b45f796a192D27a0":3.503009412317981,"0x677ddbd918637E5F2c79e164D402454dE7dA8619":0.5279330505305293,"0x68749665FF8D2d112Fa859AA293F07A622782F38":20.320027864391793,"0x6B175474E89094C44Da98b954EedeAC495271d0F":5369.110132215259,"0x6C280dB098dB673d30d5B34eC04B6387185D3620":66.68698824598711,"0x6C5024Cd4F8A59110119C56f8933403A539555EB":126.1179418817835,"0x6C9815826FdF8c7a45cCfEd2064dbaB33a078712":20.34311416235841,"0x6b5204B0Be36771253Cc38e88012E02B752f0f36":251.02642230815584,"0x6c3F90f043a72FA612cbac8115EE7e52BDe6E490":1162.5314065627465,"0x6c3ea9036406852006290770BEdFcAbA0e23A0e8":936.4146088652175,"0x6ef3D766Dfe02Dc4bF04aAe9122EB9A0Ded25615":0.0833423045590689,"0x7223442cad8e9cA474fC40109ab981608F8c4273":71.98459014979166,"0x73968b9a57c6E53d41345FD57a6E6ae27d6CDB2F":111.65600808710816,"0x73A15FeD60Bf67631dC6cd7Bc5B6e8da8190aCF5":2127.4091779907653,"0x76237BCfDbe8e06FB774663add96216961df4ff3":29.683099146414683,"0x76Eb2FE28b36B3ee97F3Adae0C69606eeDB2A37c":840.5294997228398,"0x77E06c9eCCf2E797fd462A92B6D7642EF85b0A44":0.3402931895114168,"0x78da5799CF427Fee11e9996982F4150eCe7a99A7":92.40471170822644,"0x7988292D0FB141085c092132e2a70B30aA1eccAB":476.9144051690253,"0x7F17A6C77C3938D235b014818092eb6305BdA110":114.91615697533118,"0x7FA768E035F956c41d6aeaa3Bd857e7E5141CAd5":0.47205382917118593,"0x7ea4aD8C803653498bF6AC1D2dEbc04DCe8Fd2aD":488.9641083554417,"0x7f39C581F595B53c5cb19bD0b3f8dA6c935E2Ca0":2643.29210690075,"0x8064d9Ae6cDf087b1bcd5BDf3531bD5d8C537a68":84.45017291170807,"0x808507121B80c02388fAd14726482e061B8da827":320.7934970209108,"0x80d69e79258FE9D056c822461c4eb0B4ca8802E2":0.24581746500678317,"0x826180541412D574cf1336d22c0C0a287822678A":235.2053411712277,"0x830614aE209FF9d8706d386fcdBc7a55206fcffC":62.83651373045002,"0x83F20F44975D03b1b09e64809B757c47f942BEeA":8574.053589953433,"0x84CeCB5525c6B1C20070E742da870062E84Da178":24.073260512307016,"0x853d955aCEf822Db058eb8505911ED77F175b99e":3039.009926735385,"0x856c4Efb76C1D1AE02e20CEB03A2A6a08b0b8dC3":1.052021177179406,"0x865377367054516e17014CcdED1e7d814EDC9ce4":296.2419118842884,"0x8C0D76C9B18779665475F3E212D9Ca1Ed6A1A0e6":440.8056089887483,"0x8C88538688aca3b733aD08b12BEe4574c0C00907":531.6130997020742,"0x8Cd52ee292313C4D851e71A7064F096504aB3eE9":73.72699316996376,"0x8E870D67F660D95d5be530380D0eC0bd388289E1":0.10386785383024753,"0x8c9532a60E0E7C6BbD2B2c1303F63aCE1c3E9811":17.34820927712269,"0x8dAEBADE922dF735c38C80C7eBD708Af50815fAa":20.398045609902756,"0x8e595470Ed749b85C6F7669de83EAe304C2ec68F":11.54175617864552,