{"0x0000000000085d4780B73119b644AE5ecd22b376":0.008477472127779164,"0x005F893EcD7bF9667195642f7649DA8163e23658":202.66520247304652,"0x0100546F2cD4C9D97f798fFC9755E47865FF7Ee6":197.35440173043264,"0x028171bCA77440897B824Ca71D1c56caC55b68A3":796.7931300193877,"0x0316EB71485b0Ab14103307bf65a021042c6d380":69.91906922808741,"0x03ab458634910AaD20eF5f1C8ee96F1D6ac54919":183.41547143469353,"0x04C154b66CB340F3Ae24111CC767e0184Ed00Cc6":437.1223795937804,"0x056Fd409E1d7A124BD7017459dFEa2F387b6d5Cd":427.31830927274945,"0x067079c14B85169e6a29703769dadDef90816f4C":373.34383786992555,"0x075b1bb99792c9E1041bA13afEf80C91a1e70fB3":329.61224330627766,"0x085780639CC2cACd35E474e71f4d000e2405d8f6":776.7501669058915,"0x0E2EC54fC0B509F445631Bf4b91AB8168230C752":0.4715243065039573,"0x0E573Ce2736Dd9637A0b21058352e1667925C7a8":145.87989347793243,"0x0a5E677a6A24b2F1A2Bf4F3bFfC443231d2fDEc8":0.04862465624414188,"0x0bc529c00C6401aEF6D220BE8C6Ea1667F6Ad93e":14.61597024175326,"0x0d86883FAf4FfD7aEb116390af37746F45b6f378":246.20025537455004,"0x0dE54CFdfeD8005176f8b7A9D5438B45c4F1df1e":4.895475408388179,"0x1456688345527bE1f37E9e627DA0837D6f08C925":4.509764864807254,"0x16eAd9a10b1A77007E6E329B076aD1Fe97a6F7C0":132.6840755443619,"0x18084fbA666a33d37592fA2633fD49a74DD93a88":14.922374128068917,"0x183395DbD0B5e93323a7286D1973150697FFFCB3":390.7656828627097,"0x196f4727526eA7FB1e17b2071B3d8eAA38486988":0.7124172385524938,"0x1c48f86ae57291F7686349F12601910BD8D470bb":0.8618289902202858,"0x1ce0D1E19c9514230FF8CD1DAbaC2555fb92122b":0,"0x2191DF768ad71140F9F3E96c1e4407A4aA31d082":6.122347030137839,"0x2260FAC5E5542a773Aa44fBCfeDf7C193bc2C599":368.46283099850353,"0x22CF19EB64226e0E1A79c69b345b31466fD273A7":1.8002360156618398,"0x2570f1bD5D2735314FC102eb12Fc1aFe9e6E7193":900.2109799327282,"0x25eC98773D7b4ceD4cAFaB96A2A1c0945f145e10":0,"0x2889302a794dA87fBF1D6Db415C1492194663D13":578.824080515373,"0x29059568bB40344487d62f7450E78b8E6C74e0e5":280.27722224014104,"0x2b01d4FdB87eb7F2399E5D68631d8A939a323786":21.547170769983847,"0x31429d1856aD1377A8A0079410B297e1a9e214c2":490.5502302070758,"0x32bd822d615A3658A68b6fDD30c2fcb2C996D678":75.33036884027746,"0x34635280737b5BFe6c7DC2FC3065D60d66e78185":363.2284268063459,"0x35282d87011f87508D457F08252Bc5bFa52E10A0":120.65409591159279,"0x35D8949372D46B7a3D5A56006AE77B215fc69bC0":894.660783181731,"0x35fA164735182de50811E8e2E824cFb9B6118ac2":1157.4658639893808,"0x383E6b4437b59fff47B619CBA855CA29342A8559":168.92405950200458,"0x38D64ce1Bdf1A9f24E0Ec469C9cAde61236fB4a0":251.27594749562792,"0x3A283D9c08E8b55966afb64C515f5143cf907611":3607.640266057582,"0x3Ed3B47Dd13EC9a98b44e6204A523E766B225811":366.32362995433425,"0x3f0e7916681452D23Cd36B1281457DA721F2E5dF":16.208632487728487,"0x401322B9FDdba8c0a8D40fbCECE1D1752C12316B":473.00201024212714,"0x40D16FC0246aD3160Ccc09B8D0D3A2cD28aE6C2f":648.2804519621857,"0x4591DBfF62656E7859Afe5e45f6f47D3669fBB28":291.8667412798452,"0x4647B6D835f3B393C7A955df51EEfcf0db961606":419.54027879200214,"0x466a756E9A7401B5e2444a3fCB3c2C12FBEa0a54":4.103817013383612,"0x48759F220ED983dB51fA7A8C0D2AAb8f3ce4166a":1557.7208342109027,"0x49446A0874197839D15395B908328a74ccc96Bc0":23.390530153873936,"0x4D1941a887eC788F059b3bfcC8eE1E97b968825B":14.19358201647533,"0x4Fabb145d64652a948d72533023f6E7A623C7C53":0.029143493781878596,"0x4c9EDD5852cd905f086C759E8383e09bff1E68B3":6507.718528300263,"0x4de2ab8177fC5fFAFB7aD11FB8BeB1e5fB95F71C":222.4227968121986,"0x4eBdF703948ddCEA3B11f675B4D1Fba9d2414A14":1622.843229696412,"0x514910771AF9Ca656af840dff83E8264EcF986CA":116.73917644599102,"0x5228a22e72ccC52d415EcFd199F99D0665E7733b":58.89052279714076,"0x5426178799ee0a0181A89b4f57eFddfAb49941Ec":288.64259188516746,"0x5555f75e3d5278082200Fb451D1b6bA946D8e13b":96.08092390399844,"0x57a5a0567187FF4A8dcC1A9bBa86155E355878F2":1.202544271072381,"0x58efE15C0404aB22F87E4495D71f6f2077e862bE":0.001248567846,"0x5905c0290e59aFBDc42a5480add9bD7B20CB3759":0.1788955150664852,"0x59D9356E565Ab3A36dD77763Fc0d87fEaf85508C":589.8570840143684,"0x5BC25f649fc4e26069dDF4cF4010F9f706c23831":2.672343102407848,"0x5Be6C45e2d074fAa20700C49aDA3E88a1cc0025d":634.9259448013938,"0x5Ca135cB8527d76e932f34B5145575F9d8cbE08E":54.91306816428136,"0x5E8422345238F34275888049021821E8E08CAa1f":18084.588491906543,"0x5b6C539b224014A09B3388e51CaAA8e354c959C8":5226.4234752673665,"0x5e74C9036fb86BD7eCdcb084a0673EFc32eA31cb":214.80492635115877,"0x6359B6d3e327c497453d4376561eE276c6933323":289.116046567648,"0x63a0964A36c34E81959da5894ad888800e17405b":80.99314753974137,"0x65D72AA8DA931F047169112fcf34f52DbaAE7D18":135.0178317038746,"0x65f228ED6a6001eD6485535e0Dc33E525734f54c":61.44529335856124,"0x661c70333AA1850CcDBAe82776Bb436A0fCfeEfB":60.67699382739811,"0x6663b6D50992ef4fc0380199397c87C2f5256075":7.037463206437238,"0x668308d77be3533c909a692302Cb4D135Bf8041C":0.05875862481190179,"0x66a1E37c9b0eAddca17d3662D6c05F4DECf3e110":6.488966426580898,"0x674C6Ad92Fd080e4004b2312b45f796a192D27a0":3.0570382987255504,"0x68749665FF8D2d112Fa859AA293F07A622782F38":19.535784093521144,"0x6B175474E89094C44Da98b954EedeAC495271d0F":4176.013133345699,"0x6C280dB098dB673d30d5B34eC04B6387185D3620":74.92965432190897,"0x6C5024Cd4F8A59110119C56f8933403A539555EB":125.03854065571302,"0x6C9815826FdF8c7a45cCfEd2064dbaB33a078712":10.760256344408376,"0x6ade6971Ca3d90990C30d39c78b0534C7166e07b":199.22553609024789,"0x6b5204B0Be36771253Cc38e88012E02B752f0f36":183.2005011933691,"0x6c3F90f043a72FA612cbac8115EE7e52BDe6E490":1295.4919898035237,"0x6c3ea9036406852006290770BEdFcAbA0e23A0e8":929.0612600727798,"0x6e52cCe4EaFDf77091dD1c82183b2D97b776b397":575.5224203966351,"0x6ef3D766Dfe02Dc4bF04aAe9122EB9A0Ded25615":0.08910403190269085,"0x7223442cad8e9cA474fC40109ab981608F8c4273":1.8971579789188353,"0x73968b9a57c6E53d41345FD57a6E6ae27d6CDB2F":115.65079567206291,"0x73A15FeD60Bf67631dC6cd7Bc5B6e8da8190aCF5":3763.036209767669,"0x76237BCfDbe8e06FB774663add96216961df4ff3":21.701404698954043,"0x76Eb2FE28b36B3ee97F3Adae0C69606eeDB2A37c":797.3950541287458,"0x77E06c9eCCf2E797fd462A92B6D7642EF85b0A44":1.0295617315599999,"0x78da5799CF427Fee11e9996982F4150eCe7a99A7":89.73153597315896,"0x7988292D0FB141085c092132e2a70B30aA1eccAB":476.754784856396,"0x7F17A6C77C3938D235b014818092eb6305BdA110":62.478762939753956,"0x7F86Bf177Dd4F3494b841a37e810A34dD56c829B":3808.1675049886794,"0x7FA768E035F956c41d6aeaa3Bd857e7E5141CAd5":0.5044396900173798,"0x7ea4aD8C803653498bF6AC1D2dEbc04DCe8Fd2aD":420.4174163374274,"0x7f39C581F595B53c5cb19bD0b3f8dA6c935E2Ca0":1638.2963232004731,"0x8064d9Ae6cDf087b1bcd5BDf3531bD5d8C537a68":81.27004609004354,"0x80d69e79258FE9D056c822461c4eb0B4ca8802E2":0.26349137489677604,"0x826180541412D574cf1336d22c0C0a287822678A":265.51429204153646,"0x830614aE209FF9d8706d386fcdBc7a55206fcffC":64.46874520391499,"0x83F20F44975D03b1b09e64809B757c47f942BEeA":4096.540841036447,"0x84CeCB5525c6B1C20070E742da870062E84Da178":25.73246083906356,"0x853d955aCEf822Db058eb8505911ED77F175b99e":2561.5393572941853,"0x856c4Efb76C1D1AE02e20CEB03A2A6a08b0b8dC3":0.19834245934532044,"0x865377367054516e17014CcdED1e7d814EDC9ce4":663.1687363694228,"0x8C0D76C9B18779665475F3E212D9Ca1Ed6A1A0e6":903.0520783637849,"0x8C88538688aca3b733aD08b12BEe4574c0C00907":623.1642745670987,"0x8Cd52ee292313C4D851e71A7064F096504aB3eE9":53.21152897073425,"0x8E870D67F660D95d5be530380D0eC0bd388289E1":0.007667707840238866,"0x8c9532a60E0E7C6BbD2B2c1303F63aCE1c3E9811":1.221396433180004,"0x8dAEBADE922dF735c38C80C7eBD708Af50815fAa":19.154384644731575,"0x8e595470Ed749b85C6F7669de83EAe304C2ec68F":48.85258101927239,"0x917ceE801a67f933F2e6b33fC0cD1ED2d5909D88":580.6593050804331,"0x9181f633E9B9F15A32d5e37094F4C93b333e0E92":1.199685019592066,"0x922406EAFC3CcEb32b0256F287fB977c426EDbd8":0.029075917546738866,"0x954313005C56b555bdC41B84D6c63B69049d7847":490.33742032558786,"0x9559Aaa82d9649C7A7b220E7c461d2E74c9a3593":218.09701903175394,"0x95710BDE45C8D384A976Cc58Cc7a7e489576b098":2.4411049031190717,"0x961D4921e1718E633BAC8Ded88c4a1cAe44b785a":1139.6050066409775,"0x9961BdBE8B7091E584c2bF9D0a160C583f564A8c":403.2285454370638,