{"0x0000000000085d4780B73119b644AE5ecd22b376":215.84950811890388,"0x0000000016E6Cb3038203c1129c8B4aEE7af7a11":1.0685738537286487,"0x005F893EcD7bF9667195642f7649DA8163e23658":184.345419500994,"0x0100546F2cD4C9D97f798fFC9755E47865FF7Ee6":411.4491833904998,"0x028171bCA77440897B824Ca71D1c56caC55b68A3":1152.5567818293418,"0x0316EB71485b0Ab14103307bf65a021042c6d380":0.0198516684324448,"0x03ab458634910AaD20eF5f1C8ee96F1D6ac54919":3.396247995147344,"0x04C154b66CB340F3Ae24111CC767e0184Ed00Cc6":541.3051302923159,"0x051d7e5609917Bd9b73f04BAc0DED8Dd46a74301":379.0802860111863,"0x056Fd409E1d7A124BD7017459dFEa2F387b6d5Cd":774.3726279014238,"0x067079c14B85169e6a29703769dadDef90816f4C":456.59191691697566,"0x075b1bb99792c9E1041bA13afEf80C91a1e70fB3":760.0309312524084,"0x085780639CC2cACd35E474e71f4d000e2405d8f6":1043.0222322229406,"0x09db87A538BD693E9d08544577d5cCfAA6373A48":84.09945735707937,"0x0E2EC54fC0B509F445631Bf4b91AB8168230C752":0.4714349918332245,"0x0E573Ce2736Dd9637A0b21058352e1667925C7a8":146.62920764085592,"0x0a5E677a6A24b2F1A2Bf4F3bFfC443231d2fDEc8":0.07711985941189235,"0x0bc529c00C6401aEF6D220BE8C6Ea1667F6Ad93e":22.718096433362003,"0x0d86883FAf4FfD7aEb116390af37746F45b6f378":0.0994817908196978,"0x0dE54CFdfeD8005176f8b7A9D5438B45c4F1df1e":4.423715793381274,"0x127091edE112aEd7Bae281747771b3150Bb047bB":0.5880535860290318,"0x137469B55D1f15651BA46A89D0588e97dD0B6562":227.08938094407554,"0x1456688345527bE1f37E9e627DA0837D6f08C925":5.871701364039847,"0x15700B564Ca08D9439C58cA5053166E8317aa138":1911.4337284623427,"0x18084fbA666a33d37592fA2633fD49a74DD93a88":420.93956532361955,"0x1830c553dC76d3447B69b7B0dC19CF9e3c739C78":96.73024994830948,"0x183395DbD0B5e93323a7286D1973150697FFFCB3":295.2468559279884,"0x196f4727526eA7FB1e17b2071B3d8eAA38486988":1.6970802091199828,"0x1BED97CBC3c24A4fb5C069C6E311a967386131f7":299.81803484955776,"0x1a7e4e63778B4f12a199C062f3eFdD288afCBce8":331.0103703211642,"0x1aBaEA1f7C830bD89Acc67eC4af516284b1bC33c":493.5793760222477,"0x1c48f86ae57291F7686349F12601910BD8D470bb":1.143228734976386,"0x1ce0D1E19c9514230FF8CD1DAbaC2555fb92122b":0,"0x2191DF768ad71140F9F3E96c1e4407A4aA31d082":31.266224708215585,"0x2260FAC5E5542a773Aa44fBCfeDf7C193bc2C599":406.4161187577191,"0x22CF19EB64226e0E1A79c69b345b31466fD273A7":3.5628735693404083,"0x2302aaBe69e6E7A1b0Aa23aAC68fcCB8A4D2B460":146.45481976803987,"0x2570f1bD5D2735314FC102eb12Fc1aFe9e6E7193":361.1968625486675,"0x25eC98773D7b4ceD4cAFaB96A2A1c0945f145e10":0,"0x2889302a794dA87fBF1D6Db415C1492194663D13":631.0690787507842,"0x29059568bB40344487d62f7450E78b8E6C74e0e5":288.64602448846557,"0x2b01d4FdB87eb7F2399E5D68631d8A939a323786":278.0632037055172,"0x3175Df0976dFA876431C2E9eE6Bc45b65d3473CC":9.263130505112142e-7,"0x3231Cb76718CDeF2155FC47b5286d82e6eDA273f":333.7502700846803,"0x32bd822d615A3658A68b6fDD30c2fcb2C996D678":320.5914839520245,"0x3432B6A60D23Ca0dFCa7761B7ab56459D9C964D0":336.01662200324154,"0x34635280737b5BFe6c7DC2FC3065D60d66e78185":241.39351486475886,"0x35282d87011f87508D457F08252Bc5bFa52E10A0":168.14564321677503,"0x3570E17b1F2DdFD73FBE437F34A34d1D54219138":0.04059745128722034,"0x35D8949372D46B7a3D5A56006AE77B215fc69bC0":446.0871045242702,"0x35fA164735182de50811E8e2E824cFb9B6118ac2":1025.7533052016977,"0x365AccFCa291e7D3914637ABf1F7635dB165Bb09":291.31424226799584,"0x383E6b4437b59fff47B619CBA855CA29342A8559":197.6339928088106,"0x38D64ce1Bdf1A9f24E0Ec469C9cAde61236fB4a0":245.71055680870455,"0x393DaD6c76D962Abba489a77dBf37ae948A4A6ee":152.47106623084483,"0x3A2725556Dde7B21fBe3dD64A4913ff29faba6A1":0.03249892351984919,"0x3A283D9c08E8b55966afb64C515f5143cf907611":5551.543761481789,"0x3Ed3B47Dd13EC9a98b44e6204A523E766B225811":384.27724917599807,"0x3f0e7916681452D23Cd36B1281457DA721F2E5dF":26.53333293822563,"0x401322B9FDdba8c0a8D40fbCECE1D1752C12316B":326.46419588332225,"0x40D16FC0246aD3160Ccc09B8D0D3A2cD28aE6C2f":819.1362924296088,"0x4591DBfF62656E7859Afe5e45f6f47D3669fBB28":137.50513853438153,"0x4647B6D835f3B393C7A955df51EEfcf0db961606":71.07800580473386,"0x466a756E9A7401B5e2444a3fCB3c2C12FBEa0a54":473.63766894369576,"0x48759F220ED983dB51fA7A8C0D2AAb8f3ce4166a":1665.3851213612902,"0x49446A0874197839D15395B908328a74ccc96Bc0":32.727347132834986,"0x4AE86d8732390d852A13cb918463BC6e5775FaDD":153.15627917532595,"0x4D1941a887eC788F059b3bfcC8eE1E97b968825B":330.75068268441674,"0x4DEcE678ceceb27446b35C672dC7d61F30bAD69E":444.992683782414,"0x4Fabb145d64652a948d72533023f6E7A623C7C53":0.03505547085353226,"0x4c9EDD5852cd905f086C759E8383e09bff1E68B3":6010.160646733986,"0x4de2ab8177fC5fFAFB7aD11FB8BeB1e5fB95F71C":470.55857909180844,"0x4eBdF703948ddCEA3B11f675B4D1Fba9d2414A14":2853.9899606592494,"0x514910771AF9Ca656af840dff83E8264EcF986CA":96.83547874828781,"0x5228a22e72ccC52d415EcFd199F99D0665E7733b":63.00764647691649,"0x527331F3F550f6f85ACFEcAB9Cc0889180C6f1d5":258.934344888505,"0x5426178799ee0a0181A89b4f57eFddfAb49941Ec":909.1456446053992,"0x5555f75e3d5278082200Fb451D1b6bA946D8e13b":99.66415643869396,"0x57a5a0567187FF4A8dcC1A9bBa86155E355878F2":0.01582952599579014,"0x58efE15C0404aB22F87E4495D71f6f2077e862bE":0.0012482282355458878,"0x5905c0290e59aFBDc42a5480add9bD7B20CB3759":0.192313722851926,"0x59D9356E565Ab3A36dD77763Fc0d87fEaf85508C":145.05179146825185,"0x5BC25f649fc4e26069dDF4cF4010F9f706c23831":2.1380892255096073,"0x5Be6C45e2d074fAa20700C49aDA3E88a1cc0025d":550.2610093060979,"0x5Ca135cB8527d76e932f34B5145575F9d8cbE08E":57.131165891413644,"0x5E8422345238F34275888049021821E8E08CAa1f":14845.829298096594,"0x5Ea630e00D6eE438d3deA1556A110359ACdc10A9":279.8650499859151,"0x5b6C539b224014A09B3388e51CaAA8e354c959C8":610.3436149968239,"0x5ca0313D44551e32e0d7a298EC024321c4BC59B4":0.04923583827721956,"0x5e74C9036fb86BD7eCdcb084a0673EFc32eA31cb":8.522199019997391,"0x6359B6d3e327c497453d4376561eE276c6933323":285.5565885890399,"0x63a0964A36c34E81959da5894ad888800e17405b":299.75033652348634,"0x65D72AA8DA931F047169112fcf34f52DbaAE7D18":153.77301799818494,"0x65f228ED6a6001eD6485535e0Dc33E525734f54c":57.04526101585881,"0x661c70333AA1850CcDBAe82776Bb436A0fCfeEfB":77.98198367057422,"0x6663b6D50992ef4fc0380199397c87C2f5256075":89.83228760841487,"0x668308d77be3533c909a692302Cb4D135Bf8041C":0.04864126514013201,"0x66a1E37c9b0eAddca17d3662D6c05F4DECf3e110":31.271683469570977,"0x674C6Ad92Fd080e4004b2312b45f796a192D27a0":4.039887726975736,"0x677ddbd918637E5F2c79e164D402454dE7dA8619":0.9086429618950398,"0x68749665FF8D2d112Fa859AA293F07A622782F38":21.29840265614775,"0x69000405f9DcE69BD4Cbf4f2865b79144A69BFE0":0,"0x6B175474E89094C44Da98b954EedeAC495271d0F":8984.483547264645,"0x6C280dB098dB673d30d5B34eC04B6387185D3620":343.5353714204252,"0x6C5024Cd4F8A59110119C56f8933403A539555EB":125.80068194201591,"0x6C9815826FdF8c7a45cCfEd2064dbaB33a078712":67.95758040915622,"0x6ade6971Ca3d90990C30d39c78b0534C7166e07b":101.60329931347131,"0x6b5204B0Be36771253Cc38e88012E02B752f0f36":225.11930626632787,"0x6c3F90f043a72FA612cbac8115EE7e52BDe6E490":601.0657018230612,"0x6c3ea9036406852006290770BEdFcAbA0e23A0e8":900.3659214129734,"0x6e52cCe4EaFDf77091dD1c82183b2D97b776b397":640.93950004251,"0x6ef3D766Dfe02Dc4bF04aAe9122EB9A0Ded25615":0.06259802883545741,"0x7223442cad8e9cA474fC40109ab981608F8c4273":88.2044956059681,"0x73968b9a57c6E53d41345FD57a6E6ae27d6CDB2F":107.93208885163189,"0x73A15FeD60Bf67631dC6cd7Bc5B6e8da8190aCF5":1608.4620533648445,"0x752B4c6e92d96467fE9b9a2522EF07228E00F87c":49.84625171825604,"0x76237BCfDbe8e06FB774663add96216961df4ff3":35.65477660059492,"0x76Eb2FE28b36B3ee97F3Adae0C69606eeDB2A37c":1173.7397428783593,"0x77E06c9eCCf2E797fd462A92B6D7642EF85b0A44":0.13700030404068042,"0x78da5799CF427Fee11e9996982F4150eCe7a99A7":95.09582245535104,"0x7F17A6C77C3938D235b014818092eb6305BdA110":141.4493232493213,"0x7F86Bf177Dd4F3494b841a37e810A34dD56c829B":2644.767036467317,"0x7FA768E035F956c41d6aeaa3Bd857e7E5141CAd5":0.4189528163217402,"0x7ea4aD8C803653498bF6AC1D2dEbc04DCe8Fd2aD":42.27391401854071,"0x7f39C581F595B53c5cb19bD0b3f8dA6c935E2Ca0":1509.4838902290487,"0x8064d9Ae6cDf087b1bcd5BDf3531bD5d8C537a68":74.49256332650351,