{"0x0000000000085d4780B73119b644AE5ecd22b376":0.008477472127779164,"0x005F893EcD7bF9667195642f7649DA8163e23658":196.55450547568802,"0x0100546F2cD4C9D97f798fFC9755E47865FF7Ee6":462.0458805277192,"0x028171bCA77440897B824Ca71D1c56caC55b68A3":819.5632041823953,"0x0316EB71485b0Ab14103307bf65a021042c6d380":0.022613088347680072,"0x03ab458634910AaD20eF5f1C8ee96F1D6ac54919":196.44276252686512,"0x04C154b66CB340F3Ae24111CC767e0184Ed00Cc6":428.7296958730851,"0x056Fd409E1d7A124BD7017459dFEa2F387b6d5Cd":288.28536951132287,"0x067079c14B85169e6a29703769dadDef90816f4C":413.08898251846057,"0x075b1bb99792c9E1041bA13afEf80C91a1e70fB3":344.61057344804334,"0x085780639CC2cACd35E474e71f4d000e2405d8f6":688.8886451650927,"0x0E2EC54fC0B509F445631Bf4b91AB8168230C752":0.4714939817851266,"0x0E573Ce2736Dd9637A0b21058352e1667925C7a8":146.81186287477126,"0x0a5E677a6A24b2F1A2Bf4F3bFfC443231d2fDEc8":0.06283256174151758,"0x0bc529c00C6401aEF6D220BE8C6Ea1667F6Ad93e":23.66302588687622,"0x0d86883FAf4FfD7aEb116390af37746F45b6f378":268.26087996401753,"0x0dE54CFdfeD8005176f8b7A9D5438B45c4F1df1e":4.002634244490506,"0x137469B55D1f15651BA46A89D0588e97dD0B6562":3.7440037154183274,"0x1456688345527bE1f37E9e627DA0837D6f08C925":5.436157475273977,"0x15700B564Ca08D9439C58cA5053166E8317aa138":271.19571339178566,"0x16eAd9a10b1A77007E6E329B076aD1Fe97a6F7C0":131.2195390679403,"0x18084fbA666a33d37592fA2633fD49a74DD93a88":2.922709766716737,"0x1830c553dC76d3447B69b7B0dC19CF9e3c739C78":118.14479733580188,"0x183395DbD0B5e93323a7286D1973150697FFFCB3":358.7098923012551,"0x196f4727526eA7FB1e17b2071B3d8eAA38486988":1.4527613728901683,"0x1aBaEA1f7C830bD89Acc67eC4af516284b1bC33c":493.6149607109078,"0x1bEFB9B02f7Fc821B96aC1FE2cAF881FdF72b771":4.153108720317593,"0x1c48f86ae57291F7686349F12601910BD8D470bb":1.081312666830119,"0x1ce0D1E19c9514230FF8CD1DAbaC2555fb92122b":0,"0x2191DF768ad71140F9F3E96c1e4407A4aA31d082":14.680146888381024,"0x2260FAC5E5542a773Aa44fBCfeDf7C193bc2C599":13.509264173142302,"0x22CF19EB64226e0E1A79c69b345b31466fD273A7":1.880452169142073,"0x2570f1bD5D2735314FC102eb12Fc1aFe9e6E7193":121.21874960881716,"0x25eC98773D7b4ceD4cAFaB96A2A1c0945f145e10":5.861081213634851,"0x2889302a794dA87fBF1D6Db415C1492194663D13":1119.9114049944267,"0x2b01d4FdB87eb7F2399E5D68631d8A939a323786":21.286397000035603,"0x31429d1856aD1377A8A0079410B297e1a9e214c2":450.2230872563406,"0x32bd822d615A3658A68b6fDD30c2fcb2C996D678":81.70687675792482,"0x34635280737b5BFe6c7DC2FC3065D60d66e78185":309.70998858458364,"0x35282d87011f87508D457F08252Bc5bFa52E10A0":157.74716930647497,"0x35D8949372D46B7a3D5A56006AE77B215fc69bC0":827.137917210077,"0x35fA164735182de50811E8e2E824cFb9B6118ac2":1140.2171877607323,"0x365AccFCa291e7D3914637ABf1F7635dB165Bb09":354.42154882672355,"0x383E6b4437b59fff47B619CBA855CA29342A8559":175.52440334189524,"0x38D64ce1Bdf1A9f24E0Ec469C9cAde61236fB4a0":274.9172829741462,"0x393DaD6c76D962Abba489a77dBf37ae948A4A6ee":175.54834011395448,"0x3A2725556Dde7B21fBe3dD64A4913ff29faba6A1":0.0367939886953509,"0x3A283D9c08E8b55966afb64C515f5143cf907611":7091.001693087977,"0x3Ed3B47Dd13EC9a98b44e6204A523E766B225811":0.000092,"0x3f0e7916681452D23Cd36B1281457DA721F2E5dF":28.839536501016322,"0x401322B9FDdba8c0a8D40fbCECE1D1752C12316B":372.61563437602695,"0x40D16FC0246aD3160Ccc09B8D0D3A2cD28aE6C2f":881.635058061775,"0x4591DBfF62656E7859Afe5e45f6f47D3669fBB28":370.45409991996644,"0x4647B6D835f3B393C7A955df51EEfcf0db961606":533.292777780285,"0x466a756E9A7401B5e2444a3fCB3c2C12FBEa0a54":7.61775689116982,"0x48759F220ED983dB51fA7A8C0D2AAb8f3ce4166a":1575.6583315856633,"0x49446A0874197839D15395B908328a74ccc96Bc0":29.329502766822927,"0x4AE86d8732390d852A13cb918463BC6e5775FaDD":134.88955577294368,"0x4D1941a887eC788F059b3bfcC8eE1E97b968825B":15.258537413364582,"0x4Fabb145d64652a948d72533023f6E7A623C7C53":0.034992753766861624,"0x4c9EDD5852cd905f086C759E8383e09bff1E68B3":8900.290867791795,"0x4eBdF703948ddCEA3B11f675B4D1Fba9d2414A14":3630.375380198861,"0x514910771AF9Ca656af840dff83E8264EcF986CA":115.01366863510951,"0x5228a22e72ccC52d415EcFd199F99D0665E7733b":61.37482364174242,"0x5426178799ee0a0181A89b4f57eFddfAb49941Ec":88.61268173405736,"0x5555f75e3d5278082200Fb451D1b6bA946D8e13b":96.7214488069427,"0x57a5a0567187FF4A8dcC1A9bBa86155E355878F2":1.135786244551034,"0x58efE15C0404aB22F87E4495D71f6f2077e862bE":0.001248567846,"0x5905c0290e59aFBDc42a5480add9bD7B20CB3759":0.2010895399495039,"0x59D9356E565Ab3A36dD77763Fc0d87fEaf85508C":631.229475757481,"0x5BC25f649fc4e26069dDF4cF4010F9f706c23831":2.8263596243342555,"0x5Be6C45e2d074fAa20700C49aDA3E88a1cc0025d":214.67619424885092,"0x5Ca135cB8527d76e932f34B5145575F9d8cbE08E":55.912192747592286,"0x5E8422345238F34275888049021821E8E08CAa1f":16890.130947926704,"0x5Ea630e00D6eE438d3deA1556A110359ACdc10A9":433.9585277048775,"0x5e74C9036fb86BD7eCdcb084a0673EFc32eA31cb":208.88991666959097,"0x62B9c7356A2Dc64a1969e19C23e4f579F9810Aa7":267.69219031979816,"0x63a0964A36c34E81959da5894ad888800e17405b":174.4397764057581,"0x65D72AA8DA931F047169112fcf34f52DbaAE7D18":149.0909993127004,"0x65f228ED6a6001eD6485535e0Dc33E525734f54c":60.51910299284502,"0x661c70333AA1850CcDBAe82776Bb436A0fCfeEfB":67.01759152926861,"0x6663b6D50992ef4fc0380199397c87C2f5256075":41.604599203218164,"0x668308d77be3533c909a692302Cb4D135Bf8041C":0.05553697255118436,"0x66a1E37c9b0eAddca17d3662D6c05F4DECf3e110":20.206444298046588,"0x674C6Ad92Fd080e4004b2312b45f796a192D27a0":3.3466623505482076,"0x677ddbd918637E5F2c79e164D402454dE7dA8619":0.1921096465130747,"0x68749665FF8D2d112Fa859AA293F07A622782F38":20.18567712999411,"0x6B175474E89094C44Da98b954EedeAC495271d0F":4916.350243551046,"0x6C280dB098dB673d30d5B34eC04B6387185D3620":66.57232181463955,"0x6C5024Cd4F8A59110119C56f8933403A539555EB":130.42581318677716,"0x6C9815826FdF8c7a45cCfEd2064dbaB33a078712":20.074558199819027,"0x6ade6971Ca3d90990C30d39c78b0534C7166e07b":220.5751153842465,"0x6b5204B0Be36771253Cc38e88012E02B752f0f36":237.4309258740264,"0x6c3F90f043a72FA612cbac8115EE7e52BDe6E490":1130.2077541311185,"0x6c3ea9036406852006290770BEdFcAbA0e23A0e8":873.040367201299,"0x6e52cCe4EaFDf77091dD1c82183b2D97b776b397":882.6656999231077,"0x6ef3D766Dfe02Dc4bF04aAe9122EB9A0Ded25615":0.08421975518748082,"0x7223442cad8e9cA474fC40109ab981608F8c4273":69.05045715544546,"0x73968b9a57c6E53d41345FD57a6E6ae27d6CDB2F":112.91728801440595,"0x73A15FeD60Bf67631dC6cd7Bc5B6e8da8190aCF5":1736.258301379006,"0x76237BCfDbe8e06FB774663add96216961df4ff3":27.51293710128553,"0x76Eb2FE28b36B3ee97F3Adae0C69606eeDB2A37c":840.1936435091361,"0x77E06c9eCCf2E797fd462A92B6D7642EF85b0A44":0.09284140030113158,"0x78da5799CF427Fee11e9996982F4150eCe7a99A7":92.40378799139509,"0x7988292D0FB141085c092132e2a70B30aA1eccAB":476.2725756237717,"0x7F17A6C77C3938D235b014818092eb6305BdA110":111.24023054802323,"0x7F86Bf177Dd4F3494b841a37e810A34dD56c829B":3619.7191749560475,"0x7FA768E035F956c41d6aeaa3Bd857e7E5141CAd5":0.47699873988990305,"0x7ea4aD8C803653498bF6AC1D2dEbc04DCe8Fd2aD":488.7999082304471,"0x7f39C581F595B53c5cb19bD0b3f8dA6c935E2Ca0":2497.9696868217084,"0x8064d9Ae6cDf087b1bcd5BDf3531bD5d8C537a68":84.17140871959091,"0x808507121B80c02388fAd14726482e061B8da827":322.6728553084635,"0x80d69e79258FE9D056c822461c4eb0B4ca8802E2":0.24865579341678237,"0x826180541412D574cf1336d22c0C0a287822678A":234.17178563894245,"0x830614aE209FF9d8706d386fcdBc7a55206fcffC":63.76099510113182,"0x83F20F44975D03b1b09e64809B757c47f942BEeA":7845.2922127374395,"0x853d955aCEf822Db058eb8505911ED77F175b99e":2851.8485136960553,"0x856c4Efb76C1D1AE02e20CEB03A2A6a08b0b8dC3":0.8412845653719612,"0x865377367054516e17014CcdED1e7d814EDC9ce4":293.26908462971477,"0x8C0D76C9B18779665475F3E212D9Ca1Ed6A1A0e6":435.0021123394465,"0x8C88538688aca3b733aD08b12BEe4574c0C00907":510.0196844230417,"0x8Cd52ee292313C4D851e71A7064F096504aB3eE9":73.94584838772151,"0x8E870D67F660D95d5be530380D0eC0bd388289E1":0.10376408974050703,"0x8c9532a60E0E7C6BbD2B2c1303F63aCE1c3E9811":17.122461253073368,"0x8dAEBADE922dF735c38C80C7eBD708Af50815fAa":20.385826816197465,"0x8e595470Ed749b85C6F7669de83EAe304C2ec68F":11.53989871775836,