{"0x0000000000085d4780B73119b644AE5ecd22b376":213.2836115133333,"0x0000000016E6Cb3038203c1129c8B4aEE7af7a11":2.1959205426549255,"0x005F893EcD7bF9667195642f7649DA8163e23658":0.22173461598440714,"0x0100546F2cD4C9D97f798fFC9755E47865FF7Ee6":447.69914540060546,"0x028171bCA77440897B824Ca71D1c56caC55b68A3":905.7721416345411,"0x0316EB71485b0Ab14103307bf65a021042c6d380":0.02120623815759024,"0x03ab458634910AaD20eF5f1C8ee96F1D6ac54919":1.26101248503938,"0x04C154b66CB340F3Ae24111CC767e0184Ed00Cc6":437.1506818340797,"0x051d7e5609917Bd9b73f04BAc0DED8Dd46a74301":395.98282867689716,"0x056Fd409E1d7A124BD7017459dFEa2F387b6d5Cd":571.6234535008701,"0x067079c14B85169e6a29703769dadDef90816f4C":453.58775932363983,"0x075b1bb99792c9E1041bA13afEf80C91a1e70fB3":789.9135869609755,"0x085780639CC2cACd35E474e71f4d000e2405d8f6":978.7514303418144,"0x0E2EC54fC0B509F445631Bf4b91AB8168230C752":0.47146961404791105,"0x0E573Ce2736Dd9637A0b21058352e1667925C7a8":143.93615559249656,"0x0a5E677a6A24b2F1A2Bf4F3bFfC443231d2fDEc8":0.08150538789753144,"0x0bc529c00C6401aEF6D220BE8C6Ea1667F6Ad93e":20.21462500634057,"0x0d86883FAf4FfD7aEb116390af37746F45b6f378":267.14452616574164,"0x0dE54CFdfeD8005176f8b7A9D5438B45c4F1df1e":5.837900472373045,"0x137469B55D1f15651BA46A89D0588e97dD0B6562":251.20355786602144,"0x1456688345527bE1f37E9e627DA0837D6f08C925":2.5236293448048555,"0x15700B564Ca08D9439C58cA5053166E8317aa138":1062.8485547105547,"0x16eAd9a10b1A77007E6E329B076aD1Fe97a6F7C0":117.86764706847131,"0x18084fbA666a33d37592fA2633fD49a74DD93a88":432.27674891925494,"0x183395DbD0B5e93323a7286D1973150697FFFCB3":337.4589200199754,"0x196f4727526eA7FB1e17b2071B3d8eAA38486988":2.56872487213345,"0x1BED97CBC3c24A4fb5C069C6E311a967386131f7":325.5950393360207,"0x1a7e4e63778B4f12a199C062f3eFdD288afCBce8":328.7103401785641,"0x1aBaEA1f7C830bD89Acc67eC4af516284b1bC33c":488.34055706464414,"0x1c48f86ae57291F7686349F12601910BD8D470bb":0.5000210459334552,"0x1ce0D1E19c9514230FF8CD1DAbaC2555fb92122b":0,"0x2191DF768ad71140F9F3E96c1e4407A4aA31d082":14.626130751829736,"0x2260FAC5E5542a773Aa44fBCfeDf7C193bc2C599":430.32156232950547,"0x2302aaBe69e6E7A1b0Aa23aAC68fcCB8A4D2B460":166.73916751750696,"0x2570f1bD5D2735314FC102eb12Fc1aFe9e6E7193":191.02891878164283,"0x25eC98773D7b4ceD4cAFaB96A2A1c0945f145e10":5.857372465689689,"0x2889302a794dA87fBF1D6Db415C1492194663D13":250.02974401271507,"0x2b01d4FdB87eb7F2399E5D68631d8A939a323786":300.82191469054226,"0x3175Df0976dFA876431C2E9eE6Bc45b65d3473CC":9.273609438057342e-7,"0x3231Cb76718CDeF2155FC47b5286d82e6eDA273f":329.6040834244009,"0x32bd822d615A3658A68b6fDD30c2fcb2C996D678":342.02527639730926,"0x3432B6A60D23Ca0dFCa7761B7ab56459D9C964D0":342.088695983817,"0x34635280737b5BFe6c7DC2FC3065D60d66e78185":263.55550872275074,"0x35282d87011f87508D457F08252Bc5bFa52E10A0":151.85660348044067,"0x35D8949372D46B7a3D5A56006AE77B215fc69bC0":246.3139268705114,"0x35fA164735182de50811E8e2E824cFb9B6118ac2":1114.2872521041443,"0x365AccFCa291e7D3914637ABf1F7635dB165Bb09":334.34908851091126,"0x383E6b4437b59fff47B619CBA855CA29342A8559":179.53382688595943,"0x38D64ce1Bdf1A9f24E0Ec469C9cAde61236fB4a0":266.8633973296779,"0x393DaD6c76D962Abba489a77dBf37ae948A4A6ee":156.64057866943952,"0x3A2725556Dde7B21fBe3dD64A4913ff29faba6A1":0.03545145071018332,"0x3A283D9c08E8b55966afb64C515f5143cf907611":3074.01180813049,"0x3Ed3B47Dd13EC9a98b44e6204A523E766B225811":357.6127637389745,"0x3f0e7916681452D23Cd36B1281457DA721F2E5dF":20.999264973154276,"0x401322B9FDdba8c0a8D40fbCECE1D1752C12316B":353.2179359228529,"0x40D16FC0246aD3160Ccc09B8D0D3A2cD28aE6C2f":559.2618624045402,"0x4591DBfF62656E7859Afe5e45f6f47D3669fBB28":116.16982883153275,"0x4647B6D835f3B393C7A955df51EEfcf0db961606":14.781501997677253,"0x466a756E9A7401B5e2444a3fCB3c2C12FBEa0a54":323.2138438842718,"0x48759F220ED983dB51fA7A8C0D2AAb8f3ce4166a":1660.7263285265512,"0x49446A0874197839D15395B908328a74ccc96Bc0":31.182419024857406,"0x4AE86d8732390d852A13cb918463BC6e5775FaDD":152.97445072115536,"0x4D1941a887eC788F059b3bfcC8eE1E97b968825B":342.71055754941074,"0x4DEcE678ceceb27446b35C672dC7d61F30bAD69E":442.17641268139215,"0x4Fabb145d64652a948d72533023f6E7A623C7C53":0.03456443937877914,"0x4c9EDD5852cd905f086C759E8383e09bff1E68B3":2851.1958319397154,"0x4eBdF703948ddCEA3B11f675B4D1Fba9d2414A14":365.50008012083237,"0x514910771AF9Ca656af840dff83E8264EcF986CA":104.98698296482914,"0x5228a22e72ccC52d415EcFd199F99D0665E7733b":64.34299848301796,"0x5426178799ee0a0181A89b4f57eFddfAb49941Ec":498.09123298665804,"0x5555f75e3d5278082200Fb451D1b6bA946D8e13b":92.17566508839597,"0x57a5a0567187FF4A8dcC1A9bBa86155E355878F2":1.0927461131351397,"0x58efE15C0404aB22F87E4495D71f6f2077e862bE":0.0012498164138459997,"0x5905c0290e59aFBDc42a5480add9bD7B20CB3759":0.19255841246296784,"0x59D9356E565Ab3A36dD77763Fc0d87fEaf85508C":101.30352275442213,"0x5BC25f649fc4e26069dDF4cF4010F9f706c23831":3.8895690456194902,"0x5Ca135cB8527d76e932f34B5145575F9d8cbE08E":52.875660215936556,"0x5E8422345238F34275888049021821E8E08CAa1f":16191.80917026537,"0x5Ea630e00D6eE438d3deA1556A110359ACdc10A9":365.5818042263108,"0x5b6C539b224014A09B3388e51CaAA8e354c959C8":578.7642182589739,"0x5e74C9036fb86BD7eCdcb084a0673EFc32eA31cb":6.597642776337529,"0x6359B6d3e327c497453d4376561eE276c6933323":312.4145522027462,"0x63a0964A36c34E81959da5894ad888800e17405b":311.9131251591462,"0x65D72AA8DA931F047169112fcf34f52DbaAE7D18":150.10376386812865,"0x65f228ED6a6001eD6485535e0Dc33E525734f54c":54.66763234645708,"0x661c70333AA1850CcDBAe82776Bb436A0fCfeEfB":61.73267072988151,"0x668308d77be3533c909a692302Cb4D135Bf8041C":0.05345891571372667,"0x66a1E37c9b0eAddca17d3662D6c05F4DECf3e110":22.751561453679656,"0x674C6Ad92Fd080e4004b2312b45f796a192D27a0":1.02638296340303,"0x677ddbd918637E5F2c79e164D402454dE7dA8619":1.0268177563450827,"0x68749665FF8D2d112Fa859AA293F07A622782F38":18.211194315998384,"0x69000405f9DcE69BD4Cbf4f2865b79144A69BFE0":0,"0x6B175474E89094C44Da98b954EedeAC495271d0F":3416.6429202856125,"0x6C280dB098dB673d30d5B34eC04B6387185D3620":321.0026485264346,"0x6C5024Cd4F8A59110119C56f8933403A539555EB":122.38169406616207,"0x6C9815826FdF8c7a45cCfEd2064dbaB33a078712":39.388212984614235,"0x6b5204B0Be36771253Cc38e88012E02B752f0f36":228.59370164035982,"0x6c3F90f043a72FA612cbac8115EE7e52BDe6E490":473.95470269581097,"0x6c3ea9036406852006290770BEdFcAbA0e23A0e8":750.7868585415739,"0x6e52cCe4EaFDf77091dD1c82183b2D97b776b397":343.9829744322324,"0x6ef3D766Dfe02Dc4bF04aAe9122EB9A0Ded25615":0.08107875686957809,"0x7223442cad8e9cA474fC40109ab981608F8c4273":84.5444543544389,"0x73968b9a57c6E53d41345FD57a6E6ae27d6CDB2F":116.66871683549407,"0x73A15FeD60Bf67631dC6cd7Bc5B6e8da8190aCF5":756.0046641217627,"0x752B4c6e92d96467fE9b9a2522EF07228E00F87c":57.84470302822688,"0x76237BCfDbe8e06FB774663add96216961df4ff3":26.292774190682987,"0x76Eb2FE28b36B3ee97F3Adae0C69606eeDB2A37c":896.1197666854986,"0x77E06c9eCCf2E797fd462A92B6D7642EF85b0A44":0.9018916372199999,"0x78da5799CF427Fee11e9996982F4150eCe7a99A7":87.2850734894894,"0x7988292D0FB141085c092132e2a70B30aA1eccAB":478.34288959224637,"0x7F17A6C77C3938D235b014818092eb6305BdA110":121.69435884249684,"0x7F86Bf177Dd4F3494b841a37e810A34dD56c829B":1105.1985845690401,"0x7FA768E035F956c41d6aeaa3Bd857e7E5141CAd5":0.4593976732942063,"0x7f39C581F595B53c5cb19bD0b3f8dA6c935E2Ca0":927.1503994853971,"0x8064d9Ae6cDf087b1bcd5BDf3531bD5d8C537a68":75.67578534901146,"0x808507121B80c02388fAd14726482e061B8da827":272.23130246433993,"0x80d69e79258FE9D056c822461c4eb0B4ca8802E2":0.23918097394207147,"0x826180541412D574cf1336d22c0C0a287822678A":209.4460184854935,"0x8282BD15dcA2EA2bDf24163E8f2781B30C43A2ef":326.8927225117921,"0x830614aE209FF9d8706d386fcdBc7a55206fcffC":52.844632934348326,"0x83F20F44975D03b1b09e64809B757c47f942BEeA":2783.5383295718534,"0x84CeCB5525c6B1C20070E742da870062E84Da178":16.045128902380643,"0x853d955aCEf822Db058eb8505911ED77F175b99e":1406.4217632671628,"0x856c4Efb76C1D1AE02e20CEB03A2A6a08b0b8dC3":309.9156203435778,"0x865377367054516e17014CcdED1e7d814EDC9ce4":639.7703702640416,"0x893DA8A02b487FEF2F7e3F35DF49d7625aE549a3":361.2190185475815,