{"0x0000000000085d4780B73119b644AE5ecd22b376":0.00846900312465451,"0x005F893EcD7bF9667195642f7649DA8163e23658":194.47045385304506,"0x0100546F2cD4C9D97f798fFC9755E47865FF7Ee6":477.68522753486315,"0x028171bCA77440897B824Ca71D1c56caC55b68A3":742.8634874524472,"0x0316EB71485b0Ab14103307bf65a021042c6d380":0.023243013071640943,"0x03ab458634910AaD20eF5f1C8ee96F1D6ac54919":184.24430588573503,"0x04C154b66CB340F3Ae24111CC767e0184Ed00Cc6":426.16234448863094,"0x056Fd409E1d7A124BD7017459dFEa2F387b6d5Cd":22.7166011319137,"0x067079c14B85169e6a29703769dadDef90816f4C":367.12227993592614,"0x075b1bb99792c9E1041bA13afEf80C91a1e70fB3":330.2412951697639,"0x085780639CC2cACd35E474e71f4d000e2405d8f6":366.39613395271033,"0x0E2EC54fC0B509F445631Bf4b91AB8168230C752":0.4715167225238797,"0x0E573Ce2736Dd9637A0b21058352e1667925C7a8":143.2809330187674,"0x0a5E677a6A24b2F1A2Bf4F3bFfC443231d2fDEc8":0.05034927459368781,"0x0bc529c00C6401aEF6D220BE8C6Ea1667F6Ad93e":12.084284403207844,"0x0d86883FAf4FfD7aEb116390af37746F45b6f378":242.4200526907234,"0x0dE54CFdfeD8005176f8b7A9D5438B45c4F1df1e":5.832508310041135,"0x1456688345527bE1f37E9e627DA0837D6f08C925":2.1197228559599997,"0x18084fbA666a33d37592fA2633fD49a74DD93a88":1.5424066380700925,"0x1830c553dC76d3447B69b7B0dC19CF9e3c739C78":113.92108991321214,"0x183395DbD0B5e93323a7286D1973150697FFFCB3":389.27983760004736,"0x196f4727526eA7FB1e17b2071B3d8eAA38486988":2.532067203266807,"0x1aBaEA1f7C830bD89Acc67eC4af516284b1bC33c":490.1280241514497,"0x1c48f86ae57291F7686349F12601910BD8D470bb":0.024640608636628793,"0x1ce0D1E19c9514230FF8CD1DAbaC2555fb92122b":0,"0x2191DF768ad71140F9F3E96c1e4407A4aA31d082":5.91775854604883,"0x2260FAC5E5542a773Aa44fBCfeDf7C193bc2C599":10.081070990621635,"0x2302aaBe69e6E7A1b0Aa23aAC68fcCB8A4D2B460":133.08013169151997,"0x2570f1bD5D2735314FC102eb12Fc1aFe9e6E7193":5.326315667659572,"0x25eC98773D7b4ceD4cAFaB96A2A1c0945f145e10":0,"0x2889302a794dA87fBF1D6Db415C1492194663D13":278.5573415974611,"0x29059568bB40344487d62f7450E78b8E6C74e0e5":292.32887481150635,"0x2b01d4FdB87eb7F2399E5D68631d8A939a323786":18.74362209811542,"0x31429d1856aD1377A8A0079410B297e1a9e214c2":476.75551609774794,"0x32bd822d615A3658A68b6fDD30c2fcb2C996D678":82.21350489659555,"0x34635280737b5BFe6c7DC2FC3065D60d66e78185":353.6349404516211,"0x35282d87011f87508D457F08252Bc5bFa52E10A0":123.4534054660628,"0x35D8949372D46B7a3D5A56006AE77B215fc69bC0":150.42771213420187,"0x35fA164735182de50811E8e2E824cFb9B6118ac2":1161.1445321647375,"0x365AccFCa291e7D3914637ABf1F7635dB165Bb09":389.40510155501084,"0x383E6b4437b59fff47B619CBA855CA29342A8559":167.4128268713393,"0x38D64ce1Bdf1A9f24E0Ec469C9cAde61236fB4a0":250.74596385817046,"0x3A283D9c08E8b55966afb64C515f5143cf907611":20.690963452175748,"0x3Ed3B47Dd13EC9a98b44e6204A523E766B225811":0.000091951148,"0x401322B9FDdba8c0a8D40fbCECE1D1752C12316B":386.4036815240304,"0x40D16FC0246aD3160Ccc09B8D0D3A2cD28aE6C2f":226.017338024004,"0x4591DBfF62656E7859Afe5e45f6f47D3669fBB28":296.78241873075217,"0x4647B6D835f3B393C7A955df51EEfcf0db961606":411.96455708114013,"0x466a756E9A7401B5e2444a3fCB3c2C12FBEa0a54":1.8317308494606548,"0x48759F220ED983dB51fA7A8C0D2AAb8f3ce4166a":1547.9686623372606,"0x49446A0874197839D15395B908328a74ccc96Bc0":26.634230590748537,"0x4AE86d8732390d852A13cb918463BC6e5775FaDD":131.64033549909163,"0x4Fabb145d64652a948d72533023f6E7A623C7C53":0.02921038556482204,"0x4c9EDD5852cd905f086C759E8383e09bff1E68B3":1262.736075835246,"0x4de2ab8177fC5fFAFB7aD11FB8BeB1e5fB95F71C":199.8572309189688,"0x4e3FBD56CD56c3e72c1403e103b45Db9da5B9D2B":418.69800151969275,"0x4eBdF703948ddCEA3B11f675B4D1Fba9d2414A14":53.179912529244916,"0x514910771AF9Ca656af840dff83E8264EcF986CA":115.11497401507147,"0x5228a22e72ccC52d415EcFd199F99D0665E7733b":57.04055870024461,"0x5426178799ee0a0181A89b4f57eFddfAb49941Ec":16.342274815429324,"0x5555f75e3d5278082200Fb451D1b6bA946D8e13b":91.486378348658,"0x57a5a0567187FF4A8dcC1A9bBa86155E355878F2":1.1976753874487944,"0x58efE15C0404aB22F87E4495D71f6f2077e862bE":0.0012480384532332959,"0x5905c0290e59aFBDc42a5480add9bD7B20CB3759":0.17881966336809704,"0x59D9356E565Ab3A36dD77763Fc0d87fEaf85508C":581.1505958417118,"0x5BC25f649fc4e26069dDF4cF4010F9f706c23831":0.7373201136264242,"0x5Be6C45e2d074fAa20700C49aDA3E88a1cc0025d":42.15826968300746,"0x5Ca135cB8527d76e932f34B5145575F9d8cbE08E":52.69649102056781,"0x5E8422345238F34275888049021821E8E08CAa1f":17730.17470143594,"0x5Ea630e00D6eE438d3deA1556A110359ACdc10A9":418.45866775991766,"0x5e74C9036fb86BD7eCdcb084a0673EFc32eA31cb":200.72972102172707,"0x62B9c7356A2Dc64a1969e19C23e4f579F9810Aa7":270.0275686038402,"0x6359B6d3e327c497453d4376561eE276c6933323":286.5578095313896,"0x63a0964A36c34E81959da5894ad888800e17405b":168.01387344299886,"0x65D72AA8DA931F047169112fcf34f52DbaAE7D18":129.85857853447578,"0x65f228ED6a6001eD6485535e0Dc33E525734f54c":55.63134535601627,"0x661c70333AA1850CcDBAe82776Bb436A0fCfeEfB":58.80936577931221,"0x6663b6D50992ef4fc0380199397c87C2f5256075":3.2895778201529855,"0x668308d77be3533c909a692302Cb4D135Bf8041C":0.05847751410548192,"0x66a1E37c9b0eAddca17d3662D6c05F4DECf3e110":4.484022079731707,"0x674C6Ad92Fd080e4004b2312b45f796a192D27a0":5.5510894683355865,"0x68749665FF8D2d112Fa859AA293F07A622782F38":17.658589917770634,"0x6B175474E89094C44Da98b954EedeAC495271d0F":604.9978101313117,"0x6C280dB098dB673d30d5B34eC04B6387185D3620":68.78625516296002,"0x6C5024Cd4F8A59110119C56f8933403A539555EB":121.61461210807589,"0x6C9815826FdF8c7a45cCfEd2064dbaB33a078712":10.415928141387308,"0x6ade6971Ca3d90990C30d39c78b0534C7166e07b":197.68024137605107,"0x6b5204B0Be36771253Cc38e88012E02B752f0f36":183.51961320628646,"0x6c3F90f043a72FA612cbac8115EE7e52BDe6E490":916.7803109694756,"0x6c3ea9036406852006290770BEdFcAbA0e23A0e8":237.37003075311952,"0x6ef3D766Dfe02Dc4bF04aAe9122EB9A0Ded25615":0.08881793678053904,"0x7223442cad8e9cA474fC40109ab981608F8c4273":6.530718684200302,"0x73968b9a57c6E53d41345FD57a6E6ae27d6CDB2F":113.49254770217017,"0x73A15FeD60Bf67631dC6cd7Bc5B6e8da8190aCF5":335.20608561602523,"0x76237BCfDbe8e06FB774663add96216961df4ff3":17.738493380384206,"0x76Eb2FE28b36B3ee97F3Adae0C69606eeDB2A37c":792.7219474134586,"0x77E06c9eCCf2E797fd462A92B6D7642EF85b0A44":1.01430051526,"0x78da5799CF427Fee11e9996982F4150eCe7a99A7":88.0035854634232,"0x7988292D0FB141085c092132e2a70B30aA1eccAB":471.48671176625226,"0x7F17A6C77C3938D235b014818092eb6305BdA110":53.25732830220842,"0x7F86Bf177Dd4F3494b841a37e810A34dD56c829B":588.7171548494824,"0x7FA768E035F956c41d6aeaa3Bd857e7E5141CAd5":0.5028296346994294,"0x7ea4aD8C803653498bF6AC1D2dEbc04DCe8Fd2aD":408.1186187076183,"0x7f39C581F595B53c5cb19bD0b3f8dA6c935E2Ca0":69.33157050499467,"0x8064d9Ae6cDf087b1bcd5BDf3531bD5d8C537a68":80.3904197632166,"0x808507121B80c02388fAd14726482e061B8da827":339.5503300925089,"0x80d69e79258FE9D056c822461c4eb0B4ca8802E2":0.2625612401645575,"0x826180541412D574cf1336d22c0C0a287822678A":263.3447087743637,"0x830614aE209FF9d8706d386fcdBc7a55206fcffC":58.74422220042679,"0x83F20F44975D03b1b09e64809B757c47f942BEeA":336.35091570129373,"0x84CeCB5525c6B1C20070E742da870062E84Da178":17.05163336407997,"0x853d955aCEf822Db058eb8505911ED77F175b99e":367.39014435272844,"0x856c4Efb76C1D1AE02e20CEB03A2A6a08b0b8dC3":1.9670668228616748,"0x865377367054516e17014CcdED1e7d814EDC9ce4":45.74759038244896,"0x8C0D76C9B18779665475F3E212D9Ca1Ed6A1A0e6":323.85447057167687,"0x8Cd52ee292313C4D851e71A7064F096504aB3eE9":69.25084489387187,"0x8E870D67F660D95d5be530380D0eC0bd388289E1":0.007668651159797085,"0x8c9532a60E0E7C6BbD2B2c1303F63aCE1c3E9811":1.21995367466568,"0x8dAEBADE922dF735c38C80C7eBD708Af50815fAa":16.780619932727703,"0x8e595470Ed749b85C6F7669de83EAe304C2ec68F":0.0006005823473052595,"0x917ceE801a67f933F2e6b33fC0cD1ED2d5909D88":74.28692651598642,"0x9181f633E9B9F15A32d5e37094F4C93b333e0E92":1.1958397411522181,"0x922406EAFC3CcEb32b0256F287fB977c426EDbd8":0.02906105749414449,"0x954313005C56b555bdC41B84D6c63B69049d7847":486.0237419334297,"0x9559Aaa82d9649C7A7b220E7c461d2E74c9a3593":215.00471347191615,"0x95710BDE45C8D384A976Cc58Cc7a7e489576b098":2.4493717586131263,