{"0x0000000000085d4780B73119b644AE5ecd22b376":214.76433336581883,"0x0000000016E6Cb3038203c1129c8B4aEE7af7a11":2.25410202646236,"0x005F893EcD7bF9667195642f7649DA8163e23658":198.6543813587787,"0x0100546F2cD4C9D97f798fFC9755E47865FF7Ee6":448.88950660830267,"0x028171bCA77440897B824Ca71D1c56caC55b68A3":919.9411547415999,"0x0316EB71485b0Ab14103307bf65a021042c6d380":0.021065747199942173,"0x03ab458634910AaD20eF5f1C8ee96F1D6ac54919":1.26101248503938,"0x04C154b66CB340F3Ae24111CC767e0184Ed00Cc6":458.7004524069191,"0x051d7e5609917Bd9b73f04BAc0DED8Dd46a74301":396.2381091598192,"0x056Fd409E1d7A124BD7017459dFEa2F387b6d5Cd":570.6504041880181,"0x067079c14B85169e6a29703769dadDef90816f4C":457.32643732075934,"0x075b1bb99792c9E1041bA13afEf80C91a1e70fB3":786.244896241478,"0x085780639CC2cACd35E474e71f4d000e2405d8f6":977.0224421789081,"0x0E2EC54fC0B509F445631Bf4b91AB8168230C752":0.4713505754718747,"0x0E573Ce2736Dd9637A0b21058352e1667925C7a8":145.13967111333594,"0x0a5E677a6A24b2F1A2Bf4F3bFfC443231d2fDEc8":0.08134697120579669,"0x0bc529c00C6401aEF6D220BE8C6Ea1667F6Ad93e":21.347621516142937,"0x0d86883FAf4FfD7aEb116390af37746F45b6f378":268.91092653993184,"0x0dE54CFdfeD8005176f8b7A9D5438B45c4F1df1e":1.5805710578262768,"0x1456688345527bE1f37E9e627DA0837D6f08C925":3.6010035222131815,"0x15700B564Ca08D9439C58cA5053166E8317aa138":932.8987327491984,"0x18084fbA666a33d37592fA2633fD49a74DD93a88":447.37150390599464,"0x1830c553dC76d3447B69b7B0dC19CF9e3c739C78":106.55583696763429,"0x183395DbD0B5e93323a7286D1973150697FFFCB3":339.78132933339407,"0x196f4727526eA7FB1e17b2071B3d8eAA38486988":0.09009179775182928,"0x1BED97CBC3c24A4fb5C069C6E311a967386131f7":327.2429272189889,"0x1a7e4e63778B4f12a199C062f3eFdD288afCBce8":327.548429361889,"0x1aBaEA1f7C830bD89Acc67eC4af516284b1bC33c":489.27307411037043,"0x1bEFB9B02f7Fc821B96aC1FE2cAF881FdF72b771":0.20234684461509989,"0x1c48f86ae57291F7686349F12601910BD8D470bb":0.07551618330222133,"0x1ce0D1E19c9514230FF8CD1DAbaC2555fb92122b":0,"0x2191DF768ad71140F9F3E96c1e4407A4aA31d082":15.13909771098391,"0x2260FAC5E5542a773Aa44fBCfeDf7C193bc2C599":427.9323940704773,"0x2570f1bD5D2735314FC102eb12Fc1aFe9e6E7193":194.69456363121128,"0x25eC98773D7b4ceD4cAFaB96A2A1c0945f145e10":5.864384124370864,"0x2889302a794dA87fBF1D6Db415C1492194663D13":252.90145446320784,"0x29059568bB40344487d62f7450E78b8E6C74e0e5":96.45888165329323,"0x2b01d4FdB87eb7F2399E5D68631d8A939a323786":302.88148471191715,"0x3175Df0976dFA876431C2E9eE6Bc45b65d3473CC":9.261776326623532e-7,"0x3231Cb76718CDeF2155FC47b5286d82e6eDA273f":329.99090981655297,"0x32bd822d615A3658A68b6fDD30c2fcb2C996D678":345.4049924917337,"0x3432B6A60D23Ca0dFCa7761B7ab56459D9C964D0":348.36167953021084,"0x34635280737b5BFe6c7DC2FC3065D60d66e78185":265.7164899887625,"0x35282d87011f87508D457F08252Bc5bFa52E10A0":155.98343294412155,"0x35D8949372D46B7a3D5A56006AE77B215fc69bC0":235.95070324478436,"0x35fA164735182de50811E8e2E824cFb9B6118ac2":1116.5000195612822,"0x365AccFCa291e7D3914637ABf1F7635dB165Bb09":336.7568927198119,"0x383E6b4437b59fff47B619CBA855CA29342A8559":177.71842366749632,"0x38D64ce1Bdf1A9f24E0Ec469C9cAde61236fB4a0":267.2836066767564,"0x393DaD6c76D962Abba489a77dBf37ae948A4A6ee":157.48435077476972,"0x3A2725556Dde7B21fBe3dD64A4913ff29faba6A1":0.03641247079001367,"0x3A283D9c08E8b55966afb64C515f5143cf907611":2868.218901787468,"0x3Ed3B47Dd13EC9a98b44e6204A523E766B225811":358.9066993131323,"0x40D16FC0246aD3160Ccc09B8D0D3A2cD28aE6C2f":505.6310858496993,"0x4591DBfF62656E7859Afe5e45f6f47D3669fBB28":100.20031621261766,"0x4647B6D835f3B393C7A955df51EEfcf0db961606":17.635275533751383,"0x466a756E9A7401B5e2444a3fCB3c2C12FBEa0a54":325.03978822545685,"0x48759F220ED983dB51fA7A8C0D2AAb8f3ce4166a":1656.1913036092817,"0x49446A0874197839D15395B908328a74ccc96Bc0":33.39950830733905,"0x4AE86d8732390d852A13cb918463BC6e5775FaDD":155.75964691272222,"0x4D1941a887eC788F059b3bfcC8eE1E97b968825B":344.5381106253241,"0x4DEcE678ceceb27446b35C672dC7d61F30bAD69E":443.382596599482,"0x4Fabb145d64652a948d72533023f6E7A623C7C53":0.03371735374157417,"0x4c9EDD5852cd905f086C759E8383e09bff1E68B3":2447.2601181203,"0x4de2ab8177fC5fFAFB7aD11FB8BeB1e5fB95F71C":400.40883161979446,"0x4eBdF703948ddCEA3B11f675B4D1Fba9d2414A14":363.55698248101703,"0x514910771AF9Ca656af840dff83E8264EcF986CA":110.53890560617118,"0x5228a22e72ccC52d415EcFd199F99D0665E7733b":65.21696305971241,"0x5426178799ee0a0181A89b4f57eFddfAb49941Ec":499.1561513208923,"0x5555f75e3d5278082200Fb451D1b6bA946D8e13b":95.4901791582031,"0x57a5a0567187FF4A8dcC1A9bBa86155E355878F2":1.0970451274229063,"0x58efE15C0404aB22F87E4495D71f6f2077e862bE":0.001247923584991464,"0x5905c0290e59aFBDc42a5480add9bD7B20CB3759":0.1922667855366004,"0x59D9356E565Ab3A36dD77763Fc0d87fEaf85508C":96.86682478282603,"0x5BC25f649fc4e26069dDF4cF4010F9f706c23831":1.2148301812849216,"0x5Be6C45e2d074fAa20700C49aDA3E88a1cc0025d":405.8369957043171,"0x5Ca135cB8527d76e932f34B5145575F9d8cbE08E":54.21278545695163,"0x5E8422345238F34275888049021821E8E08CAa1f":16242.149319765662,"0x5Ea630e00D6eE438d3deA1556A110359ACdc10A9":369.64164597625614,"0x5e74C9036fb86BD7eCdcb084a0673EFc32eA31cb":7.78590884552644,"0x6359B6d3e327c497453d4376561eE276c6933323":315.3062709501719,"0x63a0964A36c34E81959da5894ad888800e17405b":329.0424921180179,"0x65D72AA8DA931F047169112fcf34f52DbaAE7D18":149.71768844808764,"0x65f228ED6a6001eD6485535e0Dc33E525734f54c":57.34991007869109,"0x661c70333AA1850CcDBAe82776Bb436A0fCfeEfB":62.04473932155226,"0x6663b6D50992ef4fc0380199397c87C2f5256075":56.116418278428235,"0x668308d77be3533c909a692302Cb4D135Bf8041C":0.05360611269351686,"0x66a1E37c9b0eAddca17d3662D6c05F4DECf3e110":24.6963075757912,"0x674C6Ad92Fd080e4004b2312b45f796a192D27a0":2.1880083683142275,"0x677ddbd918637E5F2c79e164D402454dE7dA8619":1.0265140840674944,"0x68749665FF8D2d112Fa859AA293F07A622782F38":19.554304664242174,"0x69000405f9DcE69BD4Cbf4f2865b79144A69BFE0":0,"0x6B175474E89094C44Da98b954EedeAC495271d0F":2012.8040730535577,"0x6C280dB098dB673d30d5B34eC04B6387185D3620":323.25167439451644,"0x6C5024Cd4F8A59110119C56f8933403A539555EB":130.21467797605612,"0x6C9815826FdF8c7a45cCfEd2064dbaB33a078712":39.12822478009532,"0x6b5204B0Be36771253Cc38e88012E02B752f0f36":205.53903161271958,"0x6c3F90f043a72FA612cbac8115EE7e52BDe6E490":473.7918042712981,"0x6c3ea9036406852006290770BEdFcAbA0e23A0e8":371.69827215751894,"0x6e52cCe4EaFDf77091dD1c82183b2D97b776b397":336.2807113693364,"0x6ef3D766Dfe02Dc4bF04aAe9122EB9A0Ded25615":0.08128891912436338,"0x7223442cad8e9cA474fC40109ab981608F8c4273":84.86644289975456,"0x73968b9a57c6E53d41345FD57a6E6ae27d6CDB2F":121.6769566550569,"0x73A15FeD60Bf67631dC6cd7Bc5B6e8da8190aCF5":718.1384171279883,"0x752B4c6e92d96467fE9b9a2522EF07228E00F87c":59.631145294204494,"0x76237BCfDbe8e06FB774663add96216961df4ff3":28.045098003621135,"0x76Eb2FE28b36B3ee97F3Adae0C69606eeDB2A37c":891.4825792931135,"0x77E06c9eCCf2E797fd462A92B6D7642EF85b0A44":0.9197734664199999,"0x78da5799CF427Fee11e9996982F4150eCe7a99A7":89.49760651290389,"0x7988292D0FB141085c092132e2a70B30aA1eccAB":480.23227846345935,"0x7F17A6C77C3938D235b014818092eb6305BdA110":124.44088580305657,"0x7F86Bf177Dd4F3494b841a37e810A34dD56c829B":1105.5050798693164,"0x7FA768E035F956c41d6aeaa3Bd857e7E5141CAd5":0.4605657042067293,"0x7f39C581F595B53c5cb19bD0b3f8dA6c935E2Ca0":638.7124179474863,"0x8064d9Ae6cDf087b1bcd5BDf3531bD5d8C537a68":80.25611811337959,"0x808507121B80c02388fAd14726482e061B8da827":278.06842432268235,"0x80d69e79258FE9D056c822461c4eb0B4ca8802E2":0.2400199851700451,"0x826180541412D574cf1336d22c0C0a287822678A":218.42191498382383,"0x8282BD15dcA2EA2bDf24163E8f2781B30C43A2ef":329.22883224150354,"0x830614aE209FF9d8706d386fcdBc7a55206fcffC":53.56542300371892,"0x83F20F44975D03b1b09e64809B757c47f942BEeA":2575.011635736543,"0x84CeCB5525c6B1C20070E742da870062E84Da178":16.494263776633762,"0x853d955aCEf822Db058eb8505911ED77F175b99e":1206.6611688269713,"0x856c4Efb76C1D1AE02e20CEB03A2A6a08b0b8dC3":311.1169681354997,"0x865377367054516e17014CcdED1e7d814EDC9ce4":640.7562100079392,"0x893DA8A02b487FEF2F7e3F35DF49d7625aE549a3":364.82530237009564,