{"0x0000000000085d4780B73119b644AE5ecd22b376":0.008463972536798465,"0x005F893EcD7bF9667195642f7649DA8163e23658":194.58573861064596,"0x0100546F2cD4C9D97f798fFC9755E47865FF7Ee6":457.60527460695323,"0x028171bCA77440897B824Ca71D1c56caC55b68A3":815.6602783273662,"0x0316EB71485b0Ab14103307bf65a021042c6d380":0.022509514348434064,"0x03ab458634910AaD20eF5f1C8ee96F1D6ac54919":194.25433564366492,"0x04C154b66CB340F3Ae24111CC767e0184Ed00Cc6":423.8096375719505,"0x056Fd409E1d7A124BD7017459dFEa2F387b6d5Cd":276.95189562748186,"0x067079c14B85169e6a29703769dadDef90816f4C":393.4624643967595,"0x075b1bb99792c9E1041bA13afEf80C91a1e70fB3":337.2140713154479,"0x085780639CC2cACd35E474e71f4d000e2405d8f6":617.1682678723364,"0x0E2EC54fC0B509F445631Bf4b91AB8168230C752":0.47149705533873115,"0x0E573Ce2736Dd9637A0b21058352e1667925C7a8":145.92246238310207,"0x0a5E677a6A24b2F1A2Bf4F3bFfC443231d2fDEc8":0.06117153686412103,"0x0bc529c00C6401aEF6D220BE8C6Ea1667F6Ad93e":21.72107524426579,"0x0d86883FAf4FfD7aEb116390af37746F45b6f378":266.1734209869936,"0x0dE54CFdfeD8005176f8b7A9D5438B45c4F1df1e":2.9290152551223967,"0x1456688345527bE1f37E9e627DA0837D6f08C925":3.8690668035218554,"0x16eAd9a10b1A77007E6E329B076aD1Fe97a6F7C0":127.72633046899884,"0x18084fbA666a33d37592fA2633fD49a74DD93a88":1.8697469925496848,"0x1830c553dC76d3447B69b7B0dC19CF9e3c739C78":113.94345646960782,"0x183395DbD0B5e93323a7286D1973150697FFFCB3":357.9203562346699,"0x196f4727526eA7FB1e17b2071B3d8eAA38486988":2.5354338944066397,"0x1aBaEA1f7C830bD89Acc67eC4af516284b1bC33c":492.0581478709356,"0x1c48f86ae57291F7686349F12601910BD8D470bb":0.8343008234417517,"0x1ce0D1E19c9514230FF8CD1DAbaC2555fb92122b":0,"0x2191DF768ad71140F9F3E96c1e4407A4aA31d082":14.125161323320574,"0x2260FAC5E5542a773Aa44fBCfeDf7C193bc2C599":11.9353369211611,"0x2302aaBe69e6E7A1b0Aa23aAC68fcCB8A4D2B460":137.06398431507037,"0x2570f1bD5D2735314FC102eb12Fc1aFe9e6E7193":107.96374334193345,"0x25eC98773D7b4ceD4cAFaB96A2A1c0945f145e10":0,"0x2889302a794dA87fBF1D6Db415C1492194663D13":984.0056029082818,"0x2b01d4FdB87eb7F2399E5D68631d8A939a323786":19.70167859019099,"0x31429d1856aD1377A8A0079410B297e1a9e214c2":450.53401880337157,"0x32bd822d615A3658A68b6fDD30c2fcb2C996D678":76.99380726002195,"0x34635280737b5BFe6c7DC2FC3065D60d66e78185":294.091795009269,"0x35282d87011f87508D457F08252Bc5bFa52E10A0":158.1281745287738,"0x35D8949372D46B7a3D5A56006AE77B215fc69bC0":745.0638116162471,"0x35fA164735182de50811E8e2E824cFb9B6118ac2":1119.6737038809285,"0x365AccFCa291e7D3914637ABf1F7635dB165Bb09":348.73879514129845,"0x383E6b4437b59fff47B619CBA855CA29342A8559":169.04008848891644,"0x38D64ce1Bdf1A9f24E0Ec469C9cAde61236fB4a0":270.1489027289661,"0x393DaD6c76D962Abba489a77dBf37ae948A4A6ee":172.49520381698005,"0x3A2725556Dde7B21fBe3dD64A4913ff29faba6A1":0.036499395296722345,"0x3Ed3B47Dd13EC9a98b44e6204A523E766B225811":0.00009209199999999998,"0x3f0e7916681452D23Cd36B1281457DA721F2E5dF":26.24295969365187,"0x401322B9FDdba8c0a8D40fbCECE1D1752C12316B":367.43491099630853,"0x40D16FC0246aD3160Ccc09B8D0D3A2cD28aE6C2f":806.3142954997052,"0x4591DBfF62656E7859Afe5e45f6f47D3669fBB28":362.30850707952817,"0x466a756E9A7401B5e2444a3fCB3c2C12FBEa0a54":6.281949798106251,"0x48759F220ED983dB51fA7A8C0D2AAb8f3ce4166a":1575.2400272213165,"0x49446A0874197839D15395B908328a74ccc96Bc0":28.15168948347378,"0x4AE86d8732390d852A13cb918463BC6e5775FaDD":129.27718644582714,"0x4D1941a887eC788F059b3bfcC8eE1E97b968825B":13.777220043505231,"0x4Fabb145d64652a948d72533023f6E7A623C7C53":0.029298016721516502,"0x4c9EDD5852cd905f086C759E8383e09bff1E68B3":8078.192724344316,"0x4de2ab8177fC5fFAFB7aD11FB8BeB1e5fB95F71C":311.2219515336793,"0x4eBdF703948ddCEA3B11f675B4D1Fba9d2414A14":3483.408925592541,"0x514910771AF9Ca656af840dff83E8264EcF986CA":113.0585853299496,"0x5228a22e72ccC52d415EcFd199F99D0665E7733b":59.51159066648871,"0x5426178799ee0a0181A89b4f57eFddfAb49941Ec":86.86871619536862,"0x5555f75e3d5278082200Fb451D1b6bA946D8e13b":94.95875789732357,"0x57a5a0567187FF4A8dcC1A9bBa86155E355878F2":1.1209763069581393,"0x58efE15C0404aB22F87E4495D71f6f2077e862bE":0.0012498164138459997,"0x5905c0290e59aFBDc42a5480add9bD7B20CB3759":0.17907441058155169,"0x59D9356E565Ab3A36dD77763Fc0d87fEaf85508C":614.8545085124041,"0x5BC25f649fc4e26069dDF4cF4010F9f706c23831":1.6305860267833956,"0x5Be6C45e2d074fAa20700C49aDA3E88a1cc0025d":209.37528315205304,"0x5Ca135cB8527d76e932f34B5145575F9d8cbE08E":54.75755306518417,"0x5E8422345238F34275888049021821E8E08CAa1f":16698.54659700754,"0x5Ea630e00D6eE438d3deA1556A110359ACdc10A9":426.65661645160577,"0x5b6C539b224014A09B3388e51CaAA8e354c959C8":96.23422176104782,"0x5e74C9036fb86BD7eCdcb084a0673EFc32eA31cb":204.2887199865244,"0x62B9c7356A2Dc64a1969e19C23e4f579F9810Aa7":262.3750523786067,"0x63a0964A36c34E81959da5894ad888800e17405b":165.3548084623796,"0x65D72AA8DA931F047169112fcf34f52DbaAE7D18":145.49167172398901,"0x65f228ED6a6001eD6485535e0Dc33E525734f54c":59.20948397704415,"0x661c70333AA1850CcDBAe82776Bb436A0fCfeEfB":64.69033743091097,"0x6663b6D50992ef4fc0380199397c87C2f5256075":38.175878930151015,"0x668308d77be3533c909a692302Cb4D135Bf8041C":0.054926715187961876,"0x66a1E37c9b0eAddca17d3662D6c05F4DECf3e110":16.34288464753515,"0x674C6Ad92Fd080e4004b2312b45f796a192D27a0":2.2714199493038474,"0x677ddbd918637E5F2c79e164D402454dE7dA8619":0.1921832066931363,"0x68749665FF8D2d112Fa859AA293F07A622782F38":19.13498477193799,"0x6B175474E89094C44Da98b954EedeAC495271d0F":4706.883035715901,"0x6C5024Cd4F8A59110119C56f8933403A539555EB":130.5559078826988,"0x6C9815826FdF8c7a45cCfEd2064dbaB33a078712":18.396083433947872,"0x6ade6971Ca3d90990C30d39c78b0534C7166e07b":217.54448225568063,"0x6b5204B0Be36771253Cc38e88012E02B752f0f36":233.40360567831513,"0x6c3F90f043a72FA612cbac8115EE7e52BDe6E490":1119.4639470055454,"0x6c3ea9036406852006290770BEdFcAbA0e23A0e8":704.9297980109774,"0x6e52cCe4EaFDf77091dD1c82183b2D97b776b397":776.3621359156833,"0x6ef3D766Dfe02Dc4bF04aAe9122EB9A0Ded25615":0.08323128129574514,"0x7223442cad8e9cA474fC40109ab981608F8c4273":58.862820375066434,"0x73968b9a57c6E53d41345FD57a6E6ae27d6CDB2F":111.03315301662717,"0x73A15FeD60Bf67631dC6cd7Bc5B6e8da8190aCF5":1520.7514423072798,"0x76237BCfDbe8e06FB774663add96216961df4ff3":26.110847716076254,"0x76Eb2FE28b36B3ee97F3Adae0C69606eeDB2A37c":832.8656466660206,"0x77E06c9eCCf2E797fd462A92B6D7642EF85b0A44":1.11832343202,"0x78da5799CF427Fee11e9996982F4150eCe7a99A7":91.0997301639847,"0x7F17A6C77C3938D235b014818092eb6305BdA110":100.74978172527983,"0x7F86Bf177Dd4F3494b841a37e810A34dD56c829B":3309.4727425906667,"0x7FA768E035F956c41d6aeaa3Bd857e7E5141CAd5":0.47132592642243026,"0x7ea4aD8C803653498bF6AC1D2dEbc04DCe8Fd2aD":480.3369006560578,"0x7f39C581F595B53c5cb19bD0b3f8dA6c935E2Ca0":2320.935048017723,"0x8064d9Ae6cDf087b1bcd5BDf3531bD5d8C537a68":82.31440231071777,"0x808507121B80c02388fAd14726482e061B8da827":319.5121856241558,"0x80d69e79258FE9D056c822461c4eb0B4ca8802E2":0.2456291430980103,"0x826180541412D574cf1336d22c0C0a287822678A":234.5441706745003,"0x830614aE209FF9d8706d386fcdBc7a55206fcffC":62.10548190422607,"0x83F20F44975D03b1b09e64809B757c47f942BEeA":6642.7941055415,"0x84CeCB5525c6B1C20070E742da870062E84Da178":21.448757104712982,"0x853d955aCEf822Db058eb8505911ED77F175b99e":2688.207814058781,"0x856c4Efb76C1D1AE02e20CEB03A2A6a08b0b8dC3":1.8405883884546352,"0x865377367054516e17014CcdED1e7d814EDC9ce4":291.9212035547018,"0x8C0D76C9B18779665475F3E212D9Ca1Ed6A1A0e6":406.7104289150046,"0x8C88538688aca3b733aD08b12BEe4574c0C00907":244.36290703695042,"0x8Cd52ee292313C4D851e71A7064F096504aB3eE9":72.42705523586639,"0x8E870D67F660D95d5be530380D0eC0bd388289E1":0.10368834195499646,"0x8c9532a60E0E7C6BbD2B2c1303F63aCE1c3E9811":15.92037003957288,"0x8dAEBADE922dF735c38C80C7eBD708Af50815fAa":19.196005910117684,"0x8e595470Ed749b85C6F7669de83EAe304C2ec68F":11.538068311709702,"0x917ceE801a67f933F2e6b33fC0cD1ED2d5909D88":114.03550209922358,"0x9181f633E9B9F15A32d5e37094F4C93b333e0E92":1.1206504551045335,"0x922406EAFC3CcEb32b0256F287fB977c426EDbd8":0.007296071925422041,"0x954313005C56b555bdC41B84D6c63B69049d7847":474.2633082453556,