{"0x0000000000085d4780B73119b644AE5ecd22b376":0.00846900312465451,"0x005F893EcD7bF9667195642f7649DA8163e23658":162.47858914479963,"0x0100546F2cD4C9D97f798fFC9755E47865FF7Ee6":178.65594697378103,"0x028171bCA77440897B824Ca71D1c56caC55b68A3":757.4698801352448,"0x0316EB71485b0Ab14103307bf65a021042c6d380":65.24389981806998,"0x03ab458634910AaD20eF5f1C8ee96F1D6ac54919":176.96709687543967,"0x04C154b66CB340F3Ae24111CC767e0184Ed00Cc6":311.1721215352723,"0x056Fd409E1d7A124BD7017459dFEa2F387b6d5Cd":155.097430800096,"0x067079c14B85169e6a29703769dadDef90816f4C":296.36843234843,"0x075b1bb99792c9E1041bA13afEf80C91a1e70fB3":309.03437488490454,"0x085780639CC2cACd35E474e71f4d000e2405d8f6":491.0775227162892,"0x0E573Ce2736Dd9637A0b21058352e1667925C7a8":143.326359043984,"0x0a5E677a6A24b2F1A2Bf4F3bFfC443231d2fDEc8":0.04963068361471035,"0x0bc529c00C6401aEF6D220BE8C6Ea1667F6Ad93e":13.755045689338642,"0x0d86883FAf4FfD7aEb116390af37746F45b6f378":186.2803194090499,"0x0dE54CFdfeD8005176f8b7A9D5438B45c4F1df1e":5.835926978416358,"0x1456688345527bE1f37E9e627DA0837D6f08C925":3.1786887013924963,"0x16eAd9a10b1A77007E6E329B076aD1Fe97a6F7C0":76.20003298283821,"0x18084fbA666a33d37592fA2633fD49a74DD93a88":11.720639155156421,"0x1830c553dC76d3447B69b7B0dC19CF9e3c739C78":110.96695861970652,"0x183395DbD0B5e93323a7286D1973150697FFFCB3":404.35105936168725,"0x196f4727526eA7FB1e17b2071B3d8eAA38486988":2.5274739119297567,"0x1c48f86ae57291F7686349F12601910BD8D470bb":0.47479634972399154,"0x1ce0D1E19c9514230FF8CD1DAbaC2555fb92122b":0,"0x2191DF768ad71140F9F3E96c1e4407A4aA31d082":0.003959400003315166,"0x2260FAC5E5542a773Aa44fBCfeDf7C193bc2C599":360.37601460129866,"0x2302aaBe69e6E7A1b0Aa23aAC68fcCB8A4D2B460":128.5093822047286,"0x2570f1bD5D2735314FC102eb12Fc1aFe9e6E7193":800.3736773362791,"0x25eC98773D7b4ceD4cAFaB96A2A1c0945f145e10":0,"0x2889302a794dA87fBF1D6Db415C1492194663D13":353.47165226961283,"0x29059568bB40344487d62f7450E78b8E6C74e0e5":183.44018850857026,"0x2b01d4FdB87eb7F2399E5D68631d8A939a323786":17.889468943868778,"0x31429d1856aD1377A8A0079410B297e1a9e214c2":479.1630189225077,"0x32bd822d615A3658A68b6fDD30c2fcb2C996D678":65.81063159447145,"0x34635280737b5BFe6c7DC2FC3065D60d66e78185":400.4660289947986,"0x35282d87011f87508D457F08252Bc5bFa52E10A0":96.19728262507995,"0x35D8949372D46B7a3D5A56006AE77B215fc69bC0":294.6474662495228,"0x35fA164735182de50811E8e2E824cFb9B6118ac2":1116.1545945814198,"0x383E6b4437b59fff47B619CBA855CA29342A8559":119.2457220059636,"0x38D64ce1Bdf1A9f24E0Ec469C9cAde61236fB4a0":229.19800492137045,"0x3A283D9c08E8b55966afb64C515f5143cf907611":1587.5780814257657,"0x3Ed3B47Dd13EC9a98b44e6204A523E766B225811":339.7567865038487,"0x3f0e7916681452D23Cd36B1281457DA721F2E5dF":6.8059380438175285,"0x40D16FC0246aD3160Ccc09B8D0D3A2cD28aE6C2f":457.94213433029694,"0x4591DBfF62656E7859Afe5e45f6f47D3669fBB28":163.3923375132685,"0x4647B6D835f3B393C7A955df51EEfcf0db961606":323.83715841567397,"0x466a756E9A7401B5e2444a3fCB3c2C12FBEa0a54":0.19405796938125286,"0x48759F220ED983dB51fA7A8C0D2AAb8f3ce4166a":1502.618635738696,"0x49446A0874197839D15395B908328a74ccc96Bc0":20.363224219069156,"0x4AE86d8732390d852A13cb918463BC6e5775FaDD":117.1130414090675,"0x4D1941a887eC788F059b3bfcC8eE1E97b968825B":10.94326346560343,"0x4Fabb145d64652a948d72533023f6E7A623C7C53":0.029120768101909167,"0x4c9EDD5852cd905f086C759E8383e09bff1E68B3":1559.8178160556117,"0x4de2ab8177fC5fFAFB7aD11FB8BeB1e5fB95F71C":195.4315716135711,"0x4eBdF703948ddCEA3B11f675B4D1Fba9d2414A14":727.0885919204744,"0x514910771AF9Ca656af840dff83E8264EcF986CA":117.72618275662334,"0x5228a22e72ccC52d415EcFd199F99D0665E7733b":55.907720538527045,"0x5426178799ee0a0181A89b4f57eFddfAb49941Ec":278.74697637658124,"0x5555f75e3d5278082200Fb451D1b6bA946D8e13b":83.6821363047678,"0x57a5a0567187FF4A8dcC1A9bBa86155E355878F2":1.2025509362108118,"0x58efE15C0404aB22F87E4495D71f6f2077e862bE":0.0012498164138459997,"0x5905c0290e59aFBDc42a5480add9bD7B20CB3759":0.17907441058155169,"0x59D9356E565Ab3A36dD77763Fc0d87fEaf85508C":569.8566727627687,"0x5BC25f649fc4e26069dDF4cF4010F9f706c23831":0.34298039479180437,"0x5Be6C45e2d074fAa20700C49aDA3E88a1cc0025d":344.9999035956336,"0x5Ca135cB8527d76e932f34B5145575F9d8cbE08E":53.16585628830824,"0x5E8422345238F34275888049021821E8E08CAa1f":17677.524095309855,"0x5e74C9036fb86BD7eCdcb084a0673EFc32eA31cb":209.05840492605859,"0x6359B6d3e327c497453d4376561eE276c6933323":245.4945844423234,"0x63a0964A36c34E81959da5894ad888800e17405b":28.546875148173708,"0x65D72AA8DA931F047169112fcf34f52DbaAE7D18":131.12564474256013,"0x661c70333AA1850CcDBAe82776Bb436A0fCfeEfB":56.01026984614982,"0x668308d77be3533c909a692302Cb4D135Bf8041C":0.05876202285340797,"0x66a1E37c9b0eAddca17d3662D6c05F4DECf3e110":0.10862067909844969,"0x674C6Ad92Fd080e4004b2312b45f796a192D27a0":0.921928360696956,"0x68749665FF8D2d112Fa859AA293F07A622782F38":16.93004887149189,"0x6B175474E89094C44Da98b954EedeAC495271d0F":1629.4430202675555,"0x6C280dB098dB673d30d5B34eC04B6387185D3620":68.78153476499371,"0x6C5024Cd4F8A59110119C56f8933403A539555EB":130.2925491827088,"0x6C9815826FdF8c7a45cCfEd2064dbaB33a078712":3.0498816529245545,"0x6ade6971Ca3d90990C30d39c78b0534C7166e07b":182.26265587934896,"0x6b5204B0Be36771253Cc38e88012E02B752f0f36":186.20354148369387,"0x6c3F90f043a72FA612cbac8115EE7e52BDe6E490":1014.9494767758745,"0x6c3ea9036406852006290770BEdFcAbA0e23A0e8":681.1010402438063,"0x6e52cCe4EaFDf77091dD1c82183b2D97b776b397":303.13911633386505,"0x6ef3D766Dfe02Dc4bF04aAe9122EB9A0Ded25615":0.03040358537261707,"0x7223442cad8e9cA474fC40109ab981608F8c4273":0.5859622543214902,"0x73968b9a57c6E53d41345FD57a6E6ae27d6CDB2F":92.51582643919478,"0x73A15FeD60Bf67631dC6cd7Bc5B6e8da8190aCF5":1056.0001490217371,"0x76237BCfDbe8e06FB774663add96216961df4ff3":19.468471805120004,"0x76Eb2FE28b36B3ee97F3Adae0C69606eeDB2A37c":747.4044297832111,"0x77E06c9eCCf2E797fd462A92B6D7642EF85b0A44":0.83250577956,"0x78da5799CF427Fee11e9996982F4150eCe7a99A7":55.42902424906507,"0x7F17A6C77C3938D235b014818092eb6305BdA110":53.12567808480036,"0x7F86Bf177Dd4F3494b841a37e810A34dD56c829B":1907.1405879115255,"0x7FA768E035F956c41d6aeaa3Bd857e7E5141CAd5":0.5042074864688373,"0x7f39C581F595B53c5cb19bD0b3f8dA6c935E2Ca0":654.2619353671034,"0x8064d9Ae6cDf087b1bcd5BDf3531bD5d8C537a68":76.68528440808934,"0x80d69e79258FE9D056c822461c4eb0B4ca8802E2":0.2635068996419437,"0x826180541412D574cf1336d22c0C0a287822678A":268.7901153545525,"0x830614aE209FF9d8706d386fcdBc7a55206fcffC":59.57209232618818,"0x83F20F44975D03b1b09e64809B757c47f942BEeA":1383.2833163108369,"0x84CeCB5525c6B1C20070E742da870062E84Da178":20.69016922077351,"0x853d955aCEf822Db058eb8505911ED77F175b99e":1385.8341228363022,"0x856c4Efb76C1D1AE02e20CEB03A2A6a08b0b8dC3":1.878632953422839,"0x865377367054516e17014CcdED1e7d814EDC9ce4":294.802141303736,"0x8C0D76C9B18779665475F3E212D9Ca1Ed6A1A0e6":588.0574481503131,"0x8C88538688aca3b733aD08b12BEe4574c0C00907":506.5040504554931,"0x8E870D67F660D95d5be530380D0eC0bd388289E1":0.007692272495076082,"0x8c9532a60E0E7C6BbD2B2c1303F63aCE1c3E9811":1.2194499015480753,"0x8dAEBADE922dF735c38C80C7eBD708Af50815fAa":16.220833594102384,"0x8e595470Ed749b85C6F7669de83EAe304C2ec68F":38.322118889996794,"0x917ceE801a67f933F2e6b33fC0cD1ED2d5909D88":513.6184970345871,"0x9181f633E9B9F15A32d5e37094F4C93b333e0E92":1.199163267994575,"0x922406EAFC3CcEb32b0256F287fB977c426EDbd8":0.029080337758078095,"0x954313005C56b555bdC41B84D6c63B69049d7847":478.65293492848053,"0x9559Aaa82d9649C7A7b220E7c461d2E74c9a3593":203.31169738233513,"0x95710BDE45C8D384A976Cc58Cc7a7e489576b098":2.4064830060147275,"0x961D4921e1718E633BAC8Ded88c4a1cAe44b785a":1149.9279355955573,"0x9961BdBE8B7091E584c2bF9D0a160C583f564A8c":392.94171100318465,"0x99D8a9C45b2ecA8864373A26D1459e3Dff1e17F3":17.60671451867453,"0x9BE89D2a4cd102D8Fecc6BF9dA793be995C22541":257.7030383376275,"0x9D39A5DE30e57443BfF2A8307A4256c8797A3497":928.0142593613782,"0x9EEAD9ce15383CaEED975427340b3A369410CFBF":15.253157192731473,"0x9FeE65D5A627e73212989c8BbEdC5Fa5Cae3821F":13.65411560609234,"0x9de1c3D446237ab9BaFF74127eb4F303802a2683":517.4731444770758,