{"0x0000000000085d4780B73119b644AE5ecd22b376":215.88384408423195,"0x0000000016E6Cb3038203c1129c8B4aEE7af7a11":0.9366546287454618,"0x00000000eFE302BEAA2b3e6e1b18d08D69a9012a":108.86747405180232,"0x005F893EcD7bF9667195642f7649DA8163e23658":163.10635224360348,"0x0100546F2cD4C9D97f798fFC9755E47865FF7Ee6":386.0387777706702,"0x028171bCA77440897B824Ca71D1c56caC55b68A3":1209.3678751889427,"0x0316EB71485b0Ab14103307bf65a021042c6d380":0.2806753498161167,"0x03ab458634910AaD20eF5f1C8ee96F1D6ac54919":268.17354733530306,"0x04C154b66CB340F3Ae24111CC767e0184Ed00Cc6":357.68568835626024,"0x051d7e5609917Bd9b73f04BAc0DED8Dd46a74301":364.4568923765542,"0x056Fd409E1d7A124BD7017459dFEa2F387b6d5Cd":240.39598870082676,"0x067079c14B85169e6a29703769dadDef90816f4C":652.665529995267,"0x075b1bb99792c9E1041bA13afEf80C91a1e70fB3":585.8604780200953,"0x085780639CC2cACd35E474e71f4d000e2405d8f6":762.7709881334457,"0x09db87A538BD693E9d08544577d5cCfAA6373A48":171.45862400980306,"0x0E2EC54fC0B509F445631Bf4b91AB8168230C752":0.4718214801814397,"0x0E573Ce2736Dd9637A0b21058352e1667925C7a8":143.35632014487533,"0x0F83287FF768D1c1e17a42F44d644D7F22e8ee1d":60.55721751533233,"0x0a5E677a6A24b2F1A2Bf4F3bFfC443231d2fDEc8":0.17241250436720348,"0x0bc529c00C6401aEF6D220BE8C6Ea1667F6Ad93e":21.633099825221844,"0x0d86883FAf4FfD7aEb116390af37746F45b6f378":604.5776919542086,"0x0dE54CFdfeD8005176f8b7A9D5438B45c4F1df1e":4.755838387716032,"0x127091edE112aEd7Bae281747771b3150Bb047bB":2.3463115943128323,"0x137469B55D1f15651BA46A89D0588e97dD0B6562":222.2970815637393,"0x1456688345527bE1f37E9e627DA0837D6f08C925":5.729399704004503,"0x15700B564Ca08D9439C58cA5053166E8317aa138":1036.5913782046414,"0x16eAd9a10b1A77007E6E329B076aD1Fe97a6F7C0":196.41334461453326,"0x18084fbA666a33d37592fA2633fD49a74DD93a88":84.68486256239123,"0x1830c553dC76d3447B69b7B0dC19CF9e3c739C78":94.99292194874363,"0x196f4727526eA7FB1e17b2071B3d8eAA38486988":1.877731105006483,"0x1BED97CBC3c24A4fb5C069C6E311a967386131f7":267.2974282112593,"0x1CC481cE2BD2EC7Bf67d1Be64d4878b16078F309":128.7981028772591,"0x1a7e4e63778B4f12a199C062f3eFdD288afCBce8":84.54182880311242,"0x1aBaEA1f7C830bD89Acc67eC4af516284b1bC33c":282.5895876784956,"0x1bEFB9B02f7Fc821B96aC1FE2cAF881FdF72b771":2.7698723858939167,"0x1c48f86ae57291F7686349F12601910BD8D470bb":1.1949865868907916,"0x1ce0D1E19c9514230FF8CD1DAbaC2555fb92122b":0,"0x2191DF768ad71140F9F3E96c1e4407A4aA31d082":25.13580581101561,"0x2260FAC5E5542a773Aa44fBCfeDf7C193bc2C599":30.1757245540665,"0x22CF19EB64226e0E1A79c69b345b31466fD273A7":4.199085183432079,"0x2302aaBe69e6E7A1b0Aa23aAC68fcCB8A4D2B460":130.64615757194315,"0x2570f1bD5D2735314FC102eb12Fc1aFe9e6E7193":64.66832357674684,"0x25eC98773D7b4ceD4cAFaB96A2A1c0945f145e10":0,"0x2889302a794dA87fBF1D6Db415C1492194663D13":2188.742477604974,"0x29059568bB40344487d62f7450E78b8E6C74e0e5":946.0115657542223,"0x2b01d4FdB87eb7F2399E5D68631d8A939a323786":248.86162016704753,"0x2bd1F344a2398340C2b1119Da98816eA723F5F0f":0.18293717800766846,"0x3175Df0976dFA876431C2E9eE6Bc45b65d3473CC":0.000038735099203591415,"0x3231Cb76718CDeF2155FC47b5286d82e6eDA273f":336.6990528494782,"0x32bd822d615A3658A68b6fDD30c2fcb2C996D678":295.70381874265024,"0x34635280737b5BFe6c7DC2FC3065D60d66e78185":405.2030143388625,"0x35282d87011f87508D457F08252Bc5bFa52E10A0":160.57847896678712,"0x3570E17b1F2DdFD73FBE437F34A34d1D54219138":0.7366010211600736,"0x35D8949372D46B7a3D5A56006AE77B215fc69bC0":406.6634243454751,"0x35fA164735182de50811E8e2E824cFb9B6118ac2":975.1384339908175,"0x383E6b4437b59fff47B619CBA855CA29342A8559":198.7091272747071,"0x38D64ce1Bdf1A9f24E0Ec469C9cAde61236fB4a0":250.85001111898626,"0x390f3595bCa2Df7d23783dFd126427CCeb997BF4":24276.382367536775,"0x393DaD6c76D962Abba489a77dBf37ae948A4A6ee":152.14009620460595,"0x3A2725556Dde7B21fBe3dD64A4913ff29faba6A1":0.029031338450678873,"0x3A283D9c08E8b55966afb64C515f5143cf907611":8122.591976706835,"0x3Ed3B47Dd13EC9a98b44e6204A523E766B225811":3.588915109927097,"0x3f0e7916681452D23Cd36B1281457DA721F2E5dF":79.41850221819955,"0x401322B9FDdba8c0a8D40fbCECE1D1752C12316B":292.4151580109591,"0x40D16FC0246aD3160Ccc09B8D0D3A2cD28aE6C2f":195.6331174678459,"0x4591DBfF62656E7859Afe5e45f6f47D3669fBB28":268.8146847189113,"0x4647B6D835f3B393C7A955df51EEfcf0db961606":612.5397321244628,"0x466a756E9A7401B5e2444a3fCB3c2C12FBEa0a54":63.24298654931764,"0x4704aB1fb693ce163F7c9D3A31b3FF4eaF797714":0.1642198228788363,"0x48759F220ED983dB51fA7A8C0D2AAb8f3ce4166a":2417.6210072831395,"0x49446A0874197839D15395B908328a74ccc96Bc0":58.62193447782462,"0x4AE86d8732390d852A13cb918463BC6e5775FaDD":383.33361638730935,"0x4D1941a887eC788F059b3bfcC8eE1E97b968825B":373.13530637689195,"0x4D55a36902a6546A79ec4c9c315241De746D5fC3":0,"0x4DEcE678ceceb27446b35C672dC7d61F30bAD69E":31290.15190525428,"0x4Fabb145d64652a948d72533023f6E7A623C7C53":0.03970918664604729,"0x4c9EDD5852cd905f086C759E8383e09bff1E68B3":2814.054989558677,"0x4de2ab8177fC5fFAFB7aD11FB8BeB1e5fB95F71C":594.6049147639638,"0x4e3FBD56CD56c3e72c1403e103b45Db9da5B9D2B":1.244938157172053,"0x4eBdF703948ddCEA3B11f675B4D1Fba9d2414A14":4984.74986130102,"0x514910771AF9Ca656af840dff83E8264EcF986CA":85.54448143729877,"0x5228a22e72ccC52d415EcFd199F99D0665E7733b":60.74373813985453,"0x5271045F7B73c17825A7A7aee6917eE46b0B7520":384.58854957574306,"0x527331F3F550f6f85ACFEcAB9Cc0889180C6f1d5":417.03560435645926,"0x5426178799ee0a0181A89b4f57eFddfAb49941Ec":291.4713078195399,"0x5555f75e3d5278082200Fb451D1b6bA946D8e13b":119.94897752632681,"0x57Ab1ec28D129707052df4dF418D58a2D46d5f51":157.7700499044538,"0x57a5a0567187FF4A8dcC1A9bBa86155E355878F2":0.17230521801972537,"0x58efE15C0404aB22F87E4495D71f6f2077e862bE":0.0012498164138459997,"0x5905c0290e59aFBDc42a5480add9bD7B20CB3759":0.1780907818744321,"0x59D9356E565Ab3A36dD77763Fc0d87fEaf85508C":393.28971774405437,"0x5BC25f649fc4e26069dDF4cF4010F9f706c23831":0.6623557104215383,"0x5Be6C45e2d074fAa20700C49aDA3E88a1cc0025d":694.0114469262338,"0x5Ca135cB8527d76e932f34B5145575F9d8cbE08E":57.794393817938015,"0x5E8422345238F34275888049021821E8E08CAa1f":14209.200010810022,"0x5Ea630e00D6eE438d3deA1556A110359ACdc10A9":383.7474113044725,"0x5ca0313D44551e32e0d7a298EC024321c4BC59B4":0.7786371425079429,"0x5e74C9036fb86BD7eCdcb084a0673EFc32eA31cb":7.990256475707065,"0x5f98805A4E8be255a32880FDeC7F6728C6568bA0":113149.40767977733,"0x625E92624Bc2D88619ACCc1788365A69767f6200":3588.264151072334,"0x62B9c7356A2Dc64a1969e19C23e4f579F9810Aa7":101.79740931630245,"0x6359B6d3e327c497453d4376561eE276c6933323":350.31298768676265,"0x63a0964A36c34E81959da5894ad888800e17405b":301.70158351350244,"0x65D72AA8DA931F047169112fcf34f52DbaAE7D18":372.5920471586482,"0x65f228ED6a6001eD6485535e0Dc33E525734f54c":75.13654849925199,"0x661c70333AA1850CcDBAe82776Bb436A0fCfeEfB":162.1751588522319,"0x6663b6D50992ef4fc0380199397c87C2f5256075":146.34933449427808,"0x668308d77be3533c909a692302Cb4D135Bf8041C":0.04357185058221626,"0x66a1E37c9b0eAddca17d3662D6c05F4DECf3e110":38.95397341512631,"0x674C6Ad92Fd080e4004b2312b45f796a192D27a0":4.023553067902518,"0x677ddbd918637E5F2c79e164D402454dE7dA8619":4.455288707330764,"0x68749665FF8D2d112Fa859AA293F07A622782F38":21.184036222565037,"0x69000405f9DcE69BD4Cbf4f2865b79144A69BFE0":2.510476268022229,"0x6B175474E89094C44Da98b954EedeAC495271d0F":2471.397883807841,"0x6C280dB098dB673d30d5B34eC04B6387185D3620":346.8541696547483,"0x6C5024Cd4F8A59110119C56f8933403A539555EB":125.83885470817079,"0x6C9815826FdF8c7a45cCfEd2064dbaB33a078712":61.34238379278926,"0x6ade6971Ca3d90990C30d39c78b0534C7166e07b":236.6875381460977,"0x6b5204B0Be36771253Cc38e88012E02B752f0f36":203.6957832048516,"0x6c3F90f043a72FA612cbac8115EE7e52BDe6E490":710.3966686273351,"0x6c3ea9036406852006290770BEdFcAbA0e23A0e8":523.7446274695222,"0x6e52cCe4EaFDf77091dD1c82183b2D97b776b397":979.9679907569675,"0x6ef3D766Dfe02Dc4bF04aAe9122EB9A0Ded25615":0.08130459963833264,"0x7223442cad8e9cA474fC40109ab981608F8c4273":206.61472990425494,"0x73968b9a57c6E53d41345FD57a6E6ae27d6CDB2F":151.12290583150693,"0x73A15FeD60Bf67631dC6cd7Bc5B6e8da8190aCF5":1224.4116869990235,