{"0x0000000000085d4780B73119b644AE5ecd22b376":215.86038687174096,"0x0000000016E6Cb3038203c1129c8B4aEE7af7a11":1.1820499441020902,"0x00000000eFE302BEAA2b3e6e1b18d08D69a9012a":136.19513739668832,"0x005F893EcD7bF9667195642f7649DA8163e23658":163.07271116241856,"0x0100546F2cD4C9D97f798fFC9755E47865FF7Ee6":386.8857992276302,"0x028171bCA77440897B824Ca71D1c56caC55b68A3":1207.144561393686,"0x0316EB71485b0Ab14103307bf65a021042c6d380":0.46332907742619495,"0x03ab458634910AaD20eF5f1C8ee96F1D6ac54919":269.0162073706996,"0x04C154b66CB340F3Ae24111CC767e0184Ed00Cc6":420.30795243663124,"0x051d7e5609917Bd9b73f04BAc0DED8Dd46a74301":371.09777747906327,"0x056Fd409E1d7A124BD7017459dFEa2F387b6d5Cd":264.9905830697022,"0x067079c14B85169e6a29703769dadDef90816f4C":647.5497280115108,"0x075b1bb99792c9E1041bA13afEf80C91a1e70fB3":589.5985416920564,"0x085780639CC2cACd35E474e71f4d000e2405d8f6":860.3124405527652,"0x08ceA8E5B4551722dEB97113C139Dd83C26c5398":0.24289915898683964,"0x09db87A538BD693E9d08544577d5cCfAA6373A48":179.18526079826842,"0x0E2EC54fC0B509F445631Bf4b91AB8168230C752":0.47150438805185657,"0x0E573Ce2736Dd9637A0b21058352e1667925C7a8":143.62863866790715,"0x0F83287FF768D1c1e17a42F44d644D7F22e8ee1d":61.09822091407715,"0x0a5E677a6A24b2F1A2Bf4F3bFfC443231d2fDEc8":0.17495006682497752,"0x0bc529c00C6401aEF6D220BE8C6Ea1667F6Ad93e":21.447656575819035,"0x0d86883FAf4FfD7aEb116390af37746F45b6f378":678.7427935433719,"0x0dE54CFdfeD8005176f8b7A9D5438B45c4F1df1e":4.85088099389083,"0x127091edE112aEd7Bae281747771b3150Bb047bB":2.7106622964219196,"0x137469B55D1f15651BA46A89D0588e97dD0B6562":224.1735923847672,"0x1456688345527bE1f37E9e627DA0837D6f08C925":5.866140586371563,"0x15700B564Ca08D9439C58cA5053166E8317aa138":1051.6795743182497,"0x16eAd9a10b1A77007E6E329B076aD1Fe97a6F7C0":197.41913487403428,"0x18084fbA666a33d37592fA2633fD49a74DD93a88":99.6319329328021,"0x1830c553dC76d3447B69b7B0dC19CF9e3c739C78":98.66426343568828,"0x196f4727526eA7FB1e17b2071B3d8eAA38486988":2.0604191639833007,"0x1BED97CBC3c24A4fb5C069C6E311a967386131f7":268.1615159038054,"0x1CC481cE2BD2EC7Bf67d1Be64d4878b16078F309":128.29347001173124,"0x1a7e4e63778B4f12a199C062f3eFdD288afCBce8":84.74319749479929,"0x1aBaEA1f7C830bD89Acc67eC4af516284b1bC33c":283.07252101191546,"0x1bEFB9B02f7Fc821B96aC1FE2cAF881FdF72b771":3.053401014600199,"0x1c48f86ae57291F7686349F12601910BD8D470bb":1.1703902362798142,"0x1ce0D1E19c9514230FF8CD1DAbaC2555fb92122b":0,"0x2191DF768ad71140F9F3E96c1e4407A4aA31d082":25.450003383653307,"0x2260FAC5E5542a773Aa44fBCfeDf7C193bc2C599":31.02482399709554,"0x22CF19EB64226e0E1A79c69b345b31466fD273A7":4.6629718892715335,"0x2302aaBe69e6E7A1b0Aa23aAC68fcCB8A4D2B460":139.6813493829725,"0x2570f1bD5D2735314FC102eb12Fc1aFe9e6E7193":68.39309801104773,"0x25eC98773D7b4ceD4cAFaB96A2A1c0945f145e10":0,"0x2889302a794dA87fBF1D6Db415C1492194663D13":2784.439760677343,"0x29059568bB40344487d62f7450E78b8E6C74e0e5":1082.7742513177573,"0x2b01d4FdB87eb7F2399E5D68631d8A939a323786":250.50819186881947,"0x2bd1F344a2398340C2b1119Da98816eA723F5F0f":0.37743575502663257,"0x3175Df0976dFA876431C2E9eE6Bc45b65d3473CC":0.0000387259551748247,"0x3231Cb76718CDeF2155FC47b5286d82e6eDA273f":337.4261155726257,"0x32bd822d615A3658A68b6fDD30c2fcb2C996D678":302.91965508938904,"0x34635280737b5BFe6c7DC2FC3065D60d66e78185":376.41597825260163,"0x35282d87011f87508D457F08252Bc5bFa52E10A0":160.91067773121378,"0x3570E17b1F2DdFD73FBE437F34A34d1D54219138":0.8907001035957393,"0x35D8949372D46B7a3D5A56006AE77B215fc69bC0":583.3999494842336,"0x35fA164735182de50811E8e2E824cFb9B6118ac2":983.4931207263969,"0x383E6b4437b59fff47B619CBA855CA29342A8559":198.84387243568742,"0x38D64ce1Bdf1A9f24E0Ec469C9cAde61236fB4a0":254.25174608818097,"0x390f3595bCa2Df7d23783dFd126427CCeb997BF4":24263.93903231962,"0x393DaD6c76D962Abba489a77dBf37ae948A4A6ee":153.93660239304396,"0x3A2725556Dde7B21fBe3dD64A4913ff29faba6A1":0.02921216106955641,"0x3A283D9c08E8b55966afb64C515f5143cf907611":9500.900994595953,"0x3Ed3B47Dd13EC9a98b44e6204A523E766B225811":3.7428897531215464,"0x3f0e7916681452D23Cd36B1281457DA721F2E5dF":80.46145656684983,"0x401322B9FDdba8c0a8D40fbCECE1D1752C12316B":294.46541588406524,"0x40D16FC0246aD3160Ccc09B8D0D3A2cD28aE6C2f":273.3291976449256,"0x4591DBfF62656E7859Afe5e45f6f47D3669fBB28":271.3089356623118,"0x4647B6D835f3B393C7A955df51EEfcf0db961606":640.3249533136241,"0x466a756E9A7401B5e2444a3fCB3c2C12FBEa0a54":63.53061714554115,"0x4704aB1fb693ce163F7c9D3A31b3FF4eaF797714":0.49327688155213334,"0x48759F220ED983dB51fA7A8C0D2AAb8f3ce4166a":2417.2534110632296,"0x49446A0874197839D15395B908328a74ccc96Bc0":59.720757569434184,"0x4AE86d8732390d852A13cb918463BC6e5775FaDD":386.83259230124395,"0x4D1941a887eC788F059b3bfcC8eE1E97b968825B":376.63276881414555,"0x4D55a36902a6546A79ec4c9c315241De746D5fC3":0,"0x4DEcE678ceceb27446b35C672dC7d61F30bAD69E":31276.129133849023,"0x4Fabb145d64652a948d72533023f6E7A623C7C53":0.039748856163176215,"0x4c9EDD5852cd905f086C759E8383e09bff1E68B3":3159.368703103307,"0x4de2ab8177fC5fFAFB7aD11FB8BeB1e5fB95F71C":610.4723033291342,"0x4e3FBD56CD56c3e72c1403e103b45Db9da5B9D2B":2.334317692435808,"0x4eBdF703948ddCEA3B11f675B4D1Fba9d2414A14":5057.227511503999,"0x514910771AF9Ca656af840dff83E8264EcF986CA":84.99019967286443,"0x5228a22e72ccC52d415EcFd199F99D0665E7733b":61.94237035102076,"0x5271045F7B73c17825A7A7aee6917eE46b0B7520":386.40576959835937,"0x527331F3F550f6f85ACFEcAB9Cc0889180C6f1d5":425.6813091504693,"0x5426178799ee0a0181A89b4f57eFddfAb49941Ec":291.8332815469056,"0x5555f75e3d5278082200Fb451D1b6bA946D8e13b":125.2981299894217,"0x57Ab1ec28D129707052df4dF418D58a2D46d5f51":157.78608447263537,"0x57a5a0567187FF4A8dcC1A9bBa86155E355878F2":0.3052977240960814,"0x58efE15C0404aB22F87E4495D71f6f2077e862bE":0.001248567846,"0x5905c0290e59aFBDc42a5480add9bD7B20CB3759":0.17791286900542672,"0x59D9356E565Ab3A36dD77763Fc0d87fEaf85508C":424.04457576320505,"0x5BC25f649fc4e26069dDF4cF4010F9f706c23831":0.8378645046295119,"0x5Be6C45e2d074fAa20700C49aDA3E88a1cc0025d":742.5516115526714,"0x5Ca135cB8527d76e932f34B5145575F9d8cbE08E":58.033404357666605,"0x5E8422345238F34275888049021821E8E08CAa1f":14294.046792506304,"0x5Ea630e00D6eE438d3deA1556A110359ACdc10A9":372.00362974646976,"0x5b6C539b224014A09B3388e51CaAA8e354c959C8":287.8161153981874,"0x5ca0313D44551e32e0d7a298EC024321c4BC59B4":7.037925157984102,"0x5e74C9036fb86BD7eCdcb084a0673EFc32eA31cb":7.345590965841791,"0x5f98805A4E8be255a32880FDeC7F6728C6568bA0":198.09594632825346,"0x625E92624Bc2D88619ACCc1788365A69767f6200":3581.0589824720078,"0x62B9c7356A2Dc64a1969e19C23e4f579F9810Aa7":106.54216945729581,"0x6359B6d3e327c497453d4376561eE276c6933323":357.52607806991347,"0x63a0964A36c34E81959da5894ad888800e17405b":305.4497848175564,"0x65D72AA8DA931F047169112fcf34f52DbaAE7D18":375.451392786369,"0x65f228ED6a6001eD6485535e0Dc33E525734f54c":75.71865936398463,"0x661c70333AA1850CcDBAe82776Bb436A0fCfeEfB":186.16427137449787,"0x6663b6D50992ef4fc0380199397c87C2f5256075":174.37924060707135,"0x668308d77be3533c909a692302Cb4D135Bf8041C":0.043842303794821305,"0x66a1E37c9b0eAddca17d3662D6c05F4DECf3e110":41.92316305622874,"0x674C6Ad92Fd080e4004b2312b45f796a192D27a0":4.14560835124769,"0x677ddbd918637E5F2c79e164D402454dE7dA8619":4.667871525160209,"0x68749665FF8D2d112Fa859AA293F07A622782F38":22.00358159831982,"0x69000405f9DcE69BD4Cbf4f2865b79144A69BFE0":2.5931309160455487,"0x6B175474E89094C44Da98b954EedeAC495271d0F":2810.7466000506715,"0x6C280dB098dB673d30d5B34eC04B6387185D3620":348.167337800121,"0x6C5024Cd4F8A59110119C56f8933403A539555EB":126.0001707237289,"0x6C9815826FdF8c7a45cCfEd2064dbaB33a078712":62.10916359019914,"0x6ade6971Ca3d90990C30d39c78b0534C7166e07b":236.94972859883777,"0x6b5204B0Be36771253Cc38e88012E02B752f0f36":204.8775215630174,"0x6c3F90f043a72FA612cbac8115EE7e52BDe6E490":751.5803015968653,"0x6c3ea9036406852006290770BEdFcAbA0e23A0e8":595.9339443303728,"0x6e52cCe4EaFDf77091dD1c82183b2D97b776b397":1157.0218716148063,"0x6ef3D766Dfe02Dc4bF04aAe9122EB9A0Ded25615":0.09646533540622852,"0x7223442cad8e9cA474fC40109ab981608F8c4273":217.67255906193753,