{"0x0000000000085d4780B73119b644AE5ecd22b376":0.00846752951811082,"0x005F893EcD7bF9667195642f7649DA8163e23658":195.63100702111961,"0x0100546F2cD4C9D97f798fFC9755E47865FF7Ee6":461.18226587695256,"0x028171bCA77440897B824Ca71D1c56caC55b68A3":823.2928813039453,"0x0316EB71485b0Ab14103307bf65a021042c6d380":0.02260259324953031,"0x03ab458634910AaD20eF5f1C8ee96F1D6ac54919":200.82433233485423,"0x04C154b66CB340F3Ae24111CC767e0184Ed00Cc6":429.5898420923488,"0x056Fd409E1d7A124BD7017459dFEa2F387b6d5Cd":289.03757676938756,"0x067079c14B85169e6a29703769dadDef90816f4C":422.35496858400643,"0x075b1bb99792c9E1041bA13afEf80C91a1e70fB3":344.2787299860499,"0x085780639CC2cACd35E474e71f4d000e2405d8f6":869.2486723438578,"0x0E2EC54fC0B509F445631Bf4b91AB8168230C752":0.4714889567384563,"0x0E573Ce2736Dd9637A0b21058352e1667925C7a8":147.15212517862244,"0x0a5E677a6A24b2F1A2Bf4F3bFfC443231d2fDEc8":0.08689155541651312,"0x0bc529c00C6401aEF6D220BE8C6Ea1667F6Ad93e":24.119066779487156,"0x0d86883FAf4FfD7aEb116390af37746F45b6f378":270.3719623283821,"0x0dE54CFdfeD8005176f8b7A9D5438B45c4F1df1e":5.446857469037268,"0x137469B55D1f15651BA46A89D0588e97dD0B6562":5.058515643740253,"0x1456688345527bE1f37E9e627DA0837D6f08C925":5.801240612967601,"0x15700B564Ca08D9439C58cA5053166E8317aa138":786.1472139499677,"0x18084fbA666a33d37592fA2633fD49a74DD93a88":3.144991780547244,"0x1830c553dC76d3447B69b7B0dC19CF9e3c739C78":116.45224104566381,"0x183395DbD0B5e93323a7286D1973150697FFFCB3":363.16051387265395,"0x196f4727526eA7FB1e17b2071B3d8eAA38486988":1.6342406179776037,"0x1aBaEA1f7C830bD89Acc67eC4af516284b1bC33c":493.98874436650544,"0x1c48f86ae57291F7686349F12601910BD8D470bb":1.1196120865168735,"0x1ce0D1E19c9514230FF8CD1DAbaC2555fb92122b":0,"0x2191DF768ad71140F9F3E96c1e4407A4aA31d082":14.831506587328478,"0x2260FAC5E5542a773Aa44fBCfeDf7C193bc2C599":18.425120724142054,"0x22CF19EB64226e0E1A79c69b345b31466fD273A7":3.8556535375641854,"0x2570f1bD5D2735314FC102eb12Fc1aFe9e6E7193":122.2312788534545,"0x25eC98773D7b4ceD4cAFaB96A2A1c0945f145e10":0,"0x2889302a794dA87fBF1D6Db415C1492194663D13":1338.926233224814,"0x29059568bB40344487d62f7450E78b8E6C74e0e5":381.0327657104284,"0x2b01d4FdB87eb7F2399E5D68631d8A939a323786":22.810418978476783,"0x31429d1856aD1377A8A0079410B297e1a9e214c2":449.79758276352993,"0x32bd822d615A3658A68b6fDD30c2fcb2C996D678":87.88039008360107,"0x34635280737b5BFe6c7DC2FC3065D60d66e78185":294.533629451238,"0x35282d87011f87508D457F08252Bc5bFa52E10A0":158.03242548207012,"0x3570E17b1F2DdFD73FBE437F34A34d1D54219138":0.015410206010875309,"0x35D8949372D46B7a3D5A56006AE77B215fc69bC0":988.5401889432615,"0x35fA164735182de50811E8e2E824cFb9B6118ac2":1144.7856941484797,"0x365AccFCa291e7D3914637ABf1F7635dB165Bb09":359.01811930194475,"0x383E6b4437b59fff47B619CBA855CA29342A8559":176.8734808940024,"0x38D64ce1Bdf1A9f24E0Ec469C9cAde61236fB4a0":275.9392387538938,"0x393DaD6c76D962Abba489a77dBf37ae948A4A6ee":176.5888578996386,"0x3A2725556Dde7B21fBe3dD64A4913ff29faba6A1":0.036727085051472416,"0x3A283D9c08E8b55966afb64C515f5143cf907611":8029.071229578984,"0x3Ed3B47Dd13EC9a98b44e6204A523E766B225811":0.00009196927200000001,"0x3f0e7916681452D23Cd36B1281457DA721F2E5dF":29.385655468410413,"0x40D16FC0246aD3160Ccc09B8D0D3A2cD28aE6C2f":992.2176948337589,"0x4591DBfF62656E7859Afe5e45f6f47D3669fBB28":437.0426297368129,"0x4647B6D835f3B393C7A955df51EEfcf0db961606":607.2599454782329,"0x466a756E9A7401B5e2444a3fCB3c2C12FBEa0a54":7.967009742030326,"0x48759F220ED983dB51fA7A8C0D2AAb8f3ce4166a":1586.568397724214,"0x49446A0874197839D15395B908328a74ccc96Bc0":30.432445384104923,"0x4AE86d8732390d852A13cb918463BC6e5775FaDD":170.3816536791348,"0x4D1941a887eC788F059b3bfcC8eE1E97b968825B":16.270186101804015,"0x4Fabb145d64652a948d72533023f6E7A623C7C53":0.03518745493036635,"0x4c9EDD5852cd905f086C759E8383e09bff1E68B3":10088.88404261896,"0x4eBdF703948ddCEA3B11f675B4D1Fba9d2414A14":3962.8496276388732,"0x514910771AF9Ca656af840dff83E8264EcF986CA":114.09003546608977,"0x5228a22e72ccC52d415EcFd199F99D0665E7733b":71.89626769963091,"0x5426178799ee0a0181A89b4f57eFddfAb49941Ec":94.17276418825449,"0x5555f75e3d5278082200Fb451D1b6bA946D8e13b":97.14252411828726,"0x57a5a0567187FF4A8dcC1A9bBa86155E355878F2":1.1359128821812163,"0x58efE15C0404aB22F87E4495D71f6f2077e862bE":0.0012485566088893858,"0x5905c0290e59aFBDc42a5480add9bD7B20CB3759":0.19236431512213356,"0x59D9356E565Ab3A36dD77763Fc0d87fEaf85508C":657.5272209598285,"0x5BC25f649fc4e26069dDF4cF4010F9f706c23831":3.098828482885425,"0x5Be6C45e2d074fAa20700C49aDA3E88a1cc0025d":215.44808793908015,"0x5Ca135cB8527d76e932f34B5145575F9d8cbE08E":56.353039926032416,"0x5E8422345238F34275888049021821E8E08CAa1f":16846.110958788224,"0x5Ea630e00D6eE438d3deA1556A110359ACdc10A9":432.69802355494215,"0x5b6C539b224014A09B3388e51CaAA8e354c959C8":152.10698111080774,"0x5e74C9036fb86BD7eCdcb084a0673EFc32eA31cb":209.5076129685055,"0x62B9c7356A2Dc64a1969e19C23e4f579F9810Aa7":266.6058564520816,"0x6359B6d3e327c497453d4376561eE276c6933323":306.3190010002768,"0x63a0964A36c34E81959da5894ad888800e17405b":175.88084274525409,"0x65D72AA8DA931F047169112fcf34f52DbaAE7D18":152.95690538025136,"0x661c70333AA1850CcDBAe82776Bb436A0fCfeEfB":68.76609257011872,"0x6663b6D50992ef4fc0380199397c87C2f5256075":64.53441897534034,"0x668308d77be3533c909a692302Cb4D135Bf8041C":0.05547704345553002,"0x66a1E37c9b0eAddca17d3662D6c05F4DECf3e110":22.361598412520745,"0x674C6Ad92Fd080e4004b2312b45f796a192D27a0":3.622237735930548,"0x677ddbd918637E5F2c79e164D402454dE7dA8619":0.6453314719601219,"0x68749665FF8D2d112Fa859AA293F07A622782F38":20.477149474232935,"0x6B175474E89094C44Da98b954EedeAC495271d0F":136.71466771157515,"0x6C280dB098dB673d30d5B34eC04B6387185D3620":67.07688660209392,"0x6C5024Cd4F8A59110119C56f8933403A539555EB":130.25277556464235,"0x6C9815826FdF8c7a45cCfEd2064dbaB33a078712":19.806002237279642,"0x6ade6971Ca3d90990C30d39c78b0534C7166e07b":221.75461182855082,"0x6b5204B0Be36771253Cc38e88012E02B752f0f36":241.9229395750248,"0x6c3F90f043a72FA612cbac8115EE7e52BDe6E490":1170.240244228318,"0x6c3ea9036406852006290770BEdFcAbA0e23A0e8":957.4134748696032,"0x6e52cCe4EaFDf77091dD1c82183b2D97b776b397":987.0776367144204,"0x6ef3D766Dfe02Dc4bF04aAe9122EB9A0Ded25615":0.08411185361109826,"0x7223442cad8e9cA474fC40109ab981608F8c4273":78.0198061632897,"0x73968b9a57c6E53d41345FD57a6E6ae27d6CDB2F":112.53790069713725,"0x73A15FeD60Bf67631dC6cd7Bc5B6e8da8190aCF5":544.8941338631126,"0x76237BCfDbe8e06FB774663add96216961df4ff3":30.18356393918638,"0x76Eb2FE28b36B3ee97F3Adae0C69606eeDB2A37c":840.4874732478537,"0x77E06c9eCCf2E797fd462A92B6D7642EF85b0A44":0.4590386220178963,"0x78da5799CF427Fee11e9996982F4150eCe7a99A7":92.52699056721319,"0x7F86Bf177Dd4F3494b841a37e810A34dD56c829B":4461.750380518268,"0x7FA768E035F956c41d6aeaa3Bd857e7E5141CAd5":0.47642761306407205,"0x7ea4aD8C803653498bF6AC1D2dEbc04DCe8Fd2aD":491.7351104117637,"0x7f39C581F595B53c5cb19bD0b3f8dA6c935E2Ca0":2773.1941843040395,"0x8064d9Ae6cDf087b1bcd5BDf3531bD5d8C537a68":84.43949460377895,"0x808507121B80c02388fAd14726482e061B8da827":318.59838365447285,"0x80d69e79258FE9D056c822461c4eb0B4ca8802E2":0.24869021785171938,"0x826180541412D574cf1336d22c0C0a287822678A":233.75166857789532,"0x830614aE209FF9d8706d386fcdBc7a55206fcffC":63.43807855815539,"0x83F20F44975D03b1b09e64809B757c47f942BEeA":8847.900719640527,"0x84CeCB5525c6B1C20070E742da870062E84Da178":25.58346887732009,"0x853d955aCEf822Db058eb8505911ED77F175b99e":3145.032899233194,"0x856c4Efb76C1D1AE02e20CEB03A2A6a08b0b8dC3":1.0289639481770283,"0x865377367054516e17014CcdED1e7d814EDC9ce4":347.8714091352035,"0x8C0D76C9B18779665475F3E212D9Ca1Ed6A1A0e6":460.33328098167215,"0x8C88538688aca3b733aD08b12BEe4574c0C00907":539.4427170562875,"0x8Cd52ee292313C4D851e71A7064F096504aB3eE9":74.97765634070686,"0x8E870D67F660D95d5be530380D0eC0bd388289E1":0.10376408974050703,"0x8c9532a60E0E7C6BbD2B2c1303F63aCE1c3E9811":17.396623803569202,"0x8dAEBADE922dF735c38C80C7eBD708Af50815fAa":20.671508717755444,"0x8e595470Ed749b85C6F7669de83EAe304C2ec68F":11.544149224192786,"0x90244F43D548a4f8dFecfAD91a193465B1fad6F7":224.89928794039122,