{"0x0000000000085d4780B73119b644AE5ecd22b376":215.5440846348035,"0x0000000016E6Cb3038203c1129c8B4aEE7af7a11":1.6965063849373698,"0x005F893EcD7bF9667195642f7649DA8163e23658":153.5643375640715,"0x0100546F2cD4C9D97f798fFC9755E47865FF7Ee6":349.0862570302911,"0x028171bCA77440897B824Ca71D1c56caC55b68A3":1193.6355986400251,"0x0316EB71485b0Ab14103307bf65a021042c6d380":0.026387364264755696,"0x03ab458634910AaD20eF5f1C8ee96F1D6ac54919":246.032796137157,"0x04C154b66CB340F3Ae24111CC767e0184Ed00Cc6":255.98517391573455,"0x051d7e5609917Bd9b73f04BAc0DED8Dd46a74301":358.4010013259154,"0x056Fd409E1d7A124BD7017459dFEa2F387b6d5Cd":315.6460632872124,"0x067079c14B85169e6a29703769dadDef90816f4C":554.309729601115,"0x075b1bb99792c9E1041bA13afEf80C91a1e70fB3":567.8956474678304,"0x085780639CC2cACd35E474e71f4d000e2405d8f6":423.96891924351206,"0x08ceA8E5B4551722dEB97113C139Dd83C26c5398":0.02171576211893573,"0x09db87A538BD693E9d08544577d5cCfAA6373A48":69.60542543445236,"0x0E2EC54fC0B509F445631Bf4b91AB8168230C752":0.47174127457923676,"0x0E573Ce2736Dd9637A0b21058352e1667925C7a8":142.50305574332168,"0x0a5E677a6A24b2F1A2Bf4F3bFfC443231d2fDEc8":0.09528384731666938,"0x0bc529c00C6401aEF6D220BE8C6Ea1667F6Ad93e":21.612987671567797,"0x0d86883FAf4FfD7aEb116390af37746F45b6f378":296.81626763677605,"0x0dE54CFdfeD8005176f8b7A9D5438B45c4F1df1e":4.690992420112998,"0x127091edE112aEd7Bae281747771b3150Bb047bB":3.2049112780711173,"0x137469B55D1f15651BA46A89D0588e97dD0B6562":218.65631444273058,"0x1456688345527bE1f37E9e627DA0837D6f08C925":5.324965481832939,"0x15700B564Ca08D9439C58cA5053166E8317aa138":129.56911460555864,"0x16eAd9a10b1A77007E6E329B076aD1Fe97a6F7C0":158.57878072275196,"0x18084fbA666a33d37592fA2633fD49a74DD93a88":18.254665156314942,"0x1830c553dC76d3447B69b7B0dC19CF9e3c739C78":86.29667167222512,"0x183395DbD0B5e93323a7286D1973150697FFFCB3":470.3089028548717,"0x196f4727526eA7FB1e17b2071B3d8eAA38486988":1.836273081194413,"0x1BED97CBC3c24A4fb5C069C6E311a967386131f7":248.66177973797087,"0x1aBaEA1f7C830bD89Acc67eC4af516284b1bC33c":116.68280377957619,"0x1c48f86ae57291F7686349F12601910BD8D470bb":1.1875781925959523,"0x1ce0D1E19c9514230FF8CD1DAbaC2555fb92122b":0,"0x2191DF768ad71140F9F3E96c1e4407A4aA31d082":24.591953147169843,"0x2260FAC5E5542a773Aa44fBCfeDf7C193bc2C599":24.895725592191553,"0x22CF19EB64226e0E1A79c69b345b31466fD273A7":5.068606998300167,"0x2570f1bD5D2735314FC102eb12Fc1aFe9e6E7193":36.37072321597451,"0x25eC98773D7b4ceD4cAFaB96A2A1c0945f145e10":5.87027310650759,"0x2889302a794dA87fBF1D6Db415C1492194663D13":867.0238335302357,"0x29059568bB40344487d62f7450E78b8E6C74e0e5":516.0651307280509,"0x2b01d4FdB87eb7F2399E5D68631d8A939a323786":233.22317869796893,"0x3175Df0976dFA876431C2E9eE6Bc45b65d3473CC":0.000038740639566185235,"0x3231Cb76718CDeF2155FC47b5286d82e6eDA273f":336.06889568727274,"0x32bd822d615A3658A68b6fDD30c2fcb2C996D678":275.918609030484,"0x3432B6A60D23Ca0dFCa7761B7ab56459D9C964D0":288.07490430832814,"0x34635280737b5BFe6c7DC2FC3065D60d66e78185":256.49313943601595,"0x35282d87011f87508D457F08252Bc5bFa52E10A0":161.0957079500041,"0x3570E17b1F2DdFD73FBE437F34A34d1D54219138":0.0987378298941836,"0x35D8949372D46B7a3D5A56006AE77B215fc69bC0":1263.944274148373,"0x35fA164735182de50811E8e2E824cFb9B6118ac2":880.9870804803365,"0x365AccFCa291e7D3914637ABf1F7635dB165Bb09":469.806002701872,"0x383E6b4437b59fff47B619CBA855CA29342A8559":198.66071126551,"0x38D64ce1Bdf1A9f24E0Ec469C9cAde61236fB4a0":218.81297587878666,"0x393DaD6c76D962Abba489a77dBf37ae948A4A6ee":132.07026195722528,"0x3A2725556Dde7B21fBe3dD64A4913ff29faba6A1":0.02726848973898673,"0x3Ed3B47Dd13EC9a98b44e6204A523E766B225811":3.6498267434005154,"0x3f0e7916681452D23Cd36B1281457DA721F2E5dF":57.41625986485494,"0x401322B9FDdba8c0a8D40fbCECE1D1752C12316B":273.02668437662135,"0x40D16FC0246aD3160Ccc09B8D0D3A2cD28aE6C2f":273.01663989240166,"0x4591DBfF62656E7859Afe5e45f6f47D3669fBB28":223.56614845788658,"0x4647B6D835f3B393C7A955df51EEfcf0db961606":269.9367856575849,"0x466a756E9A7401B5e2444a3fCB3c2C12FBEa0a54":55.80887044031803,"0x48759F220ED983dB51fA7A8C0D2AAb8f3ce4166a":2403.4710783608048,"0x49446A0874197839D15395B908328a74ccc96Bc0":36.09374634575553,"0x4DEcE678ceceb27446b35C672dC7d61F30bAD69E":445.1303318303014,"0x4Fabb145d64652a948d72533023f6E7A623C7C53":0.03963865424459208,"0x4c9EDD5852cd905f086C759E8383e09bff1E68B3":2574.541388157383,"0x4de2ab8177fC5fFAFB7aD11FB8BeB1e5fB95F71C":422.7223569799572,"0x4eBdF703948ddCEA3B11f675B4D1Fba9d2414A14":1364.538655681132,"0x514910771AF9Ca656af840dff83E8264EcF986CA":83.41273760709542,"0x5228a22e72ccC52d415EcFd199F99D0665E7733b":60.35653542311865,"0x5271045F7B73c17825A7A7aee6917eE46b0B7520":200.46454416470263,"0x527331F3F550f6f85ACFEcAB9Cc0889180C6f1d5":306.59925590453685,"0x5426178799ee0a0181A89b4f57eFddfAb49941Ec":79.4241818973504,"0x5555f75e3d5278082200Fb451D1b6bA946D8e13b":125.27680939945552,"0x57Ab1ec28D129707052df4dF418D58a2D46d5f51":157.64199784033138,"0x57a5a0567187FF4A8dcC1A9bBa86155E355878F2":0.7729077854982798,"0x58efE15C0404aB22F87E4495D71f6f2077e862bE":0.0012498164138459997,"0x5905c0290e59aFBDc42a5480add9bD7B20CB3759":0.1780907818744321,"0x59D9356E565Ab3A36dD77763Fc0d87fEaf85508C":189.9297936230996,"0x5BC25f649fc4e26069dDF4cF4010F9f706c23831":1.9495962624961143,"0x5Be6C45e2d074fAa20700C49aDA3E88a1cc0025d":365.49520962458644,"0x5Ca135cB8527d76e932f34B5145575F9d8cbE08E":57.178125674151886,"0x5E8422345238F34275888049021821E8E08CAa1f":13186.444634747224,"0x5Ea630e00D6eE438d3deA1556A110359ACdc10A9":268.191040964639,"0x5ca0313D44551e32e0d7a298EC024321c4BC59B4":0.19418520895285687,"0x5e74C9036fb86BD7eCdcb084a0673EFc32eA31cb":6.667680213580552,"0x6359B6d3e327c497453d4376561eE276c6933323":246.88732902007274,"0x63a0964A36c34E81959da5894ad888800e17405b":251.68493219985893,"0x65D72AA8DA931F047169112fcf34f52DbaAE7D18":359.9686050858235,"0x65f228ED6a6001eD6485535e0Dc33E525734f54c":52.808503067136165,"0x661c70333AA1850CcDBAe82776Bb436A0fCfeEfB":83.49740076238555,"0x6663b6D50992ef4fc0380199397c87C2f5256075":117.22445905975422,"0x668308d77be3533c909a692302Cb4D135Bf8041C":0.04070235898668415,"0x66a1E37c9b0eAddca17d3662D6c05F4DECf3e110":32.60896916344174,"0x674C6Ad92Fd080e4004b2312b45f796a192D27a0":3.9418034992081394,"0x677ddbd918637E5F2c79e164D402454dE7dA8619":3.164979678746089,"0x68749665FF8D2d112Fa859AA293F07A622782F38":20.357978352854005,"0x69000405f9DcE69BD4Cbf4f2865b79144A69BFE0":0.00003893133291370701,"0x6B175474E89094C44Da98b954EedeAC495271d0F":5415.569472693425,"0x6C280dB098dB673d30d5B34eC04B6387185D3620":282.6234749837473,"0x6C5024Cd4F8A59110119C56f8933403A539555EB":125.815570688313,"0x6C9815826FdF8c7a45cCfEd2064dbaB33a078712":58.91487698007198,"0x6ade6971Ca3d90990C30d39c78b0534C7166e07b":192.04113102127508,"0x6b5204B0Be36771253Cc38e88012E02B752f0f36":146.83755751141697,"0x6c3F90f043a72FA612cbac8115EE7e52BDe6E490":806.9979130869432,"0x6c3ea9036406852006290770BEdFcAbA0e23A0e8":223.62855940612278,"0x6e52cCe4EaFDf77091dD1c82183b2D97b776b397":195.2910464730873,"0x6ef3D766Dfe02Dc4bF04aAe9122EB9A0Ded25615":0.03884803063889915,"0x7223442cad8e9cA474fC40109ab981608F8c4273":87.86424596764397,"0x73968b9a57c6E53d41345FD57a6E6ae27d6CDB2F":96.44006808191101,"0x73A15FeD60Bf67631dC6cd7Bc5B6e8da8190aCF5":764.6749756801994,"0x752B4c6e92d96467fE9b9a2522EF07228E00F87c":34.6515955257723,"0x76237BCfDbe8e06FB774663add96216961df4ff3":35.81457278715244,"0x76Eb2FE28b36B3ee97F3Adae0C69606eeDB2A37c":1187.2253463220723,"0x77E06c9eCCf2E797fd462A92B6D7642EF85b0A44":0.13633921787013106,"0x78da5799CF427Fee11e9996982F4150eCe7a99A7":95.41627196512287,"0x7988292D0FB141085c092132e2a70B30aA1eccAB":467.1556001461875,"0x7F17A6C77C3938D235b014818092eb6305BdA110":151.18258758566776,"0x7F86Bf177Dd4F3494b841a37e810A34dD56c829B":4709.353781050698,"0x7FA768E035F956c41d6aeaa3Bd857e7E5141CAd5":0.35019543955543136,"0x7ea4aD8C803653498bF6AC1D2dEbc04DCe8Fd2aD":112.06599409763133,"0x7f39C581F595B53c5cb19bD0b3f8dA6c935E2Ca0":695.7807206264954,"0x8064d9Ae6cDf087b1bcd5BDf3531bD5d8C537a68":76.79379341519657,