{"0x0000000000085d4780B73119b644AE5ecd22b376":0.00846900312465451,"0x005F893EcD7bF9667195642f7649DA8163e23658":148.87485432370866,"0x0100546F2cD4C9D97f798fFC9755E47865FF7Ee6":168.36337808130705,"0x028171bCA77440897B824Ca71D1c56caC55b68A3":746.4426913808529,"0x0316EB71485b0Ab14103307bf65a021042c6d380":62.332606580059064,"0x03ab458634910AaD20eF5f1C8ee96F1D6ac54919":175.70789641797052,"0x04C154b66CB340F3Ae24111CC767e0184Ed00Cc6":273.9815872413176,"0x056Fd409E1d7A124BD7017459dFEa2F387b6d5Cd":605.3626904855506,"0x067079c14B85169e6a29703769dadDef90816f4C":260.55825593556335,"0x075b1bb99792c9E1041bA13afEf80C91a1e70fB3":801.2960005725301,"0x085780639CC2cACd35E474e71f4d000e2405d8f6":1266.597122373696,"0x09b2E090531228d1b8E3d948C73b990Cb6e60720":493.34314638051654,"0x0E2EC54fC0B509F445631Bf4b91AB8168230C752":0.4715636886028496,"0x0E573Ce2736Dd9637A0b21058352e1667925C7a8":142.14119838985349,"0x0a5E677a6A24b2F1A2Bf4F3bFfC443231d2fDEc8":0.03458347093489243,"0x0bc529c00C6401aEF6D220BE8C6Ea1667F6Ad93e":14.046661068184234,"0x0d86883FAf4FfD7aEb116390af37746F45b6f378":188.6335332885639,"0x0dE54CFdfeD8005176f8b7A9D5438B45c4F1df1e":2.4072573735196476,"0x1456688345527bE1f37E9e627DA0837D6f08C925":3.3301271321716315,"0x16eAd9a10b1A77007E6E329B076aD1Fe97a6F7C0":70.62585314534792,"0x18084fbA666a33d37592fA2633fD49a74DD93a88":27.96717965797609,"0x1830c553dC76d3447B69b7B0dC19CF9e3c739C78":100.39623598576603,"0x183395DbD0B5e93323a7286D1973150697FFFCB3":360.4113107806013,"0x196f4727526eA7FB1e17b2071B3d8eAA38486988":2.5067462281769943,"0x1c48f86ae57291F7686349F12601910BD8D470bb":0.6964849425262476,"0x1ce0D1E19c9514230FF8CD1DAbaC2555fb92122b":0,"0x2260FAC5E5542a773Aa44fBCfeDf7C193bc2C599":339.4187495880981,"0x2570f1bD5D2735314FC102eb12Fc1aFe9e6E7193":617.7686677057427,"0x25eC98773D7b4ceD4cAFaB96A2A1c0945f145e10":5.794720550387241,"0x29059568bB40344487d62f7450E78b8E6C74e0e5":132.2540834352477,"0x2b01d4FdB87eb7F2399E5D68631d8A939a323786":15.921846240739587,"0x31429d1856aD1377A8A0079410B297e1a9e214c2":475.72415318513833,"0x32bd822d615A3658A68b6fDD30c2fcb2C996D678":63.36440131105909,"0x34635280737b5BFe6c7DC2FC3065D60d66e78185":411.14045931005074,"0x35282d87011f87508D457F08252Bc5bFa52E10A0":97.45309149153395,"0x35D8949372D46B7a3D5A56006AE77B215fc69bC0":2262.594543417441,"0x35fA164735182de50811E8e2E824cFb9B6118ac2":1033.9730359167795,"0x383E6b4437b59fff47B619CBA855CA29342A8559":121.9485141302897,"0x38D64ce1Bdf1A9f24E0Ec469C9cAde61236fB4a0":197.94247609392016,"0x3Ed3B47Dd13EC9a98b44e6204A523E766B225811":1086.5620540923749,"0x401322B9FDdba8c0a8D40fbCECE1D1752C12316B":444.1377988482124,"0x40D16FC0246aD3160Ccc09B8D0D3A2cD28aE6C2f":411.7600295090557,"0x4591DBfF62656E7859Afe5e45f6f47D3669fBB28":483.25322591263136,"0x466a756E9A7401B5e2444a3fCB3c2C12FBEa0a54":1.7800504505535306,"0x48759F220ED983dB51fA7A8C0D2AAb8f3ce4166a":1142.2982512652327,"0x49446A0874197839D15395B908328a74ccc96Bc0":19.060292216233858,"0x4AE86d8732390d852A13cb918463BC6e5775FaDD":88.97194944887272,"0x4D1941a887eC788F059b3bfcC8eE1E97b968825B":11.537824845975837,"0x4Fabb145d64652a948d72533023f6E7A623C7C53":0.02926880633595168,"0x4c9EDD5852cd905f086C759E8383e09bff1E68B3":4360.5633700140625,"0x4eBdF703948ddCEA3B11f675B4D1Fba9d2414A14":2228.4866232025797,"0x514910771AF9Ca656af840dff83E8264EcF986CA":110.91527145028515,"0x5228a22e72ccC52d415EcFd199F99D0665E7733b":53.51019508673147,"0x5426178799ee0a0181A89b4f57eFddfAb49941Ec":277.51689460068724,"0x5555f75e3d5278082200Fb451D1b6bA946D8e13b":84.01752157079855,"0x57a5a0567187FF4A8dcC1A9bBa86155E355878F2":1.1237456719760728,"0x58efE15C0404aB22F87E4495D71f6f2077e862bE":0.001251064981692,"0x5905c0290e59aFBDc42a5480add9bD7B20CB3759":0.1792533060966182,"0x59D9356E565Ab3A36dD77763Fc0d87fEaf85508C":554.6110204334863,"0x5BC25f649fc4e26069dDF4cF4010F9f706c23831":0.5121437586997117,"0x5Be6C45e2d074fAa20700C49aDA3E88a1cc0025d":192.19762169995286,"0x5Ca135cB8527d76e932f34B5145575F9d8cbE08E":53.69541006307007,"0x5E8422345238F34275888049021821E8E08CAa1f":16610.757967246718,"0x5e74C9036fb86BD7eCdcb084a0673EFc32eA31cb":200.5813664615369,"0x6359B6d3e327c497453d4376561eE276c6933323":225.3419239507034,"0x63a0964A36c34E81959da5894ad888800e17405b":27.05030343356398,"0x65D72AA8DA931F047169112fcf34f52DbaAE7D18":131.35701801573072,"0x661c70333AA1850CcDBAe82776Bb436A0fCfeEfB":52.8031698426176,"0x668308d77be3533c909a692302Cb4D135Bf8041C":0.05534791787829539,"0x66a1E37c9b0eAddca17d3662D6c05F4DECf3e110":0.10872929977754812,"0x674C6Ad92Fd080e4004b2312b45f796a192D27a0":1.5172761231414784,"0x68749665FF8D2d112Fa859AA293F07A622782F38":17.885355739089125,"0x6B175474E89094C44Da98b954EedeAC495271d0F":3259.4714560577954,"0x6C5024Cd4F8A59110119C56f8933403A539555EB":112.18050438185848,"0x6b5204B0Be36771253Cc38e88012E02B752f0f36":159.5233112324254,"0x6c3F90f043a72FA612cbac8115EE7e52BDe6E490":1453.9899409655018,"0x6c3ea9036406852006290770BEdFcAbA0e23A0e8":851.6254861709679,"0x6e52cCe4EaFDf77091dD1c82183b2D97b776b397":220.01157879714106,"0x6ef3D766Dfe02Dc4bF04aAe9122EB9A0Ded25615":0.028651406788302927,"0x73968b9a57c6E53d41345FD57a6E6ae27d6CDB2F":83.11113064804849,"0x73A15FeD60Bf67631dC6cd7Bc5B6e8da8190aCF5":6721.204598264718,"0x76237BCfDbe8e06FB774663add96216961df4ff3":19.25389152609342,"0x76Eb2FE28b36B3ee97F3Adae0C69606eeDB2A37c":733.331860968303,"0x77E06c9eCCf2E797fd462A92B6D7642EF85b0A44":0.71451662646,"0x78da5799CF427Fee11e9996982F4150eCe7a99A7":58.33245424505842,"0x7F17A6C77C3938D235b014818092eb6305BdA110":55.34030428887966,"0x7FA768E035F956c41d6aeaa3Bd857e7E5141CAd5":0.47496162392656016,"0x7f39C581F595B53c5cb19bD0b3f8dA6c935E2Ca0":1256.390487771578,"0x8064d9Ae6cDf087b1bcd5BDf3531bD5d8C537a68":74.38749711975127,"0x80d69e79258FE9D056c822461c4eb0B4ca8802E2":0.2680740603769315,"0x826180541412D574cf1336d22c0C0a287822678A":227.80494223509254,"0x830614aE209FF9d8706d386fcdBc7a55206fcffC":53.85350071381637,"0x83F20F44975D03b1b09e64809B757c47f942BEeA":3228.409111347571,"0x853d955aCEf822Db058eb8505911ED77F175b99e":1438.9548135809046,"0x856c4Efb76C1D1AE02e20CEB03A2A6a08b0b8dC3":1.7536488564905426,"0x865377367054516e17014CcdED1e7d814EDC9ce4":701.7077132316272,"0x8682Fbf0CbF312C891532BA9F1A91e44f81ad7DF":484.75651993697926,"0x8C0D76C9B18779665475F3E212D9Ca1Ed6A1A0e6":571.6471257844487,"0x8Cd52ee292313C4D851e71A7064F096504aB3eE9":3.884686882213747,"0x8E870D67F660D95d5be530380D0eC0bd388289E1":0.007676933965674135,"0x8c9532a60E0E7C6BbD2B2c1303F63aCE1c3E9811":1.13984182534242,"0x8dAEBADE922dF735c38C80C7eBD708Af50815fAa":16.559829160328114,"0x8e595470Ed749b85C6F7669de83EAe304C2ec68F":20.52083059604408,"0x917ceE801a67f933F2e6b33fC0cD1ED2d5909D88":469.35204259127374,"0x9181f633E9B9F15A32d5e37094F4C93b333e0E92":1.1299918849435266,"0x922406EAFC3CcEb32b0256F287fB977c426EDbd8":0.02910941809583617,"0x954313005C56b555bdC41B84D6c63B69049d7847":450.5686523808854,"0x9559Aaa82d9649C7A7b220E7c461d2E74c9a3593":192.34792597342212,"0x95710BDE45C8D384A976Cc58Cc7a7e489576b098":2.370682840246712,"0x961D4921e1718E633BAC8Ded88c4a1cAe44b785a":954.6877477748324,"0x9961BdBE8B7091E584c2bF9D0a160C583f564A8c":393.86278809807914,"0x99D8a9C45b2ecA8864373A26D1459e3Dff1e17F3":71.97516555945506,"0x9BE89D2a4cd102D8Fecc6BF9dA793be995C22541":719.841168325838,"0x9D39A5DE30e57443BfF2A8307A4256c8797A3497":3548.8886134529303,"0x9EEAD9ce15383CaEED975427340b3A369410CFBF":13.142568890426658,"0x9FeE65D5A627e73212989c8BbEdC5Fa5Cae3821F":15.606469413401339,"0xA0b86991c6218b36c1d19D4a2e9Eb0cE3606eB48":7667.024767621885,"0xA0d69E286B938e21CBf7E51D71F6A4c8918f482F":1072.9068236037697,"0xA1290d69c65A6Fe4DF752f95823fae25cB99e5A7":542.8688941237707,"0xA35b1B31Ce002FBF2058D22F30f95D405200A15b":1.8371925156978488,"0xA5588F7cdf560811710A2D82D3C9c99769DB1Dcb":498.3597072392557,"0xA663B02CF0a4b149d2aD41910CB81e23e1c41c32":80.49815858813315,"0xAB846Fb6C81370327e784Ae7CbB6d6a6af6Ff4BF":71.61384276536764,"0xBC6DA0FE9aD5f3b0d58160288917AA56653660E9":1.4998203271269932,"0xBcca60bB61934080951369a648Fb03DF4F96263C":0.141122682,"0xC02aaA39b223FE8D0A0e5C4F27eAD9083C756Cc2":3755.507154248235,