{"0x0000000000085d4780B73119b644AE5ecd22b376":0.005454076374851303,"0x005F893EcD7bF9667195642f7649DA8163e23658":26.379316117691516,"0x0100546F2cD4C9D97f798fFC9755E47865FF7Ee6":154.11216225342017,"0x028171bCA77440897B824Ca71D1c56caC55b68A3":746.4129048799696,"0x0316EB71485b0Ab14103307bf65a021042c6d380":51.33154259409812,"0x03ab458634910AaD20eF5f1C8ee96F1D6ac54919":170.96079550553029,"0x04C154b66CB340F3Ae24111CC767e0184Ed00Cc6":206.18573316184663,"0x056Fd409E1d7A124BD7017459dFEa2F387b6d5Cd":224.5051359351079,"0x067079c14B85169e6a29703769dadDef90816f4C":26.27014726643976,"0x075b1bb99792c9E1041bA13afEf80C91a1e70fB3":750.7172850847212,"0x085780639CC2cACd35E474e71f4d000e2405d8f6":940.3086673737776,"0x09b2E090531228d1b8E3d948C73b990Cb6e60720":494.4771707171392,"0x0E2EC54fC0B509F445631Bf4b91AB8168230C752":0.4498345949241994,"0x0E573Ce2736Dd9637A0b21058352e1667925C7a8":142.33780377313764,"0x0a5E677a6A24b2F1A2Bf4F3bFfC443231d2fDEc8":0.007509676805253328,"0x0bc529c00C6401aEF6D220BE8C6Ea1667F6Ad93e":5.922822644710009,"0x0d86883FAf4FfD7aEb116390af37746F45b6f378":154.38920574342896,"0x0dE54CFdfeD8005176f8b7A9D5438B45c4F1df1e":3.1678203708325556,"0x1456688345527bE1f37E9e627DA0837D6f08C925":4.209389401790756,"0x16eAd9a10b1A77007E6E329B076aD1Fe97a6F7C0":58.23250923544029,"0x18084fbA666a33d37592fA2633fD49a74DD93a88":14.212980403985913,"0x1830c553dC76d3447B69b7B0dC19CF9e3c739C78":94.7153765182059,"0x183395DbD0B5e93323a7286D1973150697FFFCB3":334.626060938222,"0x196f4727526eA7FB1e17b2071B3d8eAA38486988":0.0289985392334814,"0x1c48f86ae57291F7686349F12601910BD8D470bb":0.7053703248434691,"0x1ce0D1E19c9514230FF8CD1DAbaC2555fb92122b":0,"0x2260FAC5E5542a773Aa44fBCfeDf7C193bc2C599":317.8222970261328,"0x2570f1bD5D2735314FC102eb12Fc1aFe9e6E7193":356.020530684141,"0x25eC98773D7b4ceD4cAFaB96A2A1c0945f145e10":0,"0x2889302a794dA87fBF1D6Db415C1492194663D13":503.65157869224345,"0x29059568bB40344487d62f7450E78b8E6C74e0e5":46.75394070232982,"0x2b01d4FdB87eb7F2399E5D68631d8A939a323786":17.61360960617294,"0x31429d1856aD1377A8A0079410B297e1a9e214c2":464.9960972816492,"0x32bd822d615A3658A68b6fDD30c2fcb2C996D678":52.24331155169642,"0x34635280737b5BFe6c7DC2FC3065D60d66e78185":422.2046337343126,"0x35282d87011f87508D457F08252Bc5bFa52E10A0":72.35129659805818,"0x35D8949372D46B7a3D5A56006AE77B215fc69bC0":0.12892569534527062,"0x35fA164735182de50811E8e2E824cFb9B6118ac2":928.7140401560705,"0x383E6b4437b59fff47B619CBA855CA29342A8559":35.88265974874529,"0x38D64ce1Bdf1A9f24E0Ec469C9cAde61236fB4a0":139.4949702829314,"0x3A283D9c08E8b55966afb64C515f5143cf907611":419.3225842108439,"0x3Ed3B47Dd13EC9a98b44e6204A523E766B225811":1006.129038415257,"0x401322B9FDdba8c0a8D40fbCECE1D1752C12316B":413.82443545622107,"0x40D16FC0246aD3160Ccc09B8D0D3A2cD28aE6C2f":128.00814713299474,"0x4591DBfF62656E7859Afe5e45f6f47D3669fBB28":305.40409311890045,"0x4647B6D835f3B393C7A955df51EEfcf0db961606":190.14741597593468,"0x48759F220ED983dB51fA7A8C0D2AAb8f3ce4166a":986.8198420743613,"0x49446A0874197839D15395B908328a74ccc96Bc0":17.845837934110918,"0x4AE86d8732390d852A13cb918463BC6e5775FaDD":31.150575749370688,"0x4D1941a887eC788F059b3bfcC8eE1E97b968825B":11.487419074843274,"0x4Fabb145d64652a948d72533023f6E7A623C7C53":0.009875757058492692,"0x4c9EDD5852cd905f086C759E8383e09bff1E68B3":604.4434221786188,"0x4de2ab8177fC5fFAFB7aD11FB8BeB1e5fB95F71C":97.65599545512674,"0x4eBdF703948ddCEA3B11f675B4D1Fba9d2414A14":47.78970862507029,"0x514910771AF9Ca656af840dff83E8264EcF986CA":105.10753807871032,"0x5228a22e72ccC52d415EcFd199F99D0665E7733b":50.63052671869974,"0x5426178799ee0a0181A89b4f57eFddfAb49941Ec":30.196985932212513,"0x5555f75e3d5278082200Fb451D1b6bA946D8e13b":57.40529325909563,"0x57a5a0567187FF4A8dcC1A9bBa86155E355878F2":1.0545981933273394,"0x58efE15C0404aB22F87E4495D71f6f2077e862bE":0.001248567846,"0x5905c0290e59aFBDc42a5480add9bD7B20CB3759":0.140702754819375,"0x59D9356E565Ab3A36dD77763Fc0d87fEaf85508C":532.08893601419,"0x5BC25f649fc4e26069dDF4cF4010F9f706c23831":1.3103825276940748,"0x5Be6C45e2d074fAa20700C49aDA3E88a1cc0025d":51.13790586850766,"0x5Ca135cB8527d76e932f34B5145575F9d8cbE08E":53.129600719324095,"0x5E8422345238F34275888049021821E8E08CAa1f":15220.194042510746,"0x5b6C539b224014A09B3388e51CaAA8e354c959C8":718.465210868359,"0x5e74C9036fb86BD7eCdcb084a0673EFc32eA31cb":187.25528489543737,"0x63a0964A36c34E81959da5894ad888800e17405b":21.159747112073628,"0x65D72AA8DA931F047169112fcf34f52DbaAE7D18":129.29235289583943,"0x661c70333AA1850CcDBAe82776Bb436A0fCfeEfB":45.17118461903507,"0x668308d77be3533c909a692302Cb4D135Bf8041C":0.051720817483318526,"0x66a1E37c9b0eAddca17d3662D6c05F4DECf3e110":0.1087300620832781,"0x674C6Ad92Fd080e4004b2312b45f796a192D27a0":1.3645093473222953,"0x68749665FF8D2d112Fa859AA293F07A622782F38":18.76901963144441,"0x6B175474E89094C44Da98b954EedeAC495271d0F":220.29152678451013,"0x6C280dB098dB673d30d5B34eC04B6387185D3620":58.115824314626295,"0x6C5024Cd4F8A59110119C56f8933403A539555EB":111.70441917416383,"0x6ade6971Ca3d90990C30d39c78b0534C7166e07b":126.880381719927,"0x6b5204B0Be36771253Cc38e88012E02B752f0f36":40.91565416464159,"0x6c3F90f043a72FA612cbac8115EE7e52BDe6E490":1094.1978568719987,"0x6c3ea9036406852006290770BEdFcAbA0e23A0e8":412.2219618264689,"0x6e52cCe4EaFDf77091dD1c82183b2D97b776b397":21.518018244906706,"0x6ef3D766Dfe02Dc4bF04aAe9122EB9A0Ded25615":0.026770066746430666,"0x73968b9a57c6E53d41345FD57a6E6ae27d6CDB2F":81.39651174354222,"0x73A15FeD60Bf67631dC6cd7Bc5B6e8da8190aCF5":2.42632746072538,"0x76237BCfDbe8e06FB774663add96216961df4ff3":20.684334887591206,"0x76Eb2FE28b36B3ee97F3Adae0C69606eeDB2A37c":730.7506829305045,"0x77E06c9eCCf2E797fd462A92B6D7642EF85b0A44":0.50907358176,"0x78da5799CF427Fee11e9996982F4150eCe7a99A7":41.779530305057314,"0x7988292D0FB141085c092132e2a70B30aA1eccAB":471.97430875445804,"0x7F17A6C77C3938D235b014818092eb6305BdA110":52.34372844008016,"0x7F86Bf177Dd4F3494b841a37e810A34dD56c829B":972.7411696717634,"0x7FA768E035F956c41d6aeaa3Bd857e7E5141CAd5":0.036329749657970624,"0x7ea4aD8C803653498bF6AC1D2dEbc04DCe8Fd2aD":106.75064782708296,"0x7f39C581F595B53c5cb19bD0b3f8dA6c935E2Ca0":357.73914026918874,"0x8064d9Ae6cDf087b1bcd5BDf3531bD5d8C537a68":69.24541536253057,"0x80d69e79258FE9D056c822461c4eb0B4ca8802E2":0.02470027767150335,"0x826180541412D574cf1336d22c0C0a287822678A":195.10485166112562,"0x830614aE209FF9d8706d386fcdBc7a55206fcffC":50.45328701997515,"0x83F20F44975D03b1b09e64809B757c47f942BEeA":670.630456281632,"0x84CeCB5525c6B1C20070E742da870062E84Da178":19.340845213169008,"0x853d955aCEf822Db058eb8505911ED77F175b99e":472.9793165843768,"0x856c4Efb76C1D1AE02e20CEB03A2A6a08b0b8dC3":1.6453656629933173,"0x865377367054516e17014CcdED1e7d814EDC9ce4":508.23724524540165,"0x8682Fbf0CbF312C891532BA9F1A91e44f81ad7DF":486.17800171456025,"0x8C0D76C9B18779665475F3E212D9Ca1Ed6A1A0e6":385.3325864219593,"0x8C88538688aca3b733aD08b12BEe4574c0C00907":265.5341117473059,"0x8Cd52ee292313C4D851e71A7064F096504aB3eE9":3.9060842383844037,"0x8c9532a60E0E7C6BbD2B2c1303F63aCE1c3E9811":0.04374154136296563,"0x8dAEBADE922dF735c38C80C7eBD708Af50815fAa":16.258819014040682,"0x8e595470Ed749b85C6F7669de83EAe304C2ec68F":19.668254239185707,"0x917ceE801a67f933F2e6b33fC0cD1ED2d5909D88":366.07464611206547,"0x9181f633E9B9F15A32d5e37094F4C93b333e0E92":0.4193847584095287,"0x922406EAFC3CcEb32b0256F287fB977c426EDbd8":0.02910941809583617,"0x954313005C56b555bdC41B84D6c63B69049d7847":438.4497052475106,"0x9559Aaa82d9649C7A7b220E7c461d2E74c9a3593":176.4048849944681,"0x95710BDE45C8D384A976Cc58Cc7a7e489576b098":0.5882704068994015,"0x961D4921e1718E633BAC8Ded88c4a1cAe44b785a":859.3961438518279,"0x9961BdBE8B7091E584c2bF9D0a160C583f564A8c":394.39995608246664,"0x99D8a9C45b2ecA8864373A26D1459e3Dff1e17F3":34.475684254154785,"0x9BE89D2a4cd102D8Fecc6BF9dA793be995C22541":671.743629631924,"0x9D39A5DE30e57443BfF2A8307A4256c8797A3497":324.63837981925474,"0x9EEAD9ce15383CaEED975427340b3A369410CFBF":0.002910902176,"0x9FeE65D5A627e73212989c8BbEdC5Fa5Cae3821F":15.068418926959625,"0x9b77bd0a665F05995b68e36fC1053AFFfAf0d4B5":8.514034490813986,