{"0x0000000000085d4780B73119b644AE5ecd22b376":0.005454076374851303,"0x005F893EcD7bF9667195642f7649DA8163e23658":12.936301117590213,"0x0100546F2cD4C9D97f798fFC9755E47865FF7Ee6":134.19376581377313,"0x028171bCA77440897B824Ca71D1c56caC55b68A3":119.69054883498394,"0x0316EB71485b0Ab14103307bf65a021042c6d380":49.80544227796453,"0x03ab458634910AaD20eF5f1C8ee96F1D6ac54919":166.1958404165691,"0x04C154b66CB340F3Ae24111CC767e0184Ed00Cc6":188.87320127679064,"0x056Fd409E1d7A124BD7017459dFEa2F387b6d5Cd":73.30782004394915,"0x067079c14B85169e6a29703769dadDef90816f4C":469.1726551349639,"0x075b1bb99792c9E1041bA13afEf80C91a1e70fB3":721.4137912309184,"0x085780639CC2cACd35E474e71f4d000e2405d8f6":777.4233347245427,"0x09b2E090531228d1b8E3d948C73b990Cb6e60720":475.3399151775531,"0x0E2EC54fC0B509F445631Bf4b91AB8168230C752":0.45002285191782376,"0x0E573Ce2736Dd9637A0b21058352e1667925C7a8":140.78892429370518,"0x0bc529c00C6401aEF6D220BE8C6Ea1667F6Ad93e":2.9995250848900876,"0x0d86883FAf4FfD7aEb116390af37746F45b6f378":128.1384030639517,"0x0dE54CFdfeD8005176f8b7A9D5438B45c4F1df1e":5.826056864929087,"0x1456688345527bE1f37E9e627DA0837D6f08C925":0.4446825381147419,"0x16eAd9a10b1A77007E6E329B076aD1Fe97a6F7C0":35.596671651725366,"0x18084fbA666a33d37592fA2633fD49a74DD93a88":2.664862766076189,"0x1830c553dC76d3447B69b7B0dC19CF9e3c739C78":80.927354678637,"0x196f4727526eA7FB1e17b2071B3d8eAA38486988":2.4759196389494025,"0x1c48f86ae57291F7686349F12601910BD8D470bb":1.264134039415369,"0x1ce0D1E19c9514230FF8CD1DAbaC2555fb92122b":0,"0x2260FAC5E5542a773Aa44fBCfeDf7C193bc2C599":300.2718153566674,"0x2570f1bD5D2735314FC102eb12Fc1aFe9e6E7193":262.56573806481623,"0x25eC98773D7b4ceD4cAFaB96A2A1c0945f145e10":5.925556644181466,"0x2889302a794dA87fBF1D6Db415C1492194663D13":335.94040713864723,"0x2b01d4FdB87eb7F2399E5D68631d8A939a323786":19.7653770958667,"0x31429d1856aD1377A8A0079410B297e1a9e214c2":489.93736698892826,"0x32bd822d615A3658A68b6fDD30c2fcb2C996D678":27.117412019517133,"0x35282d87011f87508D457F08252Bc5bFa52E10A0":700.9374164972827,"0x35fA164735182de50811E8e2E824cFb9B6118ac2":863.5797637843839,"0x365AccFCa291e7D3914637ABf1F7635dB165Bb09":443.5582497865538,"0x383E6b4437b59fff47B619CBA855CA29342A8559":26.12652873343411,"0x38D64ce1Bdf1A9f24E0Ec469C9cAde61236fB4a0":1082.2847478791848,"0x3A283D9c08E8b55966afb64C515f5143cf907611":6807.976665248919,"0x3Ed3B47Dd13EC9a98b44e6204A523E766B225811":273.81200358368454,"0x3f0e7916681452D23Cd36B1281457DA721F2E5dF":406.0804400703805,"0x40D16FC0246aD3160Ccc09B8D0D3A2cD28aE6C2f":1043.2011202261892,"0x4591DBfF62656E7859Afe5e45f6f47D3669fBB28":248.26891797212826,"0x4647B6D835f3B393C7A955df51EEfcf0db961606":25.37995412240672,"0x466a756E9A7401B5e2444a3fCB3c2C12FBEa0a54":519.8302345183324,"0x48759F220ED983dB51fA7A8C0D2AAb8f3ce4166a":887.1443861772583,"0x49446A0874197839D15395B908328a74ccc96Bc0":5.9833516430433376,"0x4DEcE678ceceb27446b35C672dC7d61F30bAD69E":605.9232943266845,"0x4Fabb145d64652a948d72533023f6E7A623C7C53":0.0038866794698315943,"0x4c9EDD5852cd905f086C759E8383e09bff1E68B3":8692.12405475551,"0x4eBdF703948ddCEA3B11f675B4D1Fba9d2414A14":2503.1690160146154,"0x514910771AF9Ca656af840dff83E8264EcF986CA":93.19733753156696,"0x5228a22e72ccC52d415EcFd199F99D0665E7733b":44.3509437485395,"0x5426178799ee0a0181A89b4f57eFddfAb49941Ec":23.625128888082088,"0x5555f75e3d5278082200Fb451D1b6bA946D8e13b":34.49905332143629,"0x57a5a0567187FF4A8dcC1A9bBa86155E355878F2":1.0100484080569039,"0x58efE15C0404aB22F87E4495D71f6f2077e862bE":0.0012485129090147758,"0x5905c0290e59aFBDc42a5480add9bD7B20CB3759":0.04119533097280956,"0x59D9356E565Ab3A36dD77763Fc0d87fEaf85508C":461.82945806085917,"0x5BC25f649fc4e26069dDF4cF4010F9f706c23831":4.334808457235773,"0x5Be6C45e2d074fAa20700C49aDA3E88a1cc0025d":0.5051154329593026,"0x5Ca135cB8527d76e932f34B5145575F9d8cbE08E":48.4038800285114,"0x5E8422345238F34275888049021821E8E08CAa1f":14334.521141491023,"0x5b6C539b224014A09B3388e51CaAA8e354c959C8":150.12229117787132,"0x5e74C9036fb86BD7eCdcb084a0673EFc32eA31cb":176.5061101323052,"0x63a0964A36c34E81959da5894ad888800e17405b":11.880838944615927,"0x65D72AA8DA931F047169112fcf34f52DbaAE7D18":110.14464545269794,"0x661c70333AA1850CcDBAe82776Bb436A0fCfeEfB":6.345818292478749,"0x6663b6D50992ef4fc0380199397c87C2f5256075":505.14172515917005,"0x668308d77be3533c909a692302Cb4D135Bf8041C":0.04958978208965093,"0x66a1E37c9b0eAddca17d3662D6c05F4DECf3e110":0.1086143802489937,"0x674C6Ad92Fd080e4004b2312b45f796a192D27a0":3.30806779373954,"0x68749665FF8D2d112Fa859AA293F07A622782F38":14.236223998637758,"0x6B175474E89094C44Da98b954EedeAC495271d0F":6323.084618143334,"0x6C280dB098dB673d30d5B34eC04B6387185D3620":48.136267147362155,"0x6C5024Cd4F8A59110119C56f8933403A539555EB":110.7132798027867,"0x6ade6971Ca3d90990C30d39c78b0534C7166e07b":95.67253586814266,"0x6b5204B0Be36771253Cc38e88012E02B752f0f36":15.219828158447562,"0x6c3F90f043a72FA612cbac8115EE7e52BDe6E490":1220.0070752415106,"0x6c3ea9036406852006290770BEdFcAbA0e23A0e8":1976.7975576284102,"0x6e52cCe4EaFDf77091dD1c82183b2D97b776b397":823.533453817828,"0x6ef3D766Dfe02Dc4bF04aAe9122EB9A0Ded25615":0.02564989858348689,"0x73968b9a57c6E53d41345FD57a6E6ae27d6CDB2F":63.76763733318243,"0x73A15FeD60Bf67631dC6cd7Bc5B6e8da8190aCF5":0.012575409015274819,"0x76237BCfDbe8e06FB774663add96216961df4ff3":13.639215943034348,"0x76Eb2FE28b36B3ee97F3Adae0C69606eeDB2A37c":724.1587811793968,"0x77E06c9eCCf2E797fd462A92B6D7642EF85b0A44":0.42941698032,"0x78da5799CF427Fee11e9996982F4150eCe7a99A7":273.16002385149335,"0x7988292D0FB141085c092132e2a70B30aA1eccAB":472.22852887860415,"0x7F17A6C77C3938D235b014818092eb6305BdA110":34.60785900525857,"0x7F86Bf177Dd4F3494b841a37e810A34dD56c829B":5516.09029615296,"0x7FA768E035F956c41d6aeaa3Bd857e7E5141CAd5":0.0347927025514265,"0x7ea4aD8C803653498bF6AC1D2dEbc04DCe8Fd2aD":80.11296351509958,"0x7f39C581F595B53c5cb19bD0b3f8dA6c935E2Ca0":4610.476876696926,"0x8064d9Ae6cDf087b1bcd5BDf3531bD5d8C537a68":63.20617894166549,"0x80d69e79258FE9D056c822461c4eb0B4ca8802E2":0.023699352612221298,"0x826180541412D574cf1336d22c0C0a287822678A":793.4790899963024,"0x830614aE209FF9d8706d386fcdBc7a55206fcffC":29.00965463129538,"0x83F20F44975D03b1b09e64809B757c47f942BEeA":7161.021253283087,"0x853d955aCEf822Db058eb8505911ED77F175b99e":3237.3488514739643,"0x856c4Efb76C1D1AE02e20CEB03A2A6a08b0b8dC3":1.5850631445442793,"0x865377367054516e17014CcdED1e7d814EDC9ce4":473.739465161519,"0x8C0D76C9B18779665475F3E212D9Ca1Ed6A1A0e6":321.5628344044855,"0x8C88538688aca3b733aD08b12BEe4574c0C00907":124.47522509214345,"0x8Cd52ee292313C4D851e71A7064F096504aB3eE9":56.30563589201662,"0x8E870D67F660D95d5be530380D0eC0bd388289E1":663.9790778396206,"0x8dAEBADE922dF735c38C80C7eBD708Af50815fAa":11.970421591665016,"0x8e595470Ed749b85C6F7669de83EAe304C2ec68F":15.065187277313123,"0x917ceE801a67f933F2e6b33fC0cD1ED2d5909D88":278.83381610139213,"0x9181f633E9B9F15A32d5e37094F4C93b333e0E92":0.40183551926631805,"0x922406EAFC3CcEb32b0256F287fB977c426EDbd8":0.02907844753612382,"0x9559Aaa82d9649C7A7b220E7c461d2E74c9a3593":166.4429013850602,"0x95710BDE45C8D384A976Cc58Cc7a7e489576b098":0.5738237995404929,"0x961D4921e1718E633BAC8Ded88c4a1cAe44b785a":211.57018319886618,"0x96E61422b6A9bA0e068B6c5ADd4fFaBC6a4aae27":540.3831712593375,"0x9961BdBE8B7091E584c2bF9D0a160C583f564A8c":387.0434979651675,"0x99D8a9C45b2ecA8864373A26D1459e3Dff1e17F3":35.94360032902558,"0x9BE89D2a4cd102D8Fecc6BF9dA793be995C22541":207.176064409919,"0x9D39A5DE30e57443BfF2A8307A4256c8797A3497":6679.867525379455,"0x9EEAD9ce15383CaEED975427340b3A369410CFBF":0.000003998220070576,"0x9FeE65D5A627e73212989c8BbEdC5Fa5Cae3821F":8.827820055551427,"0x9de1c3D446237ab9BaFF74127eb4F303802a2683":244.0197422443366,"0xA0b86991c6218b36c1d19D4a2e9Eb0cE3606eB48":11977.319410063457,"0xA0d69E286B938e21CBf7E51D71F6A4c8918f482F":505.3553026025657,"0xA1290d69c65A6Fe4DF752f95823fae25cB99e5A7":164.42263613367138,"0xA35b1B31Ce002FBF2058D22F30f95D405200A15b":1.5983320438256832,"0xA5588F7cdf560811710A2D82D3C9c99769DB1Dcb":512.1669547972765,"0xA663B02CF0a4b149d2aD41910CB81e23e1c41c32":23.940799442818268,