{"0x0000000000085d4780B73119b644AE5ecd22b376":206.25186108458828,"0x0000000016E6Cb3038203c1129c8B4aEE7af7a11":1.6220025182588163,"0x005F893EcD7bF9667195642f7649DA8163e23658":129.28598108197704,"0x0100546F2cD4C9D97f798fFC9755E47865FF7Ee6":312.6013423371101,"0x028171bCA77440897B824Ca71D1c56caC55b68A3":1154.7009972234355,"0x0316EB71485b0Ab14103307bf65a021042c6d380":0.01665121695405459,"0x03ab458634910AaD20eF5f1C8ee96F1D6ac54919":18.195371275680596,"0x04C154b66CB340F3Ae24111CC767e0184Ed00Cc6":933.6626105422705,"0x051d7e5609917Bd9b73f04BAc0DED8Dd46a74301":302.4079871124146,"0x056Fd409E1d7A124BD7017459dFEa2F387b6d5Cd":772.5141062305764,"0x075b1bb99792c9E1041bA13afEf80C91a1e70fB3":638.2139588342133,"0x085780639CC2cACd35E474e71f4d000e2405d8f6":1182.2089068310404,"0x09db87A538BD693E9d08544577d5cCfAA6373A48":68.04705666173913,"0x0E2EC54fC0B509F445631Bf4b91AB8168230C752":0.471406208585805,"0x0E573Ce2736Dd9637A0b21058352e1667925C7a8":134.62476683459326,"0x0a5E677a6A24b2F1A2Bf4F3bFfC443231d2fDEc8":0.07649411347954008,"0x0bc529c00C6401aEF6D220BE8C6Ea1667F6Ad93e":8.703843452348947,"0x0d86883FAf4FfD7aEb116390af37746F45b6f378":260.8498033754141,"0x0dE54CFdfeD8005176f8b7A9D5438B45c4F1df1e":5.821727582277179,"0x1456688345527bE1f37E9e627DA0837D6f08C925":6.196748132168466,"0x15700B564Ca08D9439C58cA5053166E8317aa138":1953.4895364505112,"0x16eAd9a10b1A77007E6E329B076aD1Fe97a6F7C0":120.79443439395442,"0x18084fbA666a33d37592fA2633fD49a74DD93a88":357.2223401223399,"0x1830c553dC76d3447B69b7B0dC19CF9e3c739C78":66.68031711850006,"0x183395DbD0B5e93323a7286D1973150697FFFCB3":173.96368356217533,"0x196f4727526eA7FB1e17b2071B3d8eAA38486988":2.562648311899227,"0x1BED97CBC3c24A4fb5C069C6E311a967386131f7":223.87222604583394,"0x1a7e4e63778B4f12a199C062f3eFdD288afCBce8":326.67823536767315,"0x1aBaEA1f7C830bD89Acc67eC4af516284b1bC33c":482.00641746989896,"0x1c48f86ae57291F7686349F12601910BD8D470bb":1.3078973218505179,"0x1ce0D1E19c9514230FF8CD1DAbaC2555fb92122b":0,"0x2191DF768ad71140F9F3E96c1e4407A4aA31d082":24.47467619283247,"0x2260FAC5E5542a773Aa44fBCfeDf7C193bc2C599":341.669548803457,"0x2570f1bD5D2735314FC102eb12Fc1aFe9e6E7193":396.77583534577155,"0x25eC98773D7b4ceD4cAFaB96A2A1c0945f145e10":0,"0x2889302a794dA87fBF1D6Db415C1492194663D13":1166.834517255273,"0x2b01d4FdB87eb7F2399E5D68631d8A939a323786":205.5929561508357,"0x3175Df0976dFA876431C2E9eE6Bc45b65d3473CC":9.249258649476426e-7,"0x3231Cb76718CDeF2155FC47b5286d82e6eDA273f":317.0923434198852,"0x32bd822d615A3658A68b6fDD30c2fcb2C996D678":223.4670962156067,"0x3432B6A60D23Ca0dFCa7761B7ab56459D9C964D0":248.52984757162068,"0x34635280737b5BFe6c7DC2FC3065D60d66e78185":200.7043534325792,"0x35282d87011f87508D457F08252Bc5bFa52E10A0":151.6428106082485,"0x35D8949372D46B7a3D5A56006AE77B215fc69bC0":445.677156647126,"0x35fA164735182de50811E8e2E824cFb9B6118ac2":838.7356864473021,"0x365AccFCa291e7D3914637ABf1F7635dB165Bb09":184.8901734232912,"0x383E6b4437b59fff47B619CBA855CA29342A8559":182.40877128655063,"0x38D64ce1Bdf1A9f24E0Ec469C9cAde61236fB4a0":183.6884975813,"0x393DaD6c76D962Abba489a77dBf37ae948A4A6ee":99.75243831353743,"0x3A2725556Dde7B21fBe3dD64A4913ff29faba6A1":0.02650250179676333,"0x3A283D9c08E8b55966afb64C515f5143cf907611":4754.876362408505,"0x3Ed3B47Dd13EC9a98b44e6204A523E766B225811":757.3235449714012,"0x401322B9FDdba8c0a8D40fbCECE1D1752C12316B":240.18416509620187,"0x40D16FC0246aD3160Ccc09B8D0D3A2cD28aE6C2f":1635.5815889105152,"0x4591DBfF62656E7859Afe5e45f6f47D3669fBB28":189.88863700236843,"0x466a756E9A7401B5e2444a3fCB3c2C12FBEa0a54":650.4195045083853,"0x48759F220ED983dB51fA7A8C0D2AAb8f3ce4166a":1681.860660589161,"0x49446A0874197839D15395B908328a74ccc96Bc0":14.284783995636179,"0x4D1941a887eC788F059b3bfcC8eE1E97b968825B":272.58939364903284,"0x4DEcE678ceceb27446b35C672dC7d61F30bAD69E":437.61831965952746,"0x4Fabb145d64652a948d72533023f6E7A623C7C53":0.03944824056237327,"0x4c9EDD5852cd905f086C759E8383e09bff1E68B3":14423.00130987816,"0x4de2ab8177fC5fFAFB7aD11FB8BeB1e5fB95F71C":332.8992650287791,"0x4eBdF703948ddCEA3B11f675B4D1Fba9d2414A14":5362.042985156405,"0x514910771AF9Ca656af840dff83E8264EcF986CA":59.86473070585412,"0x5228a22e72ccC52d415EcFd199F99D0665E7733b":42.28075565684936,"0x5271045F7B73c17825A7A7aee6917eE46b0B7520":175.40174595354398,"0x527331F3F550f6f85ACFEcAB9Cc0889180C6f1d5":214.39465341555075,"0x5426178799ee0a0181A89b4f57eFddfAb49941Ec":787.2984891357279,"0x5555f75e3d5278082200Fb451D1b6bA946D8e13b":94.39463981007525,"0x57a5a0567187FF4A8dcC1A9bBa86155E355878F2":0.8100276037532277,"0x58efE15C0404aB22F87E4495D71f6f2077e862bE":0.001248567846,"0x5905c0290e59aFBDc42a5480add9bD7B20CB3759":0.1799307740933782,"0x59D9356E565Ab3A36dD77763Fc0d87fEaf85508C":143.85610031586478,"0x5BC25f649fc4e26069dDF4cF4010F9f706c23831":3.1034719768981898,"0x5Be6C45e2d074fAa20700C49aDA3E88a1cc0025d":518.3351649854544,"0x5Ca135cB8527d76e932f34B5145575F9d8cbE08E":46.00613358756831,"0x5E8422345238F34275888049021821E8E08CAa1f":12423.307706250002,"0x5Ea630e00D6eE438d3deA1556A110359ACdc10A9":186.5362139842445,"0x5b6C539b224014A09B3388e51CaAA8e354c959C8":463.2015951473176,"0x5e74C9036fb86BD7eCdcb084a0673EFc32eA31cb":6.888524390965102,"0x63a0964A36c34E81959da5894ad888800e17405b":223.32574416780048,"0x65D72AA8DA931F047169112fcf34f52DbaAE7D18":138.35141366285956,"0x65f228ED6a6001eD6485535e0Dc33E525734f54c":34.73253181065549,"0x661c70333AA1850CcDBAe82776Bb436A0fCfeEfB":57.9751018376714,"0x6663b6D50992ef4fc0380199397c87C2f5256075":39.610444422379054,"0x668308d77be3533c909a692302Cb4D135Bf8041C":0.039316730334325534,"0x66a1E37c9b0eAddca17d3662D6c05F4DECf3e110":12.896079323185475,"0x674C6Ad92Fd080e4004b2312b45f796a192D27a0":4.6110385759424775,"0x677ddbd918637E5F2c79e164D402454dE7dA8619":2.568376740083392,"0x68749665FF8D2d112Fa859AA293F07A622782F38":8.356300597430325,"0x69000405f9DcE69BD4Cbf4f2865b79144A69BFE0":0,"0x6B175474E89094C44Da98b954EedeAC495271d0F":15746.58591693441,"0x6C280dB098dB673d30d5B34eC04B6387185D3620":251.44997915591256,"0x6C5024Cd4F8A59110119C56f8933403A539555EB":112.4433614476381,"0x6C9815826FdF8c7a45cCfEd2064dbaB33a078712":54.41530895080988,"0x6b5204B0Be36771253Cc38e88012E02B752f0f36":170.85741533789323,"0x6c3F90f043a72FA612cbac8115EE7e52BDe6E490":808.7998729091607,"0x6c3ea9036406852006290770BEdFcAbA0e23A0e8":1209.1241868241818,"0x6e52cCe4EaFDf77091dD1c82183b2D97b776b397":564.3647559627489,"0x6ef3D766Dfe02Dc4bF04aAe9122EB9A0Ded25615":0.03797481349308343,"0x7223442cad8e9cA474fC40109ab981608F8c4273":50.23244849797201,"0x73968b9a57c6E53d41345FD57a6E6ae27d6CDB2F":80.56445227455629,"0x73A15FeD60Bf67631dC6cd7Bc5B6e8da8190aCF5":2047.8654329375527,"0x752B4c6e92d96467fE9b9a2522EF07228E00F87c":10.618639471496213,"0x76237BCfDbe8e06FB774663add96216961df4ff3":19.353825251429075,"0x76Eb2FE28b36B3ee97F3Adae0C69606eeDB2A37c":1180.5849318029032,"0x77E06c9eCCf2E797fd462A92B6D7642EF85b0A44":0.59077863988,"0x78da5799CF427Fee11e9996982F4150eCe7a99A7":81.96635698624827,"0x7F86Bf177Dd4F3494b841a37e810A34dD56c829B":4933.483079460919,"0x7FA768E035F956c41d6aeaa3Bd857e7E5141CAd5":0.3360144803368587,"0x7ea4aD8C803653498bF6AC1D2dEbc04DCe8Fd2aD":20.443534882493907,"0x7f39C581F595B53c5cb19bD0b3f8dA6c935E2Ca0":3946.2512521405083,"0x8064d9Ae6cDf087b1bcd5BDf3531bD5d8C537a68":50.33339521612474,"0x808507121B80c02388fAd14726482e061B8da827":151.59371304876356,"0x80d69e79258FE9D056c822461c4eb0B4ca8802E2":0.17701786932402633,"0x826180541412D574cf1336d22c0C0a287822678A":145.66316642749095,"0x8282BD15dcA2EA2bDf24163E8f2781B30C43A2ef":207.63535618110052,"0x830614aE209FF9d8706d386fcdBc7a55206fcffC":29.749966008403064,"0x83F20F44975D03b1b09e64809B757c47f942BEeA":10731.86645922882,"0x853d955aCEf822Db058eb8505911ED77F175b99e":4532.7599353568185,"0x856c4Efb76C1D1AE02e20CEB03A2A6a08b0b8dC3":216.33844269907615,"0x865377367054516e17014CcdED1e7d814EDC9ce4":923.7842115756944,"0x893DA8A02b487FEF2F7e3F35DF49d7625aE549a3":292.2649905875721,"0x8Bc3F1e82Ca3d63987dc12F90538c6bF818FcD0f":293.5849422612403,"0x8C0D76C9B18779665475F3E212D9Ca1Ed6A1A0e6":609.938344418003,