{"0x0000000000085d4780B73119b644AE5ecd22b376":0.008459111329004914,"0x005F893EcD7bF9667195642f7649DA8163e23658":191.47225656909,"0x0100546F2cD4C9D97f798fFC9755E47865FF7Ee6":475.01292866586186,"0x028171bCA77440897B824Ca71D1c56caC55b68A3":813.2355173230577,"0x0316EB71485b0Ab14103307bf65a021042c6d380":0.022361093570575547,"0x03ab458634910AaD20eF5f1C8ee96F1D6ac54919":198.97960296318365,"0x04C154b66CB340F3Ae24111CC767e0184Ed00Cc6":450.10827741375084,"0x056Fd409E1d7A124BD7017459dFEa2F387b6d5Cd":295.28198914475394,"0x067079c14B85169e6a29703769dadDef90816f4C":430.6821995354326,"0x075b1bb99792c9E1041bA13afEf80C91a1e70fB3":346.57593988611376,"0x085780639CC2cACd35E474e71f4d000e2405d8f6":894.9685243132614,"0x0E2EC54fC0B509F445631Bf4b91AB8168230C752":0.47148745563345856,"0x0E573Ce2736Dd9637A0b21058352e1667925C7a8":143.90989608583592,"0x0a5E677a6A24b2F1A2Bf4F3bFfC443231d2fDEc8":0.08467372173222655,"0x0bc529c00C6401aEF6D220BE8C6Ea1667F6Ad93e":20.95573473495661,"0x0d86883FAf4FfD7aEb116390af37746F45b6f378":264.0333076874718,"0x0dE54CFdfeD8005176f8b7A9D5438B45c4F1df1e":0.3586357734040084,"0x1456688345527bE1f37E9e627DA0837D6f08C925":2.2939748410251917,"0x15700B564Ca08D9439C58cA5053166E8317aa138":935.9336197422019,"0x16eAd9a10b1A77007E6E329B076aD1Fe97a6F7C0":127.80785183209923,"0x18084fbA666a33d37592fA2633fD49a74DD93a88":0.9953377825525017,"0x183395DbD0B5e93323a7286D1973150697FFFCB3":354.15773095855945,"0x196f4727526eA7FB1e17b2071B3d8eAA38486988":2.56884894570523,"0x1aBaEA1f7C830bD89Acc67eC4af516284b1bC33c":490.20519440036406,"0x1c48f86ae57291F7686349F12601910BD8D470bb":0.03467468423158461,"0x1ce0D1E19c9514230FF8CD1DAbaC2555fb92122b":0,"0x2191DF768ad71140F9F3E96c1e4407A4aA31d082":14.125161323320574,"0x2260FAC5E5542a773Aa44fBCfeDf7C193bc2C599":15.629690660141701,"0x2302aaBe69e6E7A1b0Aa23aAC68fcCB8A4D2B460":175.46323182402185,"0x2570f1bD5D2735314FC102eb12Fc1aFe9e6E7193":175.57434011926034,"0x25eC98773D7b4ceD4cAFaB96A2A1c0945f145e10":0,"0x2889302a794dA87fBF1D6Db415C1492194663D13":1347.137265028346,"0x29059568bB40344487d62f7450E78b8E6C74e0e5":604.5023095051877,"0x2b01d4FdB87eb7F2399E5D68631d8A939a323786":13.358805339425448,"0x31429d1856aD1377A8A0079410B297e1a9e214c2":450.3215939012514,"0x3175Df0976dFA876431C2E9eE6Bc45b65d3473CC":2674.721893521534,"0x32bd822d615A3658A68b6fDD30c2fcb2C996D678":83.75607006662592,"0x34635280737b5BFe6c7DC2FC3065D60d66e78185":276.87825337672564,"0x35282d87011f87508D457F08252Bc5bFa52E10A0":154.4079315923975,"0x35D8949372D46B7a3D5A56006AE77B215fc69bC0":1063.631976179917,"0x35fA164735182de50811E8e2E824cFb9B6118ac2":1151.0317145176646,"0x365AccFCa291e7D3914637ABf1F7635dB165Bb09":351.38035160110627,"0x383E6b4437b59fff47B619CBA855CA29342A8559":175.4366197066517,"0x38D64ce1Bdf1A9f24E0Ec469C9cAde61236fB4a0":276.29012391846743,"0x390f3595bCa2Df7d23783dFd126427CCeb997BF4":738.5126120866718,"0x393DaD6c76D962Abba489a77dBf37ae948A4A6ee":175.17375622067092,"0x3A2725556Dde7B21fBe3dD64A4913ff29faba6A1":0.03744276531974537,"0x3A283D9c08E8b55966afb64C515f5143cf907611":8285.764406913435,"0x3D229E1B4faab62F621eF2F6A610961f7BD7b23B":5232.194418262134,"0x3Ed3B47Dd13EC9a98b44e6204A523E766B225811":0.000091871476,"0x3f0e7916681452D23Cd36B1281457DA721F2E5dF":23.522043870302056,"0x40D16FC0246aD3160Ccc09B8D0D3A2cD28aE6C2f":1012.4440976544764,"0x4591DBfF62656E7859Afe5e45f6f47D3669fBB28":440.73464687841386,"0x4647B6D835f3B393C7A955df51EEfcf0db961606":616.7078706964423,"0x466a756E9A7401B5e2444a3fCB3c2C12FBEa0a54":2.343108019932145,"0x48759F220ED983dB51fA7A8C0D2AAb8f3ce4166a":1653.495308118452,"0x49446A0874197839D15395B908328a74ccc96Bc0":28.28049035927984,"0x4AE86d8732390d852A13cb918463BC6e5775FaDD":169.07411099081068,"0x4D1941a887eC788F059b3bfcC8eE1E97b968825B":11.66985844098829,"0x4Fabb145d64652a948d72533023f6E7A623C7C53":0.034338925497230166,"0x4c9EDD5852cd905f086C759E8383e09bff1E68B3":10309.019247265567,"0x4de2ab8177fC5fFAFB7aD11FB8BeB1e5fB95F71C":350.21166665256163,"0x4eBdF703948ddCEA3B11f675B4D1Fba9d2414A14":4108.156882957663,"0x514910771AF9Ca656af840dff83E8264EcF986CA":109.83197504528681,"0x5228a22e72ccC52d415EcFd199F99D0665E7733b":68.35704905679353,"0x5426178799ee0a0181A89b4f57eFddfAb49941Ec":87.05846795639208,"0x5555f75e3d5278082200Fb451D1b6bA946D8e13b":92.71816793033898,"0x57a5a0567187FF4A8dcC1A9bBa86155E355878F2":1.140318538683873,"0x58efE15C0404aB22F87E4495D71f6f2077e862bE":0.001248491683361394,"0x5905c0290e59aFBDc42a5480add9bD7B20CB3759":0.19235431208771991,"0x59D9356E565Ab3A36dD77763Fc0d87fEaf85508C":657.3222387824186,"0x5BC25f649fc4e26069dDF4cF4010F9f706c23831":0.5449867522889759,"0x5Be6C45e2d074fAa20700C49aDA3E88a1cc0025d":381.22866936405165,"0x5Ca135cB8527d76e932f34B5145575F9d8cbE08E":53.12749577706045,"0x5E8422345238F34275888049021821E8E08CAa1f":17309.981332811953,"0x5Ea630e00D6eE438d3deA1556A110359ACdc10A9":429.24934693462984,"0x5b6C539b224014A09B3388e51CaAA8e354c959C8":432.55608876490925,"0x5e74C9036fb86BD7eCdcb084a0673EFc32eA31cb":207.21869623168834,"0x62B9c7356A2Dc64a1969e19C23e4f579F9810Aa7":1366.3285746359181,"0x6359B6d3e327c497453d4376561eE276c6933323":307.5689979722178,"0x63a0964A36c34E81959da5894ad888800e17405b":235.1991807585869,"0x64351fC9810aDAd17A690E4e1717Df5e7e085160":1222.5652006534472,"0x65D72AA8DA931F047169112fcf34f52DbaAE7D18":150.21537809068812,"0x65f228ED6a6001eD6485535e0Dc33E525734f54c":56.97624053691064,"0x661c70333AA1850CcDBAe82776Bb436A0fCfeEfB":64.72179756216022,"0x668308d77be3533c909a692302Cb4D135Bf8041C":0.05566069215329553,"0x66a1E37c9b0eAddca17d3662D6c05F4DECf3e110":22.472005131766554,"0x674C6Ad92Fd080e4004b2312b45f796a192D27a0":6.278825679442556,"0x677ddbd918637E5F2c79e164D402454dE7dA8619":0.953908110865558,"0x68749665FF8D2d112Fa859AA293F07A622782F38":17.87578189220646,"0x6B175474E89094C44Da98b954EedeAC495271d0F":6189.352364604351,"0x6C280dB098dB673d30d5B34eC04B6387185D3620":59.57724277624424,"0x6C5024Cd4F8A59110119C56f8933403A539555EB":130.11612749611083,"0x6C9815826FdF8c7a45cCfEd2064dbaB33a078712":18.93319535902664,"0x6ade6971Ca3d90990C30d39c78b0534C7166e07b":219.4973508515634,"0x6b5204B0Be36771253Cc38e88012E02B752f0f36":253.37239214536996,"0x6c3F90f043a72FA612cbac8115EE7e52BDe6E490":1240.9378387266488,"0x6c3ea9036406852006290770BEdFcAbA0e23A0e8":952.2859506768592,"0x6e52cCe4EaFDf77091dD1c82183b2D97b776b397":1040.7921315363474,"0x6ef3D766Dfe02Dc4bF04aAe9122EB9A0Ded25615":0.0845603832946829,"0x7223442cad8e9cA474fC40109ab981608F8c4273":78.3620959218396,"0x73968b9a57c6E53d41345FD57a6E6ae27d6CDB2F":109.48445007549608,"0x73A15FeD60Bf67631dC6cd7Bc5B6e8da8190aCF5":2671.931162705503,"0x76237BCfDbe8e06FB774663add96216961df4ff3":26.53279920078527,"0x76Eb2FE28b36B3ee97F3Adae0C69606eeDB2A37c":841.619949457651,"0x77E06c9eCCf2E797fd462A92B6D7642EF85b0A44":1.01621202114,"0x78da5799CF427Fee11e9996982F4150eCe7a99A7":87.88892800546486,"0x7F17A6C77C3938D235b014818092eb6305BdA110":106.84582281065511,"0x7F86Bf177Dd4F3494b841a37e810A34dD56c829B":5109.46201077132,"0x7FA768E035F956c41d6aeaa3Bd857e7E5141CAd5":0.4789638009829049,"0x7ea4aD8C803653498bF6AC1D2dEbc04DCe8Fd2aD":496.89098147555956,"0x7f39C581F595B53c5cb19bD0b3f8dA6c935E2Ca0":2913.067334350304,"0x8064d9Ae6cDf087b1bcd5BDf3531bD5d8C537a68":75.85644180265784,"0x808507121B80c02388fAd14726482e061B8da827":321.7738963148802,"0x80d69e79258FE9D056c822461c4eb0B4ca8802E2":0.24932065750331012,"0x826180541412D574cf1336d22c0C0a287822678A":231.9401220761374,"0x830614aE209FF9d8706d386fcdBc7a55206fcffC":61.39714716574022,"0x83F20F44975D03b1b09e64809B757c47f942BEeA":9189.50336654122,"0x84CeCB5525c6B1C20070E742da870062E84Da178":17.09281428916813,"0x853d955aCEf822Db058eb8505911ED77F175b99e":3241.3679605729976,"0x856c4Efb76C1D1AE02e20CEB03A2A6a08b0b8dC3":1.8651685020184527,"0x865377367054516e17014CcdED1e7d814EDC9ce4":387.03931672376365,"0x8C0D76C9B18779665475F3E212D9Ca1Ed6A1A0e6":465.7041966446502,"0x8C88538688aca3b733aD08b12BEe4574c0C00907":552.80106074488,"0x8E870D67F660D95d5be530380D0eC0bd388289E1":0.10366509879889459,"0x8c9532a60E0E7C6BbD2B2c1303F63aCE1c3E9811":14.632018865070817,