{"0x0000000000085d4780B73119b644AE5ecd22b376":0.008462981663432881,"0x005F893EcD7bF9667195642f7649DA8163e23658":200.43830825718783,"0x0100546F2cD4C9D97f798fFC9755E47865FF7Ee6":189.43125942672665,"0x028171bCA77440897B824Ca71D1c56caC55b68A3":792.2784622423917,"0x0316EB71485b0Ab14103307bf65a021042c6d380":65.99759403065913,"0x03ab458634910AaD20eF5f1C8ee96F1D6ac54919":181.57099439124025,"0x04C154b66CB340F3Ae24111CC767e0184Ed00Cc6":400.2844197290309,"0x056Fd409E1d7A124BD7017459dFEa2F387b6d5Cd":390.2096706869468,"0x067079c14B85169e6a29703769dadDef90816f4C":317.62886479876084,"0x075b1bb99792c9E1041bA13afEf80C91a1e70fB3":323.2867159053071,"0x085780639CC2cACd35E474e71f4d000e2405d8f6":731.2617642325304,"0x0E2EC54fC0B509F445631Bf4b91AB8168230C752":0.47152720778009966,"0x0E573Ce2736Dd9637A0b21058352e1667925C7a8":143.68373286582215,"0x0a5E677a6A24b2F1A2Bf4F3bFfC443231d2fDEc8":0.051451114094786594,"0x0bc529c00C6401aEF6D220BE8C6Ea1667F6Ad93e":12.814959760721647,"0x0d86883FAf4FfD7aEb116390af37746F45b6f378":243.02556394700838,"0x0dE54CFdfeD8005176f8b7A9D5438B45c4F1df1e":5.827431891624178,"0x1456688345527bE1f37E9e627DA0837D6f08C925":3.232761019679549,"0x16eAd9a10b1A77007E6E329B076aD1Fe97a6F7C0":76.28887611920726,"0x18084fbA666a33d37592fA2633fD49a74DD93a88":11.988356224589351,"0x1830c553dC76d3447B69b7B0dC19CF9e3c739C78":113.74352795904153,"0x183395DbD0B5e93323a7286D1973150697FFFCB3":389.297065376212,"0x196f4727526eA7FB1e17b2071B3d8eAA38486988":2.5273875287015213,"0x1c48f86ae57291F7686349F12601910BD8D470bb":0.03172250889407528,"0x1ce0D1E19c9514230FF8CD1DAbaC2555fb92122b":0,"0x2191DF768ad71140F9F3E96c1e4407A4aA31d082":6.213347909386179,"0x2260FAC5E5542a773Aa44fBCfeDf7C193bc2C599":367.1289731056855,"0x2302aaBe69e6E7A1b0Aa23aAC68fcCB8A4D2B460":133.72353379447722,"0x2570f1bD5D2735314FC102eb12Fc1aFe9e6E7193":827.5712556512112,"0x25eC98773D7b4ceD4cAFaB96A2A1c0945f145e10":0,"0x2889302a794dA87fBF1D6Db415C1492194663D13":460.0207832231566,"0x29059568bB40344487d62f7450E78b8E6C74e0e5":267.79135223015766,"0x2b01d4FdB87eb7F2399E5D68631d8A939a323786":15.383620225933871,"0x31429d1856aD1377A8A0079410B297e1a9e214c2":482.23357335466346,"0x32bd822d615A3658A68b6fDD30c2fcb2C996D678":73.52416364872524,"0x34635280737b5BFe6c7DC2FC3065D60d66e78185":412.89498126437996,"0x35282d87011f87508D457F08252Bc5bFa52E10A0":116.9957148735466,"0x35D8949372D46B7a3D5A56006AE77B215fc69bC0":647.1798921516328,"0x35fA164735182de50811E8e2E824cFb9B6118ac2":1150.8218699397057,"0x383E6b4437b59fff47B619CBA855CA29342A8559":159.57563221958023,"0x38D64ce1Bdf1A9f24E0Ec469C9cAde61236fB4a0":241.67217284855676,"0x3A283D9c08E8b55966afb64C515f5143cf907611":3069.6486203890345,"0x3Ed3B47Dd13EC9a98b44e6204A523E766B225811":339.77302503639,"0x3f0e7916681452D23Cd36B1281457DA721F2E5dF":11.125628392315297,"0x401322B9FDdba8c0a8D40fbCECE1D1752C12316B":470.11414453136956,"0x40D16FC0246aD3160Ccc09B8D0D3A2cD28aE6C2f":633.6150864117544,"0x4591DBfF62656E7859Afe5e45f6f47D3669fBB28":240.428632333618,"0x4647B6D835f3B393C7A955df51EEfcf0db961606":413.21590950920705,"0x466a756E9A7401B5e2444a3fCB3c2C12FBEa0a54":1.3156215298051184,"0x48759F220ED983dB51fA7A8C0D2AAb8f3ce4166a":1550.7751488636716,"0x49446A0874197839D15395B908328a74ccc96Bc0":20.340338883210705,"0x4AE86d8732390d852A13cb918463BC6e5775FaDD":129.77843088434705,"0x4D1941a887eC788F059b3bfcC8eE1E97b968825B":11.129489386595205,"0x4Fabb145d64652a948d72533023f6E7A623C7C53":0.028945885523532573,"0x4c9EDD5852cd905f086C759E8383e09bff1E68B3":4907.591508374187,"0x4de2ab8177fC5fFAFB7aD11FB8BeB1e5fB95F71C":213.98856160957592,"0x4eBdF703948ddCEA3B11f675B4D1Fba9d2414A14":985.4181986987804,"0x514910771AF9Ca656af840dff83E8264EcF986CA":115.62367685734709,"0x5228a22e72ccC52d415EcFd199F99D0665E7733b":57.087317342933744,"0x5555f75e3d5278082200Fb451D1b6bA946D8e13b":83.47726629987736,"0x57a5a0567187FF4A8dcC1A9bBa86155E355878F2":1.2099325770227518,"0x58efE15C0404aB22F87E4495D71f6f2077e862bE":0.001248285669666804,"0x5905c0290e59aFBDc42a5480add9bD7B20CB3759":0.1788550846800802,"0x59D9356E565Ab3A36dD77763Fc0d87fEaf85508C":581.0883358339175,"0x5BC25f649fc4e26069dDF4cF4010F9f706c23831":0.8221316633612854,"0x5Be6C45e2d074fAa20700C49aDA3E88a1cc0025d":609.6893970195547,"0x5Ca135cB8527d76e932f34B5145575F9d8cbE08E":52.791239790837004,"0x5E8422345238F34275888049021821E8E08CAa1f":17877.11732744246,"0x5b6C539b224014A09B3388e51CaAA8e354c959C8":1254.9737680457836,"0x5e74C9036fb86BD7eCdcb084a0673EFc32eA31cb":211.9902184727316,"0x6359B6d3e327c497453d4376561eE276c6933323":280.67080738796886,"0x63a0964A36c34E81959da5894ad888800e17405b":50.26027286209919,"0x65D72AA8DA931F047169112fcf34f52DbaAE7D18":130.53025320718686,"0x661c70333AA1850CcDBAe82776Bb436A0fCfeEfB":57.134987181148944,"0x6663b6D50992ef4fc0380199397c87C2f5256075":2.4621109882961147,"0x668308d77be3533c909a692302Cb4D135Bf8041C":0.0591938830375563,"0x66a1E37c9b0eAddca17d3662D6c05F4DECf3e110":3.369981687352673,"0x674C6Ad92Fd080e4004b2312b45f796a192D27a0":1.4225279914609705,"0x68749665FF8D2d112Fa859AA293F07A622782F38":17.01577941849907,"0x6B175474E89094C44Da98b954EedeAC495271d0F":3763.8955443655177,"0x6C280dB098dB673d30d5B34eC04B6387185D3620":70.12978438010684,"0x6C5024Cd4F8A59110119C56f8933403A539555EB":129.93816644156203,"0x6C9815826FdF8c7a45cCfEd2064dbaB33a078712":11.104584547429445,"0x6b5204B0Be36771253Cc38e88012E02B752f0f36":155.93633406361758,"0x6c3F90f043a72FA612cbac8115EE7e52BDe6E490":1211.1114027449937,"0x6c3ea9036406852006290770BEdFcAbA0e23A0e8":871.681260977496,"0x6ef3D766Dfe02Dc4bF04aAe9122EB9A0Ded25615":0.08968385369905083,"0x7223442cad8e9cA474fC40109ab981608F8c4273":1.9030581038287406,"0x73968b9a57c6E53d41345FD57a6E6ae27d6CDB2F":112.42862207514212,"0x73A15FeD60Bf67631dC6cd7Bc5B6e8da8190aCF5":2805.7160369694207,"0x76237BCfDbe8e06FB774663add96216961df4ff3":18.820298734381296,"0x76Eb2FE28b36B3ee97F3Adae0C69606eeDB2A37c":768.3887655399828,"0x77E06c9eCCf2E797fd462A92B6D7642EF85b0A44":1.09331970188,"0x78da5799CF427Fee11e9996982F4150eCe7a99A7":66.34675789991581,"0x7988292D0FB141085c092132e2a70B30aA1eccAB":471.1276154060194,"0x7F17A6C77C3938D235b014818092eb6305BdA110":57.05680739124315,"0x7F86Bf177Dd4F3494b841a37e810A34dD56c829B":2994.7580307126145,"0x7FA768E035F956c41d6aeaa3Bd857e7E5141CAd5":0.5075621867518961,"0x7ea4aD8C803653498bF6AC1D2dEbc04DCe8Fd2aD":396.799845397755,"0x7f39C581F595B53c5cb19bD0b3f8dA6c935E2Ca0":1406.4767215528136,"0x8064d9Ae6cDf087b1bcd5BDf3531bD5d8C537a68":78.87299066725815,"0x80d69e79258FE9D056c822461c4eb0B4ca8802E2":0.26519774688737724,"0x826180541412D574cf1336d22c0C0a287822678A":261.7998403935284,"0x830614aE209FF9d8706d386fcdBc7a55206fcffC":61.21480958735599,"0x83F20F44975D03b1b09e64809B757c47f942BEeA":2694.0709245821513,"0x84CeCB5525c6B1C20070E742da870062E84Da178":20.811687316548852,"0x853d955aCEf822Db058eb8505911ED77F175b99e":2225.831589256299,"0x856c4Efb76C1D1AE02e20CEB03A2A6a08b0b8dC3":1.9856592547822647,"0x865377367054516e17014CcdED1e7d814EDC9ce4":657.0141705610239,"0x8C0D76C9B18779665475F3E212D9Ca1Ed6A1A0e6":774.4330760275946,"0x8C88538688aca3b733aD08b12BEe4574c0C00907":573.2783512590856,"0x8Cd52ee292313C4D851e71A7064F096504aB3eE9":48.780155821671926,"0x8E870D67F660D95d5be530380D0eC0bd388289E1":0.007684603230375109,"0x8c9532a60E0E7C6BbD2B2c1303F63aCE1c3E9811":1.2335734342771396,"0x8dAEBADE922dF735c38C80C7eBD708Af50815fAa":17.483360270820558,"0x8e595470Ed749b85C6F7669de83EAe304C2ec68F":42.899503683854604,"0x917ceE801a67f933F2e6b33fC0cD1ED2d5909D88":560.6046025200361,"0x9181f633E9B9F15A32d5e37094F4C93b333e0E92":1.207477860144532,"0x922406EAFC3CcEb32b0256F287fB977c426EDbd8":0.029031802674359862,"0x9559Aaa82d9649C7A7b220E7c461d2E74c9a3593":204.62865972788342,"0x95710BDE45C8D384A976Cc58Cc7a7e489576b098":2.382054037445937,"0x961D4921e1718E633BAC8Ded88c4a1cAe44b785a":1106.7730630392061,"0x9961BdBE8B7091E584c2bF9D0a160C583f564A8c":401.1384354652016,"0x99D8a9C45b2ecA8864373A26D1459e3Dff1e17F3":17.39872045637118,"0x9BE89D2a4cd102D8Fecc6BF9dA793be995C22541":264.81957628877973,"0x9D39A5DE30e57443BfF2A8307A4256c8797A3497":2280.20693012929,