{"0x0000000000085d4780B73119b644AE5ecd22b376":215.27962690182895,"0x0000000016E6Cb3038203c1129c8B4aEE7af7a11":0.9921716506463458,"0x00000000eFE302BEAA2b3e6e1b18d08D69a9012a":108.78840316060622,"0x005F893EcD7bF9667195642f7649DA8163e23658":164.0302928554676,"0x0100546F2cD4C9D97f798fFC9755E47865FF7Ee6":389.4070595788685,"0x028171bCA77440897B824Ca71D1c56caC55b68A3":1206.6135164102038,"0x0316EB71485b0Ab14103307bf65a021042c6d380":0.10605765096433495,"0x03ab458634910AaD20eF5f1C8ee96F1D6ac54919":267.90360491935127,"0x04C154b66CB340F3Ae24111CC767e0184Ed00Cc6":361.3756064298898,"0x051d7e5609917Bd9b73f04BAc0DED8Dd46a74301":365.52913491952455,"0x056Fd409E1d7A124BD7017459dFEa2F387b6d5Cd":239.9082665315784,"0x067079c14B85169e6a29703769dadDef90816f4C":643.5268953282513,"0x075b1bb99792c9E1041bA13afEf80C91a1e70fB3":588.5446511701508,"0x085780639CC2cACd35E474e71f4d000e2405d8f6":774.9984377455634,"0x09db87A538BD693E9d08544577d5cCfAA6373A48":173.10218168941404,"0x0E2EC54fC0B509F445631Bf4b91AB8168230C752":0.4713889505151846,"0x0E573Ce2736Dd9637A0b21058352e1667925C7a8":142.95953208376434,"0x0F83287FF768D1c1e17a42F44d644D7F22e8ee1d":60.2350058651276,"0x0a5E677a6A24b2F1A2Bf4F3bFfC443231d2fDEc8":0.17372087219962284,"0x0bc529c00C6401aEF6D220BE8C6Ea1667F6Ad93e":21.727103114914225,"0x0d86883FAf4FfD7aEb116390af37746F45b6f378":604.4062700701439,"0x0dE54CFdfeD8005176f8b7A9D5438B45c4F1df1e":4.522217416715974,"0x127091edE112aEd7Bae281747771b3150Bb047bB":2.062078721986096,"0x137469B55D1f15651BA46A89D0588e97dD0B6562":222.7768959489083,"0x1456688345527bE1f37E9e627DA0837D6f08C925":5.485856478127596,"0x15700B564Ca08D9439C58cA5053166E8317aa138":1042.2883233508428,"0x16eAd9a10b1A77007E6E329B076aD1Fe97a6F7C0":198.0954412431995,"0x18084fbA666a33d37592fA2633fD49a74DD93a88":85.23142503513382,"0x1830c553dC76d3447B69b7B0dC19CF9e3c739C78":96.23451393849257,"0x196f4727526eA7FB1e17b2071B3d8eAA38486988":1.6498919903348406,"0x1BED97CBC3c24A4fb5C069C6E311a967386131f7":269.59333250573616,"0x1CC481cE2BD2EC7Bf67d1Be64d4878b16078F309":127.29377341900674,"0x1a7e4e63778B4f12a199C062f3eFdD288afCBce8":84.3369732338884,"0x1aBaEA1f7C830bD89Acc67eC4af516284b1bC33c":282.57481266345184,"0x1c48f86ae57291F7686349F12601910BD8D470bb":1.1503358844223968,"0x1ce0D1E19c9514230FF8CD1DAbaC2555fb92122b":0,"0x2191DF768ad71140F9F3E96c1e4407A4aA31d082":24.92634076259048,"0x2260FAC5E5542a773Aa44fBCfeDf7C193bc2C599":30.463401285319012,"0x22CF19EB64226e0E1A79c69b345b31466fD273A7":4.892760837574548,"0x2302aaBe69e6E7A1b0Aa23aAC68fcCB8A4D2B460":130.28728977014177,"0x2570f1bD5D2735314FC102eb12Fc1aFe9e6E7193":64.52600075596038,"0x25eC98773D7b4ceD4cAFaB96A2A1c0945f145e10":0,"0x2889302a794dA87fBF1D6Db415C1492194663D13":2193.1620867800266,"0x2b01d4FdB87eb7F2399E5D68631d8A939a323786":251.4784380532211,"0x2bd1F344a2398340C2b1119Da98816eA723F5F0f":0.9736552185749999,"0x3175Df0976dFA876431C2E9eE6Bc45b65d3473CC":0.00003873512697639834,"0x3231Cb76718CDeF2155FC47b5286d82e6eDA273f":336.9342725853297,"0x32bd822d615A3658A68b6fDD30c2fcb2C996D678":297.18638554234633,"0x34635280737b5BFe6c7DC2FC3065D60d66e78185":393.2439891399772,"0x35282d87011f87508D457F08252Bc5bFa52E10A0":160.65134793548006,"0x3570E17b1F2DdFD73FBE437F34A34d1D54219138":0.49063276647225235,"0x35D8949372D46B7a3D5A56006AE77B215fc69bC0":420.11343007664084,"0x35fA164735182de50811E8e2E824cFb9B6118ac2":990.5070966183696,"0x383E6b4437b59fff47B619CBA855CA29342A8559":198.4770900796584,"0x38D64ce1Bdf1A9f24E0Ec469C9cAde61236fB4a0":253.34953618789058,"0x390f3595bCa2Df7d23783dFd126427CCeb997BF4":24258.324108823927,"0x393DaD6c76D962Abba489a77dBf37ae948A4A6ee":153.82949846997042,"0x3A2725556Dde7B21fBe3dD64A4913ff29faba6A1":0.029439276171485503,"0x3A283D9c08E8b55966afb64C515f5143cf907611":8192.319520085972,"0x3Ed3B47Dd13EC9a98b44e6204A523E766B225811":3.220956538541014,"0x3f0e7916681452D23Cd36B1281457DA721F2E5dF":80.89513297168769,"0x40D16FC0246aD3160Ccc09B8D0D3A2cD28aE6C2f":198.52061713719064,"0x4591DBfF62656E7859Afe5e45f6f47D3669fBB28":269.0025055004516,"0x4647B6D835f3B393C7A955df51EEfcf0db961606":617.5768896221509,"0x466a756E9A7401B5e2444a3fCB3c2C12FBEa0a54":63.0544830661251,"0x4704aB1fb693ce163F7c9D3A31b3FF4eaF797714":0.3641374872709944,"0x48759F220ED983dB51fA7A8C0D2AAb8f3ce4166a":2415.205801481658,"0x49446A0874197839D15395B908328a74ccc96Bc0":58.911433223218886,"0x4AE86d8732390d852A13cb918463BC6e5775FaDD":386.86283631750143,"0x4D1941a887eC788F059b3bfcC8eE1E97b968825B":374.7729346299394,"0x4D55a36902a6546A79ec4c9c315241De746D5fC3":0,"0x4DEcE678ceceb27446b35C672dC7d61F30bAD69E":31282.538704755207,"0x4Fabb145d64652a948d72533023f6E7A623C7C53":0.03966951712891838,"0x4c9EDD5852cd905f086C759E8383e09bff1E68B3":2921.90976697603,"0x4de2ab8177fC5fFAFB7aD11FB8BeB1e5fB95F71C":591.5305418071049,"0x4e3FBD56CD56c3e72c1403e103b45Db9da5B9D2B":1.0443034293716502,"0x4eBdF703948ddCEA3B11f675B4D1Fba9d2414A14":4973.246139703284,"0x514910771AF9Ca656af840dff83E8264EcF986CA":86.63643742633235,"0x5228a22e72ccC52d415EcFd199F99D0665E7733b":61.34937291032417,"0x527331F3F550f6f85ACFEcAB9Cc0889180C6f1d5":410.93118599462065,"0x5426178799ee0a0181A89b4f57eFddfAb49941Ec":291.2198201593726,"0x5555f75e3d5278082200Fb451D1b6bA946D8e13b":120.82220496639395,"0x57Ab1ec28D129707052df4dF418D58a2D46d5f51":157.49831319634956,"0x57a5a0567187FF4A8dcC1A9bBa86155E355878F2":0.8345818372658264,"0x58efE15C0404aB22F87E4495D71f6f2077e862bE":0.001248567846,"0x5905c0290e59aFBDc42a5480add9bD7B20CB3759":0.17791286900542672,"0x59D9356E565Ab3A36dD77763Fc0d87fEaf85508C":396.7449572151893,"0x5BC25f649fc4e26069dDF4cF4010F9f706c23831":0.5163516921075925,"0x5Be6C45e2d074fAa20700C49aDA3E88a1cc0025d":703.1109474221576,"0x5Ca135cB8527d76e932f34B5145575F9d8cbE08E":57.56755747743881,"0x5E8422345238F34275888049021821E8E08CAa1f":14345.288334079018,"0x5Ea630e00D6eE438d3deA1556A110359ACdc10A9":383.222621262003,"0x5b6C539b224014A09B3388e51CaAA8e354c959C8":262.5475533027081,"0x5ca0313D44551e32e0d7a298EC024321c4BC59B4":0.7992101759002905,"0x5e74C9036fb86BD7eCdcb084a0673EFc32eA31cb":7.891058999491997,"0x5f98805A4E8be255a32880FDeC7F6728C6568bA0":209079.72863127093,"0x62B9c7356A2Dc64a1969e19C23e4f579F9810Aa7":100.29857348442172,"0x6359B6d3e327c497453d4376561eE276c6933323":354.28163255360874,"0x63a0964A36c34E81959da5894ad888800e17405b":305.07308272844494,"0x65D72AA8DA931F047169112fcf34f52DbaAE7D18":372.99702590390774,"0x65f228ED6a6001eD6485535e0Dc33E525734f54c":75.67349839649933,"0x661c70333AA1850CcDBAe82776Bb436A0fCfeEfB":162.97250891747134,"0x6663b6D50992ef4fc0380199397c87C2f5256075":149.2495499655147,"0x668308d77be3533c909a692302Cb4D135Bf8041C":0.04421639727336468,"0x66a1E37c9b0eAddca17d3662D6c05F4DECf3e110":38.78923211142624,"0x674C6Ad92Fd080e4004b2312b45f796a192D27a0":3.7210127296759645,"0x677ddbd918637E5F2c79e164D402454dE7dA8619":4.35326601762542,"0x68749665FF8D2d112Fa859AA293F07A622782F38":21.216748490155478,"0x69000405f9DcE69BD4Cbf4f2865b79144A69BFE0":2.2956897548790773,"0x6B175474E89094C44Da98b954EedeAC495271d0F":2528.414078772962,"0x6C280dB098dB673d30d5B34eC04B6387185D3620":349.8459393590567,"0x6C5024Cd4F8A59110119C56f8933403A539555EB":125.7308797968585,"0x6C9815826FdF8c7a45cCfEd2064dbaB33a078712":60.83119726118269,"0x6ade6971Ca3d90990C30d39c78b0534C7166e07b":237.09729941614574,"0x6b5204B0Be36771253Cc38e88012E02B752f0f36":205.7371694374326,"0x6c3F90f043a72FA612cbac8115EE7e52BDe6E490":709.0937164530151,"0x6c3ea9036406852006290770BEdFcAbA0e23A0e8":547.5582574623489,"0x6e52cCe4EaFDf77091dD1c82183b2D97b776b397":982.3572001754031,"0x6ef3D766Dfe02Dc4bF04aAe9122EB9A0Ded25615":0.0664616555358114,"0x7223442cad8e9cA474fC40109ab981608F8c4273":210.61478486176523,"0x73968b9a57c6E53d41345FD57a6E6ae27d6CDB2F":154.56267118524931,"0x73A15FeD60Bf67631dC6cd7Bc5B6e8da8190aCF5":1274.8064550357133,"0x752B4c6e92d96467fE9b9a2522EF07228E00F87c":36.458813900305614,"0x76237BCfDbe8e06FB774663add96216961df4ff3":40.9265067887437,"0x76Eb2FE28b36B3ee97F3Adae0C69606eeDB2A37c":1182.9409744022453,"0x77E06c9eCCf2E797fd462A92B6D7642EF85b0A44":0.2952415531541566,