{"0x0000000000085d4780B73119b644AE5ecd22b376":0.005452189264425605,"0x005F893EcD7bF9667195642f7649DA8163e23658":25.796872135166122,"0x0100546F2cD4C9D97f798fFC9755E47865FF7Ee6":153.88801045583025,"0x028171bCA77440897B824Ca71D1c56caC55b68A3":745.570941837746,"0x0316EB71485b0Ab14103307bf65a021042c6d380":50.74293291489894,"0x03ab458634910AaD20eF5f1C8ee96F1D6ac54919":171.90969707632064,"0x04C154b66CB340F3Ae24111CC767e0184Ed00Cc6":201.35004948691875,"0x056Fd409E1d7A124BD7017459dFEa2F387b6d5Cd":169.60377440651402,"0x067079c14B85169e6a29703769dadDef90816f4C":15.404166438769408,"0x075b1bb99792c9E1041bA13afEf80C91a1e70fB3":742.9907659666832,"0x085780639CC2cACd35E474e71f4d000e2405d8f6":919.0347438330418,"0x09b2E090531228d1b8E3d948C73b990Cb6e60720":495.4709167568124,"0x0E2EC54fC0B509F445631Bf4b91AB8168230C752":0.4500057394986083,"0x0E573Ce2736Dd9637A0b21058352e1667925C7a8":143.12507165471857,"0x0a5E677a6A24b2F1A2Bf4F3bFfC443231d2fDEc8":0.007081707754098294,"0x0bc529c00C6401aEF6D220BE8C6Ea1667F6Ad93e":6.858399770528963,"0x0d86883FAf4FfD7aEb116390af37746F45b6f378":153.1162221197837,"0x0dE54CFdfeD8005176f8b7A9D5438B45c4F1df1e":2.7291209114677093,"0x1456688345527bE1f37E9e627DA0837D6f08C925":4.254737740147215,"0x16eAd9a10b1A77007E6E329B076aD1Fe97a6F7C0":57.15568798891292,"0x18084fbA666a33d37592fA2633fD49a74DD93a88":14.095886665722215,"0x1830c553dC76d3447B69b7B0dC19CF9e3c739C78":96.04892453524495,"0x183395DbD0B5e93323a7286D1973150697FFFCB3":333.24773772698796,"0x196f4727526eA7FB1e17b2071B3d8eAA38486988":1.0485282348847438,"0x1c48f86ae57291F7686349F12601910BD8D470bb":0.846209037764273,"0x1ce0D1E19c9514230FF8CD1DAbaC2555fb92122b":0,"0x2260FAC5E5542a773Aa44fBCfeDf7C193bc2C599":312.75277321574674,"0x22CF19EB64226e0E1A79c69b345b31466fD273A7":0.7602974985741008,"0x2570f1bD5D2735314FC102eb12Fc1aFe9e6E7193":354.6102212899683,"0x25eC98773D7b4ceD4cAFaB96A2A1c0945f145e10":0,"0x2889302a794dA87fBF1D6Db415C1492194663D13":427.314701274338,"0x29059568bB40344487d62f7450E78b8E6C74e0e5":13.932123833862574,"0x2b01d4FdB87eb7F2399E5D68631d8A939a323786":15.580044486135304,"0x31429d1856aD1377A8A0079410B297e1a9e214c2":478.90365131976966,"0x32bd822d615A3658A68b6fDD30c2fcb2C996D678":50.35893309908702,"0x34635280737b5BFe6c7DC2FC3065D60d66e78185":388.51308454120505,"0x35282d87011f87508D457F08252Bc5bFa52E10A0":70.02985506343774,"0x35D8949372D46B7a3D5A56006AE77B215fc69bC0":0.0012481961787611008,"0x35fA164735182de50811E8e2E824cFb9B6118ac2":906.5263005658679,"0x383E6b4437b59fff47B619CBA855CA29342A8559":36.50921056681248,"0x38D64ce1Bdf1A9f24E0Ec469C9cAde61236fB4a0":139.5114343229362,"0x3Ed3B47Dd13EC9a98b44e6204A523E766B225811":1006.1555454210254,"0x401322B9FDdba8c0a8D40fbCECE1D1752C12316B":414.1077203777317,"0x40D16FC0246aD3160Ccc09B8D0D3A2cD28aE6C2f":123.6330638964874,"0x4591DBfF62656E7859Afe5e45f6f47D3669fBB28":298.1958597599352,"0x4647B6D835f3B393C7A955df51EEfcf0db961606":187.59324708415488,"0x48759F220ED983dB51fA7A8C0D2AAb8f3ce4166a":985.3461366807971,"0x49446A0874197839D15395B908328a74ccc96Bc0":17.15241532597789,"0x4AE86d8732390d852A13cb918463BC6e5775FaDD":33.82211493945451,"0x4D1941a887eC788F059b3bfcC8eE1E97b968825B":13.005587347220587,"0x4Fabb145d64652a948d72533023f6E7A623C7C53":0.009890698543852541,"0x4c9EDD5852cd905f086C759E8383e09bff1E68B3":346.0974970497708,"0x4de2ab8177fC5fFAFB7aD11FB8BeB1e5fB95F71C":71.76419431158408,"0x4eBdF703948ddCEA3B11f675B4D1Fba9d2414A14":48.995718689589275,"0x514910771AF9Ca656af840dff83E8264EcF986CA":106.98427723313776,"0x5228a22e72ccC52d415EcFd199F99D0665E7733b":50.960019109668046,"0x5426178799ee0a0181A89b4f57eFddfAb49941Ec":31.76676492403592,"0x5555f75e3d5278082200Fb451D1b6bA946D8e13b":58.02036244771685,"0x57a5a0567187FF4A8dcC1A9bBa86155E355878F2":1.0418711114940216,"0x58efE15C0404aB22F87E4495D71f6f2077e862bE":0.0012470433446600338,"0x5905c0290e59aFBDc42a5480add9bD7B20CB3759":0.14053095675574057,"0x59D9356E565Ab3A36dD77763Fc0d87fEaf85508C":530.6475878416269,"0x5BC25f649fc4e26069dDF4cF4010F9f706c23831":1.84633666161871,"0x5Be6C45e2d074fAa20700C49aDA3E88a1cc0025d":11.951016700247614,"0x5Ca135cB8527d76e932f34B5145575F9d8cbE08E":53.27787015362211,"0x5E8422345238F34275888049021821E8E08CAa1f":15070.72858046079,"0x5b6C539b224014A09B3388e51CaAA8e354c959C8":345.71316978143994,"0x5e74C9036fb86BD7eCdcb084a0673EFc32eA31cb":696.9770099368337,"0x63a0964A36c34E81959da5894ad888800e17405b":21.31428783703243,"0x65D72AA8DA931F047169112fcf34f52DbaAE7D18":126.20169214374499,"0x661c70333AA1850CcDBAe82776Bb436A0fCfeEfB":43.42744936677924,"0x668308d77be3533c909a692302Cb4D135Bf8041C":0.05086003178723174,"0x66a1E37c9b0eAddca17d3662D6c05F4DECf3e110":0.10860579915518292,"0x674C6Ad92Fd080e4004b2312b45f796a192D27a0":1.8221881623047569,"0x68749665FF8D2d112Fa859AA293F07A622782F38":18.71277904648355,"0x6B175474E89094C44Da98b954EedeAC495271d0F":80.78358060050572,"0x6C280dB098dB673d30d5B34eC04B6387185D3620":59.2770472540053,"0x6C5024Cd4F8A59110119C56f8933403A539555EB":112.54060076803513,"0x6ade6971Ca3d90990C30d39c78b0534C7166e07b":126.02012195867074,"0x6b5204B0Be36771253Cc38e88012E02B752f0f36":38.37342383144952,"0x6c3F90f043a72FA612cbac8115EE7e52BDe6E490":1004.9313772869891,"0x6c3ea9036406852006290770BEdFcAbA0e23A0e8":345.77985804006045,"0x6e52cCe4EaFDf77091dD1c82183b2D97b776b397":15.191024761458987,"0x6ef3D766Dfe02Dc4bF04aAe9122EB9A0Ded25615":0.02635871996352589,"0x73968b9a57c6E53d41345FD57a6E6ae27d6CDB2F":79.36150925306117,"0x73A15FeD60Bf67631dC6cd7Bc5B6e8da8190aCF5":0.08585206670337216,"0x76237BCfDbe8e06FB774663add96216961df4ff3":21.09411929480761,"0x76Eb2FE28b36B3ee97F3Adae0C69606eeDB2A37c":730.4718148881399,"0x77E06c9eCCf2E797fd462A92B6D7642EF85b0A44":0.46928668259999995,"0x78da5799CF427Fee11e9996982F4150eCe7a99A7":42.788782273375894,"0x7988292D0FB141085c092132e2a70B30aA1eccAB":472.55480347683584,"0x7F17A6C77C3938D235b014818092eb6305BdA110":53.600085706163604,"0x7F86Bf177Dd4F3494b841a37e810A34dD56c829B":474.78337273318596,"0x7FA768E035F956c41d6aeaa3Bd857e7E5141CAd5":0.03574822440420542,"0x7ea4aD8C803653498bF6AC1D2dEbc04DCe8Fd2aD":107.28273022075454,"0x7f39C581F595B53c5cb19bD0b3f8dA6c935E2Ca0":205.10590795152586,"0x8064d9Ae6cDf087b1bcd5BDf3531bD5d8C537a68":70.16648340360824,"0x80d69e79258FE9D056c822461c4eb0B4ca8802E2":0.024325074999785444,"0x826180541412D574cf1336d22c0C0a287822678A":197.96317270282705,"0x830614aE209FF9d8706d386fcdBc7a55206fcffC":48.719001339428544,"0x83F20F44975D03b1b09e64809B757c47f942BEeA":286.7279294887888,"0x84CeCB5525c6B1C20070E742da870062E84Da178":21.297205013861916,"0x853d955aCEf822Db058eb8505911ED77F175b99e":384.679851820978,"0x856c4Efb76C1D1AE02e20CEB03A2A6a08b0b8dC3":1.6230707938425224,"0x865377367054516e17014CcdED1e7d814EDC9ce4":508.38973905148737,"0x8682Fbf0CbF312C891532BA9F1A91e44f81ad7DF":487.395344711838,"0x8C0D76C9B18779665475F3E212D9Ca1Ed6A1A0e6":380.8984069586426,"0x8C88538688aca3b733aD08b12BEe4574c0C00907":230.9544774856301,"0x8Cd52ee292313C4D851e71A7064F096504aB3eE9":4.642696252797865,"0x8c9532a60E0E7C6BbD2B2c1303F63aCE1c3E9811":0.04305188185878862,"0x8dAEBADE922dF735c38C80C7eBD708Af50815fAa":16.484848309400277,"0x8e595470Ed749b85C6F7669de83EAe304C2ec68F":19.6221364473819,"0x917ceE801a67f933F2e6b33fC0cD1ED2d5909D88":354.0879494291865,"0x9181f633E9B9F15A32d5e37094F4C93b333e0E92":0.41294047121234523,"0x922406EAFC3CcEb32b0256F287fB977c426EDbd8":0.02907615018944093,"0x954313005C56b555bdC41B84D6c63B69049d7847":437.5760839793481,"0x9559Aaa82d9649C7A7b220E7c461d2E74c9a3593":176.31030653620184,"0x95710BDE45C8D384A976Cc58Cc7a7e489576b098":0.5706920661697398,"0x961D4921e1718E633BAC8Ded88c4a1cAe44b785a":865.6941194904784,"0x9961BdBE8B7091E584c2bF9D0a160C583f564A8c":394.5788930512446,"0x99D8a9C45b2ecA8864373A26D1459e3Dff1e17F3":35.65052513209422,"0x9BE89D2a4cd102D8Fecc6BF9dA793be995C22541":664.0585560225603,"0x9D39A5DE30e57443BfF2A8307A4256c8797A3497":6.514681668624991,"0x9EEAD9ce15383CaEED975427340b3A369410CFBF":0.002907347964443104,"0x9FeE65D5A627e73212989c8BbEdC5Fa5Cae3821F":15.84320072983648,"0x9b77bd0a665F05995b68e36fC1053AFFfAf0d4B5":9.783779339451842,