{"0x0000000000085d4780B73119b644AE5ecd22b376":0.00846778358820456,"0x005F893EcD7bF9667195642f7649DA8163e23658":159.5530830019585,"0x0100546F2cD4C9D97f798fFC9755E47865FF7Ee6":175.79611732527462,"0x028171bCA77440897B824Ca71D1c56caC55b68A3":758.5173546960567,"0x0316EB71485b0Ab14103307bf65a021042c6d380":64.17200162070452,"0x03ab458634910AaD20eF5f1C8ee96F1D6ac54919":178.61114433613977,"0x04C154b66CB340F3Ae24111CC767e0184Ed00Cc6":310.7836188406495,"0x056Fd409E1d7A124BD7017459dFEa2F387b6d5Cd":202.17602652362334,"0x075b1bb99792c9E1041bA13afEf80C91a1e70fB3":309.4995088622756,"0x085780639CC2cACd35E474e71f4d000e2405d8f6":616.78459214016,"0x0E2EC54fC0B509F445631Bf4b91AB8168230C752":0.4715345094136431,"0x0E573Ce2736Dd9637A0b21058352e1667925C7a8":143.64569047999387,"0x0a5E677a6A24b2F1A2Bf4F3bFfC443231d2fDEc8":0.049151622962058696,"0x0bc529c00C6401aEF6D220BE8C6Ea1667F6Ad93e":13.490981124697193,"0x0d86883FAf4FfD7aEb116390af37746F45b6f378":187.9881179798369,"0x0dE54CFdfeD8005176f8b7A9D5438B45c4F1df1e":5.836582760416503,"0x1456688345527bE1f37E9e627DA0837D6f08C925":2.698797231291309,"0x16eAd9a10b1A77007E6E329B076aD1Fe97a6F7C0":72.8461857500904,"0x18084fbA666a33d37592fA2633fD49a74DD93a88":10.170243930302043,"0x1830c553dC76d3447B69b7B0dC19CF9e3c739C78":110.32418929300307,"0x183395DbD0B5e93323a7286D1973150697FFFCB3":393.01216717793335,"0x196f4727526eA7FB1e17b2071B3d8eAA38486988":2.5274374975855514,"0x1c48f86ae57291F7686349F12601910BD8D470bb":0.4697961649784293,"0x1ce0D1E19c9514230FF8CD1DAbaC2555fb92122b":0,"0x2191DF768ad71140F9F3E96c1e4407A4aA31d082":3.837617520073366,"0x2260FAC5E5542a773Aa44fBCfeDf7C193bc2C599":354.9906257949047,"0x2302aaBe69e6E7A1b0Aa23aAC68fcCB8A4D2B460":128.6644219310079,"0x2570f1bD5D2735314FC102eb12Fc1aFe9e6E7193":812.6122772340369,"0x25eC98773D7b4ceD4cAFaB96A2A1c0945f145e10":0,"0x2889302a794dA87fBF1D6Db415C1492194663D13":351.4470882756525,"0x2b01d4FdB87eb7F2399E5D68631d8A939a323786":17.072992214817532,"0x31429d1856aD1377A8A0079410B297e1a9e214c2":482.12003981085064,"0x32bd822d615A3658A68b6fDD30c2fcb2C996D678":71.68753726553422,"0x34635280737b5BFe6c7DC2FC3065D60d66e78185":401.31593601748,"0x35282d87011f87508D457F08252Bc5bFa52E10A0":96.92529160765953,"0x35D8949372D46B7a3D5A56006AE77B215fc69bC0":463.7020955243031,"0x35fA164735182de50811E8e2E824cFb9B6118ac2":1100.3020016736712,"0x383E6b4437b59fff47B619CBA855CA29342A8559":122.50025760706464,"0x38D64ce1Bdf1A9f24E0Ec469C9cAde61236fB4a0":232.71457663163764,"0x3A283D9c08E8b55966afb64C515f5143cf907611":2279.7913879431776,"0x3Ed3B47Dd13EC9a98b44e6204A523E766B225811":340.3351424102833,"0x3f0e7916681452D23Cd36B1281457DA721F2E5dF":7.8808118288051805,"0x401322B9FDdba8c0a8D40fbCECE1D1752C12316B":459.98275357337775,"0x40D16FC0246aD3160Ccc09B8D0D3A2cD28aE6C2f":493.5386806415204,"0x4591DBfF62656E7859Afe5e45f6f47D3669fBB28":189.62150333067774,"0x4647B6D835f3B393C7A955df51EEfcf0db961606":321.3348258639374,"0x466a756E9A7401B5e2444a3fCB3c2C12FBEa0a54":2.0833997769644474,"0x48759F220ED983dB51fA7A8C0D2AAb8f3ce4166a":1521.8542391163753,"0x49446A0874197839D15395B908328a74ccc96Bc0":19.359823916030166,"0x4AE86d8732390d852A13cb918463BC6e5775FaDD":111.86321197535713,"0x4Fabb145d64652a948d72533023f6E7A623C7C53":0.02881554878314234,"0x4c9EDD5852cd905f086C759E8383e09bff1E68B3":1733.4901985357217,"0x4de2ab8177fC5fFAFB7aD11FB8BeB1e5fB95F71C":202.86431328031205,"0x4eBdF703948ddCEA3B11f675B4D1Fba9d2414A14":879.6360129845896,"0x514910771AF9Ca656af840dff83E8264EcF986CA":112.89533114775132,"0x5228a22e72ccC52d415EcFd199F99D0665E7733b":55.052185802815856,"0x5426178799ee0a0181A89b4f57eFddfAb49941Ec":273.20823891087764,"0x5555f75e3d5278082200Fb451D1b6bA946D8e13b":84.15499588276339,"0x57a5a0567187FF4A8dcC1A9bBa86155E355878F2":1.1797661604856495,"0x58efE15C0404aB22F87E4495D71f6f2077e862bE":0.001248567846,"0x5905c0290e59aFBDc42a5480add9bD7B20CB3759":0.1788955150664852,"0x59D9356E565Ab3A36dD77763Fc0d87fEaf85508C":573.1707725840661,"0x5BC25f649fc4e26069dDF4cF4010F9f706c23831":0.39283296370512866,"0x5Ca135cB8527d76e932f34B5145575F9d8cbE08E":52.998392975882936,"0x5E8422345238F34275888049021821E8E08CAa1f":17389.83897324802,"0x5b6C539b224014A09B3388e51CaAA8e354c959C8":1135.6438386052307,"0x5e74C9036fb86BD7eCdcb084a0673EFc32eA31cb":208.32980560940922,"0x6359B6d3e327c497453d4376561eE276c6933323":273.3180655134065,"0x63a0964A36c34E81959da5894ad888800e17405b":33.9913110625137,"0x65D72AA8DA931F047169112fcf34f52DbaAE7D18":130.2902781360289,"0x661c70333AA1850CcDBAe82776Bb436A0fCfeEfB":54.92812870774345,"0x668308d77be3533c909a692302Cb4D135Bf8041C":0.057732879646333446,"0x66a1E37c9b0eAddca17d3662D6c05F4DECf3e110":0.6613936495375806,"0x674C6Ad92Fd080e4004b2312b45f796a192D27a0":0.8056498569541289,"0x68749665FF8D2d112Fa859AA293F07A622782F38":17.259770534192075,"0x6B175474E89094C44Da98b954EedeAC495271d0F":2400.297207297173,"0x6C280dB098dB673d30d5B34eC04B6387185D3620":68.55878957246621,"0x6C5024Cd4F8A59110119C56f8933403A539555EB":130.28529402104775,"0x6C9815826FdF8c7a45cCfEd2064dbaB33a078712":4.573471226726821,"0x6b5204B0Be36771253Cc38e88012E02B752f0f36":141.6139551326029,"0x6c3F90f043a72FA612cbac8115EE7e52BDe6E490":1124.533091404695,"0x6c3ea9036406852006290770BEdFcAbA0e23A0e8":827.3312142018326,"0x6e52cCe4EaFDf77091dD1c82183b2D97b776b397":380.33859497029823,"0x6ef3D766Dfe02Dc4bF04aAe9122EB9A0Ded25615":0.219511486466439,"0x7223442cad8e9cA474fC40109ab981608F8c4273":0.5756018171879704,"0x73968b9a57c6E53d41345FD57a6E6ae27d6CDB2F":96.03313672029702,"0x73A15FeD60Bf67631dC6cd7Bc5B6e8da8190aCF5":2173.4040881800856,"0x76237BCfDbe8e06FB774663add96216961df4ff3":18.15210523249628,"0x76Eb2FE28b36B3ee97F3Adae0C69606eeDB2A37c":753.664391397135,"0x77E06c9eCCf2E797fd462A92B6D7642EF85b0A44":0.9831306371199999,"0x78da5799CF427Fee11e9996982F4150eCe7a99A7":57.793340531195994,"0x7988292D0FB141085c092132e2a70B30aA1eccAB":472.1926102791565,"0x7F17A6C77C3938D235b014818092eb6305BdA110":56.67607873066881,"0x7F86Bf177Dd4F3494b841a37e810A34dD56c829B":2562.6499507805042,"0x7FA768E035F956c41d6aeaa3Bd857e7E5141CAd5":0.49619965789509185,"0x7ea4aD8C803653498bF6AC1D2dEbc04DCe8Fd2aD":260.1249040799394,"0x7f39C581F595B53c5cb19bD0b3f8dA6c935E2Ca0":959.836468980444,"0x8064d9Ae6cDf087b1bcd5BDf3531bD5d8C537a68":74.48915708309524,"0x80d69e79258FE9D056c822461c4eb0B4ca8802E2":0.2589311497510079,"0x826180541412D574cf1336d22c0C0a287822678A":262.79799831818497,"0x830614aE209FF9d8706d386fcdBc7a55206fcffC":60.421433515265605,"0x83F20F44975D03b1b09e64809B757c47f942BEeA":1703.6010434831328,"0x853d955aCEf822Db058eb8505911ED77F175b99e":1642.5084592781084,"0x856c4Efb76C1D1AE02e20CEB03A2A6a08b0b8dC3":1.8493510267081958,"0x865377367054516e17014CcdED1e7d814EDC9ce4":514.909301392549,"0x8C0D76C9B18779665475F3E212D9Ca1Ed6A1A0e6":649.5073341022874,"0x8C88538688aca3b733aD08b12BEe4574c0C00907":540.7115194964207,"0x8Cd52ee292313C4D851e71A7064F096504aB3eE9":47.83164757075972,"0x8E870D67F660D95d5be530380D0eC0bd388289E1":0.0076651616443581426,"0x8c9532a60E0E7C6BbD2B2c1303F63aCE1c3E9811":1.1986312538951023,"0x8dAEBADE922dF735c38C80C7eBD708Af50815fAa":16.276111623490603,"0x8e595470Ed749b85C6F7669de83EAe304C2ec68F":42.345068437560336,"0x917ceE801a67f933F2e6b33fC0cD1ED2d5909D88":515.0395233111744,"0x9181f633E9B9F15A32d5e37094F4C93b333e0E92":1.1804585100720915,"0x922406EAFC3CcEb32b0256F287fB977c426EDbd8":0.029080337758078095,"0x954313005C56b555bdC41B84D6c63B69049d7847":478.0334049872222,"0x9559Aaa82d9649C7A7b220E7c461d2E74c9a3593":199.68920270580284,"0x95710BDE45C8D384A976Cc58Cc7a7e489576b098":2.4663898499243095,"0x961D4921e1718E633BAC8Ded88c4a1cAe44b785a":1124.1234514516852,"0x9961BdBE8B7091E584c2bF9D0a160C583f564A8c":399.9213668149298,"0x99D8a9C45b2ecA8864373A26D1459e3Dff1e17F3":17.15236833583145,"0x9BE89D2a4cd102D8Fecc6BF9dA793be995C22541":252.95732972327184,"0x9D39A5DE30e57443BfF2A8307A4256c8797A3497":1284.953157463187,"0x9EEAD9ce15383CaEED975427340b3A369410CFBF":15.468683208537016,"0x9FeE65D5A627e73212989c8BbEdC5Fa5Cae3821F":12.986928776752865,"0x9b77bd0a665F05995b68e36fC1053AFFfAf0d4B5":8.90199727190889,