{"0x0000000000085d4780B73119b644AE5ecd22b376":215.83446089754636,"0x0000000016E6Cb3038203c1129c8B4aEE7af7a11":1.17244473049593,"0x005F893EcD7bF9667195642f7649DA8163e23658":161.31991965596953,"0x0100546F2cD4C9D97f798fFC9755E47865FF7Ee6":374.0306617902882,"0x028171bCA77440897B824Ca71D1c56caC55b68A3":1195.9858625785675,"0x0316EB71485b0Ab14103307bf65a021042c6d380":0.3921449017618694,"0x03ab458634910AaD20eF5f1C8ee96F1D6ac54919":262.46979125134567,"0x04C154b66CB340F3Ae24111CC767e0184Ed00Cc6":301.53159884586756,"0x051d7e5609917Bd9b73f04BAc0DED8Dd46a74301":367.0355497968846,"0x056Fd409E1d7A124BD7017459dFEa2F387b6d5Cd":531.8517702014799,"0x075b1bb99792c9E1041bA13afEf80C91a1e70fB3":580.3500663070271,"0x085780639CC2cACd35E474e71f4d000e2405d8f6":571.0297130576159,"0x09db87A538BD693E9d08544577d5cCfAA6373A48":108.6398101015945,"0x0E2EC54fC0B509F445631Bf4b91AB8168230C752":0.47155747955150235,"0x0E573Ce2736Dd9637A0b21058352e1667925C7a8":144.96903082138803,"0x0a5E677a6A24b2F1A2Bf4F3bFfC443231d2fDEc8":0.16709946758332986,"0x0bc529c00C6401aEF6D220BE8C6Ea1667F6Ad93e":21.464080740889457,"0x0d86883FAf4FfD7aEb116390af37746F45b6f378":332.6111443915649,"0x0dE54CFdfeD8005176f8b7A9D5438B45c4F1df1e":5.835692770559164,"0x1456688345527bE1f37E9e627DA0837D6f08C925":5.4294952268767425,"0x15700B564Ca08D9439C58cA5053166E8317aa138":461.39249320523777,"0x18084fbA666a33d37592fA2633fD49a74DD93a88":60.551301186968104,"0x183395DbD0B5e93323a7286D1973150697FFFCB3":601.5804545707624,"0x196f4727526eA7FB1e17b2071B3d8eAA38486988":1.8717672458189913,"0x1BED97CBC3c24A4fb5C069C6E311a967386131f7":262.0445096585539,"0x1aBaEA1f7C830bD89Acc67eC4af516284b1bC33c":117.82198782973354,"0x1c48f86ae57291F7686349F12601910BD8D470bb":1.1574969374255035,"0x1ce0D1E19c9514230FF8CD1DAbaC2555fb92122b":0,"0x2191DF768ad71140F9F3E96c1e4407A4aA31d082":24.402678141527655,"0x2260FAC5E5542a773Aa44fBCfeDf7C193bc2C599":30.03585799000048,"0x25eC98773D7b4ceD4cAFaB96A2A1c0945f145e10":0,"0x2b01d4FdB87eb7F2399E5D68631d8A939a323786":244.7525113088027,"0x2bd1F344a2398340C2b1119Da98816eA723F5F0f":0.241422199899,"0x3175Df0976dFA876431C2E9eE6Bc45b65d3473CC":0.000038744832919180066,"0x3231Cb76718CDeF2155FC47b5286d82e6eDA273f":328.5262023357781,"0x32bd822d615A3658A68b6fDD30c2fcb2C996D678":291.2953404913035,"0x3432B6A60D23Ca0dFCa7761B7ab56459D9C964D0":291.6275984124247,"0x34635280737b5BFe6c7DC2FC3065D60d66e78185":264.6793935807486,"0x35282d87011f87508D457F08252Bc5bFa52E10A0":161.35314347540853,"0x35D8949372D46B7a3D5A56006AE77B215fc69bC0":2096.2623952545196,"0x35fA164735182de50811E8e2E824cFb9B6118ac2":944.8733416569485,"0x365AccFCa291e7D3914637ABf1F7635dB165Bb09":601.9422904673235,"0x383E6b4437b59fff47B619CBA855CA29342A8559":198.70989709895892,"0x38D64ce1Bdf1A9f24E0Ec469C9cAde61236fB4a0":247.85395927613223,"0x3A2725556Dde7B21fBe3dD64A4913ff29faba6A1":0.028562200153356733,"0x3Ed3B47Dd13EC9a98b44e6204A523E766B225811":3.723350378708418,"0x40D16FC0246aD3160Ccc09B8D0D3A2cD28aE6C2f":350.7928492575471,"0x4591DBfF62656E7859Afe5e45f6f47D3669fBB28":231.90823175741573,"0x466a756E9A7401B5e2444a3fCB3c2C12FBEa0a54":58.62229615886081,"0x48759F220ED983dB51fA7A8C0D2AAb8f3ce4166a":2410.6297865979745,"0x49446A0874197839D15395B908328a74ccc96Bc0":41.285326379537935,"0x4D55a36902a6546A79ec4c9c315241De746D5fC3":0,"0x4DEcE678ceceb27446b35C672dC7d61F30bAD69E":445.41474942087234,"0x4Fabb145d64652a948d72533023f6E7A623C7C53":0.039542971369277126,"0x4c9EDD5852cd905f086C759E8383e09bff1E68B3":4046.2718010416756,"0x4de2ab8177fC5fFAFB7aD11FB8BeB1e5fB95F71C":474.5273565106511,"0x4eBdF703948ddCEA3B11f675B4D1Fba9d2414A14":2246.2161896801067,"0x514910771AF9Ca656af840dff83E8264EcF986CA":84.58414979448307,"0x5228a22e72ccC52d415EcFd199F99D0665E7733b":61.33478888352403,"0x5555f75e3d5278082200Fb451D1b6bA946D8e13b":119.56111957068812,"0x57Ab1ec28D129707052df4dF418D58a2D46d5f51":157.69635245728898,"0x57a5a0567187FF4A8dcC1A9bBa86155E355878F2":0.810106736973605,"0x58efE15C0404aB22F87E4495D71f6f2077e862bE":0.001248567846,"0x5905c0290e59aFBDc42a5480add9bD7B20CB3759":0.17791286900542672,"0x59D9356E565Ab3A36dD77763Fc0d87fEaf85508C":265.00034901383106,"0x5BC25f649fc4e26069dDF4cF4010F9f706c23831":0.7287363807218548,"0x5Ca135cB8527d76e932f34B5145575F9d8cbE08E":57.819824870818806,"0x5E8422345238F34275888049021821E8E08CAa1f":14523.802618913587,"0x5Ea630e00D6eE438d3deA1556A110359ACdc10A9":345.5975921889962,"0x5e74C9036fb86BD7eCdcb084a0673EFc32eA31cb":7.814160656614533,"0x63a0964A36c34E81959da5894ad888800e17405b":291.1437302289256,"0x65D72AA8DA931F047169112fcf34f52DbaAE7D18":363.4689982649327,"0x661c70333AA1850CcDBAe82776Bb436A0fCfeEfB":123.2339124830402,"0x668308d77be3533c909a692302Cb4D135Bf8041C":0.04285301034722829,"0x66a1E37c9b0eAddca17d3662D6c05F4DECf3e110":36.22777296595236,"0x674C6Ad92Fd080e4004b2312b45f796a192D27a0":4.250904672808628,"0x677ddbd918637E5F2c79e164D402454dE7dA8619":3.9332040027582433,"0x68749665FF8D2d112Fa859AA293F07A622782F38":21.084619692596227,"0x69000405f9DcE69BD4Cbf4f2865b79144A69BFE0":0.003530466940383017,"0x6B175474E89094C44Da98b954EedeAC495271d0F":6779.503435665324,"0x6C5024Cd4F8A59110119C56f8933403A539555EB":125.75906862400478,"0x6C9815826FdF8c7a45cCfEd2064dbaB33a078712":59.55323093216625,"0x6b5204B0Be36771253Cc38e88012E02B752f0f36":191.2891150127486,"0x6c3F90f043a72FA612cbac8115EE7e52BDe6E490":1863.1989588477209,"0x6c3ea9036406852006290770BEdFcAbA0e23A0e8":680.6670861789139,"0x6ef3D766Dfe02Dc4bF04aAe9122EB9A0Ded25615":0.04102685081459921,"0x7223442cad8e9cA474fC40109ab981608F8c4273":160.20234983118718,"0x73968b9a57c6E53d41345FD57a6E6ae27d6CDB2F":144.91493830436076,"0x73A15FeD60Bf67631dC6cd7Bc5B6e8da8190aCF5":2335.871392416192,"0x752B4c6e92d96467fE9b9a2522EF07228E00F87c":34.61060597272889,"0x76237BCfDbe8e06FB774663add96216961df4ff3":37.21692616350395,"0x76Eb2FE28b36B3ee97F3Adae0C69606eeDB2A37c":1187.844121237613,"0x77E06c9eCCf2E797fd462A92B6D7642EF85b0A44":0.7129008303902332,"0x78da5799CF427Fee11e9996982F4150eCe7a99A7":95.68770693481748,"0x7FA768E035F956c41d6aeaa3Bd857e7E5141CAd5":0.36909459992949945,"0x7f39C581F595B53c5cb19bD0b3f8dA6c935E2Ca0":2215.0709205534213,"0x8064d9Ae6cDf087b1bcd5BDf3531bD5d8C537a68":867.4506448874156,"0x808507121B80c02388fAd14726482e061B8da827":203.7673858045163,"0x80d69e79258FE9D056c822461c4eb0B4ca8802E2":0.19163812933843383,"0x826180541412D574cf1336d22c0C0a287822678A":188.2451526700199,"0x830614aE209FF9d8706d386fcdBc7a55206fcffC":50.61652690319924,"0x83F20F44975D03b1b09e64809B757c47f942BEeA":5225.577953788263,"0x853d955aCEf822Db058eb8505911ED77F175b99e":1861.5788872677313,"0x856c4Efb76C1D1AE02e20CEB03A2A6a08b0b8dC3":289.07562552252097,"0x865377367054516e17014CcdED1e7d814EDC9ce4":34.57996271472107,"0x8C0D76C9B18779665475F3E212D9Ca1Ed6A1A0e6":674.6622918231209,"0x8E870D67F660D95d5be530380D0eC0bd388289E1":172.44545509258523,"0x8c9532a60E0E7C6BbD2B2c1303F63aCE1c3E9811":203.52408189669603,"0x8dAEBADE922dF735c38C80C7eBD708Af50815fAa":20.26882331262409,"0x8e595470Ed749b85C6F7669de83EAe304C2ec68F":459.0944360258624,"0x917ceE801a67f933F2e6b33fC0cD1ED2d5909D88":381.9276250942292,"0x9181f633E9B9F15A32d5e37094F4C93b333e0E92":0.21050190062089577,"0x922406EAFC3CcEb32b0256F287fB977c426EDbd8":0.007288783142279762,"0x954313005C56b555bdC41B84D6c63B69049d7847":297.1186415752132,"0x9559Aaa82d9649C7A7b220E7c461d2E74c9a3593":38.86388839171272,"0x95710BDE45C8D384A976Cc58Cc7a7e489576b098":3.820257024265866,"0x961D4921e1718E633BAC8Ded88c4a1cAe44b785a":720.9290469699894,"0x9961BdBE8B7091E584c2bF9D0a160C583f564A8c":407.01758894189123,"0x99D8a9C45b2ecA8864373A26D1459e3Dff1e17F3":7660.309153236891,"0x9BE89D2a4cd102D8Fecc6BF9dA793be995C22541":278.30529211867747,"0x9D11ab23d33aD026C466CE3c124928fDb69Ba20E":0.5544248254366394,"0x9D39A5DE30e57443BfF2A8307A4256c8797A3497":5829.568580854499,"0x9EEAD9ce15383CaEED975427340b3A369410CFBF":20.276923364493,"0x9de1c3D446237ab9BaFF74127eb4F303802a2683":249.3994093441932,"0xA0b86991c6218b36c1d19D4a2e9Eb0cE3606eB48":14501.260366384824,"0xA0d69E286B938e21CBf7E51D71F6A4c8918f482F":416.30301433145996,