{"0x0000000000085d4780B73119b644AE5ecd22b376":214.21373203555086,"0x0000000016E6Cb3038203c1129c8B4aEE7af7a11":1.776058036499535,"0x005F893EcD7bF9667195642f7649DA8163e23658":160.35010243494588,"0x0100546F2cD4C9D97f798fFC9755E47865FF7Ee6":376.78842654115834,"0x028171bCA77440897B824Ca71D1c56caC55b68A3":1192.3061477628544,"0x0316EB71485b0Ab14103307bf65a021042c6d380":0.10014555831835142,"0x03ab458634910AaD20eF5f1C8ee96F1D6ac54919":260.9483846277491,"0x04C154b66CB340F3Ae24111CC767e0184Ed00Cc6":311.3012659483237,"0x051d7e5609917Bd9b73f04BAc0DED8Dd46a74301":359.52271168930105,"0x056Fd409E1d7A124BD7017459dFEa2F387b6d5Cd":529.6179500866319,"0x075b1bb99792c9E1041bA13afEf80C91a1e70fB3":584.6568468606271,"0x085780639CC2cACd35E474e71f4d000e2405d8f6":573.6214277038255,"0x09db87A538BD693E9d08544577d5cCfAA6373A48":107.41444153995883,"0x0E2EC54fC0B509F445631Bf4b91AB8168230C752":0.47191403165776374,"0x0E573Ce2736Dd9637A0b21058352e1667925C7a8":145.11677185240117,"0x0a5E677a6A24b2F1A2Bf4F3bFfC443231d2fDEc8":0.16770632110787653,"0x0bc529c00C6401aEF6D220BE8C6Ea1667F6Ad93e":19.371343664931036,"0x0d86883FAf4FfD7aEb116390af37746F45b6f378":330.7175116818898,"0x0dE54CFdfeD8005176f8b7A9D5438B45c4F1df1e":5.8372619632023675,"0x1456688345527bE1f37E9e627DA0837D6f08C925":3.3480789743701695,"0x15700B564Ca08D9439C58cA5053166E8317aa138":462.8545902717325,"0x18084fbA666a33d37592fA2633fD49a74DD93a88":1546.1641760376622,"0x1830c553dC76d3447B69b7B0dC19CF9e3c739C78":92.7818387892425,"0x183395DbD0B5e93323a7286D1973150697FFFCB3":607.135261182778,"0x196f4727526eA7FB1e17b2071B3d8eAA38486988":2.592420494977066,"0x1BED97CBC3c24A4fb5C069C6E311a967386131f7":265.2002018075152,"0x1aBaEA1f7C830bD89Acc67eC4af516284b1bC33c":115.93915071624211,"0x1c48f86ae57291F7686349F12601910BD8D470bb":0.6385677759116143,"0x1ce0D1E19c9514230FF8CD1DAbaC2555fb92122b":0,"0x2191DF768ad71140F9F3E96c1e4407A4aA31d082":24.821608238377916,"0x2260FAC5E5542a773Aa44fBCfeDf7C193bc2C599":566.5541519894896,"0x2302aaBe69e6E7A1b0Aa23aAC68fcCB8A4D2B460":115.37716580999778,"0x25eC98773D7b4ceD4cAFaB96A2A1c0945f145e10":0,"0x2889302a794dA87fBF1D6Db415C1492194663D13":1798.8345795530583,"0x2b01d4FdB87eb7F2399E5D68631d8A939a323786":245.39547109652915,"0x2bd1F344a2398340C2b1119Da98816eA723F5F0f":0.241422199899,"0x3175Df0976dFA876431C2E9eE6Bc45b65d3473CC":5384.5152651497065,"0x3231Cb76718CDeF2155FC47b5286d82e6eDA273f":330.61840556856424,"0x32bd822d615A3658A68b6fDD30c2fcb2C996D678":292.19677659241324,"0x3432B6A60D23Ca0dFCa7761B7ab56459D9C964D0":290.863011231947,"0x34635280737b5BFe6c7DC2FC3065D60d66e78185":257.7971204509056,"0x35282d87011f87508D457F08252Bc5bFa52E10A0":158.93808554308072,"0x35D8949372D46B7a3D5A56006AE77B215fc69bC0":2090.114080457856,"0x35fA164735182de50811E8e2E824cFb9B6118ac2":960.2777453955234,"0x365AccFCa291e7D3914637ABf1F7635dB165Bb09":605.9530140548264,"0x383E6b4437b59fff47B619CBA855CA29342A8559":195.5761690439781,"0x38D64ce1Bdf1A9f24E0Ec469C9cAde61236fB4a0":249.0344593495683,"0x3A2725556Dde7B21fBe3dD64A4913ff29faba6A1":0.028610788842637434,"0x3Ed3B47Dd13EC9a98b44e6204A523E766B225811":0.854932759242897,"0x40D16FC0246aD3160Ccc09B8D0D3A2cD28aE6C2f":350.13604117591865,"0x4591DBfF62656E7859Afe5e45f6f47D3669fBB28":237.81073282009072,"0x466a756E9A7401B5e2444a3fCB3c2C12FBEa0a54":56.580619968650886,"0x48759F220ED983dB51fA7A8C0D2AAb8f3ce4166a":2408.6819977304035,"0x49446A0874197839D15395B908328a74ccc96Bc0":39.4394650019589,"0x4D55a36902a6546A79ec4c9c315241De746D5fC3":0,"0x4Fabb145d64652a948d72533023f6E7A623C7C53":0.03957680946738809,"0x4c9EDD5852cd905f086C759E8383e09bff1E68B3":4227.674359720056,"0x514910771AF9Ca656af840dff83E8264EcF986CA":85.07117787089403,"0x5228a22e72ccC52d415EcFd199F99D0665E7733b":60.100287975810815,"0x527331F3F550f6f85ACFEcAB9Cc0889180C6f1d5":354.8758954551637,"0x5555f75e3d5278082200Fb451D1b6bA946D8e13b":112.13170410615724,"0x57Ab1ec28D129707052df4dF418D58a2D46d5f51":155.5315716437129,"0x57a5a0567187FF4A8dcC1A9bBa86155E355878F2":0.8181891833226207,"0x58efE15C0404aB22F87E4495D71f6f2077e862bE":0.001248567846,"0x5905c0290e59aFBDc42a5480add9bD7B20CB3759":0.17791286900542672,"0x59D9356E565Ab3A36dD77763Fc0d87fEaf85508C":269.1003655295287,"0x5BC25f649fc4e26069dDF4cF4010F9f706c23831":1.1828170239257356,"0x5Ca135cB8527d76e932f34B5145575F9d8cbE08E":55.76381903421347,"0x5E8422345238F34275888049021821E8E08CAa1f":14762.181237656969,"0x5Ea630e00D6eE438d3deA1556A110359ACdc10A9":355.68228257055927,"0x5e74C9036fb86BD7eCdcb084a0673EFc32eA31cb":5.817735001308866,"0x62B9c7356A2Dc64a1969e19C23e4f579F9810Aa7":1141.6505794852844,"0x63a0964A36c34E81959da5894ad888800e17405b":293.2902855448085,"0x64351fC9810aDAd17A690E4e1717Df5e7e085160":2633.501113451426,"0x65D72AA8DA931F047169112fcf34f52DbaAE7D18":363.0669508333577,"0x661c70333AA1850CcDBAe82776Bb436A0fCfeEfB":121.9746895989998,"0x668308d77be3533c909a692302Cb4D135Bf8041C":0.042893014563141894,"0x66a1E37c9b0eAddca17d3662D6c05F4DECf3e110":33.702560712441965,"0x674C6Ad92Fd080e4004b2312b45f796a192D27a0":2.321399887286218,"0x677ddbd918637E5F2c79e164D402454dE7dA8619":1.574845123610604,"0x68749665FF8D2d112Fa859AA293F07A622782F38":18.75099161854648,"0x69000405f9DcE69BD4Cbf4f2865b79144A69BFE0":0.0036704894287859897,"0x6B175474E89094C44Da98b954EedeAC495271d0F":6885.406312694436,"0x6C280dB098dB673d30d5B34eC04B6387185D3620":337.5834944515088,"0x6C5024Cd4F8A59110119C56f8933403A539555EB":130.48475249976622,"0x6C9815826FdF8c7a45cCfEd2064dbaB33a078712":60.5756039953794,"0x6b5204B0Be36771253Cc38e88012E02B752f0f36":192.00073523848783,"0x6c3F90f043a72FA612cbac8115EE7e52BDe6E490":1861.163560798602,"0x6c3ea9036406852006290770BEdFcAbA0e23A0e8":680.1360169305711,"0x6e52cCe4EaFDf77091dD1c82183b2D97b776b397":447.43128805993507,"0x6ef3D766Dfe02Dc4bF04aAe9122EB9A0Ded25615":0.041711513053256696,"0x7223442cad8e9cA474fC40109ab981608F8c4273":160.40560705201008,"0x73968b9a57c6E53d41345FD57a6E6ae27d6CDB2F":146.37466905743906,"0x73A15FeD60Bf67631dC6cd7Bc5B6e8da8190aCF5":2343.4010751388737,"0x752B4c6e92d96467fE9b9a2522EF07228E00F87c":36.58905899503772,"0x76237BCfDbe8e06FB774663add96216961df4ff3":34.13649538292,"0x76Eb2FE28b36B3ee97F3Adae0C69606eeDB2A37c":1186.2571614916396,"0x77E06c9eCCf2E797fd462A92B6D7642EF85b0A44":1.16521633873,"0x78da5799CF427Fee11e9996982F4150eCe7a99A7":96.32168446454091,"0x7F86Bf177Dd4F3494b841a37e810A34dD56c829B":10420.699421526844,"0x7FA768E035F956c41d6aeaa3Bd857e7E5141CAd5":0.37525300202856265,"0x7f39C581F595B53c5cb19bD0b3f8dA6c935E2Ca0":2265.5224700340364,"0x8064d9Ae6cDf087b1bcd5BDf3531bD5d8C537a68":78.56439715518955,"0x808507121B80c02388fAd14726482e061B8da827":211.0789683459203,"0x80d69e79258FE9D056c822461c4eb0B4ca8802E2":0.1937771692269683,"0x826180541412D574cf1336d22c0C0a287822678A":187.82989061998427,"0x830614aE209FF9d8706d386fcdBc7a55206fcffC":48.66738700419528,"0x83F20F44975D03b1b09e64809B757c47f942BEeA":5328.554473152139,"0x853d955aCEf822Db058eb8505911ED77F175b99e":1995.931980337882,"0x856c4Efb76C1D1AE02e20CEB03A2A6a08b0b8dC3":1455.968618828063,"0x865377367054516e17014CcdED1e7d814EDC9ce4":33.20863792823585,"0x8Bc3F1e82Ca3d63987dc12F90538c6bF818FcD0f":320.7124739306649,"0x8C0D76C9B18779665475F3E212D9Ca1Ed6A1A0e6":672.2731703307188,"0x8Cd52ee292313C4D851e71A7064F096504aB3eE9":510.12259094350094,"0x8E870D67F660D95d5be530380D0eC0bd388289E1":170.5964083360111,"0x8c9532a60E0E7C6BbD2B2c1303F63aCE1c3E9811":205.51876973735884,"0x8dAEBADE922dF735c38C80C7eBD708Af50815fAa":18.29860129335448,"0x8e595470Ed749b85C6F7669de83EAe304C2ec68F":458.79774501400414,"0x917ceE801a67f933F2e6b33fC0cD1ED2d5909D88":390.9417374625846,"0x9181f633E9B9F15A32d5e37094F4C93b333e0E92":0.8907388248240203,"0x922406EAFC3CcEb32b0256F287fB977c426EDbd8":0.007288783142279762,"0x9559Aaa82d9649C7A7b220E7c461d2E74c9a3593":37.53565252419824,"0x95710BDE45C8D384A976Cc58Cc7a7e489576b098":3.8049588327873916,"0x961D4921e1718E633BAC8Ded88c4a1cAe44b785a":720.9311443965821,"0x9961BdBE8B7091E584c2bF9D0a160C583f564A8c":405.6074799436156,"0x99D8a9C45b2ecA8864373A26D1459e3Dff1e17F3":7655.568874735589,