{"0x0000000000085d4780B73119b644AE5ecd22b376":414.8897829827658,"0x0000000016E6Cb3038203c1129c8B4aEE7af7a11":0,"0x00000000eFE302BEAA2b3e6e1b18d08D69a9012a":283.48583867543783,"0x005F893EcD7bF9667195642f7649DA8163e23658":331.3567276522889,"0x0100546F2cD4C9D97f798fFC9755E47865FF7Ee6":440.5812388121944,"0x015B94AB2B0A14A96030573FBcD0F3D3d763541F":0,"0x01bF66BEcDcFD6D59A5Ca18869f494feA086cdfD":0.6217050125557602,"0x028171bCA77440897B824Ca71D1c56caC55b68A3":99.7825530712932,"0x0316EB71485b0Ab14103307bf65a021042c6d380":0.14806579178721677,"0x03AA6298F1370642642415EDC0db8b957783e8D6":0.8615667768526979,"0x03ab458634910AaD20eF5f1C8ee96F1D6ac54919":391.94663512680955,"0x04C154b66CB340F3Ae24111CC767e0184Ed00Cc6":69.27512068521057,"0x04bC0Ab673d88aE9dbC9DA2380cB6B79C4BCa9aE":188.16806393192675,"0x051d7e5609917Bd9b73f04BAc0DED8Dd46a74301":48.35538748011544,"0x056Fd409E1d7A124BD7017459dFEa2F387b6d5Cd":200.77463840000001,"0x075b1bb99792c9E1041bA13afEf80C91a1e70fB3":100.05618811791943,"0x085780639CC2cACd35E474e71f4d000e2405d8f6":631.9355967554789,"0x0879c1a344910c2944C29b892A1CF0c216122C66":0.00024691672063465115,"0x09DEF5aBc67e967d54E8233A4b5EBBc1B3fbE34b":0.002410754929459545,"0x09db87A538BD693E9d08544577d5cCfAA6373A48":27.61907796424487,"0x0E2EC54fC0B509F445631Bf4b91AB8168230C752":0.4819631203644438,"0x0E573Ce2736Dd9637A0b21058352e1667925C7a8":183.55027221398387,"0x0F644658510c95CB46955e55D7BA9DDa9E9fBEc6":0.002766069027303895,"0x0F83287FF768D1c1e17a42F44d644D7F22e8ee1d":63.03269858796715,"0x0a5E677a6A24b2F1A2Bf4F3bFfC443231d2fDEc8":1.9832998794646308,"0x0b4D6DA52dF60D44Ce7140F1044F2aD5fabd6316":0,"0x0bc529c00C6401aEF6D220BE8C6Ea1667F6Ad93e":294.8374716885159,"0x0d86883FAf4FfD7aEb116390af37746F45b6f378":91.444217505808,"0x0dE54CFdfeD8005176f8b7A9D5438B45c4F1df1e":5.8277282445437555,"0x0eC9F76202a7061eB9b3a7D6B59D36215A7e37da":6.1032131278803625,"0x11EBe21e9d7BF541A18e1E3aC94939018Ce88F0b":23.77449424423958,"0x15700B564Ca08D9439C58cA5053166E8317aa138":181.7881887313384,"0x15f74458aE0bFdAA1a96CA1aa779D715Cc1Eefe4":11.55386235387669,"0x18084fbA666a33d37592fA2633fD49a74DD93a88":81.85312381369624,"0x183395DbD0B5e93323a7286D1973150697FFFCB3":136.72884035744485,"0x1BED97CBC3c24A4fb5C069C6E311a967386131f7":454.9725708440332,"0x1BEf2e5DE862034Fb0ed456DF59d29Ecadc9934C":0,"0x1CC481cE2BD2EC7Bf67d1Be64d4878b16078F309":143.38508248828634,"0x1a7e4e63778B4f12a199C062f3eFdD288afCBce8":407.6792101416956,"0x1aBaEA1f7C830bD89Acc67eC4af516284b1bC33c":84.603423132,"0x1cfa5641c01406aB8AC350dEd7d735ec41298372":19.681706860175005,"0x20b3B07E9C0e37815e2892Ab09496559F57C3603":0.6433248830265973,"0x2191DF768ad71140F9F3E96c1e4407A4aA31d082":10.385977672325717,"0x2260FAC5E5542a773Aa44fBCfeDf7C193bc2C599":86.41726464,"0x25eC98773D7b4ceD4cAFaB96A2A1c0945f145e10":68.65318389810817,"0x269895a3dF4D73b077Fc823dD6dA1B95f72Aaf9B":40.92314348930168,"0x26EA744E5B887E5205727f55dFBE8685e3b21951":113.03966035005,"0x26f01FE3BE55361b0643bc9d5D60980E37A2770D":19.724531118602087,"0x270B7748CdF8243bFe68FaCE7230ef0fCE695389":44.11212300168912,"0x2A54bA2964C8Cd459Dc568853F79813a60761B58":2.769092856164137,"0x2C2D8a078B33bf7782a16AcCE2C5BA6653a90D5f":19.84292929572516,"0x2b01d4FdB87eb7F2399E5D68631d8A939a323786":252.37812916995827,"0x2bd1F344a2398340C2b1119Da98816eA723F5F0f":2.7848285854310535,"0x31429d1856aD1377A8A0079410B297e1a9e214c2":28.8019966103224,"0x3175Df0976dFA876431C2E9eE6Bc45b65d3473CC":238.35928267646082,"0x31d4Eb09a216e181eC8a43ce79226A487D6F0BA9":0.3237289951014949,"0x32bd822d615A3658A68b6fDD30c2fcb2C996D678":381.294345742634,"0x3432B6A60D23Ca0dFCa7761B7ab56459D9C964D0":199.99660428380722,"0x34635280737b5BFe6c7DC2FC3065D60d66e78185":140.89581037345212,"0x35282d87011f87508D457F08252Bc5bFa52E10A0":172.1021667491545,"0x35D8949372D46B7a3D5A56006AE77B215fc69bC0":497.60708477572877,"0x35fA164735182de50811E8e2E824cFb9B6118ac2":239.0636764445257,"0x365AccFCa291e7D3914637ABf1F7635dB165Bb09":447.9651233494264,"0x383E6b4437b59fff47B619CBA855CA29342A8559":396.3120732475316,"0x38D64ce1Bdf1A9f24E0Ec469C9cAde61236fB4a0":353.08945221118086,"0x39AA39c021dfbaE8faC545936693aC917d5E7563":31.8271240394046,"0x3A2725556Dde7B21fBe3dD64A4913ff29faba6A1":0.02757130127069631,"0x3C20Ac688410bE8F391bE1fb00AFc5C212972F86":3.9180853861526033,"0x3Ed3B47Dd13EC9a98b44e6204A523E766B225811":293.696260137277,"0x3d1E5Cf16077F349e999d6b21A4f646e83Cd90c5":84.78794644360093,"0x3f92247053508C7662C9A24ccd01229Fe0EF7419":0,"0x402F878BDd1f5C66FdAF0fabaBcF74741B68ac36":113.07806680321346,"0x40D16FC0246aD3160Ccc09B8D0D3A2cD28aE6C2f":59.81593250685682,"0x4104b135DBC9609Fc1A9490E61369036497660c8":52.685864619629285,"0x4185cf99745B2a20727B37EE798193DD4a56cDfa":0,"0x437cc33344a0B27A429f795ff6B469C72698B291":114.22461544832694,"0x4591DBfF62656E7859Afe5e45f6f47D3669fBB28":332.7209451450869,"0x45fDb1b92a649fb6A64Ef1511D3Ba5Bf60044838":0,"0x466a756E9A7401B5e2444a3fCB3c2C12FBEa0a54":348.6682573081636,"0x48759F220ED983dB51fA7A8C0D2AAb8f3ce4166a":3478.373873656147,"0x49446A0874197839D15395B908328a74ccc96Bc0":219.31697035655367,"0x4956b52aE2fF65D74CA2d61207523288e4528f96":109.62071817308139,"0x4D55a36902a6546A79ec4c9c315241De746D5fC3":0.002490723433645474,"0x4Fabb145d64652a948d72533023f6E7A623C7C53":33.835998206995164,"0x4b7Dc127ecEf167b31e51785F43c3840fC8f966A":0,"0x4c9EDD5852cd905f086C759E8383e09bff1E68B3":162.24358728365476,"0x4d7564f1272E24111280918b8Ae4Df9953A6253F":1.1983390057802245e-7,"0x4e3FBD56CD56c3e72c1403e103b45Db9da5B9D2B":518.9164352184529,"0x514910771AF9Ca656af840dff83E8264EcF986CA":28.78438526337593,"0x5228a22e72ccC52d415EcFd199F99D0665E7733b":70.16865653725232,"0x530824DA86689C9C17CdC2871Ff29B058345b44a":286.7186193277224,"0x54E2f1c249A6A99e616D6bFDc737b868CE85ABBa":0.000011975669642244,"0x5555f75e3d5278082200Fb451D1b6bA946D8e13b":140.54715061215808,"0x571f54D23cDf2211C83E9A0CbD92AcA36c48Fa02":0,"0x573d2505a7ee69D136A8667b4Cd915f039AC54e5":0,"0x57Ab1ec28D129707052df4dF418D58a2D46d5f51":26.949855039989476,"0x57a5a0567187FF4A8dcC1A9bBa86155E355878F2":0.7769920986380907,"0x58efE15C0404aB22F87E4495D71f6f2077e862bE":0.00754194333825048,"0x5905c0290e59aFBDc42a5480add9bD7B20CB3759":0.2918295283247393,"0x59D9356E565Ab3A36dD77763Fc0d87fEaf85508C":69.0628150813048,"0x5BC25f649fc4e26069dDF4cF4010F9f706c23831":0.0024331576205427136,"0x5Ca135cB8527d76e932f34B5145575F9d8cbE08E":125.35984657318636,"0x5E17aBe30F0b804730c4E4DB0ad217d8c29D05A0":0,"0x5E5d9aEeC4a6b775a175b883DCA61E4297c14Ecb":0,"0x5E8422345238F34275888049021821E8E08CAa1f":15609.48986405666,"0x5Ea630e00D6eE438d3deA1556A110359ACdc10A9":134.97330777474968,"0x5e74C9036fb86BD7eCdcb084a0673EFc32eA31cb":1.9304937942716833,"0x5f98805A4E8be255a32880FDeC7F6728C6568bA0":333.78913482765745,"0x605D26FBd5be761089281d5cec2Ce86eeA667109":0,"0x62199B909FB8B8cf870f97BEf2cE6783493c4908":0,"0x62B9c7356A2Dc64a1969e19C23e4f579F9810Aa7":59.77847196535094,"0x63a0964A36c34E81959da5894ad888800e17405b":0,"0x64351fC9810aDAd17A690E4e1717Df5e7e085160":25.33925330413829,"0x657e8C867D8B37dCC18fA4Caead9C45EB088C642":17.037695669999998,"0x65D72AA8DA931F047169112fcf34f52DbaAE7D18":394.1621553432447,"0x661c70333AA1850CcDBAe82776Bb436A0fCfeEfB":73.54525660699368,"0x668308d77be3533c909a692302Cb4D135Bf8041C":4.054576267274284,"0x66a1E37c9b0eAddca17d3662D6c05F4DECf3e110":215.0010686052254,"0x674C6Ad92Fd080e4004b2312b45f796a192D27a0":3.7905892960159417,"0x677ddbd918637E5F2c79e164D402454dE7dA8619":32.274845512189316,"0x68037790A0229e9Ce6EaA8A99ea92964106C4703":0.8101448069597095,"0x68592c5c98C4F4A8a4bC6dA2121E65Da3d1c0917":0,"0x68749665FF8D2d112Fa859AA293F07A622782F38":22.32301507034709,"0x69000405f9DcE69BD4Cbf4f2865b79144A69BFE0":20.238661968266626,"0x6967299e9F3d5312740Aa61dEe6E9ea658958e31":0.0746922235508187,"0x69681f8fde45345C3870BCD5eaf4A05a60E7D227":196.0657424265288,"0x698978E0fc8f814989d8c23b8b9D3bdfABab4451":0.005796353625968882,"0x69e8b9528CABDA89fe846C67675B5D73d463a916":3.019553156308938e-7,"0x6B175474E89094C44Da98b954EedeAC495271d0F":226.12330541941787,"0x6C9815826FdF8c7a45cCfEd2064dbaB33a078712":7.824192645097055,