{"0x0000000000085d4780B73119b644AE5ecd22b376":210.1381247102657,"0x0000000016E6Cb3038203c1129c8B4aEE7af7a11":2.327603800276893,"0x005F893EcD7bF9667195642f7649DA8163e23658":200.3083249854448,"0x0100546F2cD4C9D97f798fFC9755E47865FF7Ee6":465.7828672027048,"0x028171bCA77440897B824Ca71D1c56caC55b68A3":813.0788401966554,"0x0316EB71485b0Ab14103307bf65a021042c6d380":0.021941923828084586,"0x03ab458634910AaD20eF5f1C8ee96F1D6ac54919":0.8937321460276613,"0x04C154b66CB340F3Ae24111CC767e0184Ed00Cc6":456.0295531585003,"0x051d7e5609917Bd9b73f04BAc0DED8Dd46a74301":393.2734647083321,"0x056Fd409E1d7A124BD7017459dFEa2F387b6d5Cd":493.397845716473,"0x067079c14B85169e6a29703769dadDef90816f4C":435.32168460875477,"0x075b1bb99792c9E1041bA13afEf80C91a1e70fB3":847.477935215551,"0x085780639CC2cACd35E474e71f4d000e2405d8f6":924.5560119005867,"0x0E2EC54fC0B509F445631Bf4b91AB8168230C752":0.47148454353547287,"0x0E573Ce2736Dd9637A0b21058352e1667925C7a8":140.4062967606923,"0x0a5E677a6A24b2F1A2Bf4F3bFfC443231d2fDEc8":0.08261430473967472,"0x0bc529c00C6401aEF6D220BE8C6Ea1667F6Ad93e":18.083803304233005,"0x0d86883FAf4FfD7aEb116390af37746F45b6f378":254.7058973424531,"0x0dE54CFdfeD8005176f8b7A9D5438B45c4F1df1e":5.83286790811848,"0x1456688345527bE1f37E9e627DA0837D6f08C925":6.786184209776068,"0x15700B564Ca08D9439C58cA5053166E8317aa138":229.86428829259629,"0x16eAd9a10b1A77007E6E329B076aD1Fe97a6F7C0":117.11968841435059,"0x18084fbA666a33d37592fA2633fD49a74DD93a88":458.1727728181648,"0x1830c553dC76d3447B69b7B0dC19CF9e3c739C78":107.57116726718832,"0x183395DbD0B5e93323a7286D1973150697FFFCB3":349.1869443791304,"0x196f4727526eA7FB1e17b2071B3d8eAA38486988":2.5688286942729257,"0x1BED97CBC3c24A4fb5C069C6E311a967386131f7":338.85125276433195,"0x1a7e4e63778B4f12a199C062f3eFdD288afCBce8":325.39201060738907,"0x1aBaEA1f7C830bD89Acc67eC4af516284b1bC33c":487.1081791142004,"0x1c48f86ae57291F7686349F12601910BD8D470bb":1.3081352142159575,"0x1ce0D1E19c9514230FF8CD1DAbaC2555fb92122b":0,"0x2191DF768ad71140F9F3E96c1e4407A4aA31d082":16.74107296614561,"0x2260FAC5E5542a773Aa44fBCfeDf7C193bc2C599":455.55858183992336,"0x2302aaBe69e6E7A1b0Aa23aAC68fcCB8A4D2B460":166.07913818945931,"0x2570f1bD5D2735314FC102eb12Fc1aFe9e6E7193":182.99900657400735,"0x25eC98773D7b4ceD4cAFaB96A2A1c0945f145e10":0,"0x2889302a794dA87fBF1D6Db415C1492194663D13":258.97403793050813,"0x29059568bB40344487d62f7450E78b8E6C74e0e5":638.9583073841197,"0x2b01d4FdB87eb7F2399E5D68631d8A939a323786":307.8561903070837,"0x3175Df0976dFA876431C2E9eE6Bc45b65d3473CC":4.828815659887595e-7,"0x3231Cb76718CDeF2155FC47b5286d82e6eDA273f":324.92160041001864,"0x32bd822d615A3658A68b6fDD30c2fcb2C996D678":337.88919088632593,"0x3432B6A60D23Ca0dFCa7761B7ab56459D9C964D0":357.88998008551334,"0x34635280737b5BFe6c7DC2FC3065D60d66e78185":224.22406288561302,"0x35282d87011f87508D457F08252Bc5bFa52E10A0":148.07719139055894,"0x35D8949372D46B7a3D5A56006AE77B215fc69bC0":88.79159582018376,"0x35fA164735182de50811E8e2E824cFb9B6118ac2":1164.5647404559413,"0x365AccFCa291e7D3914637ABf1F7635dB165Bb09":352.16848807516317,"0x383E6b4437b59fff47B619CBA855CA29342A8559":169.4294446039001,"0x38D64ce1Bdf1A9f24E0Ec469C9cAde61236fB4a0":273.48430820610406,"0x393DaD6c76D962Abba489a77dBf37ae948A4A6ee":162.3731065679931,"0x3A2725556Dde7B21fBe3dD64A4913ff29faba6A1":0.037570969061840265,"0x3A283D9c08E8b55966afb64C515f5143cf907611":938.5358594124812,"0x3Ed3B47Dd13EC9a98b44e6204A523E766B225811":352.61798899954664,"0x3f0e7916681452D23Cd36B1281457DA721F2E5dF":12.857226651382765,"0x401322B9FDdba8c0a8D40fbCECE1D1752C12316B":369.1998912140841,"0x40D16FC0246aD3160Ccc09B8D0D3A2cD28aE6C2f":208.54404936356144,"0x4591DBfF62656E7859Afe5e45f6f47D3669fBB28":109.0321844383757,"0x4647B6D835f3B393C7A955df51EEfcf0db961606":621.3904454278432,"0x466a756E9A7401B5e2444a3fCB3c2C12FBEa0a54":308.92191953494506,"0x48759F220ED983dB51fA7A8C0D2AAb8f3ce4166a":1655.6128950651578,"0x49446A0874197839D15395B908328a74ccc96Bc0":28.586062141204575,"0x4AE86d8732390d852A13cb918463BC6e5775FaDD":154.89760162885236,"0x4D1941a887eC788F059b3bfcC8eE1E97b968825B":353.84176750926787,"0x4DEcE678ceceb27446b35C672dC7d61F30bAD69E":437.9819609942809,"0x4Fabb145d64652a948d72533023f6E7A623C7C53":0.035119666950669017,"0x4c9EDD5852cd905f086C759E8383e09bff1E68B3":932.9112055460234,"0x4de2ab8177fC5fFAFB7aD11FB8BeB1e5fB95F71C":365.52398815353183,"0x4eBdF703948ddCEA3B11f675B4D1Fba9d2414A14":374.5448202422407,"0x514910771AF9Ca656af840dff83E8264EcF986CA":107.21745814457456,"0x5228a22e72ccC52d415EcFd199F99D0665E7733b":64.12008445637571,"0x5426178799ee0a0181A89b4f57eFddfAb49941Ec":76.77267710188093,"0x5555f75e3d5278082200Fb451D1b6bA946D8e13b":73.06820216166716,"0x57a5a0567187FF4A8dcC1A9bBa86155E355878F2":1.1511693840489643,"0x58efE15C0404aB22F87E4495D71f6f2077e862bE":0.001248450480622476,"0x5905c0290e59aFBDc42a5480add9bD7B20CB3759":0.19234796400818815,"0x59D9356E565Ab3A36dD77763Fc0d87fEaf85508C":73.23639042275853,"0x5BC25f649fc4e26069dDF4cF4010F9f706c23831":4.011432252373674,"0x5Be6C45e2d074fAa20700C49aDA3E88a1cc0025d":394.9215779696938,"0x5Ca135cB8527d76e932f34B5145575F9d8cbE08E":44.9548574937671,"0x5E8422345238F34275888049021821E8E08CAa1f":17209.99214872107,"0x5Ea630e00D6eE438d3deA1556A110359ACdc10A9":406.73447276240984,"0x6359B6d3e327c497453d4376561eE276c6933323":300.8572950390171,"0x63a0964A36c34E81959da5894ad888800e17405b":240.90007455058102,"0x65D72AA8DA931F047169112fcf34f52DbaAE7D18":143.9361536081474,"0x65f228ED6a6001eD6485535e0Dc33E525734f54c":47.8371654323313,"0x661c70333AA1850CcDBAe82776Bb436A0fCfeEfB":59.32470212278591,"0x6663b6D50992ef4fc0380199397c87C2f5256075":47.459121150767345,"0x668308d77be3533c909a692302Cb4D135Bf8041C":0.05623835920934516,"0x66a1E37c9b0eAddca17d3662D6c05F4DECf3e110":17.539194537998974,"0x674C6Ad92Fd080e4004b2312b45f796a192D27a0":6.516458740671153,"0x677ddbd918637E5F2c79e164D402454dE7dA8619":1.0296062686948075,"0x68749665FF8D2d112Fa859AA293F07A622782F38":11.948336191797594,"0x69000405f9DcE69BD4Cbf4f2865b79144A69BFE0":0,"0x6B175474E89094C44Da98b954EedeAC495271d0F":584.8987112408985,"0x6C5024Cd4F8A59110119C56f8933403A539555EB":118.5743097402732,"0x6C9815826FdF8c7a45cCfEd2064dbaB33a078712":26.198300395444072,"0x6ade6971Ca3d90990C30d39c78b0534C7166e07b":558.8950059500435,"0x6b5204B0Be36771253Cc38e88012E02B752f0f36":245.98486534883355,"0x6c3F90f043a72FA612cbac8115EE7e52BDe6E490":294.6063430314523,"0x6c3ea9036406852006290770BEdFcAbA0e23A0e8":532.4988611236201,"0x6e52cCe4EaFDf77091dD1c82183b2D97b776b397":1426.9889576280193,"0x6ef3D766Dfe02Dc4bF04aAe9122EB9A0Ded25615":0.08531731991740026,"0x7223442cad8e9cA474fC40109ab981608F8c4273":69.17693485379606,"0x73968b9a57c6E53d41345FD57a6E6ae27d6CDB2F":106.95287586890943,"0x73A15FeD60Bf67631dC6cd7Bc5B6e8da8190aCF5":182.10063698369206,"0x752B4c6e92d96467fE9b9a2522EF07228E00F87c":49.16288014595308,"0x76237BCfDbe8e06FB774663add96216961df4ff3":18.710879863450845,"0x76Eb2FE28b36B3ee97F3Adae0C69606eeDB2A37c":844.2971220840701,"0x77E06c9eCCf2E797fd462A92B6D7642EF85b0A44":0.99792939232,"0x78da5799CF427Fee11e9996982F4150eCe7a99A7":81.19508259514406,"0x7988292D0FB141085c092132e2a70B30aA1eccAB":470.99003971500105,"0x7F17A6C77C3938D235b014818092eb6305BdA110":105.7672266880726,"0x7F86Bf177Dd4F3494b841a37e810A34dD56c829B":245.81231985785286,"0x7FA768E035F956c41d6aeaa3Bd857e7E5141CAd5":0.4832078384243412,"0x7f39C581F595B53c5cb19bD0b3f8dA6c935E2Ca0":431.30609438614107,"0x8064d9Ae6cDf087b1bcd5BDf3531bD5d8C537a68":75.95406801857038,"0x808507121B80c02388fAd14726482e061B8da827":310.37805299624927,"0x80d69e79258FE9D056c822461c4eb0B4ca8802E2":0.25195311429260786,"0x826180541412D574cf1336d22c0C0a287822678A":211.95362817553527,"0x8282BD15dcA2EA2bDf24163E8f2781B30C43A2ef":341.205936493844,"0x830614aE209FF9d8706d386fcdBc7a55206fcffC":55.5950373841114,"0x83F20F44975D03b1b09e64809B757c47f942BEeA":905.6222794046722,"0x853d955aCEf822Db058eb8505911ED77F175b99e":662.9719658646354,"0x856c4Efb76C1D1AE02e20CEB03A2A6a08b0b8dC3":323.1520069685547,"0x865377367054516e17014CcdED1e7d814EDC9ce4":636.4033502399333,