{"0x0000000000085d4780B73119b644AE5ecd22b376":0.00846900312465451,"0x005F893EcD7bF9667195642f7649DA8163e23658":205.101309349226,"0x0100546F2cD4C9D97f798fFC9755E47865FF7Ee6":198.78344358942005,"0x028171bCA77440897B824Ca71D1c56caC55b68A3":798.4207491812118,"0x0316EB71485b0Ab14103307bf65a021042c6d380":70.31322042272343,"0x03ab458634910AaD20eF5f1C8ee96F1D6ac54919":186.0031765654234,"0x04C154b66CB340F3Ae24111CC767e0184Ed00Cc6":441.85409805440366,"0x056Fd409E1d7A124BD7017459dFEa2F387b6d5Cd":426.6708324094865,"0x075b1bb99792c9E1041bA13afEf80C91a1e70fB3":334.10776455756894,"0x085780639CC2cACd35E474e71f4d000e2405d8f6":791.4801222255853,"0x0E2EC54fC0B509F445631Bf4b91AB8168230C752":0.4715224175980719,"0x0E573Ce2736Dd9637A0b21058352e1667925C7a8":144.80109314273625,"0x0a5E677a6A24b2F1A2Bf4F3bFfC443231d2fDEc8":0.05010974426736199,"0x0bc529c00C6401aEF6D220BE8C6Ea1667F6Ad93e":13.696000819183725,"0x0d86883FAf4FfD7aEb116390af37746F45b6f378":242.4237318409262,"0x0dE54CFdfeD8005176f8b7A9D5438B45c4F1df1e":5.835476128291258,"0x1456688345527bE1f37E9e627DA0837D6f08C925":3.7437058467539215,"0x16eAd9a10b1A77007E6E329B076aD1Fe97a6F7C0":137.330435664914,"0x18084fbA666a33d37592fA2633fD49a74DD93a88":14.545388953791486,"0x1830c553dC76d3447B69b7B0dC19CF9e3c739C78":118.96804878852977,"0x183395DbD0B5e93323a7286D1973150697FFFCB3":397.27073315409933,"0x196f4727526eA7FB1e17b2071B3d8eAA38486988":2.5321062558153473,"0x1c48f86ae57291F7686349F12601910BD8D470bb":0.5950558386141598,"0x1ce0D1E19c9514230FF8CD1DAbaC2555fb92122b":0,"0x2191DF768ad71140F9F3E96c1e4407A4aA31d082":6.001804553337656,"0x2260FAC5E5542a773Aa44fBCfeDf7C193bc2C599":375.0763962999368,"0x2302aaBe69e6E7A1b0Aa23aAC68fcCB8A4D2B460":136.9414490524351,"0x2570f1bD5D2735314FC102eb12Fc1aFe9e6E7193":931.0849718241944,"0x25eC98773D7b4ceD4cAFaB96A2A1c0945f145e10":0,"0x2889302a794dA87fBF1D6Db415C1492194663D13":579.9924679092925,"0x2b01d4FdB87eb7F2399E5D68631d8A939a323786":19.45142085467498,"0x31429d1856aD1377A8A0079410B297e1a9e214c2":493.343436939539,"0x32bd822d615A3658A68b6fDD30c2fcb2C996D678":72.81011249707485,"0x34635280737b5BFe6c7DC2FC3065D60d66e78185":370.55598807493027,"0x35282d87011f87508D457F08252Bc5bFa52E10A0":118.94528574434918,"0x35D8949372D46B7a3D5A56006AE77B215fc69bC0":1044.618260782886,"0x35fA164735182de50811E8e2E824cFb9B6118ac2":1180.5777193726733,"0x383E6b4437b59fff47B619CBA855CA29342A8559":165.81171836439083,"0x38D64ce1Bdf1A9f24E0Ec469C9cAde61236fB4a0":258.3981347114625,"0x3A283D9c08E8b55966afb64C515f5143cf907611":4166.963779015913,"0x3Ed3B47Dd13EC9a98b44e6204A523E766B225811":365.32167268628274,"0x401322B9FDdba8c0a8D40fbCECE1D1752C12316B":395.91225885937973,"0x40D16FC0246aD3160Ccc09B8D0D3A2cD28aE6C2f":718.5327926991881,"0x4591DBfF62656E7859Afe5e45f6f47D3669fBB28":293.0281888145682,"0x4647B6D835f3B393C7A955df51EEfcf0db961606":428.4704874718622,"0x466a756E9A7401B5e2444a3fCB3c2C12FBEa0a54":2.090266334573946,"0x48759F220ED983dB51fA7A8C0D2AAb8f3ce4166a":1560.8362758793246,"0x49446A0874197839D15395B908328a74ccc96Bc0":22.473410702429025,"0x4D1941a887eC788F059b3bfcC8eE1E97b968825B":11.70055692666167,"0x4Fabb145d64652a948d72533023f6E7A623C7C53":0.02926880633595168,"0x4c9EDD5852cd905f086C759E8383e09bff1E68B3":6851.021809057592,"0x4eBdF703948ddCEA3B11f675B4D1Fba9d2414A14":1866.0293669066457,"0x514910771AF9Ca656af840dff83E8264EcF986CA":122.0211303754035,"0x5228a22e72ccC52d415EcFd199F99D0665E7733b":59.25944067590162,"0x5426178799ee0a0181A89b4f57eFddfAb49941Ec":863.9927189802991,"0x5555f75e3d5278082200Fb451D1b6bA946D8e13b":94.33827837260897,"0x57a5a0567187FF4A8dcC1A9bBa86155E355878F2":1.2215165876152139,"0x58efE15C0404aB22F87E4495D71f6f2077e862bE":0.001248567846,"0x5905c0290e59aFBDc42a5480add9bD7B20CB3759":0.1788955150664852,"0x59D9356E565Ab3A36dD77763Fc0d87fEaf85508C":590.1080197624998,"0x5BC25f649fc4e26069dDF4cF4010F9f706c23831":1.2491489348255747,"0x5Be6C45e2d074fAa20700C49aDA3E88a1cc0025d":655.4137540058094,"0x5Ca135cB8527d76e932f34B5145575F9d8cbE08E":53.66066312552907,"0x5E8422345238F34275888049021821E8E08CAa1f":18351.709968836094,"0x5e74C9036fb86BD7eCdcb084a0673EFc32eA31cb":216.01924995288846,"0x6359B6d3e327c497453d4376561eE276c6933323":295.93122457291327,"0x63a0964A36c34E81959da5894ad888800e17405b":89.82520286389594,"0x65D72AA8DA931F047169112fcf34f52DbaAE7D18":133.04536751523375,"0x65f228ED6a6001eD6485535e0Dc33E525734f54c":59.63444720872716,"0x661c70333AA1850CcDBAe82776Bb436A0fCfeEfB":60.84744502137905,"0x6663b6D50992ef4fc0380199397c87C2f5256075":3.9468672930304387,"0x668308d77be3533c909a692302Cb4D135Bf8041C":0.05969339513896392,"0x66a1E37c9b0eAddca17d3662D6c05F4DECf3e110":4.989108225992897,"0x674C6Ad92Fd080e4004b2312b45f796a192D27a0":1.963588423634865,"0x68749665FF8D2d112Fa859AA293F07A622782F38":18.07827958489197,"0x6B175474E89094C44Da98b954EedeAC495271d0F":4460.687802214531,"0x6C280dB098dB673d30d5B34eC04B6387185D3620":72.74460488971746,"0x6C5024Cd4F8A59110119C56f8933403A539555EB":126.13487979006406,"0x6C9815826FdF8c7a45cCfEd2064dbaB33a078712":10.760256344408376,"0x6b5204B0Be36771253Cc38e88012E02B752f0f36":194.21118976555994,"0x6c3F90f043a72FA612cbac8115EE7e52BDe6E490":1321.148306817324,"0x6c3ea9036406852006290770BEdFcAbA0e23A0e8":938.2823539182457,"0x6ef3D766Dfe02Dc4bF04aAe9122EB9A0Ded25615":0.09061225716889179,"0x7223442cad8e9cA474fC40109ab981608F8c4273":2.089961719948055,"0x73968b9a57c6E53d41345FD57a6E6ae27d6CDB2F":115.61445632062029,"0x73A15FeD60Bf67631dC6cd7Bc5B6e8da8190aCF5":4088.3567277581637,"0x76237BCfDbe8e06FB774663add96216961df4ff3":20.51943156756349,"0x76Eb2FE28b36B3ee97F3Adae0C69606eeDB2A37c":798.313792879392,"0x77E06c9eCCf2E797fd462A92B6D7642EF85b0A44":1.0768560867199999,"0x78da5799CF427Fee11e9996982F4150eCe7a99A7":88.32119999892168,"0x7988292D0FB141085c092132e2a70B30aA1eccAB":473.9123141594425,"0x7F17A6C77C3938D235b014818092eb6305BdA110":61.145158358754216,"0x7F86Bf177Dd4F3494b841a37e810A34dD56c829B":4398.046353525684,"0x7FA768E035F956c41d6aeaa3Bd857e7E5141CAd5":0.512937792037713,"0x7ea4aD8C803653498bF6AC1D2dEbc04DCe8Fd2aD":423.66142318525965,"0x7f39C581F595B53c5cb19bD0b3f8dA6c935E2Ca0":1695.5184968199933,"0x8064d9Ae6cDf087b1bcd5BDf3531bD5d8C537a68":81.60359589658121,"0x80d69e79258FE9D056c822461c4eb0B4ca8802E2":0.26767900615852047,"0x826180541412D574cf1336d22c0C0a287822678A":269.9201365190442,"0x830614aE209FF9d8706d386fcdBc7a55206fcffC":63.19770148580619,"0x83F20F44975D03b1b09e64809B757c47f942BEeA":4389.0340183248545,"0x84CeCB5525c6B1C20070E742da870062E84Da178":21.046108688922637,"0x853d955aCEf822Db058eb8505911ED77F175b99e":2786.4868139340356,"0x856c4Efb76C1D1AE02e20CEB03A2A6a08b0b8dC3":1.9991939101633105,"0x865377367054516e17014CcdED1e7d814EDC9ce4":663.3024842238074,"0x8C0D76C9B18779665475F3E212D9Ca1Ed6A1A0e6":912.0495230322487,"0x8C88538688aca3b733aD08b12BEe4574c0C00907":632.4387014589211,"0x8Cd52ee292313C4D851e71A7064F096504aB3eE9":72.5646677861381,"0x8E870D67F660D95d5be530380D0eC0bd388289E1":0.007676933965674135,"0x8c9532a60E0E7C6BbD2B2c1303F63aCE1c3E9811":1.2398542032640831,"0x8dAEBADE922dF735c38C80C7eBD708Af50815fAa":18.143135706273718,"0x8e595470Ed749b85C6F7669de83EAe304C2ec68F":48.932078787731875,"0x917ceE801a67f933F2e6b33fC0cD1ED2d5909D88":597.2896628747953,"0x9181f633E9B9F15A32d5e37094F4C93b333e0E92":1.2199915671117962,"0x922406EAFC3CcEb32b0256F287fB977c426EDbd8":0.029080337758078095,"0x954313005C56b555bdC41B84D6c63B69049d7847":492.5492265951604,"0x9559Aaa82d9649C7A7b220E7c461d2E74c9a3593":219.8623311207081,"0x95710BDE45C8D384A976Cc58Cc7a7e489576b098":2.4985934620399353,"0x961D4921e1718E633BAC8Ded88c4a1cAe44b785a":1139.7338873489202,"0x9961BdBE8B7091E584c2bF9D0a160C583f564A8c":400.9859078545445,"0x99D8a9C45b2ecA8864373A26D1459e3Dff1e17F3":24.398250735919547,"0x9BE89D2a4cd102D8Fecc6BF9dA793be995C22541":274.827355523787,"0x9D39A5DE30e57443BfF2A8307A4256c8797A3497":3717.6663169241356,"0x9EEAD9ce15383CaEED975427340b3A369410CFBF":16.415632072661648,"0x9FeE65D5A627e73212989c8BbEdC5Fa5Cae3821F":20.112829174347855,"0x9b77bd0a665F05995b68e36fC1053AFFfAf0d4B5":12.129589788293325,