{"0x0000000000085d4780B73119b644AE5ecd22b376":0.00846900312465451,"0x005F893EcD7bF9667195642f7649DA8163e23658":194.60461587390694,"0x0100546F2cD4C9D97f798fFC9755E47865FF7Ee6":456.3586227860052,"0x028171bCA77440897B824Ca71D1c56caC55b68A3":820.3955064263179,"0x0316EB71485b0Ab14103307bf65a021042c6d380":0.022451996307872573,"0x03ab458634910AaD20eF5f1C8ee96F1D6ac54919":198.86415646086738,"0x04C154b66CB340F3Ae24111CC767e0184Ed00Cc6":424.5711458341271,"0x056Fd409E1d7A124BD7017459dFEa2F387b6d5Cd":288.4764601483838,"0x067079c14B85169e6a29703769dadDef90816f4C":419.70395470731364,"0x075b1bb99792c9E1041bA13afEf80C91a1e70fB3":341.0975421016448,"0x085780639CC2cACd35E474e71f4d000e2405d8f6":714.5604284562816,"0x0E2EC54fC0B509F445631Bf4b91AB8168230C752":0.47051379083738004,"0x0E573Ce2736Dd9637A0b21058352e1667925C7a8":146.93294189358147,"0x0a5E677a6A24b2F1A2Bf4F3bFfC443231d2fDEc8":0.06191613422295396,"0x0bc529c00C6401aEF6D220BE8C6Ea1667F6Ad93e":23.88886207060667,"0x0d86883FAf4FfD7aEb116390af37746F45b6f378":268.44641777467564,"0x0dE54CFdfeD8005176f8b7A9D5438B45c4F1df1e":4.265437120787309,"0x1456688345527bE1f37E9e627DA0837D6f08C925":5.627752759832759,"0x15700B564Ca08D9439C58cA5053166E8317aa138":496.71314298248427,"0x16eAd9a10b1A77007E6E329B076aD1Fe97a6F7C0":129.71070483201618,"0x18084fbA666a33d37592fA2633fD49a74DD93a88":2.8650357167009703,"0x183395DbD0B5e93323a7286D1973150697FFFCB3":353.93062284504236,"0x196f4727526eA7FB1e17b2071B3d8eAA38486988":1.571372723092136,"0x1aBaEA1f7C830bD89Acc67eC4af516284b1bC33c":493.62979695755763,"0x1c48f86ae57291F7686349F12601910BD8D470bb":1.0701271526656353,"0x1ce0D1E19c9514230FF8CD1DAbaC2555fb92122b":0,"0x2191DF768ad71140F9F3E96c1e4407A4aA31d082":15.285585688776171,"0x2260FAC5E5542a773Aa44fBCfeDf7C193bc2C599":18.11457504885595,"0x22CF19EB64226e0E1A79c69b345b31466fD273A7":2.2418105429428667,"0x2302aaBe69e6E7A1b0Aa23aAC68fcCB8A4D2B460":177.66798754846562,"0x2570f1bD5D2735314FC102eb12Fc1aFe9e6E7193":120.87449686141865,"0x25eC98773D7b4ceD4cAFaB96A2A1c0945f145e10":5.785506003464862,"0x2889302a794dA87fBF1D6Db415C1492194663D13":1149.0412223866174,"0x29059568bB40344487d62f7450E78b8E6C74e0e5":380.9773672697307,"0x2b01d4FdB87eb7F2399E5D68631d8A939a323786":20.100368878912963,"0x31429d1856aD1377A8A0079410B297e1a9e214c2":448.37479560214075,"0x32bd822d615A3658A68b6fDD30c2fcb2C996D678":87.86220500473475,"0x34635280737b5BFe6c7DC2FC3065D60d66e78185":311.2139739113061,"0x35282d87011f87508D457F08252Bc5bFa52E10A0":157.8188325494649,"0x35D8949372D46B7a3D5A56006AE77B215fc69bC0":906.9405771502172,"0x35fA164735182de50811E8e2E824cFb9B6118ac2":1124.4593063761536,"0x365AccFCa291e7D3914637ABf1F7635dB165Bb09":350.47212695167786,"0x383E6b4437b59fff47B619CBA855CA29342A8559":176.3780161673976,"0x38D64ce1Bdf1A9f24E0Ec469C9cAde61236fB4a0":271.878439915061,"0x3A2725556Dde7B21fBe3dD64A4913ff29faba6A1":0.03663398099112463,"0x3A283D9c08E8b55966afb64C515f5143cf907611":7597.046611050291,"0x3Ed3B47Dd13EC9a98b44e6204A523E766B225811":0.000092184,"0x3f0e7916681452D23Cd36B1281457DA721F2E5dF":28.956830419349846,"0x40D16FC0246aD3160Ccc09B8D0D3A2cD28aE6C2f":937.0060151596241,"0x4591DBfF62656E7859Afe5e45f6f47D3669fBB28":371.3445748562007,"0x466a756E9A7401B5e2444a3fCB3c2C12FBEa0a54":7.750640903073705,"0x48759F220ED983dB51fA7A8C0D2AAb8f3ce4166a":1585.6738503358822,"0x49446A0874197839D15395B908328a74ccc96Bc0":29.0089696173655,"0x4AE86d8732390d852A13cb918463BC6e5775FaDD":134.24638692940476,"0x4Fabb145d64652a948d72533023f6E7A623C7C53":0.034944404210433336,"0x4c9EDD5852cd905f086C759E8383e09bff1E68B3":9433.569523685097,"0x4de2ab8177fC5fFAFB7aD11FB8BeB1e5fB95F71C":343.9825039869743,"0x4eBdF703948ddCEA3B11f675B4D1Fba9d2414A14":3761.840480911259,"0x514910771AF9Ca656af840dff83E8264EcF986CA":113.6820902918818,"0x5228a22e72ccC52d415EcFd199F99D0665E7733b":61.3335760658351,"0x5555f75e3d5278082200Fb451D1b6bA946D8e13b":96.96193700896534,"0x57a5a0567187FF4A8dcC1A9bBa86155E355878F2":1.1171238569452262,"0x58efE15C0404aB22F87E4495D71f6f2077e862bE":0.001248221992706658,"0x5905c0290e59aFBDc42a5480add9bD7B20CB3759":0.20103383814693787,"0x59D9356E565Ab3A36dD77763Fc0d87fEaf85508C":635.9472740299997,"0x5BC25f649fc4e26069dDF4cF4010F9f706c23831":2.898503358165912,"0x5Be6C45e2d074fAa20700C49aDA3E88a1cc0025d":212.75736191592497,"0x5Ca135cB8527d76e932f34B5145575F9d8cbE08E":56.06005779066836,"0x5E8422345238F34275888049021821E8E08CAa1f":16697.043239040457,"0x5Ea630e00D6eE438d3deA1556A110359ACdc10A9":432.571517833606,"0x5e74C9036fb86BD7eCdcb084a0673EFc32eA31cb":206.6810083229732,"0x62B9c7356A2Dc64a1969e19C23e4f579F9810Aa7":268.2836395506543,"0x63a0964A36c34E81959da5894ad888800e17405b":172.89984954913277,"0x65D72AA8DA931F047169112fcf34f52DbaAE7D18":149.21795699055062,"0x65f228ED6a6001eD6485535e0Dc33E525734f54c":60.81735306584093,"0x661c70333AA1850CcDBAe82776Bb436A0fCfeEfB":66.94220763428851,"0x6663b6D50992ef4fc0380199397c87C2f5256075":41.519050127663604,"0x668308d77be3533c909a692302Cb4D135Bf8041C":0.05472267824115932,"0x66a1E37c9b0eAddca17d3662D6c05F4DECf3e110":21.298549935431822,"0x674C6Ad92Fd080e4004b2312b45f796a192D27a0":3.510356026801152,"0x677ddbd918637E5F2c79e164D402454dE7dA8619":0.310787095655405,"0x68749665FF8D2d112Fa859AA293F07A622782F38":20.38904263048469,"0x6B175474E89094C44Da98b954EedeAC495271d0F":5195.115683787977,"0x6C280dB098dB673d30d5B34eC04B6387185D3620":65.83890231916051,"0x6C5024Cd4F8A59110119C56f8933403A539555EB":126.32243840163106,"0x6C9815826FdF8c7a45cCfEd2064dbaB33a078712":20.074558199819027,"0x6b5204B0Be36771253Cc38e88012E02B752f0f36":250.82163978724074,"0x6c3F90f043a72FA612cbac8115EE7e52BDe6E490":1132.7047477601288,"0x6c3ea9036406852006290770BEdFcAbA0e23A0e8":908.8975926476561,"0x6e52cCe4EaFDf77091dD1c82183b2D97b776b397":940.786973298325,"0x6ef3D766Dfe02Dc4bF04aAe9122EB9A0Ded25615":0.08296903646916648,"0x7223442cad8e9cA474fC40109ab981608F8c4273":66.5477013359504,"0x73968b9a57c6E53d41345FD57a6E6ae27d6CDB2F":110.44435583148277,"0x73A15FeD60Bf67631dC6cd7Bc5B6e8da8190aCF5":1967.6990114704497,"0x76237BCfDbe8e06FB774663add96216961df4ff3":27.425500590314485,"0x76Eb2FE28b36B3ee97F3Adae0C69606eeDB2A37c":840.5294997228398,"0x77E06c9eCCf2E797fd462A92B6D7642EF85b0A44":0.2292038141486311,"0x78da5799CF427Fee11e9996982F4150eCe7a99A7":92.46826541206488,"0x7F17A6C77C3938D235b014818092eb6305BdA110":113.11526408499442,"0x7F86Bf177Dd4F3494b841a37e810A34dD56c829B":3603.5332088048867,"0x7FA768E035F956c41d6aeaa3Bd857e7E5141CAd5":0.4690182183495469,"0x7f39C581F595B53c5cb19bD0b3f8dA6c935E2Ca0":2542.0679315332222,"0x8064d9Ae6cDf087b1bcd5BDf3531bD5d8C537a68":84.3322014434318,"0x808507121B80c02388fAd14726482e061B8da827":322.53975123650264,"0x80d69e79258FE9D056c822461c4eb0B4ca8802E2":0.24454646086979656,"0x826180541412D574cf1336d22c0C0a287822678A":233.30068653335914,"0x830614aE209FF9d8706d386fcdBc7a55206fcffC":63.08339910850294,"0x83F20F44975D03b1b09e64809B757c47f942BEeA":8320.395198034166,"0x84CeCB5525c6B1C20070E742da870062E84Da178":24.598095820267925,"0x853d955aCEf822Db058eb8505911ED77F175b99e":2919.483423401755,"0x856c4Efb76C1D1AE02e20CEB03A2A6a08b0b8dC3":0.8200565722373707,"0x865377367054516e17014CcdED1e7d814EDC9ce4":294.9363161319656,"0x8C0D76C9B18779665475F3E212D9Ca1Ed6A1A0e6":436.6417081177718,"0x8C88538688aca3b733aD08b12BEe4574c0C00907":524.3052627910109,"0x8Cd52ee292313C4D851e71A7064F096504aB3eE9":74.79454539882754,"0x8E870D67F660D95d5be530380D0eC0bd388289E1":0.10386785383024753,"0x8c9532a60E0E7C6BbD2B2c1303F63aCE1c3E9811":17.003523090270548,"0x8dAEBADE922dF735c38C80C7eBD708Af50815fAa":20.384837597808428,"0x8e595470Ed749b85C6F7669de83EAe304C2ec68F":11.535846799482053,"0x917ceE801a67f933F2e6b33fC0cD1ED2d5909D88":127.21563629683162,"0x9181f633E9B9F15A32d5e37094F4C93b333e0E92":1.1171314584667316,"0x922406EAFC3CcEb32b0256F287fB977c426EDbd8":0.007283513352067893,"0x954313005C56b555bdC41B84D6c63B69049d7847":472.02273389488215,"0x9559Aaa82d9649C7A7b220E7c461d2E74c9a3593":204.78085518048817,"0x95710BDE45C8D384A976Cc58Cc7a7e489576b098":2.37441848280311,"0x961D4921e1718E633BAC8Ded88c4a1cAe44b785a":989.1593948049466,