{"0x0000000000085d4780B73119b644AE5ecd22b376":0.005446838815501876,"0x005F893EcD7bF9667195642f7649DA8163e23658":17.48723756288277,"0x0100546F2cD4C9D97f798fFC9755E47865FF7Ee6":152.18743163332542,"0x028171bCA77440897B824Ca71D1c56caC55b68A3":117.79526737220249,"0x0316EB71485b0Ab14103307bf65a021042c6d380":70.5376923634974,"0x03ab458634910AaD20eF5f1C8ee96F1D6ac54919":155.32030561107362,"0x04C154b66CB340F3Ae24111CC767e0184Ed00Cc6":184.51602411380915,"0x056Fd409E1d7A124BD7017459dFEa2F387b6d5Cd":75.6781121450235,"0x067079c14B85169e6a29703769dadDef90816f4C":548.9915407137573,"0x075b1bb99792c9E1041bA13afEf80C91a1e70fB3":768.1583293406704,"0x085780639CC2cACd35E474e71f4d000e2405d8f6":671.8383098296415,"0x09b2E090531228d1b8E3d948C73b990Cb6e60720":549.9319494952111,"0x0E2EC54fC0B509F445631Bf4b91AB8168230C752":0.450048401405885,"0x0E573Ce2736Dd9637A0b21058352e1667925C7a8":142.9613723151535,"0x0bc529c00C6401aEF6D220BE8C6Ea1667F6Ad93e":6.973304193791062,"0x0d86883FAf4FfD7aEb116390af37746F45b6f378":135.97656350343078,"0x0dE54CFdfeD8005176f8b7A9D5438B45c4F1df1e":2.1766429431953926,"0x1456688345527bE1f37E9e627DA0837D6f08C925":4.314114746209284,"0x1830c553dC76d3447B69b7B0dC19CF9e3c739C78":91.36111722173854,"0x196f4727526eA7FB1e17b2071B3d8eAA38486988":0.11642358828029248,"0x1c48f86ae57291F7686349F12601910BD8D470bb":0.7998499964692305,"0x1ce0D1E19c9514230FF8CD1DAbaC2555fb92122b":0,"0x2260FAC5E5542a773Aa44fBCfeDf7C193bc2C599":322.8347256374239,"0x2570f1bD5D2735314FC102eb12Fc1aFe9e6E7193":35.84048240920724,"0x25eC98773D7b4ceD4cAFaB96A2A1c0945f145e10":5.900602975360957,"0x2889302a794dA87fBF1D6Db415C1492194663D13":91.27888027951761,"0x29059568bB40344487d62f7450E78b8E6C74e0e5":291.6866173663993,"0x2b01d4FdB87eb7F2399E5D68631d8A939a323786":16.61568974105429,"0x31429d1856aD1377A8A0079410B297e1a9e214c2":546.1349593229979,"0x32bd822d615A3658A68b6fDD30c2fcb2C996D678":41.07838301362605,"0x35282d87011f87508D457F08252Bc5bFa52E10A0":700.5163968163664,"0x35fA164735182de50811E8e2E824cFb9B6118ac2":928.843312130521,"0x365AccFCa291e7D3914637ABf1F7635dB165Bb09":609.822707364173,"0x383E6b4437b59fff47B619CBA855CA29342A8559":23.71469347007083,"0x38D64ce1Bdf1A9f24E0Ec469C9cAde61236fB4a0":1019.3931314839521,"0x3A283D9c08E8b55966afb64C515f5143cf907611":3751.8370216524413,"0x3Ed3B47Dd13EC9a98b44e6204A523E766B225811":41.12041147255628,"0x3f0e7916681452D23Cd36B1281457DA721F2E5dF":532.4502515316186,"0x40D16FC0246aD3160Ccc09B8D0D3A2cD28aE6C2f":885.8315840633918,"0x4591DBfF62656E7859Afe5e45f6f47D3669fBB28":173.44253507036456,"0x4647B6D835f3B393C7A955df51EEfcf0db961606":38.25417462926404,"0x466a756E9A7401B5e2444a3fCB3c2C12FBEa0a54":505.85914168544775,"0x48759F220ED983dB51fA7A8C0D2AAb8f3ce4166a":815.6675929412156,"0x49446A0874197839D15395B908328a74ccc96Bc0":10.885560249141072,"0x4AE86d8732390d852A13cb918463BC6e5775FaDD":26.695265089996994,"0x4DEcE678ceceb27446b35C672dC7d61F30bAD69E":607.4804125586003,"0x4Fabb145d64652a948d72533023f6E7A623C7C53":0.0038650123931456906,"0x4c9EDD5852cd905f086C759E8383e09bff1E68B3":4072.6695932295993,"0x4de2ab8177fC5fFAFB7aD11FB8BeB1e5fB95F71C":55.40627442334103,"0x4eBdF703948ddCEA3B11f675B4D1Fba9d2414A14":472.207709874659,"0x514910771AF9Ca656af840dff83E8264EcF986CA":107.8079458884251,"0x5228a22e72ccC52d415EcFd199F99D0665E7733b":52.1671382940259,"0x5426178799ee0a0181A89b4f57eFddfAb49941Ec":32.38261622310167,"0x5555f75e3d5278082200Fb451D1b6bA946D8e13b":44.649350733153625,"0x57a5a0567187FF4A8dcC1A9bBa86155E355878F2":1.1144644667113988,"0x58efE15C0404aB22F87E4495D71f6f2077e862bE":0.001248567846,"0x5905c0290e59aFBDc42a5480add9bD7B20CB3759":0.000009801026259861478,"0x59D9356E565Ab3A36dD77763Fc0d87fEaf85508C":433.217834517301,"0x5BC25f649fc4e26069dDF4cF4010F9f706c23831":1.5379898740950741,"0x5Be6C45e2d074fAa20700C49aDA3E88a1cc0025d":279.2743005223809,"0x5Ca135cB8527d76e932f34B5145575F9d8cbE08E":52.52947892979819,"0x5E8422345238F34275888049021821E8E08CAa1f":15680.634020612393,"0x5b6C539b224014A09B3388e51CaAA8e354c959C8":125.51761872295357,"0x5e74C9036fb86BD7eCdcb084a0673EFc32eA31cb":197.909406298987,"0x63a0964A36c34E81959da5894ad888800e17405b":21.070783231405485,"0x65D72AA8DA931F047169112fcf34f52DbaAE7D18":118.00375626338769,"0x661c70333AA1850CcDBAe82776Bb436A0fCfeEfB":0.0012372918861255594,"0x6663b6D50992ef4fc0380199397c87C2f5256075":492.46155861726857,"0x668308d77be3533c909a692302Cb4D135Bf8041C":0.05459648733613457,"0x66a1E37c9b0eAddca17d3662D6c05F4DECf3e110":0.1087300620832781,"0x674C6Ad92Fd080e4004b2312b45f796a192D27a0":1.7110523299347205,"0x68749665FF8D2d112Fa859AA293F07A622782F38":18.854537067607275,"0x6B175474E89094C44Da98b954EedeAC495271d0F":2173.284853698193,"0x6C280dB098dB673d30d5B34eC04B6387185D3620":65.01146664354981,"0x6C5024Cd4F8A59110119C56f8933403A539555EB":108.49520631018375,"0x6ade6971Ca3d90990C30d39c78b0534C7166e07b":80.82607530011198,"0x6c38cE8984a890F5e46e6dF6117C26b3F1EcfC9C":0.03014246372453422,"0x6c3F90f043a72FA612cbac8115EE7e52BDe6E490":1215.25568445381,"0x6c3ea9036406852006290770BEdFcAbA0e23A0e8":1835.335831643411,"0x6e52cCe4EaFDf77091dD1c82183b2D97b776b397":572.0322937345421,"0x6ef3D766Dfe02Dc4bF04aAe9122EB9A0Ded25615":0.028285314319441215,"0x73968b9a57c6E53d41345FD57a6E6ae27d6CDB2F":74.61702109197736,"0x73A15FeD60Bf67631dC6cd7Bc5B6e8da8190aCF5":0.01249810179183474,"0x76237BCfDbe8e06FB774663add96216961df4ff3":18.730423788259582,"0x76Eb2FE28b36B3ee97F3Adae0C69606eeDB2A37c":722.8726121781566,"0x77E06c9eCCf2E797fd462A92B6D7642EF85b0A44":0.48713075495999997,"0x78da5799CF427Fee11e9996982F4150eCe7a99A7":265.01347312766785,"0x7988292D0FB141085c092132e2a70B30aA1eccAB":487.7313873757477,"0x7F17A6C77C3938D235b014818092eb6305BdA110":37.06661674359644,"0x7F86Bf177Dd4F3494b841a37e810A34dD56c829B":3580.2430091944693,"0x7FA768E035F956c41d6aeaa3Bd857e7E5141CAd5":0.03837415147438713,"0x7ea4aD8C803653498bF6AC1D2dEbc04DCe8Fd2aD":73.30262297519708,"0x7f39C581F595B53c5cb19bD0b3f8dA6c935E2Ca0":2532.3949631625756,"0x8064d9Ae6cDf087b1bcd5BDf3531bD5d8C537a68":71.24119821354512,"0x80d69e79258FE9D056c822461c4eb0B4ca8802E2":0.026063713557371204,"0x826180541412D574cf1336d22c0C0a287822678A":920.9733301726715,"0x830614aE209FF9d8706d386fcdBc7a55206fcffC":40.06088378224633,"0x83F20F44975D03b1b09e64809B757c47f942BEeA":2689.40544242153,"0x84CeCB5525c6B1C20070E742da870062E84Da178":5.847665107983843,"0x853d955aCEf822Db058eb8505911ED77F175b99e":1943.366579370189,"0x856c4Efb76C1D1AE02e20CEB03A2A6a08b0b8dC3":1.738816208014584,"0x865377367054516e17014CcdED1e7d814EDC9ce4":372.5980704428975,"0x8C0D76C9B18779665475F3E212D9Ca1Ed6A1A0e6":317.66352417858684,"0x8C88538688aca3b733aD08b12BEe4574c0C00907":84.78014063906618,"0x8Cd52ee292313C4D851e71A7064F096504aB3eE9":65.45109906618185,"0x8E870D67F660D95d5be530380D0eC0bd388289E1":670.1416401555953,"0x8dAEBADE922dF735c38C80C7eBD708Af50815fAa":16.267406251926822,"0x8e595470Ed749b85C6F7669de83EAe304C2ec68F":15.057165310760931,"0x917ceE801a67f933F2e6b33fC0cD1ED2d5909D88":275.94065537916504,"0x9181f633E9B9F15A32d5e37094F4C93b333e0E92":0.4431220781073867,"0x922406EAFC3CcEb32b0256F287fB977c426EDbd8":0.02910941809583617,"0x9559Aaa82d9649C7A7b220E7c461d2E74c9a3593":185.24366374471867,"0x95710BDE45C8D384A976Cc58Cc7a7e489576b098":0.6334118308955993,"0x961D4921e1718E633BAC8Ded88c4a1cAe44b785a":253.37764695248114,"0x96E61422b6A9bA0e068B6c5ADd4fFaBC6a4aae27":532.3966489118046,"0x9961BdBE8B7091E584c2bF9D0a160C583f564A8c":390.95852393992095,"0x99D8a9C45b2ecA8864373A26D1459e3Dff1e17F3":23.066054648368755,"0x9BE89D2a4cd102D8Fecc6BF9dA793be995C22541":222.322080384974,"0x9D39A5DE30e57443BfF2A8307A4256c8797A3497":2171.04395581683,"0x9EEAD9ce15383CaEED975427340b3A369410CFBF":0.000003998396,"0x9FeE65D5A627e73212989c8BbEdC5Fa5Cae3821F":14.533255699665082,"0x9b77bd0a665F05995b68e36fC1053AFFfAf0d4B5":8.096149518792815,"0x9de1c3D446237ab9BaFF74127eb4F303802a2683":173.7670442901451,"0xA0b86991c6218b36c1d19D4a2e9Eb0cE3606eB48":5482.605868259819,"0xA0d69E286B938e21CBf7E51D71F6A4c8918f482F":485.0712956537647,"0xA1290d69c65A6Fe4DF752f95823fae25cB99e5A7":84.41372659329852,