{"0x0000000000085d4780B73119b644AE5ecd22b376":212.8103002743465,"0x0000000016E6Cb3038203c1129c8B4aEE7af7a11":1.6653999075567678,"0x005F893EcD7bF9667195642f7649DA8163e23658":141.2065931923233,"0x0100546F2cD4C9D97f798fFC9755E47865FF7Ee6":335.42730504192576,"0x028171bCA77440897B824Ca71D1c56caC55b68A3":1197.07929038432,"0x0316EB71485b0Ab14103307bf65a021042c6d380":0.025219675873838304,"0x03ab458634910AaD20eF5f1C8ee96F1D6ac54919":241.79915325940374,"0x04C154b66CB340F3Ae24111CC767e0184Ed00Cc6":245.7500198329176,"0x051d7e5609917Bd9b73f04BAc0DED8Dd46a74301":340.0860508789955,"0x056Fd409E1d7A124BD7017459dFEa2F387b6d5Cd":289.5328611868691,"0x067079c14B85169e6a29703769dadDef90816f4C":508.75826476386555,"0x075b1bb99792c9E1041bA13afEf80C91a1e70fB3":537.5523902937636,"0x085780639CC2cACd35E474e71f4d000e2405d8f6":386.882932195734,"0x09db87A538BD693E9d08544577d5cCfAA6373A48":63.15416786529574,"0x0E2EC54fC0B509F445631Bf4b91AB8168230C752":0.471156492698701,"0x0E573Ce2736Dd9637A0b21058352e1667925C7a8":134.790120946388,"0x0a5E677a6A24b2F1A2Bf4F3bFfC443231d2fDEc8":0.07800857705252433,"0x0bc529c00C6401aEF6D220BE8C6Ea1667F6Ad93e":18.134575849684325,"0x0d86883FAf4FfD7aEb116390af37746F45b6f378":285.6662180257276,"0x0dE54CFdfeD8005176f8b7A9D5438B45c4F1df1e":2.366139614734933,"0x137469B55D1f15651BA46A89D0588e97dD0B6562":196.96177208542164,"0x1456688345527bE1f37E9e627DA0837D6f08C925":1.9075179692372524,"0x15700B564Ca08D9439C58cA5053166E8317aa138":109.18651458059857,"0x16eAd9a10b1A77007E6E329B076aD1Fe97a6F7C0":145.2239189004836,"0x18084fbA666a33d37592fA2633fD49a74DD93a88":14.482253570033041,"0x1830c553dC76d3447B69b7B0dC19CF9e3c739C78":76.6208633467815,"0x183395DbD0B5e93323a7286D1973150697FFFCB3":438.86902349614166,"0x196f4727526eA7FB1e17b2071B3d8eAA38486988":2.5654566705286843,"0x1BED97CBC3c24A4fb5C069C6E311a967386131f7":237.79237731434029,"0x1aBaEA1f7C830bD89Acc67eC4af516284b1bC33c":114.02881953642165,"0x1c48f86ae57291F7686349F12601910BD8D470bb":0.5852251331167008,"0x1ce0D1E19c9514230FF8CD1DAbaC2555fb92122b":0,"0x2191DF768ad71140F9F3E96c1e4407A4aA31d082":23.102131652537935,"0x2260FAC5E5542a773Aa44fBCfeDf7C193bc2C599":20.717533412679106,"0x2302aaBe69e6E7A1b0Aa23aAC68fcCB8A4D2B460":115.41210256784552,"0x2570f1bD5D2735314FC102eb12Fc1aFe9e6E7193":29.169641386674982,"0x25eC98773D7b4ceD4cAFaB96A2A1c0945f145e10":5.8776643651945415,"0x2889302a794dA87fBF1D6Db415C1492194663D13":356.1562382039212,"0x29059568bB40344487d62f7450E78b8E6C74e0e5":478.56817598375636,"0x2b01d4FdB87eb7F2399E5D68631d8A939a323786":222.3327317001796,"0x3175Df0976dFA876431C2E9eE6Bc45b65d3473CC":0.00003873187144864538,"0x3231Cb76718CDeF2155FC47b5286d82e6eDA273f":330.95750362300083,"0x32bd822d615A3658A68b6fDD30c2fcb2C996D678":262.99452074646643,"0x3432B6A60D23Ca0dFCa7761B7ab56459D9C964D0":273.6075726967955,"0x34635280737b5BFe6c7DC2FC3065D60d66e78185":236.2405165827325,"0x35282d87011f87508D457F08252Bc5bFa52E10A0":158.25823104176294,"0x35D8949372D46B7a3D5A56006AE77B215fc69bC0":669.6434514175513,"0x35fA164735182de50811E8e2E824cFb9B6118ac2":854.6002377794617,"0x365AccFCa291e7D3914637ABf1F7635dB165Bb09":441.77167952258446,"0x383E6b4437b59fff47B619CBA855CA29342A8559":194.87327989172064,"0x38D64ce1Bdf1A9f24E0Ec469C9cAde61236fB4a0":209.97916818906222,"0x393DaD6c76D962Abba489a77dBf37ae948A4A6ee":120.97783829602926,"0x3A2725556Dde7B21fBe3dD64A4913ff29faba6A1":0.026910097421931508,"0x3A283D9c08E8b55966afb64C515f5143cf907611":1807.6115894307388,"0x3Ed3B47Dd13EC9a98b44e6204A523E766B225811":4.438081446,"0x3f0e7916681452D23Cd36B1281457DA721F2E5dF":48.03945682551374,"0x401322B9FDdba8c0a8D40fbCECE1D1752C12316B":260.1990218609817,"0x40D16FC0246aD3160Ccc09B8D0D3A2cD28aE6C2f":266.8366006142856,"0x4591DBfF62656E7859Afe5e45f6f47D3669fBB28":219.72028953259309,"0x4647B6D835f3B393C7A955df51EEfcf0db961606":216.7270267830355,"0x466a756E9A7401B5e2444a3fCB3c2C12FBEa0a54":49.20160032309421,"0x48759F220ED983dB51fA7A8C0D2AAb8f3ce4166a":2391.6863835798135,"0x49446A0874197839D15395B908328a74ccc96Bc0":32.047319197146486,"0x4AE86d8732390d852A13cb918463BC6e5775FaDD":140.43931321188268,"0x4D1941a887eC788F059b3bfcC8eE1E97b968825B":293.4067740511212,"0x4DEcE678ceceb27446b35C672dC7d61F30bAD69E":442.99146898847647,"0x4Fabb145d64652a948d72533023f6E7A623C7C53":0.03970918664604729,"0x4c9EDD5852cd905f086C759E8383e09bff1E68B3":1811.359162243982,"0x4de2ab8177fC5fFAFB7aD11FB8BeB1e5fB95F71C":363.0602469165141,"0x4eBdF703948ddCEA3B11f675B4D1Fba9d2414A14":168.39542495787916,"0x514910771AF9Ca656af840dff83E8264EcF986CA":78.73085285195725,"0x5228a22e72ccC52d415EcFd199F99D0665E7733b":53.095242677754456,"0x5271045F7B73c17825A7A7aee6917eE46b0B7520":195.89805094500633,"0x527331F3F550f6f85ACFEcAB9Cc0889180C6f1d5":275.08198966703816,"0x5426178799ee0a0181A89b4f57eFddfAb49941Ec":71.26646550775352,"0x5555f75e3d5278082200Fb451D1b6bA946D8e13b":115.42477861082081,"0x57Ab1ec28D129707052df4dF418D58a2D46d5f51":154.24364288732517,"0x57a5a0567187FF4A8dcC1A9bBa86155E355878F2":0.7490605675576194,"0x58efE15C0404aB22F87E4495D71f6f2077e862bE":0.001247221889862012,"0x5905c0290e59aFBDc42a5480add9bD7B20CB3759":0.17772107893263886,"0x59D9356E565Ab3A36dD77763Fc0d87fEaf85508C":179.12002215270147,"0x5BC25f649fc4e26069dDF4cF4010F9f706c23831":3.102521863962945,"0x5Be6C45e2d074fAa20700C49aDA3E88a1cc0025d":300.02967450929464,"0x5Ca135cB8527d76e932f34B5145575F9d8cbE08E":53.807536848581634,"0x5E8422345238F34275888049021821E8E08CAa1f":12787.627642311718,"0x5Ea630e00D6eE438d3deA1556A110359ACdc10A9":248.51808911151542,"0x5b6C539b224014A09B3388e51CaAA8e354c959C8":46.474465421036804,"0x5e74C9036fb86BD7eCdcb084a0673EFc32eA31cb":3.310004635255014,"0x6359B6d3e327c497453d4376561eE276c6933323":233.51718383642375,"0x63a0964A36c34E81959da5894ad888800e17405b":241.92383481325498,"0x65D72AA8DA931F047169112fcf34f52DbaAE7D18":348.42770131876654,"0x65f228ED6a6001eD6485535e0Dc33E525734f54c":44.22192266633843,"0x661c70333AA1850CcDBAe82776Bb436A0fCfeEfB":77.40513054269884,"0x6663b6D50992ef4fc0380199397c87C2f5256075":103.92405334109671,"0x668308d77be3533c909a692302Cb4D135Bf8041C":0.039556137804078725,"0x66a1E37c9b0eAddca17d3662D6c05F4DECf3e110":26.223981383486176,"0x674C6Ad92Fd080e4004b2312b45f796a192D27a0":5.2914843111115015,"0x677ddbd918637E5F2c79e164D402454dE7dA8619":0.6461971919441893,"0x68749665FF8D2d112Fa859AA293F07A622782F38":17.20369981703064,"0x69000405f9DcE69BD4Cbf4f2865b79144A69BFE0":0.00003849530440745408,"0x6B175474E89094C44Da98b954EedeAC495271d0F":4989.082503426312,"0x6C280dB098dB673d30d5B34eC04B6387185D3620":269.3825200317722,"0x6C5024Cd4F8A59110119C56f8933403A539555EB":123.34804809830189,"0x6C9815826FdF8c7a45cCfEd2064dbaB33a078712":54.96765293179035,"0x6ade6971Ca3d90990C30d39c78b0534C7166e07b":181.29101489556723,"0x6b5204B0Be36771253Cc38e88012E02B752f0f36":162.94274426399014,"0x6c3F90f043a72FA612cbac8115EE7e52BDe6E490":793.154805145778,"0x6c3ea9036406852006290770BEdFcAbA0e23A0e8":201.8518103356314,"0x6e52cCe4EaFDf77091dD1c82183b2D97b776b397":104.16930093840156,"0x6ef3D766Dfe02Dc4bF04aAe9122EB9A0Ded25615":0.03783741169246613,"0x7223442cad8e9cA474fC40109ab981608F8c4273":78.15208216727127,"0x73968b9a57c6E53d41345FD57a6E6ae27d6CDB2F":89.87261795789696,"0x73A15FeD60Bf67631dC6cd7Bc5B6e8da8190aCF5":465.3670230279342,"0x752B4c6e92d96467fE9b9a2522EF07228E00F87c":47.14318936251874,"0x76237BCfDbe8e06FB774663add96216961df4ff3":30.509849878707932,"0x76Eb2FE28b36B3ee97F3Adae0C69606eeDB2A37c":1179.9603400301546,"0x77E06c9eCCf2E797fd462A92B6D7642EF85b0A44":0.78871199068,"0x78da5799CF427Fee11e9996982F4150eCe7a99A7":92.77973857679729,"0x7988292D0FB141085c092132e2a70B30aA1eccAB":462.0888680282105,"0x7F17A6C77C3938D235b014818092eb6305BdA110":138.71932897540816,"0x7F86Bf177Dd4F3494b841a37e810A34dD56c829B":4601.007059211932,"0x7FA768E035F956c41d6aeaa3Bd857e7E5141CAd5":0.33908800287098684,"0x7ea4aD8C803653498bF6AC1D2dEbc04DCe8Fd2aD":96.57077224653314,"0x7f39C581F595B53c5cb19bD0b3f8dA6c935E2Ca0":611.7861959190273,"0x8064d9Ae6cDf087b1bcd5BDf3531bD5d8C537a68":70.04257100015404,"0x808507121B80c02388fAd14726482e061B8da827":199.2497469141986,