{"0x0000000000085d4780B73119b644AE5ecd22b376":0.008452386940523937,"0x005F893EcD7bF9667195642f7649DA8163e23658":100.77977616808576,"0x0100546F2cD4C9D97f798fFC9755E47865FF7Ee6":150.19365112237767,"0x028171bCA77440897B824Ca71D1c56caC55b68A3":744.6740037854267,"0x0316EB71485b0Ab14103307bf65a021042c6d380":56.60456302631775,"0x03ab458634910AaD20eF5f1C8ee96F1D6ac54919":167.00292341307667,"0x04C154b66CB340F3Ae24111CC767e0184Ed00Cc6":229.33360595995038,"0x056Fd409E1d7A124BD7017459dFEa2F387b6d5Cd":310.6076378398835,"0x075b1bb99792c9E1041bA13afEf80C91a1e70fB3":754.0576608666807,"0x085780639CC2cACd35E474e71f4d000e2405d8f6":993.134955956653,"0x09b2E090531228d1b8E3d948C73b990Cb6e60720":488.17750621840395,"0x0E2EC54fC0B509F445631Bf4b91AB8168230C752":0.47157501080353215,"0x0E573Ce2736Dd9637A0b21058352e1667925C7a8":138.67167196242997,"0x0a5E677a6A24b2F1A2Bf4F3bFfC443231d2fDEc8":0.008264627380095556,"0x0bc529c00C6401aEF6D220BE8C6Ea1667F6Ad93e":0.5956901241255846,"0x0d86883FAf4FfD7aEb116390af37746F45b6f378":174.76887320137598,"0x0dE54CFdfeD8005176f8b7A9D5438B45c4F1df1e":5.835376181803285,"0x1456688345527bE1f37E9e627DA0837D6f08C925":6.766706809320877,"0x16eAd9a10b1A77007E6E329B076aD1Fe97a6F7C0":0.6307489761387499,"0x18084fbA666a33d37592fA2633fD49a74DD93a88":7.016548419275463,"0x1830c553dC76d3447B69b7B0dC19CF9e3c739C78":99.239734311577,"0x183395DbD0B5e93323a7286D1973150697FFFCB3":313.2579506153374,"0x196f4727526eA7FB1e17b2071B3d8eAA38486988":2.498012497987463,"0x1c48f86ae57291F7686349F12601910BD8D470bb":1.2642898234265028,"0x1ce0D1E19c9514230FF8CD1DAbaC2555fb92122b":0,"0x2260FAC5E5542a773Aa44fBCfeDf7C193bc2C599":319.26100934912995,"0x2570f1bD5D2735314FC102eb12Fc1aFe9e6E7193":357.63499447938574,"0x25eC98773D7b4ceD4cAFaB96A2A1c0945f145e10":0,"0x2889302a794dA87fBF1D6Db415C1492194663D13":821.2379014896082,"0x29059568bB40344487d62f7450E78b8E6C74e0e5":0.000017511642200625,"0x2b01d4FdB87eb7F2399E5D68631d8A939a323786":6.837284253703823,"0x31429d1856aD1377A8A0079410B297e1a9e214c2":468.03080530153613,"0x32bd822d615A3658A68b6fDD30c2fcb2C996D678":58.23176081172531,"0x34635280737b5BFe6c7DC2FC3065D60d66e78185":340.5551379458812,"0x35282d87011f87508D457F08252Bc5bFa52E10A0":64.54168729608125,"0x35D8949372D46B7a3D5A56006AE77B215fc69bC0":875.0709580575876,"0x35fA164735182de50811E8e2E824cFb9B6118ac2":966.1104751311357,"0x383E6b4437b59fff47B619CBA855CA29342A8559":44.79518341578732,"0x38D64ce1Bdf1A9f24E0Ec469C9cAde61236fB4a0":150.9071752823474,"0x3A283D9c08E8b55966afb64C515f5143cf907611":1483.5661329917255,"0x3Ed3B47Dd13EC9a98b44e6204A523E766B225811":996.7368643631851,"0x40D16FC0246aD3160Ccc09B8D0D3A2cD28aE6C2f":181.6782011934958,"0x4591DBfF62656E7859Afe5e45f6f47D3669fBB28":331.332233990828,"0x4647B6D835f3B393C7A955df51EEfcf0db961606":229.26520585517588,"0x466a756E9A7401B5e2444a3fCB3c2C12FBEa0a54":1.7799739468506162,"0x48759F220ED983dB51fA7A8C0D2AAb8f3ce4166a":1003.7405090305464,"0x49446A0874197839D15395B908328a74ccc96Bc0":10.765031777235675,"0x4D1941a887eC788F059b3bfcC8eE1E97b968825B":1.8013997462979077,"0x4Fabb145d64652a948d72533023f6E7A623C7C53":0.029765382890553655,"0x4c9EDD5852cd905f086C759E8383e09bff1E68B3":2495.59650773118,"0x4de2ab8177fC5fFAFB7aD11FB8BeB1e5fB95F71C":143.49529561134452,"0x514910771AF9Ca656af840dff83E8264EcF986CA":99.81782289573853,"0x5228a22e72ccC52d415EcFd199F99D0665E7733b":45.04346727033568,"0x5426178799ee0a0181A89b4f57eFddfAb49941Ec":219.98302073354955,"0x5555f75e3d5278082200Fb451D1b6bA946D8e13b":36.174081426972215,"0x57a5a0567187FF4A8dcC1A9bBa86155E355878F2":1.0831516463642255,"0x58efE15C0404aB22F87E4495D71f6f2077e862bE":0.0012498164138459997,"0x5905c0290e59aFBDc42a5480add9bD7B20CB3759":0.14742608541979152,"0x59D9356E565Ab3A36dD77763Fc0d87fEaf85508C":538.2922659995608,"0x5BC25f649fc4e26069dDF4cF4010F9f706c23831":3.2755108771981325,"0x5Ca135cB8527d76e932f34B5145575F9d8cbE08E":46.297169904158494,"0x5E8422345238F34275888049021821E8E08CAa1f":15934.569585252586,"0x5e74C9036fb86BD7eCdcb084a0673EFc32eA31cb":179.61563034731816,"0x63a0964A36c34E81959da5894ad888800e17405b":14.519991056490307,"0x65D72AA8DA931F047169112fcf34f52DbaAE7D18":122.55300884706863,"0x661c70333AA1850CcDBAe82776Bb436A0fCfeEfB":36.55263969866791,"0x668308d77be3533c909a692302Cb4D135Bf8041C":0.0529536887243314,"0x66a1E37c9b0eAddca17d3662D6c05F4DECf3e110":0.10859015766773039,"0x674C6Ad92Fd080e4004b2312b45f796a192D27a0":4.085300866665392,"0x68749665FF8D2d112Fa859AA293F07A622782F38":11.947490154403347,"0x6B175474E89094C44Da98b954EedeAC495271d0F":1679.0545094457264,"0x6C5024Cd4F8A59110119C56f8933403A539555EB":114.3654813138914,"0x6ade6971Ca3d90990C30d39c78b0534C7166e07b":125.22206525781041,"0x6b5204B0Be36771253Cc38e88012E02B752f0f36":51.80691265520291,"0x6c3F90f043a72FA612cbac8115EE7e52BDe6E490":1224.661232108536,"0x6c3ea9036406852006290770BEdFcAbA0e23A0e8":585.35386059687,"0x6ef3D766Dfe02Dc4bF04aAe9122EB9A0Ded25615":0.0274497705036704,"0x73968b9a57c6E53d41345FD57a6E6ae27d6CDB2F":80.30533298933585,"0x73A15FeD60Bf67631dC6cd7Bc5B6e8da8190aCF5":2545.017786781355,"0x76237BCfDbe8e06FB774663add96216961df4ff3":12.521534094954626,"0x76Eb2FE28b36B3ee97F3Adae0C69606eeDB2A37c":730.9841171775658,"0x77E06c9eCCf2E797fd462A92B6D7642EF85b0A44":0.6700767209499999,"0x78da5799CF427Fee11e9996982F4150eCe7a99A7":46.622666097919755,"0x7F17A6C77C3938D235b014818092eb6305BdA110":44.30262378840465,"0x7F86Bf177Dd4F3494b841a37e810A34dD56c829B":2179.2039020846255,"0x7FA768E035F956c41d6aeaa3Bd857e7E5141CAd5":0.03726086872361717,"0x7f39C581F595B53c5cb19bD0b3f8dA6c935E2Ca0":649.1036659305104,"0x8064d9Ae6cDf087b1bcd5BDf3531bD5d8C537a68":65.29169155635367,"0x80d69e79258FE9D056c822461c4eb0B4ca8802E2":0.025409722969285547,"0x826180541412D574cf1336d22c0C0a287822678A":193.65563459598846,"0x830614aE209FF9d8706d386fcdBc7a55206fcffC":48.72360949728013,"0x83F20F44975D03b1b09e64809B757c47f942BEeA":1565.7867836006012,"0x84CeCB5525c6B1C20070E742da870062E84Da178":6.447810282986997,"0x853d955aCEf822Db058eb8505911ED77F175b99e":868.7763872332372,"0x856c4Efb76C1D1AE02e20CEB03A2A6a08b0b8dC3":1.6893398490829454,"0x865377367054516e17014CcdED1e7d814EDC9ce4":505.6976355839141,"0x8682Fbf0CbF312C891532BA9F1A91e44f81ad7DF":478.5333866382154,"0x8C0D76C9B18779665475F3E212D9Ca1Ed6A1A0e6":414.05590871788445,"0x8c9532a60E0E7C6BbD2B2c1303F63aCE1c3E9811":0.044834694760626334,"0x8dAEBADE922dF735c38C80C7eBD708Af50815fAa":9.449522068533987,"0x8e595470Ed749b85C6F7669de83EAe304C2ec68F":19.675189974060313,"0x917ceE801a67f933F2e6b33fC0cD1ED2d5909D88":410.00853781479344,"0x9181f633E9B9F15A32d5e37094F4C93b333e0E92":0.43003339339503155,"0x922406EAFC3CcEb32b0256F287fB977c426EDbd8":0.02907196262080377,"0x954313005C56b555bdC41B84D6c63B69049d7847":447.19446043242186,"0x9559Aaa82d9649C7A7b220E7c461d2E74c9a3593":182.74291217097635,"0x95710BDE45C8D384A976Cc58Cc7a7e489576b098":2.393558633472519,"0x961D4921e1718E633BAC8Ded88c4a1cAe44b785a":866.0479934492607,"0x9961BdBE8B7091E584c2bF9D0a160C583f564A8c":390.8142904047936,"0x99D8a9C45b2ecA8864373A26D1459e3Dff1e17F3":35.97830709653051,"0x9BE89D2a4cd102D8Fecc6BF9dA793be995C22541":681.2991088297034,"0x9D39A5DE30e57443BfF2A8307A4256c8797A3497":1616.2641615176196,"0x9EEAD9ce15383CaEED975427340b3A369410CFBF":5.7106599292112366,"0x9FeE65D5A627e73212989c8BbEdC5Fa5Cae3821F":12.719764316966435,"0xA0b86991c6218b36c1d19D4a2e9Eb0cE3606eB48":4048.6372837506847,"0xA0d69E286B938e21CBf7E51D71F6A4c8918f482F":926.6568212831471,"0xA1290d69c65A6Fe4DF752f95823fae25cB99e5A7":87.65802176053725,"0xA35b1B31Ce002FBF2058D22F30f95D405200A15b":1.7699923652726168,"0xA5588F7cdf560811710A2D82D3C9c99769DB1Dcb":103.00192815189715,"0xA663B02CF0a4b149d2aD41910CB81e23e1c41c32":56.8702223521314,"0xAB846Fb6C81370327e784Ae7CbB6d6a6af6Ff4BF":60.79705352337779,"0xBC6DA0FE9aD5f3b0d58160288917AA56653660E9":4.247450947950664,"0xBcca60bB61934080951369a648Fb03DF4F96263C":0.140646216897,"0xBed58C1053fd347843883eadE0781f562A66f623":4.449726784903832,"0xC02aaA39b223FE8D0A0e5C4F27eAD9083C756Cc2":2583.8031773788634,"0xC272B96bCcdaf1BF98F2197D355066Da3C15982a":57.12381000929599,