{"0x0000000000085d4780B73119b644AE5ecd22b376":421.18098133157525,"0x00000000008FD4F395Ec6F12920bae9Cb6C722e4":0,"0x0000000016E6Cb3038203c1129c8B4aEE7af7a11":0,"0x00000000eFE302BEAA2b3e6e1b18d08D69a9012a":312.8104993630613,"0x005F893EcD7bF9667195642f7649DA8163e23658":334.44826550257307,"0x0100546F2cD4C9D97f798fFC9755E47865FF7Ee6":433.3820033785829,"0x015B94AB2B0A14A96030573FBcD0F3D3d763541F":0,"0x028171bCA77440897B824Ca71D1c56caC55b68A3":0.00001123475761873565,"0x0316EB71485b0Ab14103307bf65a021042c6d380":0.14701046045291247,"0x03AA6298F1370642642415EDC0db8b957783e8D6":0.8583009478376429,"0x03ab458634910AaD20eF5f1C8ee96F1D6ac54919":390.61236519747735,"0x04C154b66CB340F3Ae24111CC767e0184Ed00Cc6":19.881782869280833,"0x04bC0Ab673d88aE9dbC9DA2380cB6B79C4BCa9aE":188.59570145882296,"0x051d7e5609917Bd9b73f04BAc0DED8Dd46a74301":48.01073693677098,"0x056Fd409E1d7A124BD7017459dFEa2F387b6d5Cd":188.75856999999996,"0x075b1bb99792c9E1041bA13afEf80C91a1e70fB3":101.53953480890719,"0x07Ac55797D4F43f57cA92a49E65ca582cC287c27":0,"0x085780639CC2cACd35E474e71f4d000e2405d8f6":544.0889416824693,"0x0879c1a344910c2944C29b892A1CF0c216122C66":0.00024691672063465115,"0x09db87A538BD693E9d08544577d5cCfAA6373A48":27.584833922347624,"0x0C10bF8FcB7Bf5412187A595ab97a3609160b5c6":1.5223961491872113,"0x0E2EC54fC0B509F445631Bf4b91AB8168230C752":0.48234837587365126,"0x0E573Ce2736Dd9637A0b21058352e1667925C7a8":183.2910884515622,"0x0F83287FF768D1c1e17a42F44d644D7F22e8ee1d":62.936265288011036,"0x0a5E677a6A24b2F1A2Bf4F3bFfC443231d2fDEc8":1.5262977124689356,"0x0b4D6DA52dF60D44Ce7140F1044F2aD5fabd6316":0,"0x0bc529c00C6401aEF6D220BE8C6Ea1667F6Ad93e":304.63870515265415,"0x0d86883FAf4FfD7aEb116390af37746F45b6f378":91.43313080071536,"0x0dE54CFdfeD8005176f8b7A9D5438B45c4F1df1e":5.8357232543482,"0x11EBe21e9d7BF541A18e1E3aC94939018Ce88F0b":1.1917977626920384,"0x1456688345527bE1f37E9e627DA0837D6f08C925":2.518424733980073,"0x15700B564Ca08D9439C58cA5053166E8317aa138":149.34545701743735,"0x18084fbA666a33d37592fA2633fD49a74DD93a88":59.84661928624886,"0x183395DbD0B5e93323a7286D1973150697FFFCB3":136.72715439977847,"0x1BED97CBC3c24A4fb5C069C6E311a967386131f7":42.815916596512096,"0x1CC481cE2BD2EC7Bf67d1Be64d4878b16078F309":143.14356838701002,"0x1Ee4dE3CD1505Ddb2e60C20651A4aB7FfABDc8F6":0,"0x1a7e4e63778B4f12a199C062f3eFdD288afCBce8":444.558183021774,"0x1aBaEA1f7C830bD89Acc67eC4af516284b1bC33c":84.515832384,"0x1c48f86ae57291F7686349F12601910BD8D470bb":1.3812583573564783,"0x1ce0D1E19c9514230FF8CD1DAbaC2555fb92122b":0,"0x1cfa5641c01406aB8AC350dEd7d735ec41298372":19.70813564337533,"0x2191DF768ad71140F9F3E96c1e4407A4aA31d082":16.422214656497896,"0x2260FAC5E5542a773Aa44fBCfeDf7C193bc2C599":65.30159816,"0x246BE97fda42375c39E21377Ad80D8290AfdB994":0,"0x25eC98773D7b4ceD4cAFaB96A2A1c0945f145e10":73.49533499570505,"0x269895a3dF4D73b077Fc823dD6dA1B95f72Aaf9B":40.92314348930168,"0x26EA744E5B887E5205727f55dFBE8685e3b21951":113.18291984999999,"0x270B7748CdF8243bFe68FaCE7230ef0fCE695389":43.752999768345035,"0x280A8955A11FcD81D72bA1F99d265A48ce39aC2E":22.804533363825833,"0x2C2D8a078B33bf7782a16AcCE2C5BA6653a90D5f":19.85879540654903,"0x2Fc6e9c1b2C07E18632eFE51879415a580AD22E1":9.09900207785191,"0x2b01d4FdB87eb7F2399E5D68631d8A939a323786":249.95068274480147,"0x2bd1F344a2398340C2b1119Da98816eA723F5F0f":2.787649873353,"0x31429d1856aD1377A8A0079410B297e1a9e214c2":24.903249787039215,"0x3175Df0976dFA876431C2E9eE6Bc45b65d3473CC":4452.176005700578,"0x32bd822d615A3658A68b6fDD30c2fcb2C996D678":378.12255955682417,"0x3432B6A60D23Ca0dFCa7761B7ab56459D9C964D0":128.22046331248876,"0x34635280737b5BFe6c7DC2FC3065D60d66e78185":140.9354933932994,"0x35282d87011f87508D457F08252Bc5bFa52E10A0":179.20842201561146,"0x35fA164735182de50811E8e2E824cFb9B6118ac2":230.33164297167585,"0x365AccFCa291e7D3914637ABf1F7635dB165Bb09":379.939245204829,"0x383E6b4437b59fff47B619CBA855CA29342A8559":386.5854108413881,"0x38D64ce1Bdf1A9f24E0Ec469C9cAde61236fB4a0":336.936789036297,"0x39AA39c021dfbaE8faC545936693aC917d5E7563":31.856398474487285,"0x3A2725556Dde7B21fBe3dD64A4913ff29faba6A1":0.027291773594363057,"0x3C20Ac688410bE8F391bE1fb00AFc5C212972F86":3.923401628559232,"0x3Ed3B47Dd13EC9a98b44e6204A523E766B225811":0.00014814799999999996,"0x3d1E5Cf16077F349e999d6b21A4f646e83Cd90c5":84.12751634852893,"0x3f92247053508C7662C9A24ccd01229Fe0EF7419":0,"0x3fa372155439e9150a99D86A1de93a92F26b00C8":0,"0x402F878BDd1f5C66FdAF0fabaBcF74741B68ac36":130.2578529745363,"0x40D16FC0246aD3160Ccc09B8D0D3A2cD28aE6C2f":71.08966559231972,"0x4104b135DBC9609Fc1A9490E61369036497660c8":51.447273825777515,"0x4185cf99745B2a20727B37EE798193DD4a56cDfa":0,"0x437cc33344a0B27A429f795ff6B469C72698B291":106.28494620719316,"0x4591DBfF62656E7859Afe5e45f6f47D3669fBB28":310.129346113765,"0x466a756E9A7401B5e2444a3fCB3c2C12FBEa0a54":158.65200358902285,"0x49446A0874197839D15395B908328a74ccc96Bc0":219.0450460174015,"0x4956b52aE2fF65D74CA2d61207523288e4528f96":109.75394211272075,"0x4D55a36902a6546A79ec4c9c315241De746D5fC3":0.00624162732079833,"0x4Fabb145d64652a948d72533023f6E7A623C7C53":29.86569917838035,"0x4b7Dc127ecEf167b31e51785F43c3840fC8f966A":0,"0x4c9EDD5852cd905f086C759E8383e09bff1E68B3":121.81293943199269,"0x4d7564f1272E24111280918b8Ae4Df9953A6253F":1.1885831529870672e-7,"0x4e3FBD56CD56c3e72c1403e103b45Db9da5B9D2B":496.457676719059,"0x514910771AF9Ca656af840dff83E8264EcF986CA":27.98250783055179,"0x5228a22e72ccC52d415EcFd199F99D0665E7733b":72.90059286780458,"0x526Be1c610616be0e8e69893fC6766FddfBaDA61":1.3321433539534115,"0x530824DA86689C9C17CdC2871Ff29B058345b44a":58.042938715679874,"0x535321013A1E2D5aF3B1853812a64CA3fc6C1fa1":0.0733422536575647,"0x5555f75e3d5278082200Fb451D1b6bA946D8e13b":140.54715061215808,"0x573d2505a7ee69D136A8667b4Cd915f039AC54e5":0,"0x57Ab1ec28D129707052df4dF418D58a2D46d5f51":31.372057194875946,"0x57a5a0567187FF4A8dcC1A9bBa86155E355878F2":0.7760287301280976,"0x58efE15C0404aB22F87E4495D71f6f2077e862bE":0.00754947016,"0x59D9356E565Ab3A36dD77763Fc0d87fEaf85508C":133.89782866825178,"0x5BC25f649fc4e26069dDF4cF4010F9f706c23831":0.0024350989657130916,"0x5Ca135cB8527d76e932f34B5145575F9d8cbE08E":125.53182665880112,"0x5E17aBe30F0b804730c4E4DB0ad217d8c29D05A0":0,"0x5E8422345238F34275888049021821E8E08CAa1f":15344.665931025453,"0x5Ea630e00D6eE438d3deA1556A110359ACdc10A9":133.04187322168235,"0x5e74C9036fb86BD7eCdcb084a0673EFc32eA31cb":1.9205620486492736,"0x5f98805A4E8be255a32880FDeC7F6728C6568bA0":350.11014442248006,"0x6021444f1706f15465bEe85463BCc7d7cC17Fc03":0.11806870877552106,"0x605D26FBd5be761089281d5cec2Ce86eeA667109":0,"0x62199B909FB8B8cf870f97BEf2cE6783493c4908":0,"0x62B9c7356A2Dc64a1969e19C23e4f579F9810Aa7":59.174497974100824,"0x63a0964A36c34E81959da5894ad888800e17405b":0,"0x64351fC9810aDAd17A690E4e1717Df5e7e085160":7.836621715796916,"0x657e8C867D8B37dCC18fA4Caead9C45EB088C642":16.42085916,"0x65D72AA8DA931F047169112fcf34f52DbaAE7D18":396.4965486005754,"0x661c70333AA1850CcDBAe82776Bb436A0fCfeEfB":72.92446764993241,"0x668308d77be3533c909a692302Cb4D135Bf8041C":4.019064695489856,"0x66a1E37c9b0eAddca17d3662D6c05F4DECf3e110":189.54053522049747,"0x677ddbd918637E5F2c79e164D402454dE7dA8619":31.620061393884832,"0x68037790A0229e9Ce6EaA8A99ea92964106C4703":0.7491439648912444,"0x68749665FF8D2d112Fa859AA293F07A622782F38":22.34083965067418,"0x69000405f9DcE69BD4Cbf4f2865b79144A69BFE0":20.13288941293203,"0x6967299e9F3d5312740Aa61dEe6E9ea658958e31":0.07475185968136774,"0x69681f8fde45345C3870BCD5eaf4A05a60E7D227":195.77095369911277,"0x698978E0fc8f814989d8c23b8b9D3bdfABab4451":0.005803699567379341,"0x69e8b9528CABDA89fe846C67675B5D73d463a916":2.9994530536032734e-7,"0x6B175474E89094C44Da98b954EedeAC495271d0F":169.10551844108778,"0x6BeA7CFEF803D1e3d5f7C0103f7ded065644e197":11.024622790785735,"0x6C9815826FdF8c7a45cCfEd2064dbaB33a078712":37.06809357047347,"0x6b5204B0Be36771253Cc38e88012E02B752f0f36":301.24115252828466,"0x6bA75D640bEbfe5dA1197bb5A2aff3327789b5d3":3.4880135107210437,"0x6c3F90f043a72FA612cbac8115EE7e52BDe6E490":1918.2896407244243,"0x6c3ea9036406852006290770BEdFcAbA0e23A0e8":15.504160671999998,