{"0x0000000000085d4780B73119b644AE5ecd22b376":0.00846900312465451,"0x005F893EcD7bF9667195642f7649DA8163e23658":193.8742541694965,"0x0100546F2cD4C9D97f798fFC9755E47865FF7Ee6":455.3208523708474,"0x028171bCA77440897B824Ca71D1c56caC55b68A3":822.0044084827562,"0x0316EB71485b0Ab14103307bf65a021042c6d380":0.022454973368156494,"0x03ab458634910AaD20eF5f1C8ee96F1D6ac54919":198.9094646278172,"0x04C154b66CB340F3Ae24111CC767e0184Ed00Cc6":423.72746173600524,"0x056Fd409E1d7A124BD7017459dFEa2F387b6d5Cd":288.50663235423553,"0x067079c14B85169e6a29703769dadDef90816f4C":419.40305705446866,"0x075b1bb99792c9E1041bA13afEf80C91a1e70fB3":340.07810451170326,"0x085780639CC2cACd35E474e71f4d000e2405d8f6":718.8395618765288,"0x0E2EC54fC0B509F445631Bf4b91AB8168230C752":0.4714905683867557,"0x0E573Ce2736Dd9637A0b21058352e1667925C7a8":147.02253131658176,"0x0a5E677a6A24b2F1A2Bf4F3bFfC443231d2fDEc8":0.061973410942864196,"0x0bc529c00C6401aEF6D220BE8C6Ea1667F6Ad93e":23.918265318447947,"0x0d86883FAf4FfD7aEb116390af37746F45b6f378":268.55492155231167,"0x0dE54CFdfeD8005176f8b7A9D5438B45c4F1df1e":4.2730790191693275,"0x127091edE112aEd7Bae281747771b3150Bb047bB":0.7243700822497537,"0x1456688345527bE1f37E9e627DA0837D6f08C925":5.770955017551173,"0x15700B564Ca08D9439C58cA5053166E8317aa138":496.6009615625996,"0x16eAd9a10b1A77007E6E329B076aD1Fe97a6F7C0":129.6651658869534,"0x18084fbA666a33d37592fA2633fD49a74DD93a88":2.9177661370970487,"0x1830c553dC76d3447B69b7B0dC19CF9e3c739C78":114.55594628063487,"0x183395DbD0B5e93323a7286D1973150697FFFCB3":353.99235791049904,"0x196f4727526eA7FB1e17b2071B3d8eAA38486988":1.7212843302395713,"0x1aBaEA1f7C830bD89Acc67eC4af516284b1bC33c":492.9627518894763,"0x1bEFB9B02f7Fc821B96aC1FE2cAF881FdF72b771":4.5188201979312606,"0x1c48f86ae57291F7686349F12601910BD8D470bb":1.108828748535239,"0x1ce0D1E19c9514230FF8CD1DAbaC2555fb92122b":0,"0x2191DF768ad71140F9F3E96c1e4407A4aA31d082":15.033319521271828,"0x2260FAC5E5542a773Aa44fBCfeDf7C193bc2C599":17.88601186006665,"0x22CF19EB64226e0E1A79c69b345b31466fD273A7":2.7538711697082805,"0x2302aaBe69e6E7A1b0Aa23aAC68fcCB8A4D2B460":177.55693941496355,"0x2570f1bD5D2735314FC102eb12Fc1aFe9e6E7193":120.45639098368622,"0x25eC98773D7b4ceD4cAFaB96A2A1c0945f145e10":5.849391776921642,"0x2889302a794dA87fBF1D6Db415C1492194663D13":1149.0398210621095,"0x29059568bB40344487d62f7450E78b8E6C74e0e5":379.60711779633044,"0x2b01d4FdB87eb7F2399E5D68631d8A939a323786":21.074706426671668,"0x31429d1856aD1377A8A0079410B297e1a9e214c2":447.86778801875596,"0x32bd822d615A3658A68b6fDD30c2fcb2C996D678":87.58857646001623,"0x34635280737b5BFe6c7DC2FC3065D60d66e78185":310.9556296369918,"0x35282d87011f87508D457F08252Bc5bFa52E10A0":158.04637738880643,"0x3570E17b1F2DdFD73FBE437F34A34d1D54219138":0.031662103703022026,"0x35D8949372D46B7a3D5A56006AE77B215fc69bC0":908.8653844671127,"0x35fA164735182de50811E8e2E824cFb9B6118ac2":1122.344731717074,"0x365AccFCa291e7D3914637ABf1F7635dB165Bb09":348.4210087893829,"0x383E6b4437b59fff47B619CBA855CA29342A8559":175.96039828476378,"0x38D64ce1Bdf1A9f24E0Ec469C9cAde61236fB4a0":271.85527494465646,"0x393DaD6c76D962Abba489a77dBf37ae948A4A6ee":176.32583102988363,"0x3A2725556Dde7B21fBe3dD64A4913ff29faba6A1":0.03659340224093397,"0x3A283D9c08E8b55966afb64C515f5143cf907611":7592.857232375687,"0x3Ed3B47Dd13EC9a98b44e6204A523E766B225811":0.000091966512,"0x3f0e7916681452D23Cd36B1281457DA721F2E5dF":28.830291126950687,"0x401322B9FDdba8c0a8D40fbCECE1D1752C12316B":367.37369720644614,"0x40D16FC0246aD3160Ccc09B8D0D3A2cD28aE6C2f":937.4462030157107,"0x4591DBfF62656E7859Afe5e45f6f47D3669fBB28":371.7341126189335,"0x4647B6D835f3B393C7A955df51EEfcf0db961606":522.3899855419754,"0x466a756E9A7401B5e2444a3fCB3c2C12FBEa0a54":7.927237199532339,"0x48759F220ED983dB51fA7A8C0D2AAb8f3ce4166a":1585.596152317216,"0x49446A0874197839D15395B908328a74ccc96Bc0":28.874620286927183,"0x4AE86d8732390d852A13cb918463BC6e5775FaDD":134.5018348558647,"0x4D1941a887eC788F059b3bfcC8eE1E97b968825B":15.840485655591932,"0x4Fabb145d64652a948d72533023f6E7A623C7C53":0.034522393224099335,"0x4c9EDD5852cd905f086C759E8383e09bff1E68B3":9461.078880289862,"0x4de2ab8177fC5fFAFB7aD11FB8BeB1e5fB95F71C":343.29095179297155,"0x4eBdF703948ddCEA3B11f675B4D1Fba9d2414A14":3750.4176824837027,"0x514910771AF9Ca656af840dff83E8264EcF986CA":113.95945080168728,"0x5228a22e72ccC52d415EcFd199F99D0665E7733b":60.572548829910446,"0x5426178799ee0a0181A89b4f57eFddfAb49941Ec":88.08873501870508,"0x5555f75e3d5278082200Fb451D1b6bA946D8e13b":95.23424102257799,"0x57a5a0567187FF4A8dcC1A9bBa86155E355878F2":0.1487024730547018,"0x58efE15C0404aB22F87E4495D71f6f2077e862bE":0.0012482981553452641,"0x5905c0290e59aFBDc42a5480add9bD7B20CB3759":0.20104610460887481,"0x59D9356E565Ab3A36dD77763Fc0d87fEaf85508C":635.860855496029,"0x5BC25f649fc4e26069dDF4cF4010F9f706c23831":2.9621471138951443,"0x5Be6C45e2d074fAa20700C49aDA3E88a1cc0025d":212.09690453340835,"0x5Ca135cB8527d76e932f34B5145575F9d8cbE08E":56.076225523307194,"0x5E8422345238F34275888049021821E8E08CAa1f":16630.548721817384,"0x5Ea630e00D6eE438d3deA1556A110359ACdc10A9":434.76129005007937,"0x5b6C539b224014A09B3388e51CaAA8e354c959C8":149.88496434567548,"0x5e74C9036fb86BD7eCdcb084a0673EFc32eA31cb":206.0961683683862,"0x62B9c7356A2Dc64a1969e19C23e4f579F9810Aa7":267.5798853177132,"0x6359B6d3e327c497453d4376561eE276c6933323":300.8250184340028,"0x63a0964A36c34E81959da5894ad888800e17405b":172.93868411067353,"0x65D72AA8DA931F047169112fcf34f52DbaAE7D18":149.3304870743223,"0x65f228ED6a6001eD6485535e0Dc33E525734f54c":60.80009553903938,"0x661c70333AA1850CcDBAe82776Bb436A0fCfeEfB":67.81495351629913,"0x6663b6D50992ef4fc0380199397c87C2f5256075":62.76727179200912,"0x668308d77be3533c909a692302Cb4D135Bf8041C":0.05462614297109755,"0x66a1E37c9b0eAddca17d3662D6c05F4DECf3e110":21.27108413713101,"0x674C6Ad92Fd080e4004b2312b45f796a192D27a0":3.5208479149053713,"0x677ddbd918637E5F2c79e164D402454dE7dA8619":0.3108568559585408,"0x68749665FF8D2d112Fa859AA293F07A622782F38":20.51027264681825,"0x6B175474E89094C44Da98b954EedeAC495271d0F":5194.179476886611,"0x6C280dB098dB673d30d5B34eC04B6387185D3620":66.15428636159557,"0x6C5024Cd4F8A59110119C56f8933403A539555EB":126.33090793822835,"0x6C9815826FdF8c7a45cCfEd2064dbaB33a078712":19.940280218549336,"0x6ade6971Ca3d90990C30d39c78b0534C7166e07b":219.8006926063062,"0x6b5204B0Be36771253Cc38e88012E02B752f0f36":249.35429238083606,"0x6c3F90f043a72FA612cbac8115EE7e52BDe6E490":1132.2964516917627,"0x6c3ea9036406852006290770BEdFcAbA0e23A0e8":910.1847748092896,"0x6e52cCe4EaFDf77091dD1c82183b2D97b776b397":937.4399738150552,"0x6ef3D766Dfe02Dc4bF04aAe9122EB9A0Ded25615":0.08280157513727332,"0x7223442cad8e9cA474fC40109ab981608F8c4273":66.95347642860071,"0x73968b9a57c6E53d41345FD57a6E6ae27d6CDB2F":110.78892868429469,"0x73A15FeD60Bf67631dC6cd7Bc5B6e8da8190aCF5":1976.3569629299768,"0x76237BCfDbe8e06FB774663add96216961df4ff3":27.675923738898046,"0x76Eb2FE28b36B3ee97F3Adae0C69606eeDB2A37c":840.5294997228398,"0x77E06c9eCCf2E797fd462A92B6D7642EF85b0A44":0.3568414308416861,"0x78da5799CF427Fee11e9996982F4150eCe7a99A7":92.30344638881512,"0x7988292D0FB141085c092132e2a70B30aA1eccAB":476.7344652547238,"0x7F17A6C77C3938D235b014818092eb6305BdA110":113.22086096260864,"0x7F86Bf177Dd4F3494b841a37e810A34dD56c829B":3593.4551110997395,"0x7FA768E035F956c41d6aeaa3Bd857e7E5141CAd5":0.46895682723830484,"0x7ea4aD8C803653498bF6AC1D2dEbc04DCe8Fd2aD":485.3049147714119,"0x7f39C581F595B53c5cb19bD0b3f8dA6c935E2Ca0":2539.490690260051,"0x8064d9Ae6cDf087b1bcd5BDf3531bD5d8C537a68":84.0006905560305,"0x808507121B80c02388fAd14726482e061B8da827":319.60978726240114,"0x80d69e79258FE9D056c822461c4eb0B4ca8802E2":0.2449926285461365,"0x826180541412D574cf1336d22c0C0a287822678A":232.49596780871582,"0x830614aE209FF9d8706d386fcdBc7a55206fcffC":62.55929964710681,"0x83F20F44975D03b1b09e64809B757c47f942BEeA":8354.960853876266,"0x84CeCB5525c6B1C20070E742da870062E84Da178":25.048823636936483,"0x853d955aCEf822Db058eb8505911ED77F175b99e":2953.3426234691365,"0x856c4Efb76C1D1AE02e20CEB03A2A6a08b0b8dC3":0.9864744811080249,