{"0x0000000000085d4780B73119b644AE5ecd22b376":212.07617501115905,"0x0000000016E6Cb3038203c1129c8B4aEE7af7a11":2.220472799341465,"0x005F893EcD7bF9667195642f7649DA8163e23658":194.4295718367062,"0x0100546F2cD4C9D97f798fFC9755E47865FF7Ee6":449.94644980501835,"0x028171bCA77440897B824Ca71D1c56caC55b68A3":972.7732385348417,"0x0316EB71485b0Ab14103307bf65a021042c6d380":0.021320078605707882,"0x03ab458634910AaD20eF5f1C8ee96F1D6ac54919":1.322018337950485,"0x04C154b66CB340F3Ae24111CC767e0184Ed00Cc6":437.6680753803215,"0x051d7e5609917Bd9b73f04BAc0DED8Dd46a74301":395.80808027892493,"0x056Fd409E1d7A124BD7017459dFEa2F387b6d5Cd":570.5700378661826,"0x067079c14B85169e6a29703769dadDef90816f4C":450.12578554463806,"0x075b1bb99792c9E1041bA13afEf80C91a1e70fB3":795.7045010549047,"0x085780639CC2cACd35E474e71f4d000e2405d8f6":989.1648072367125,"0x0E2EC54fC0B509F445631Bf4b91AB8168230C752":0.47146811312917136,"0x0E573Ce2736Dd9637A0b21058352e1667925C7a8":142.98809767049636,"0x0a5E677a6A24b2F1A2Bf4F3bFfC443231d2fDEc8":0.08174301293513359,"0x0bc529c00C6401aEF6D220BE8C6Ea1667F6Ad93e":18.699459826254405,"0x0d86883FAf4FfD7aEb116390af37746F45b6f378":261.02335083586394,"0x0dE54CFdfeD8005176f8b7A9D5438B45c4F1df1e":5.832794448326379,"0x1456688345527bE1f37E9e627DA0837D6f08C925":1.0629477252817696,"0x15700B564Ca08D9439C58cA5053166E8317aa138":1108.9709457690833,"0x18084fbA666a33d37592fA2633fD49a74DD93a88":433.1642712995106,"0x1830c553dC76d3447B69b7B0dC19CF9e3c739C78":102.45089427043627,"0x183395DbD0B5e93323a7286D1973150697FFFCB3":337.0511872227458,"0x196f4727526eA7FB1e17b2071B3d8eAA38486988":2.5687144345986614,"0x1BED97CBC3c24A4fb5C069C6E311a967386131f7":326.7164678871289,"0x1a7e4e63778B4f12a199C062f3eFdD288afCBce8":326.35314978820253,"0x1aBaEA1f7C830bD89Acc67eC4af516284b1bC33c":485.4180251573928,"0x1c48f86ae57291F7686349F12601910BD8D470bb":0.2955379446071344,"0x1ce0D1E19c9514230FF8CD1DAbaC2555fb92122b":0,"0x2191DF768ad71140F9F3E96c1e4407A4aA31d082":16.05937932569986,"0x2260FAC5E5542a773Aa44fBCfeDf7C193bc2C599":431.8048262359575,"0x2302aaBe69e6E7A1b0Aa23aAC68fcCB8A4D2B460":163.50673339104634,"0x2570f1bD5D2735314FC102eb12Fc1aFe9e6E7193":190.09231817280298,"0x25eC98773D7b4ceD4cAFaB96A2A1c0945f145e10":5.85752099155653,"0x2889302a794dA87fBF1D6Db415C1492194663D13":252.6279451034515,"0x29059568bB40344487d62f7450E78b8E6C74e0e5":92.27215134564132,"0x2b01d4FdB87eb7F2399E5D68631d8A939a323786":300.5890139118827,"0x3175Df0976dFA876431C2E9eE6Bc45b65d3473CC":9.265345610896481e-7,"0x3231Cb76718CDeF2155FC47b5286d82e6eDA273f":327.3574492578357,"0x32bd822d615A3658A68b6fDD30c2fcb2C996D678":340.39665430972,"0x3432B6A60D23Ca0dFCa7761B7ab56459D9C964D0":346.9437871322962,"0x34635280737b5BFe6c7DC2FC3065D60d66e78185":261.5476406845822,"0x35282d87011f87508D457F08252Bc5bFa52E10A0":152.9278003425556,"0x35D8949372D46B7a3D5A56006AE77B215fc69bC0":245.1736168120181,"0x35fA164735182de50811E8e2E824cFb9B6118ac2":1125.16076139074,"0x365AccFCa291e7D3914637ABf1F7635dB165Bb09":337.2958329498792,"0x383E6b4437b59fff47B619CBA855CA29342A8559":175.60347407737106,"0x38D64ce1Bdf1A9f24E0Ec469C9cAde61236fB4a0":267.05384097962934,"0x393DaD6c76D962Abba489a77dBf37ae948A4A6ee":162.1850321680911,"0x3A2725556Dde7B21fBe3dD64A4913ff29faba6A1":0.03581959452413658,"0x3A283D9c08E8b55966afb64C515f5143cf907611":3778.876539733336,"0x3Ed3B47Dd13EC9a98b44e6204A523E766B225811":362.596549608,"0x40D16FC0246aD3160Ccc09B8D0D3A2cD28aE6C2f":591.4699568623693,"0x4591DBfF62656E7859Afe5e45f6f47D3669fBB28":115.13287887974096,"0x4647B6D835f3B393C7A955df51EEfcf0db961606":11.383787420445833,"0x466a756E9A7401B5e2444a3fCB3c2C12FBEa0a54":320.91982564496703,"0x48759F220ED983dB51fA7A8C0D2AAb8f3ce4166a":1659.4359561900856,"0x49446A0874197839D15395B908328a74ccc96Bc0":30.377561057756278,"0x4AE86d8732390d852A13cb918463BC6e5775FaDD":148.5700281016929,"0x4D1941a887eC788F059b3bfcC8eE1E97b968825B":338.6914731942587,"0x4DEcE678ceceb27446b35C672dC7d61F30bAD69E":441.03489920949124,"0x4Fabb145d64652a948d72533023f6E7A623C7C53":0.035954040140772296,"0x4c9EDD5852cd905f086C759E8383e09bff1E68B3":3114.9018975352897,"0x4de2ab8177fC5fFAFB7aD11FB8BeB1e5fB95F71C":433.1364576879332,"0x4eBdF703948ddCEA3B11f675B4D1Fba9d2414A14":369.6662810267139,"0x514910771AF9Ca656af840dff83E8264EcF986CA":105.4908433269554,"0x5228a22e72ccC52d415EcFd199F99D0665E7733b":63.43464106029088,"0x5426178799ee0a0181A89b4f57eFddfAb49941Ec":494.33829101789905,"0x5555f75e3d5278082200Fb451D1b6bA946D8e13b":90.37651115108649,"0x57a5a0567187FF4A8dcC1A9bBa86155E355878F2":1.1013741348336106,"0x58efE15C0404aB22F87E4495D71f6f2077e862bE":0.001248567846,"0x5905c0290e59aFBDc42a5480add9bD7B20CB3759":0.1923660464165513,"0x59D9356E565Ab3A36dD77763Fc0d87fEaf85508C":100.07113665392474,"0x5BC25f649fc4e26069dDF4cF4010F9f706c23831":3.8895780560625166,"0x5Be6C45e2d074fAa20700C49aDA3E88a1cc0025d":421.5265782185852,"0x5Ca135cB8527d76e932f34B5145575F9d8cbE08E":51.699539149836625,"0x5E8422345238F34275888049021821E8E08CAa1f":16291.834591672276,"0x5Ea630e00D6eE438d3deA1556A110359ACdc10A9":365.1587889985222,"0x5b6C539b224014A09B3388e51CaAA8e354c959C8":579.1568297201768,"0x5e74C9036fb86BD7eCdcb084a0673EFc32eA31cb":5.44815030862806,"0x6359B6d3e327c497453d4376561eE276c6933323":312.7786049245997,"0x63a0964A36c34E81959da5894ad888800e17405b":310.6625014638424,"0x65D72AA8DA931F047169112fcf34f52DbaAE7D18":148.2529366172446,"0x65f228ED6a6001eD6485535e0Dc33E525734f54c":51.56035266683721,"0x661c70333AA1850CcDBAe82776Bb436A0fCfeEfB":62.06572976112228,"0x668308d77be3533c909a692302Cb4D135Bf8041C":0.05398344975713431,"0x66a1E37c9b0eAddca17d3662D6c05F4DECf3e110":19.259215330973756,"0x674C6Ad92Fd080e4004b2312b45f796a192D27a0":6.056600614254969,"0x677ddbd918637E5F2c79e164D402454dE7dA8619":1.0269518682603604,"0x68749665FF8D2d112Fa859AA293F07A622782F38":15.306991816829406,"0x69000405f9DcE69BD4Cbf4f2865b79144A69BFE0":0,"0x6B175474E89094C44Da98b954EedeAC495271d0F":3555.0407584423447,"0x6C280dB098dB673d30d5B34eC04B6387185D3620":321.0563521105033,"0x6C5024Cd4F8A59110119C56f8933403A539555EB":120.91766764598992,"0x6C9815826FdF8c7a45cCfEd2064dbaB33a078712":58.92646275367132,"0x6b5204B0Be36771253Cc38e88012E02B752f0f36":219.10650472099238,"0x6c3F90f043a72FA612cbac8115EE7e52BDe6E490":471.7147544105343,"0x6c3ea9036406852006290770BEdFcAbA0e23A0e8":750.5404357670058,"0x6e52cCe4EaFDf77091dD1c82183b2D97b776b397":406.8732089566383,"0x6ef3D766Dfe02Dc4bF04aAe9122EB9A0Ded25615":0.08186594664160016,"0x7223442cad8e9cA474fC40109ab981608F8c4273":83.00389552058174,"0x73968b9a57c6E53d41345FD57a6E6ae27d6CDB2F":116.24630656014156,"0x73A15FeD60Bf67631dC6cd7Bc5B6e8da8190aCF5":838.3287696803217,"0x752B4c6e92d96467fE9b9a2522EF07228E00F87c":56.52072722644366,"0x76237BCfDbe8e06FB774663add96216961df4ff3":24.745038670048437,"0x76Eb2FE28b36B3ee97F3Adae0C69606eeDB2A37c":895.2988899569444,"0x77E06c9eCCf2E797fd462A92B6D7642EF85b0A44":0.9008742228,"0x78da5799CF427Fee11e9996982F4150eCe7a99A7":84.32084216916832,"0x7988292D0FB141085c092132e2a70B30aA1eccAB":475.11497369727203,"0x7F17A6C77C3938D235b014818092eb6305BdA110":131.1806178291734,"0x7F86Bf177Dd4F3494b841a37e810A34dD56c829B":1108.4904538267285,"0x7FA768E035F956c41d6aeaa3Bd857e7E5141CAd5":0.4638554475808116,"0x7f39C581F595B53c5cb19bD0b3f8dA6c935E2Ca0":935.1555074973678,"0x8064d9Ae6cDf087b1bcd5BDf3531bD5d8C537a68":74.78830762575603,"0x808507121B80c02388fAd14726482e061B8da827":272.72254094191953,"0x80d69e79258FE9D056c822461c4eb0B4ca8802E2":0.24092514531221132,"0x826180541412D574cf1336d22c0C0a287822678A":209.54795010185333,"0x8282BD15dcA2EA2bDf24163E8f2781B30C43A2ef":329.42644687935166,"0x830614aE209FF9d8706d386fcdBc7a55206fcffC":57.16989762400249,"0x83F20F44975D03b1b09e64809B757c47f942BEeA":2883.338425536516,"0x84CeCB5525c6B1C20070E742da870062E84Da178":3.6989696478265097,"0x853d955aCEf822Db058eb8505911ED77F175b99e":1493.4512383167198,"0x856c4Efb76C1D1AE02e20CEB03A2A6a08b0b8dC3":310.8087865413182,"0x865377367054516e17014CcdED1e7d814EDC9ce4":661.7126064660043,"0x8Bc3F1e82Ca3d63987dc12F90538c6bF818FcD0f":309.14073083477746,