{"0x0000000000085d4780B73119b644AE5ecd22b376":215.3444018997422,"0x0000000016E6Cb3038203c1129c8B4aEE7af7a11":0.01918752591836985,"0x005F893EcD7bF9667195642f7649DA8163e23658":200.80535529220526,"0x0100546F2cD4C9D97f798fFC9755E47865FF7Ee6":451.93615374058356,"0x028171bCA77440897B824Ca71D1c56caC55b68A3":1107.7582396999028,"0x0316EB71485b0Ab14103307bf65a021042c6d380":0.02142010027110604,"0x03ab458634910AaD20eF5f1C8ee96F1D6ac54919":1.65907209333429,"0x04C154b66CB340F3Ae24111CC767e0184Ed00Cc6":466.9054520422588,"0x051d7e5609917Bd9b73f04BAc0DED8Dd46a74301":405.56563641213035,"0x056Fd409E1d7A124BD7017459dFEa2F387b6d5Cd":624.9429510116177,"0x067079c14B85169e6a29703769dadDef90816f4C":461.5699052675862,"0x075b1bb99792c9E1041bA13afEf80C91a1e70fB3":807.850517869928,"0x085780639CC2cACd35E474e71f4d000e2405d8f6":996.7201959184375,"0x0E2EC54fC0B509F445631Bf4b91AB8168230C752":0.4714601225313125,"0x0E573Ce2736Dd9637A0b21058352e1667925C7a8":145.73081098250003,"0x0a5E677a6A24b2F1A2Bf4F3bFfC443231d2fDEc8":0.08182222128100096,"0x0bc529c00C6401aEF6D220BE8C6Ea1667F6Ad93e":21.9686314101657,"0x0d86883FAf4FfD7aEb116390af37746F45b6f378":270.39296700275855,"0x0dE54CFdfeD8005176f8b7A9D5438B45c4F1df1e":1.8523083571213779,"0x137469B55D1f15651BA46A89D0588e97dD0B6562":250.98311285377594,"0x1456688345527bE1f37E9e627DA0837D6f08C925":4.105516502343421,"0x15700B564Ca08D9439C58cA5053166E8317aa138":1555.6226128373307,"0x16eAd9a10b1A77007E6E329B076aD1Fe97a6F7C0":121.53888115629611,"0x18084fbA666a33d37592fA2633fD49a74DD93a88":437.91735199553983,"0x1830c553dC76d3447B69b7B0dC19CF9e3c739C78":106.09513036724341,"0x183395DbD0B5e93323a7286D1973150697FFFCB3":320.3972362730726,"0x196f4727526eA7FB1e17b2071B3d8eAA38486988":0.5900818496780071,"0x1BED97CBC3c24A4fb5C069C6E311a967386131f7":329.08633749577695,"0x1a7e4e63778B4f12a199C062f3eFdD288afCBce8":328.75358254975987,"0x1aBaEA1f7C830bD89Acc67eC4af516284b1bC33c":489.10009207502384,"0x1bEFB9B02f7Fc821B96aC1FE2cAF881FdF72b771":1.9429414576518689,"0x1c48f86ae57291F7686349F12601910BD8D470bb":0.11369926701127786,"0x1ce0D1E19c9514230FF8CD1DAbaC2555fb92122b":0,"0x2191DF768ad71140F9F3E96c1e4407A4aA31d082":19.192551436676517,"0x2260FAC5E5542a773Aa44fBCfeDf7C193bc2C599":436.0439129311471,"0x2302aaBe69e6E7A1b0Aa23aAC68fcCB8A4D2B460":151.30606872664598,"0x2570f1bD5D2735314FC102eb12Fc1aFe9e6E7193":207.8016985529554,"0x25eC98773D7b4ceD4cAFaB96A2A1c0945f145e10":5.857309040699266,"0x2889302a794dA87fBF1D6Db415C1492194663D13":639.6333856351989,"0x29059568bB40344487d62f7450E78b8E6C74e0e5":155.3326101713804,"0x2b01d4FdB87eb7F2399E5D68631d8A939a323786":303.9542506396148,"0x3175Df0976dFA876431C2E9eE6Bc45b65d3473CC":9.262766416216667e-7,"0x3231Cb76718CDeF2155FC47b5286d82e6eDA273f":327.79931245605843,"0x32bd822d615A3658A68b6fDD30c2fcb2C996D678":346.0078974847923,"0x3432B6A60D23Ca0dFCa7761B7ab56459D9C964D0":391.12181900830797,"0x34635280737b5BFe6c7DC2FC3065D60d66e78185":271.3320361817378,"0x35282d87011f87508D457F08252Bc5bFa52E10A0":156.28709227325643,"0x35D8949372D46B7a3D5A56006AE77B215fc69bC0":289.86398498672423,"0x35fA164735182de50811E8e2E824cFb9B6118ac2":1126.6785897049087,"0x365AccFCa291e7D3914637ABf1F7635dB165Bb09":316.4004625214405,"0x383E6b4437b59fff47B619CBA855CA29342A8559":181.71445157046657,"0x38D64ce1Bdf1A9f24E0Ec469C9cAde61236fB4a0":269.19151014709536,"0x393DaD6c76D962Abba489a77dBf37ae948A4A6ee":168.61554382921915,"0x3A2725556Dde7B21fBe3dD64A4913ff29faba6A1":0.036142760707485254,"0x3A283D9c08E8b55966afb64C515f5143cf907611":4302.416844846248,"0x3Ed3B47Dd13EC9a98b44e6204A523E766B225811":360.00107525327525,"0x40D16FC0246aD3160Ccc09B8D0D3A2cD28aE6C2f":648.0038442429955,"0x4591DBfF62656E7859Afe5e45f6f47D3669fBB28":117.83241317939357,"0x4647B6D835f3B393C7A955df51EEfcf0db961606":41.938726725553636,"0x466a756E9A7401B5e2444a3fCB3c2C12FBEa0a54":327.1767236436665,"0x48759F220ED983dB51fA7A8C0D2AAb8f3ce4166a":1660.1036397203263,"0x49446A0874197839D15395B908328a74ccc96Bc0":33.2121027276537,"0x4AE86d8732390d852A13cb918463BC6e5775FaDD":156.29771677739916,"0x4D1941a887eC788F059b3bfcC8eE1E97b968825B":349.5755983630393,"0x4DEcE678ceceb27446b35C672dC7d61F30bAD69E":444.09022340134726,"0x4Fabb145d64652a948d72533023f6E7A623C7C53":0.034958032235442624,"0x4c9EDD5852cd905f086C759E8383e09bff1E68B3":3440.3931539144446,"0x4de2ab8177fC5fFAFB7aD11FB8BeB1e5fB95F71C":442.8688192380837,"0x4eBdF703948ddCEA3B11f675B4D1Fba9d2414A14":1631.5043375836847,"0x514910771AF9Ca656af840dff83E8264EcF986CA":106.97890440589998,"0x5228a22e72ccC52d415EcFd199F99D0665E7733b":66.20198453847857,"0x5426178799ee0a0181A89b4f57eFddfAb49941Ec":527.4366034140462,"0x5555f75e3d5278082200Fb451D1b6bA946D8e13b":95.0975915086802,"0x57a5a0567187FF4A8dcC1A9bBa86155E355878F2":1.1039568759754859,"0x58efE15C0404aB22F87E4495D71f6f2077e862bE":0.0012474915805167478,"0x5905c0290e59aFBDc42a5480add9bD7B20CB3759":0.19220022688454025,"0x59D9356E565Ab3A36dD77763Fc0d87fEaf85508C":126.45433849547514,"0x5BC25f649fc4e26069dDF4cF4010F9f706c23831":1.7094893425853532,"0x5Be6C45e2d074fAa20700C49aDA3E88a1cc0025d":440.4746901438939,"0x5Ca135cB8527d76e932f34B5145575F9d8cbE08E":54.57585302444674,"0x5E8422345238F34275888049021821E8E08CAa1f":16294.036926750718,"0x5Ea630e00D6eE438d3deA1556A110359ACdc10A9":363.9069053915243,"0x5e74C9036fb86BD7eCdcb084a0673EFc32eA31cb":8.015975849195458,"0x6359B6d3e327c497453d4376561eE276c6933323":313.98756167420146,"0x63a0964A36c34E81959da5894ad888800e17405b":315.98351053418736,"0x65D72AA8DA931F047169112fcf34f52DbaAE7D18":152.1595524764215,"0x65f228ED6a6001eD6485535e0Dc33E525734f54c":57.75358709645672,"0x661c70333AA1850CcDBAe82776Bb436A0fCfeEfB":65.30782615110613,"0x6663b6D50992ef4fc0380199397c87C2f5256075":57.74242194951017,"0x668308d77be3533c909a692302Cb4D135Bf8041C":0.05388676003064044,"0x66a1E37c9b0eAddca17d3662D6c05F4DECf3e110":25.188764400098403,"0x674C6Ad92Fd080e4004b2312b45f796a192D27a0":2.508396942820478,"0x677ddbd918637E5F2c79e164D402454dE7dA8619":1.283260095116427,"0x68749665FF8D2d112Fa859AA293F07A622782F38":19.59704600862378,"0x69000405f9DcE69BD4Cbf4f2865b79144A69BFE0":0,"0x6B175474E89094C44Da98b954EedeAC495271d0F":4539.359431706922,"0x6C280dB098dB673d30d5B34eC04B6387185D3620":324.9628142694996,"0x6C5024Cd4F8A59110119C56f8933403A539555EB":124.69934865810247,"0x6C9815826FdF8c7a45cCfEd2064dbaB33a078712":73.47206354233197,"0x6b5204B0Be36771253Cc38e88012E02B752f0f36":202.5685888371033,"0x6c3F90f043a72FA612cbac8115EE7e52BDe6E490":505.0174413612847,"0x6c3ea9036406852006290770BEdFcAbA0e23A0e8":810.6184089400781,"0x6e52cCe4EaFDf77091dD1c82183b2D97b776b397":480.84404870187103,"0x6ef3D766Dfe02Dc4bF04aAe9122EB9A0Ded25615":0.08175447709285001,"0x7223442cad8e9cA474fC40109ab981608F8c4273":90.9192075636186,"0x73968b9a57c6E53d41345FD57a6E6ae27d6CDB2F":118.56482637956314,"0x73A15FeD60Bf67631dC6cd7Bc5B6e8da8190aCF5":930.2272158466959,"0x752B4c6e92d96467fE9b9a2522EF07228E00F87c":62.827460606977816,"0x76237BCfDbe8e06FB774663add96216961df4ff3":28.639983827174138,"0x76Eb2FE28b36B3ee97F3Adae0C69606eeDB2A37c":1171.2488166197636,"0x77E06c9eCCf2E797fd462A92B6D7642EF85b0A44":0.9130523650999999,"0x78da5799CF427Fee11e9996982F4150eCe7a99A7":89.63837652996743,"0x7988292D0FB141085c092132e2a70B30aA1eccAB":482.33343367900744,"0x7F17A6C77C3938D235b014818092eb6305BdA110":141.43832964620458,"0x7F86Bf177Dd4F3494b841a37e810A34dD56c829B":1962.3002027186928,"0x7FA768E035F956c41d6aeaa3Bd857e7E5141CAd5":0.4631212078250685,"0x7ea4aD8C803653498bF6AC1D2dEbc04DCe8Fd2aD":19.126008728727147,"0x7f39C581F595B53c5cb19bD0b3f8dA6c935E2Ca0":946.5714016566593,"0x8064d9Ae6cDf087b1bcd5BDf3531bD5d8C537a68":78.90282560729233,"0x808507121B80c02388fAd14726482e061B8da827":272.7330713274368,"0x80d69e79258FE9D056c822461c4eb0B4ca8802E2":0.24158123454277475,"0x826180541412D574cf1336d22c0C0a287822678A":202.3250353149627,"0x8282BD15dcA2EA2bDf24163E8f2781B30C43A2ef":331.8246457672,"0x830614aE209FF9d8706d386fcdBc7a55206fcffC":56.13957011889819,"0x83F20F44975D03b1b09e64809B757c47f942BEeA":3086.9630918102303,"0x853d955aCEf822Db058eb8505911ED77F175b99e":1665.9903185914493,