{"0x0000000000085d4780B73119b644AE5ecd22b376":0.008477472127779164,"0x005F893EcD7bF9667195642f7649DA8163e23658":142.10166789265995,"0x0100546F2cD4C9D97f798fFC9755E47865FF7Ee6":159.76930606961554,"0x028171bCA77440897B824Ca71D1c56caC55b68A3":740.2831110044166,"0x0316EB71485b0Ab14103307bf65a021042c6d380":60.950012068833935,"0x03ab458634910AaD20eF5f1C8ee96F1D6ac54919":174.60542501467285,"0x04C154b66CB340F3Ae24111CC767e0184Ed00Cc6":262.55749842434835,"0x056Fd409E1d7A124BD7017459dFEa2F387b6d5Cd":498.05609710658626,"0x075b1bb99792c9E1041bA13afEf80C91a1e70fB3":775.6342604637944,"0x085780639CC2cACd35E474e71f4d000e2405d8f6":1232.504598150707,"0x09b2E090531228d1b8E3d948C73b990Cb6e60720":496.1970277363602,"0x0E2EC54fC0B509F445631Bf4b91AB8168230C752":0.47156617816065993,"0x0E573Ce2736Dd9637A0b21058352e1667925C7a8":142.3525036416936,"0x0a5E677a6A24b2F1A2Bf4F3bFfC443231d2fDEc8":0.021102173392598626,"0x0bc529c00C6401aEF6D220BE8C6Ea1667F6Ad93e":13.678936658937024,"0x0d86883FAf4FfD7aEb116390af37746F45b6f378":183.62955124466887,"0x0dE54CFdfeD8005176f8b7A9D5438B45c4F1df1e":1.9421012848312753,"0x1456688345527bE1f37E9e627DA0837D6f08C925":3.4059345858370835,"0x16eAd9a10b1A77007E6E329B076aD1Fe97a6F7C0":63.67259399910884,"0x18084fbA666a33d37592fA2633fD49a74DD93a88":24.87901677226256,"0x1830c553dC76d3447B69b7B0dC19CF9e3c739C78":98.02195121971789,"0x183395DbD0B5e93323a7286D1973150697FFFCB3":342.0978727919809,"0x196f4727526eA7FB1e17b2071B3d8eAA38486988":2.5052724278171787,"0x1c48f86ae57291F7686349F12601910BD8D470bb":0.07297752188511282,"0x1ce0D1E19c9514230FF8CD1DAbaC2555fb92122b":0,"0x2260FAC5E5542a773Aa44fBCfeDf7C193bc2C599":327.9005398919451,"0x2570f1bD5D2735314FC102eb12Fc1aFe9e6E7193":596.8655803745988,"0x25eC98773D7b4ceD4cAFaB96A2A1c0945f145e10":6.037244816859655,"0x2889302a794dA87fBF1D6Db415C1492194663D13":1249.7849807036498,"0x29059568bB40344487d62f7450E78b8E6C74e0e5":111.39790344154181,"0x2b01d4FdB87eb7F2399E5D68631d8A939a323786":18.106216055379875,"0x31429d1856aD1377A8A0079410B297e1a9e214c2":469.3839844446552,"0x32bd822d615A3658A68b6fDD30c2fcb2C996D678":63.88336537615623,"0x34635280737b5BFe6c7DC2FC3065D60d66e78185":397.0550566368486,"0x35282d87011f87508D457F08252Bc5bFa52E10A0":97.0754807254555,"0x35D8949372D46B7a3D5A56006AE77B215fc69bC0":2024.486174880682,"0x35fA164735182de50811E8e2E824cFb9B6118ac2":997.6818261711996,"0x383E6b4437b59fff47B619CBA855CA29342A8559":119.21791505318342,"0x38D64ce1Bdf1A9f24E0Ec469C9cAde61236fB4a0":184.22604889876325,"0x3A283D9c08E8b55966afb64C515f5143cf907611":2480.261755672838,"0x3Ed3B47Dd13EC9a98b44e6204A523E766B225811":1008.2202040290357,"0x3f0e7916681452D23Cd36B1281457DA721F2E5dF":9.976036485810242,"0x40D16FC0246aD3160Ccc09B8D0D3A2cD28aE6C2f":267.99296245123395,"0x4591DBfF62656E7859Afe5e45f6f47D3669fBB28":465.4530286910321,"0x4647B6D835f3B393C7A955df51EEfcf0db961606":290.6287658335816,"0x466a756E9A7401B5e2444a3fCB3c2C12FBEa0a54":1.7823801951712042,"0x48759F220ED983dB51fA7A8C0D2AAb8f3ce4166a":1068.1750908813751,"0x49446A0874197839D15395B908328a74ccc96Bc0":18.074152468129185,"0x4AE86d8732390d852A13cb918463BC6e5775FaDD":85.24472722694216,"0x4D1941a887eC788F059b3bfcC8eE1E97b968825B":11.220744246716546,"0x4Fabb145d64652a948d72533023f6E7A623C7C53":0.029648541348294366,"0x4c9EDD5852cd905f086C759E8383e09bff1E68B3":3643.876761568071,"0x4de2ab8177fC5fFAFB7aD11FB8BeB1e5fB95F71C":166.45243568458326,"0x4eBdF703948ddCEA3B11f675B4D1Fba9d2414A14":1956.9554476205005,"0x514910771AF9Ca656af840dff83E8264EcF986CA":106.01030659819442,"0x5228a22e72ccC52d415EcFd199F99D0665E7733b":51.67161447817832,"0x5426178799ee0a0181A89b4f57eFddfAb49941Ec":269.19665455015513,"0x5555f75e3d5278082200Fb451D1b6bA946D8e13b":81.0564819928383,"0x57a5a0567187FF4A8dcC1A9bBa86155E355878F2":1.09971451536438,"0x58efE15C0404aB22F87E4495D71f6f2077e862bE":0.0012498164138459997,"0x5905c0290e59aFBDc42a5480add9bD7B20CB3759":0.17907441058155169,"0x59D9356E565Ab3A36dD77763Fc0d87fEaf85508C":552.1582254400994,"0x5BC25f649fc4e26069dDF4cF4010F9f706c23831":0.3733859512787463,"0x5Be6C45e2d074fAa20700C49aDA3E88a1cc0025d":141.80118349313435,"0x5Ca135cB8527d76e932f34B5145575F9d8cbE08E":53.86552696148359,"0x5E8422345238F34275888049021821E8E08CAa1f":15988.037147026604,"0x5e74C9036fb86BD7eCdcb084a0673EFc32eA31cb":194.1348435099261,"0x63a0964A36c34E81959da5894ad888800e17405b":25.917667989124304,"0x65D72AA8DA931F047169112fcf34f52DbaAE7D18":132.6081171864642,"0x661c70333AA1850CcDBAe82776Bb436A0fCfeEfB":50.658987949864155,"0x668308d77be3533c909a692302Cb4D135Bf8041C":0.05371052524161567,"0x66a1E37c9b0eAddca17d3662D6c05F4DECf3e110":0.10872929977754812,"0x674C6Ad92Fd080e4004b2312b45f796a192D27a0":1.802856505806612,"0x68749665FF8D2d112Fa859AA293F07A622782F38":18.650342310319267,"0x6B175474E89094C44Da98b954EedeAC495271d0F":2708.667053919662,"0x6C280dB098dB673d30d5B34eC04B6387185D3620":65.57209426797789,"0x6C5024Cd4F8A59110119C56f8933403A539555EB":111.3622380589212,"0x6ade6971Ca3d90990C30d39c78b0534C7166e07b":131.76651123923688,"0x6b5204B0Be36771253Cc38e88012E02B752f0f36":157.121950464953,"0x6c3F90f043a72FA612cbac8115EE7e52BDe6E490":1427.8867884130925,"0x6c3ea9036406852006290770BEdFcAbA0e23A0e8":827.6852559569901,"0x6ef3D766Dfe02Dc4bF04aAe9122EB9A0Ded25615":0.027820277196914676,"0x73968b9a57c6E53d41345FD57a6E6ae27d6CDB2F":83.44039384701775,"0x73A15FeD60Bf67631dC6cd7Bc5B6e8da8190aCF5":6212.451570922829,"0x76237BCfDbe8e06FB774663add96216961df4ff3":20.082431893734064,"0x76Eb2FE28b36B3ee97F3Adae0C69606eeDB2A37c":733.115768930156,"0x77E06c9eCCf2E797fd462A92B6D7642EF85b0A44":0.69404912031,"0x78da5799CF427Fee11e9996982F4150eCe7a99A7":57.70161723188244,"0x7988292D0FB141085c092132e2a70B30aA1eccAB":470.7767529368702,"0x7F17A6C77C3938D235b014818092eb6305BdA110":54.035911722765555,"0x7F86Bf177Dd4F3494b841a37e810A34dD56c829B":4363.418240188566,"0x7FA768E035F956c41d6aeaa3Bd857e7E5141CAd5":0.4611721111438123,"0x7ea4aD8C803653498bF6AC1D2dEbc04DCe8Fd2aD":120.83091620260969,"0x7f39C581F595B53c5cb19bD0b3f8dA6c935E2Ca0":1012.1519938785287,"0x8064d9Ae6cDf087b1bcd5BDf3531bD5d8C537a68":71.4889210273407,"0x80d69e79258FE9D056c822461c4eb0B4ca8802E2":0.26199299499578127,"0x826180541412D574cf1336d22c0C0a287822678A":225.559188714807,"0x830614aE209FF9d8706d386fcdBc7a55206fcffC":53.38138897789191,"0x83F20F44975D03b1b09e64809B757c47f942BEeA":2884.261749807994,"0x84CeCB5525c6B1C20070E742da870062E84Da178":18.844007804601492,"0x853d955aCEf822Db058eb8505911ED77F175b99e":1246.0466620767288,"0x856c4Efb76C1D1AE02e20CEB03A2A6a08b0b8dC3":1.7074284447853343,"0x865377367054516e17014CcdED1e7d814EDC9ce4":701.5018122236909,"0x8682Fbf0CbF312C891532BA9F1A91e44f81ad7DF":485.9810249351793,"0x8C0D76C9B18779665475F3E212D9Ca1Ed6A1A0e6":562.2419592526073,"0x8C88538688aca3b733aD08b12BEe4574c0C00907":320.0859836716875,"0x8Cd52ee292313C4D851e71A7064F096504aB3eE9":4.232048837991977,"0x8c9532a60E0E7C6BbD2B2c1303F63aCE1c3E9811":1.1106766408297213,"0x8dAEBADE922dF735c38C80C7eBD708Af50815fAa":16.139607932141796,"0x8e595470Ed749b85C6F7669de83EAe304C2ec68F":20.50818803903508,"0x917ceE801a67f933F2e6b33fC0cD1ED2d5909D88":446.2433762288815,"0x9181f633E9B9F15A32d5e37094F4C93b333e0E92":1.097206636148328,"0x922406EAFC3CcEb32b0256F287fB977c426EDbd8":0.02910941809583617,"0x954313005C56b555bdC41B84D6c63B69049d7847":450.94137551805306,"0x9559Aaa82d9649C7A7b220E7c461d2E74c9a3593":185.864877335799,"0x95710BDE45C8D384A976Cc58Cc7a7e489576b098":2.303487586345464,"0x961D4921e1718E633BAC8Ded88c4a1cAe44b785a":948.0388491387919,"0x9961BdBE8B7091E584c2bF9D0a160C583f564A8c":394.15594312356484,"0x99D8a9C45b2ecA8864373A26D1459e3Dff1e17F3":72.41979184558099,"0x9BE89D2a4cd102D8Fecc6BF9dA793be995C22541":693.9974763965403,"0x9D39A5DE30e57443BfF2A8307A4256c8797A3497":3075.251773082077,"0x9EEAD9ce15383CaEED975427340b3A369410CFBF":13.379419679612784,"0x9FeE65D5A627e73212989c8BbEdC5Fa5Cae3821F":16.29804681491487,"0x9b77bd0a665F05995b68e36fC1053AFFfAf0d4B5":11.386422314907865,"0x9de1c3D446237ab9BaFF74127eb4F303802a2683":459.61626517755906,"0xA0b86991c6218b36c1d19D4a2e9Eb0cE3606eB48":6973.725420189851,