{"0x0000000000085d4780B73119b644AE5ecd22b376":216.0886730732476,"0x0000000016E6Cb3038203c1129c8B4aEE7af7a11":0.3539698617807793,"0x005F893EcD7bF9667195642f7649DA8163e23658":150.69160157350822,"0x0100546F2cD4C9D97f798fFC9755E47865FF7Ee6":342.6892056886867,"0x028171bCA77440897B824Ca71D1c56caC55b68A3":1193.3156230987406,"0x0316EB71485b0Ab14103307bf65a021042c6d380":0.025399178622146457,"0x03ab458634910AaD20eF5f1C8ee96F1D6ac54919":244.54404225803995,"0x04C154b66CB340F3Ae24111CC767e0184Ed00Cc6":251.6561158082822,"0x051d7e5609917Bd9b73f04BAc0DED8Dd46a74301":349.4281303983919,"0x056Fd409E1d7A124BD7017459dFEa2F387b6d5Cd":315.370240643241,"0x067079c14B85169e6a29703769dadDef90816f4C":527.4443750438348,"0x075b1bb99792c9E1041bA13afEf80C91a1e70fB3":551.2749782967032,"0x085780639CC2cACd35E474e71f4d000e2405d8f6":407.30783124990177,"0x09db87A538BD693E9d08544577d5cCfAA6373A48":67.46480795151759,"0x0E2EC54fC0B509F445631Bf4b91AB8168230C752":0.4713448294807115,"0x0E573Ce2736Dd9637A0b21058352e1667925C7a8":144.16416450001594,"0x0a5E677a6A24b2F1A2Bf4F3bFfC443231d2fDEc8":0.07713205749715593,"0x0bc529c00C6401aEF6D220BE8C6Ea1667F6Ad93e":20.92072104756836,"0x0d86883FAf4FfD7aEb116390af37746F45b6f378":289.1630931323957,"0x0dE54CFdfeD8005176f8b7A9D5438B45c4F1df1e":4.544555717980677,"0x127091edE112aEd7Bae281747771b3150Bb047bB":1.2078660361130011,"0x137469B55D1f15651BA46A89D0588e97dD0B6562":211.17089622081923,"0x1456688345527bE1f37E9e627DA0837D6f08C925":4.815900456561131,"0x15700B564Ca08D9439C58cA5053166E8317aa138":116.58562807715654,"0x16eAd9a10b1A77007E6E329B076aD1Fe97a6F7C0":153.00675016348012,"0x18084fbA666a33d37592fA2633fD49a74DD93a88":17.49866798622445,"0x1830c553dC76d3447B69b7B0dC19CF9e3c739C78":83.99958122052836,"0x183395DbD0B5e93323a7286D1973150697FFFCB3":451.35295503827666,"0x196f4727526eA7FB1e17b2071B3d8eAA38486988":1.610771686703068,"0x1BED97CBC3c24A4fb5C069C6E311a967386131f7":244.74025086748424,"0x1aBaEA1f7C830bD89Acc67eC4af516284b1bC33c":115.9699470043715,"0x1c48f86ae57291F7686349F12601910BD8D470bb":0.1525271951441079,"0x1ce0D1E19c9514230FF8CD1DAbaC2555fb92122b":0,"0x2191DF768ad71140F9F3E96c1e4407A4aA31d082":22.78995658035136,"0x2260FAC5E5542a773Aa44fBCfeDf7C193bc2C599":23.962791897015602,"0x22CF19EB64226e0E1A79c69b345b31466fD273A7":4.004035604655003,"0x2302aaBe69e6E7A1b0Aa23aAC68fcCB8A4D2B460":119.36321161949279,"0x2570f1bD5D2735314FC102eb12Fc1aFe9e6E7193":34.468109617228876,"0x25eC98773D7b4ceD4cAFaB96A2A1c0945f145e10":5.87027310650759,"0x2889302a794dA87fBF1D6Db415C1492194663D13":851.8055230442377,"0x2b01d4FdB87eb7F2399E5D68631d8A939a323786":227.4007276311975,"0x3175Df0976dFA876431C2E9eE6Bc45b65d3473CC":0.00003874313054755729,"0x3231Cb76718CDeF2155FC47b5286d82e6eDA273f":335.70495319982547,"0x32bd822d615A3658A68b6fDD30c2fcb2C996D678":267.77477816302155,"0x3432B6A60D23Ca0dFCa7761B7ab56459D9C964D0":277.23441673699153,"0x34635280737b5BFe6c7DC2FC3065D60d66e78185":246.34785570494137,"0x35282d87011f87508D457F08252Bc5bFa52E10A0":160.90418529865,"0x35D8949372D46B7a3D5A56006AE77B215fc69bC0":685.9867981010267,"0x35fA164735182de50811E8e2E824cFb9B6118ac2":858.0297088149296,"0x365AccFCa291e7D3914637ABf1F7635dB165Bb09":451.23848880239046,"0x383E6b4437b59fff47B619CBA855CA29342A8559":198.1076795151544,"0x38D64ce1Bdf1A9f24E0Ec469C9cAde61236fB4a0":215.3844067626716,"0x393DaD6c76D962Abba489a77dBf37ae948A4A6ee":128.2666398066825,"0x3A2725556Dde7B21fBe3dD64A4913ff29faba6A1":0.026329167374311263,"0x3A283D9c08E8b55966afb64C515f5143cf907611":2048.718825937574,"0x3Ed3B47Dd13EC9a98b44e6204A523E766B225811":3.188848246485448,"0x3f0e7916681452D23Cd36B1281457DA721F2E5dF":56.04213714027148,"0x401322B9FDdba8c0a8D40fbCECE1D1752C12316B":268.4362009360331,"0x40D16FC0246aD3160Ccc09B8D0D3A2cD28aE6C2f":270.6497181649446,"0x4591DBfF62656E7859Afe5e45f6f47D3669fBB28":220.86420666199342,"0x4647B6D835f3B393C7A955df51EEfcf0db961606":261.69984665610315,"0x466a756E9A7401B5e2444a3fCB3c2C12FBEa0a54":53.196625391547606,"0x48759F220ED983dB51fA7A8C0D2AAb8f3ce4166a":2397.4694835316704,"0x49446A0874197839D15395B908328a74ccc96Bc0":34.85913545730711,"0x4AE86d8732390d852A13cb918463BC6e5775FaDD":161.22810807555325,"0x4D1941a887eC788F059b3bfcC8eE1E97b968825B":300.1207708098677,"0x4DEcE678ceceb27446b35C672dC7d61F30bAD69E":444.8653758414958,"0x4Fabb145d64652a948d72533023f6E7A623C7C53":0.04002654278307864,"0x4c9EDD5852cd905f086C759E8383e09bff1E68B3":1932.8722780524117,"0x4de2ab8177fC5fFAFB7aD11FB8BeB1e5fB95F71C":385.8637008472836,"0x4eBdF703948ddCEA3B11f675B4D1Fba9d2414A14":174.26561859326728,"0x514910771AF9Ca656af840dff83E8264EcF986CA":80.55090008614359,"0x5228a22e72ccC52d415EcFd199F99D0665E7733b":57.8100051989152,"0x5271045F7B73c17825A7A7aee6917eE46b0B7520":199.24294732070908,"0x527331F3F550f6f85ACFEcAB9Cc0889180C6f1d5":301.96513168701784,"0x5426178799ee0a0181A89b4f57eFddfAb49941Ec":78.23269915257043,"0x5555f75e3d5278082200Fb451D1b6bA946D8e13b":118.31338135425196,"0x57Ab1ec28D129707052df4dF418D58a2D46d5f51":157.11869164802394,"0x57a5a0567187FF4A8dcC1A9bBa86155E355878F2":0.7445238097821246,"0x58efE15C0404aB22F87E4495D71f6f2077e862bE":0.001248567846,"0x5905c0290e59aFBDc42a5480add9bD7B20CB3759":0.17791286900542672,"0x59D9356E565Ab3A36dD77763Fc0d87fEaf85508C":189.4865503888951,"0x5BC25f649fc4e26069dDF4cF4010F9f706c23831":1.8394512994083354,"0x5Be6C45e2d074fAa20700C49aDA3E88a1cc0025d":335.6087739886389,"0x5Ca135cB8527d76e932f34B5145575F9d8cbE08E":56.5892769784401,"0x5E8422345238F34275888049021821E8E08CAa1f":12970.684226516603,"0x5Ea630e00D6eE438d3deA1556A110359ACdc10A9":263.7770187534005,"0x5b6C539b224014A09B3388e51CaAA8e354c959C8":50.256753542752804,"0x5e74C9036fb86BD7eCdcb084a0673EFc32eA31cb":6.22125047527643,"0x6359B6d3e327c497453d4376561eE276c6933323":241.24804387558598,"0x63a0964A36c34E81959da5894ad888800e17405b":247.74187593049925,"0x65D72AA8DA931F047169112fcf34f52DbaAE7D18":359.57003298343096,"0x65f228ED6a6001eD6485535e0Dc33E525734f54c":51.91919136094883,"0x661c70333AA1850CcDBAe82776Bb436A0fCfeEfB":81.13665430132615,"0x6663b6D50992ef4fc0380199397c87C2f5256075":115.2745693185877,"0x668308d77be3533c909a692302Cb4D135Bf8041C":0.039367392044053956,"0x66a1E37c9b0eAddca17d3662D6c05F4DECf3e110":31.979479497617017,"0x674C6Ad92Fd080e4004b2312b45f796a192D27a0":2.956579258586566,"0x677ddbd918637E5F2c79e164D402454dE7dA8619":2.7414278986990444,"0x68749665FF8D2d112Fa859AA293F07A622782F38":19.863453288054785,"0x69000405f9DcE69BD4Cbf4f2865b79144A69BFE0":0.00003835091322155405,"0x6B175474E89094C44Da98b954EedeAC495271d0F":5302.908444895769,"0x6C280dB098dB673d30d5B34eC04B6387185D3620":278.29318505155567,"0x6C5024Cd4F8A59110119C56f8933403A539555EB":129.94753285087867,"0x6C9815826FdF8c7a45cCfEd2064dbaB33a078712":54.59783858067015,"0x6ade6971Ca3d90990C30d39c78b0534C7166e07b":187.81677435314094,"0x6b5204B0Be36771253Cc38e88012E02B752f0f36":161.98565621629885,"0x6c3F90f043a72FA612cbac8115EE7e52BDe6E490":801.4255821590531,"0x6c3ea9036406852006290770BEdFcAbA0e23A0e8":209.22033805083126,"0x6e52cCe4EaFDf77091dD1c82183b2D97b776b397":114.4435207004815,"0x6ef3D766Dfe02Dc4bF04aAe9122EB9A0Ded25615":0.037720443518573496,"0x7223442cad8e9cA474fC40109ab981608F8c4273":85.63875939472453,"0x73968b9a57c6E53d41345FD57a6E6ae27d6CDB2F":94.41867139786586,"0x73A15FeD60Bf67631dC6cd7Bc5B6e8da8190aCF5":681.5323460120627,"0x752B4c6e92d96467fE9b9a2522EF07228E00F87c":51.886656732505486,"0x76237BCfDbe8e06FB774663add96216961df4ff3":35.62030679674994,"0x76Eb2FE28b36B3ee97F3Adae0C69606eeDB2A37c":1184.623931246622,"0x77E06c9eCCf2E797fd462A92B6D7642EF85b0A44":0.77826036982,"0x78da5799CF427Fee11e9996982F4150eCe7a99A7":94.92461878412047,"0x7988292D0FB141085c092132e2a70B30aA1eccAB":466.1927000897707,"0x7F17A6C77C3938D235b014818092eb6305BdA110":146.2679719496551,"0x7F86Bf177Dd4F3494b841a37e810A34dD56c829B":4645.120023087011,"0x7FA768E035F956c41d6aeaa3Bd857e7E5141CAd5":0.3398941926550146,"0x7ea4aD8C803653498bF6AC1D2dEbc04DCe8Fd2aD":110.0081782618794,"0x7f39C581F595B53c5cb19bD0b3f8dA6c935E2Ca0":625.7409192788446,"0x8064d9Ae6cDf087b1bcd5BDf3531bD5d8C537a68":74.80905711822557,