{"0x0000000000085d4780B73119b644AE5ecd22b376":216.0814484788331,"0x0000000016E6Cb3038203c1129c8B4aEE7af7a11":0.985551891957999,"0x005F893EcD7bF9667195642f7649DA8163e23658":161.76460242156946,"0x0100546F2cD4C9D97f798fFC9755E47865FF7Ee6":374.63715975656714,"0x028171bCA77440897B824Ca71D1c56caC55b68A3":1195.9826927073354,"0x0316EB71485b0Ab14103307bf65a021042c6d380":0.2701251350172617,"0x03ab458634910AaD20eF5f1C8ee96F1D6ac54919":262.3667633312481,"0x04C154b66CB340F3Ae24111CC767e0184Ed00Cc6":301.83223875145745,"0x051d7e5609917Bd9b73f04BAc0DED8Dd46a74301":367.5751668419011,"0x056Fd409E1d7A124BD7017459dFEa2F387b6d5Cd":531.7417015404283,"0x075b1bb99792c9E1041bA13afEf80C91a1e70fB3":614.0424801286375,"0x085780639CC2cACd35E474e71f4d000e2405d8f6":569.6072582224954,"0x09db87A538BD693E9d08544577d5cCfAA6373A48":108.9322062951356,"0x0E2EC54fC0B509F445631Bf4b91AB8168230C752":0.47133247018875,"0x0E573Ce2736Dd9637A0b21058352e1667925C7a8":144.96903082138803,"0x0a5E677a6A24b2F1A2Bf4F3bFfC443231d2fDEc8":0.16709946758332986,"0x0bc529c00C6401aEF6D220BE8C6Ea1667F6Ad93e":21.561117422731975,"0x0d86883FAf4FfD7aEb116390af37746F45b6f378":332.6846160526895,"0x0dE54CFdfeD8005176f8b7A9D5438B45c4F1df1e":5.842132151647231,"0x127091edE112aEd7Bae281747771b3150Bb047bB":3.3384014417441126,"0x1456688345527bE1f37E9e627DA0837D6f08C925":5.346963316445526,"0x15700B564Ca08D9439C58cA5053166E8317aa138":461.3224413812634,"0x18084fbA666a33d37592fA2633fD49a74DD93a88":61.13354733061925,"0x183395DbD0B5e93323a7286D1973150697FFFCB3":609.8710361985504,"0x196f4727526eA7FB1e17b2071B3d8eAA38486988":1.8824818275831914,"0x1BED97CBC3c24A4fb5C069C6E311a967386131f7":263.3773092062002,"0x1aBaEA1f7C830bD89Acc67eC4af516284b1bC33c":117.95412236344531,"0x1c48f86ae57291F7686349F12601910BD8D470bb":1.164294673509726,"0x1ce0D1E19c9514230FF8CD1DAbaC2555fb92122b":0,"0x2191DF768ad71140F9F3E96c1e4407A4aA31d082":24.193213093102525,"0x2260FAC5E5542a773Aa44fBCfeDf7C193bc2C599":30.035976079914597,"0x25eC98773D7b4ceD4cAFaB96A2A1c0945f145e10":0,"0x2b01d4FdB87eb7F2399E5D68631d8A939a323786":245.67428383838973,"0x2bd1F344a2398340C2b1119Da98816eA723F5F0f":0.241422199899,"0x3175Df0976dFA876431C2E9eE6Bc45b65d3473CC":0.00003874496589892189,"0x3231Cb76718CDeF2155FC47b5286d82e6eDA273f":328.2902767935061,"0x32bd822d615A3658A68b6fDD30c2fcb2C996D678":292.8659712524125,"0x3432B6A60D23Ca0dFCa7761B7ab56459D9C964D0":291.51062257608123,"0x34635280737b5BFe6c7DC2FC3065D60d66e78185":270.12867178685576,"0x35282d87011f87508D457F08252Bc5bFa52E10A0":162.6878374657841,"0x35D8949372D46B7a3D5A56006AE77B215fc69bC0":2084.4512967418846,"0x35fA164735182de50811E8e2E824cFb9B6118ac2":942.8489288017987,"0x365AccFCa291e7D3914637ABf1F7635dB165Bb09":594.8678616925595,"0x383E6b4437b59fff47B619CBA855CA29342A8559":198.77541152677915,"0x38D64ce1Bdf1A9f24E0Ec469C9cAde61236fB4a0":246.03864355843794,"0x3A2725556Dde7B21fBe3dD64A4913ff29faba6A1":0.028629460019094836,"0x3Ed3B47Dd13EC9a98b44e6204A523E766B225811":3.4754689400581547,"0x40D16FC0246aD3160Ccc09B8D0D3A2cD28aE6C2f":347.74645003250697,"0x4591DBfF62656E7859Afe5e45f6f47D3669fBB28":231.4544903896796,"0x466a756E9A7401B5e2444a3fCB3c2C12FBEa0a54":58.55473321865898,"0x48759F220ED983dB51fA7A8C0D2AAb8f3ce4166a":2410.6297865979745,"0x49446A0874197839D15395B908328a74ccc96Bc0":41.195607451681525,"0x4D55a36902a6546A79ec4c9c315241De746D5fC3":0,"0x4Fabb145d64652a948d72533023f6E7A623C7C53":0.039542971369277126,"0x4c9EDD5852cd905f086C759E8383e09bff1E68B3":4054.9272668328204,"0x4de2ab8177fC5fFAFB7aD11FB8BeB1e5fB95F71C":471.7247896408456,"0x514910771AF9Ca656af840dff83E8264EcF986CA":84.12042750087514,"0x5228a22e72ccC52d415EcFd199F99D0665E7733b":61.40155515795755,"0x5555f75e3d5278082200Fb451D1b6bA946D8e13b":119.41855759330124,"0x57Ab1ec28D129707052df4dF418D58a2D46d5f51":157.64922282548812,"0x57a5a0567187FF4A8dcC1A9bBa86155E355878F2":0.8160993200054152,"0x58efE15C0404aB22F87E4495D71f6f2077e862bE":0.001248567846,"0x5905c0290e59aFBDc42a5480add9bD7B20CB3759":0.17791286900542672,"0x59D9356E565Ab3A36dD77763Fc0d87fEaf85508C":269.0296176142918,"0x5BC25f649fc4e26069dDF4cF4010F9f706c23831":0.6892523666033799,"0x5Ca135cB8527d76e932f34B5145575F9d8cbE08E":57.108201225408976,"0x5E8422345238F34275888049021821E8E08CAa1f":14548.079270556898,"0x5Ea630e00D6eE438d3deA1556A110359ACdc10A9":342.921798128046,"0x5e74C9036fb86BD7eCdcb084a0673EFc32eA31cb":7.705324125633991,"0x63a0964A36c34E81959da5894ad888800e17405b":292.9032784748491,"0x65D72AA8DA931F047169112fcf34f52DbaAE7D18":363.38450450874353,"0x65f228ED6a6001eD6485535e0Dc33E525734f54c":72.11973135994806,"0x661c70333AA1850CcDBAe82776Bb436A0fCfeEfB":122.75354083961024,"0x668308d77be3533c909a692302Cb4D135Bf8041C":0.04285301034722829,"0x66a1E37c9b0eAddca17d3662D6c05F4DECf3e110":36.25235270832934,"0x674C6Ad92Fd080e4004b2312b45f796a192D27a0":4.1370782566411215,"0x677ddbd918637E5F2c79e164D402454dE7dA8619":3.8326147085657922,"0x68749665FF8D2d112Fa859AA293F07A622782F38":20.979491839587485,"0x69000405f9DcE69BD4Cbf4f2865b79144A69BFE0":0.003530466940383017,"0x6B175474E89094C44Da98b954EedeAC495271d0F":6770.013541175285,"0x6C5024Cd4F8A59110119C56f8933403A539555EB":130.35448768916916,"0x6C9815826FdF8c7a45cCfEd2064dbaB33a078712":59.04204440055967,"0x6b5204B0Be36771253Cc38e88012E02B752f0f36":190.73981784452633,"0x6c3F90f043a72FA612cbac8115EE7e52BDe6E490":1852.5926278136542,"0x6c3ea9036406852006290770BEdFcAbA0e23A0e8":638.4853653503575,"0x6ef3D766Dfe02Dc4bF04aAe9122EB9A0Ded25615":0.04094062235515254,"0x7223442cad8e9cA474fC40109ab981608F8c4273":159.0161662949156,"0x73968b9a57c6E53d41345FD57a6E6ae27d6CDB2F":144.34909368723874,"0x73A15FeD60Bf67631dC6cd7Bc5B6e8da8190aCF5":2316.0206637501383,"0x752B4c6e92d96467fE9b9a2522EF07228E00F87c":34.96868185144908,"0x76237BCfDbe8e06FB774663add96216961df4ff3":36.40775301784838,"0x76Eb2FE28b36B3ee97F3Adae0C69606eeDB2A37c":1189.0319653588506,"0x77E06c9eCCf2E797fd462A92B6D7642EF85b0A44":0.7594594984652463,"0x78da5799CF427Fee11e9996982F4150eCe7a99A7":95.54031779027969,"0x7FA768E035F956c41d6aeaa3Bd857e7E5141CAd5":0.36804409104231817,"0x7f39C581F595B53c5cb19bD0b3f8dA6c935E2Ca0":2206.2492749457615,"0x8064d9Ae6cDf087b1bcd5BDf3531bD5d8C537a68":80.00674915533743,"0x808507121B80c02388fAd14726482e061B8da827":203.57535889211306,"0x80d69e79258FE9D056c822461c4eb0B4ca8802E2":0.1911825118172092,"0x826180541412D574cf1336d22c0C0a287822678A":190.13056854095453,"0x830614aE209FF9d8706d386fcdBc7a55206fcffC":50.73285457243481,"0x83F20F44975D03b1b09e64809B757c47f942BEeA":5135.42258446566,"0x853d955aCEf822Db058eb8505911ED77F175b99e":1854.0353460480871,"0x856c4Efb76C1D1AE02e20CEB03A2A6a08b0b8dC3":290.456475771323,"0x865377367054516e17014CcdED1e7d814EDC9ce4":34.901784023080175,"0x8C0D76C9B18779665475F3E212D9Ca1Ed6A1A0e6":674.5170739836254,"0x8Cd52ee292313C4D851e71A7064F096504aB3eE9":512.1095452576085,"0x8E870D67F660D95d5be530380D0eC0bd388289E1":172.41510360002493,"0x8c9532a60E0E7C6BbD2B2c1303F63aCE1c3E9811":204.43806963354925,"0x8dAEBADE922dF735c38C80C7eBD708Af50815fAa":20.15420037788165,"0x8e595470Ed749b85C6F7669de83EAe304C2ec68F":458.63056927357616,"0x917ceE801a67f933F2e6b33fC0cD1ED2d5909D88":375.4147613968441,"0x9181f633E9B9F15A32d5e37094F4C93b333e0E92":0.8742680069221956,"0x922406EAFC3CcEb32b0256F287fB977c426EDbd8":0.007296071925422041,"0x9559Aaa82d9649C7A7b220E7c461d2E74c9a3593":38.997642669091064,"0x95710BDE45C8D384A976Cc58Cc7a7e489576b098":3.823583553536605,"0x961D4921e1718E633BAC8Ded88c4a1cAe44b785a":777.6613299133704,"0x9961BdBE8B7091E584c2bF9D0a160C583f564A8c":406.98494179872654,"0x99D8a9C45b2ecA8864373A26D1459e3Dff1e17F3":7661.04827708697,"0x9BE89D2a4cd102D8Fecc6BF9dA793be995C22541":279.5927164054785,"0x9D11ab23d33aD026C466CE3c124928fDb69Ba20E":0.5049879394230723,"0x9D39A5DE30e57443BfF2A8307A4256c8797A3497":5800.36373912561,"0x9EEAD9ce15383CaEED975427340b3A369410CFBF":19.559007052662654,"0xA0b86991c6218b36c1d19D4a2e9Eb0cE3606eB48":14246.62786579635,"0xA0d69E286B938e21CBf7E51D71F6A4c8918f482F":414.5240174531029,"0xA1290d69c65A6Fe4DF752f95823fae25cB99e5A7":502.3509927386154,