{"0x0000000000085d4780B73119b644AE5ecd22b376":0.008477472127779164,"0x005F893EcD7bF9667195642f7649DA8163e23658":186.4039320370603,"0x0100546F2cD4C9D97f798fFC9755E47865FF7Ee6":184.2248953759463,"0x028171bCA77440897B824Ca71D1c56caC55b68A3":751.4133338131828,"0x0316EB71485b0Ab14103307bf65a021042c6d380":58.71154848822544,"0x03ab458634910AaD20eF5f1C8ee96F1D6ac54919":172.06841655042504,"0x04C154b66CB340F3Ae24111CC767e0184Ed00Cc6":367.6151211719839,"0x056Fd409E1d7A124BD7017459dFEa2F387b6d5Cd":251.9464718172261,"0x067079c14B85169e6a29703769dadDef90816f4C":305.8167446466004,"0x075b1bb99792c9E1041bA13afEf80C91a1e70fB3":297.77475972763744,"0x085780639CC2cACd35E474e71f4d000e2405d8f6":654.5750593235365,"0x0E2EC54fC0B509F445631Bf4b91AB8168230C752":0.4715333699662342,"0x0E573Ce2736Dd9637A0b21058352e1667925C7a8":135.75654770709787,"0x0a5E677a6A24b2F1A2Bf4F3bFfC443231d2fDEc8":0.04872046837467221,"0x0bc529c00C6401aEF6D220BE8C6Ea1667F6Ad93e":5.654374874735171,"0x0d86883FAf4FfD7aEb116390af37746F45b6f378":181.88381222800146,"0x0dE54CFdfeD8005176f8b7A9D5438B45c4F1df1e":5.836957492988016,"0x1456688345527bE1f37E9e627DA0837D6f08C925":6.767103089266512,"0x18084fbA666a33d37592fA2633fD49a74DD93a88":6.002711022339645,"0x1830c553dC76d3447B69b7B0dC19CF9e3c739C78":103.17411735105934,"0x183395DbD0B5e93323a7286D1973150697FFFCB3":364.7582005097363,"0x196f4727526eA7FB1e17b2071B3d8eAA38486988":2.5274296997238936,"0x1c48f86ae57291F7686349F12601910BD8D470bb":1.2893657194654013,"0x1ce0D1E19c9514230FF8CD1DAbaC2555fb92122b":0,"0x2191DF768ad71140F9F3E96c1e4407A4aA31d082":5.742429023282245,"0x2260FAC5E5542a773Aa44fBCfeDf7C193bc2C599":345.0687909419657,"0x25eC98773D7b4ceD4cAFaB96A2A1c0945f145e10":5.917456586491891,"0x2889302a794dA87fBF1D6Db415C1492194663D13":394.86713143347663,"0x29059568bB40344487d62f7450E78b8E6C74e0e5":234.92289663928275,"0x2b01d4FdB87eb7F2399E5D68631d8A939a323786":8.6291886289866,"0x31429d1856aD1377A8A0079410B297e1a9e214c2":473.0543736269173,"0x32bd822d615A3658A68b6fDD30c2fcb2C996D678":50.09455551339122,"0x34635280737b5BFe6c7DC2FC3065D60d66e78185":397.8073624868437,"0x35282d87011f87508D457F08252Bc5bFa52E10A0":89.6945962135534,"0x35D8949372D46B7a3D5A56006AE77B215fc69bC0":459.6963997992945,"0x35fA164735182de50811E8e2E824cFb9B6118ac2":1100.5358134614855,"0x383E6b4437b59fff47B619CBA855CA29342A8559":135.3410099751995,"0x38D64ce1Bdf1A9f24E0Ec469C9cAde61236fB4a0":230.4776843275491,"0x3Ed3B47Dd13EC9a98b44e6204A523E766B225811":332.93633443233995,"0x40D16FC0246aD3160Ccc09B8D0D3A2cD28aE6C2f":488.68438849088204,"0x4591DBfF62656E7859Afe5e45f6f47D3669fBB28":209.2602443980899,"0x4647B6D835f3B393C7A955df51EEfcf0db961606":299.6963190576138,"0x466a756E9A7401B5e2444a3fCB3c2C12FBEa0a54":6.428031874387354,"0x48759F220ED983dB51fA7A8C0D2AAb8f3ce4166a":1525.699841317201,"0x49446A0874197839D15395B908328a74ccc96Bc0":13.103012311855714,"0x4AE86d8732390d852A13cb918463BC6e5775FaDD":92.37460600797746,"0x4Fabb145d64652a948d72533023f6E7A623C7C53":0.028270161674261548,"0x4c9EDD5852cd905f086C759E8383e09bff1E68B3":1825.365973734807,"0x4de2ab8177fC5fFAFB7aD11FB8BeB1e5fB95F71C":178.04207850626898,"0x4eBdF703948ddCEA3B11f675B4D1Fba9d2414A14":952.5780346954695,"0x514910771AF9Ca656af840dff83E8264EcF986CA":103.43725782510617,"0x5228a22e72ccC52d415EcFd199F99D0665E7733b":49.59505493810328,"0x5426178799ee0a0181A89b4f57eFddfAb49941Ec":266.67473994906965,"0x5555f75e3d5278082200Fb451D1b6bA946D8e13b":136.70854558306132,"0x57a5a0567187FF4A8dcC1A9bBa86155E355878F2":1.168055512263005,"0x58efE15C0404aB22F87E4495D71f6f2077e862bE":0.0012498164138459997,"0x5905c0290e59aFBDc42a5480add9bD7B20CB3759":0.17907441058155169,"0x59D9356E565Ab3A36dD77763Fc0d87fEaf85508C":565.9923018502345,"0x5BC25f649fc4e26069dDF4cF4010F9f706c23831":4.252263887926579,"0x5Ca135cB8527d76e932f34B5145575F9d8cbE08E":42.52436451256793,"0x5E8422345238F34275888049021821E8E08CAa1f":17289.500952834667,"0x5b6C539b224014A09B3388e51CaAA8e354c959C8":1138.2078188324679,"0x5e74C9036fb86BD7eCdcb084a0673EFc32eA31cb":191.3739861198249,"0x63a0964A36c34E81959da5894ad888800e17405b":31.226728995016614,"0x65D72AA8DA931F047169112fcf34f52DbaAE7D18":120.26233963525942,"0x661c70333AA1850CcDBAe82776Bb436A0fCfeEfB":46.85578347005949,"0x668308d77be3533c909a692302Cb4D135Bf8041C":0.05713575107983936,"0x66a1E37c9b0eAddca17d3662D6c05F4DECf3e110":0.7654231574054422,"0x674C6Ad92Fd080e4004b2312b45f796a192D27a0":5.578055500581,"0x68749665FF8D2d112Fa859AA293F07A622782F38":9.319987374433921,"0x6B175474E89094C44Da98b954EedeAC495271d0F":2514.751350141824,"0x6C5024Cd4F8A59110119C56f8933403A539555EB":116.26911161671455,"0x6C9815826FdF8c7a45cCfEd2064dbaB33a078712":6.436788483620212,"0x6ade6971Ca3d90990C30d39c78b0534C7166e07b":169.09322603389072,"0x6b5204B0Be36771253Cc38e88012E02B752f0f36":145.75288277173215,"0x6c3F90f043a72FA612cbac8115EE7e52BDe6E490":1177.9226670304868,"0x6c3ea9036406852006290770BEdFcAbA0e23A0e8":829.1835831655502,"0x6e52cCe4EaFDf77091dD1c82183b2D97b776b397":402.1149547160817,"0x6ef3D766Dfe02Dc4bF04aAe9122EB9A0Ded25615":0.0868249061051417,"0x7223442cad8e9cA474fC40109ab981608F8c4273":0.5662309486262492,"0x73968b9a57c6E53d41345FD57a6E6ae27d6CDB2F":104.48964223467487,"0x73A15FeD60Bf67631dC6cd7Bc5B6e8da8190aCF5":2273.493775055012,"0x76237BCfDbe8e06FB774663add96216961df4ff3":12.36343844508584,"0x76Eb2FE28b36B3ee97F3Adae0C69606eeDB2A37c":759.1749774239441,"0x77E06c9eCCf2E797fd462A92B6D7642EF85b0A44":0.99466133388,"0x78da5799CF427Fee11e9996982F4150eCe7a99A7":51.22281933338476,"0x7988292D0FB141085c092132e2a70B30aA1eccAB":461.1402924582451,"0x7F17A6C77C3938D235b014818092eb6305BdA110":40.27834966741293,"0x7F86Bf177Dd4F3494b841a37e810A34dD56c829B":2909.440132815889,"0x7FA768E035F956c41d6aeaa3Bd857e7E5141CAd5":0.4913725305843631,"0x7f39C581F595B53c5cb19bD0b3f8dA6c935E2Ca0":1178.4927129408807,"0x8064d9Ae6cDf087b1bcd5BDf3531bD5d8C537a68":68.74275607199425,"0x80d69e79258FE9D056c822461c4eb0B4ca8802E2":0.25620081956826196,"0x826180541412D574cf1336d22c0C0a287822678A":263.4285932680015,"0x830614aE209FF9d8706d386fcdBc7a55206fcffC":50.968215848772736,"0x83F20F44975D03b1b09e64809B757c47f942BEeA":1969.2949805143212,"0x853d955aCEf822Db058eb8505911ED77F175b99e":1725.601641246566,"0x856c4Efb76C1D1AE02e20CEB03A2A6a08b0b8dC3":1.9241097431939742,"0x865377367054516e17014CcdED1e7d814EDC9ce4":537.8880174611495,"0x8C0D76C9B18779665475F3E212D9Ca1Ed6A1A0e6":752.5476718619807,"0x8C88538688aca3b733aD08b12BEe4574c0C00907":528.2370515539594,"0x8Cd52ee292313C4D851e71A7064F096504aB3eE9":41.67159112379603,"0x8E870D67F660D95d5be530380D0eC0bd388289E1":0.007684603230375109,"0x8c9532a60E0E7C6BbD2B2c1303F63aCE1c3E9811":1.1828741846663486,"0x8dAEBADE922dF735c38C80C7eBD708Af50815fAa":10.379117446040095,"0x8e595470Ed749b85C6F7669de83EAe304C2ec68F":42.54546290045432,"0x917ceE801a67f933F2e6b33fC0cD1ED2d5909D88":517.2264246282481,"0x9181f633E9B9F15A32d5e37094F4C93b333e0E92":1.168979617240999,"0x922406EAFC3CcEb32b0256F287fB977c426EDbd8":0.029080337758078095,"0x9559Aaa82d9649C7A7b220E7c461d2E74c9a3593":190.80624573837233,"0x95710BDE45C8D384A976Cc58Cc7a7e489576b098":2.3410035176860764,"0x961D4921e1718E633BAC8Ded88c4a1cAe44b785a":1137.2125307876163,"0x9961BdBE8B7091E584c2bF9D0a160C583f564A8c":396.665618743504,"0x99D8a9C45b2ecA8864373A26D1459e3Dff1e17F3":12.285372654005773,"0x9BE89D2a4cd102D8Fecc6BF9dA793be995C22541":244.57348647383427,"0x9D39A5DE30e57443BfF2A8307A4256c8797A3497":1402.2444276195283,"0x9EEAD9ce15383CaEED975427340b3A369410CFBF":10.203817746105056,"0x9FeE65D5A627e73212989c8BbEdC5Fa5Cae3821F":7.131728632607151,"0x9de1c3D446237ab9BaFF74127eb4F303802a2683":548.6390417864916,"0xA0b86991c6218b36c1d19D4a2e9Eb0cE3606eB48":6597.81825502805,"0xA0d69E286B938e21CBf7E51D71F6A4c8918f482F":1178.9190993731688,"0xA1290d69c65A6Fe4DF752f95823fae25cB99e5A7":154.1277649426177,"0xA35b1B31Ce002FBF2058D22F30f95D405200A15b":1.9096339132284565,"0xA5588F7cdf560811710A2D82D3C9c99769DB1Dcb":931.3721109910879,"0xA663B02CF0a4b149d2aD41910CB81e23e1c41c32":84.29528539721115,"0xAB846Fb6C81370327e784Ae7CbB6d6a6af6Ff4BF":68.63330970687208,