{"0x0000000000085d4780B73119b644AE5ecd22b376":0.008459568655173645,"0x005F893EcD7bF9667195642f7649DA8163e23658":135.81831550745514,"0x0100546F2cD4C9D97f798fFC9755E47865FF7Ee6":158.06249645097077,"0x028171bCA77440897B824Ca71D1c56caC55b68A3":761.6365419237699,"0x0316EB71485b0Ab14103307bf65a021042c6d380":48.97813206564892,"0x03ab458634910AaD20eF5f1C8ee96F1D6ac54919":165.76790225915647,"0x04C154b66CB340F3Ae24111CC767e0184Ed00Cc6":297.78759496327115,"0x056Fd409E1d7A124BD7017459dFEa2F387b6d5Cd":195.03248377387777,"0x067079c14B85169e6a29703769dadDef90816f4C":279.03675220198505,"0x075b1bb99792c9E1041bA13afEf80C91a1e70fB3":278.33127228346626,"0x085780639CC2cACd35E474e71f4d000e2405d8f6":511.8715964968519,"0x0E2EC54fC0B509F445631Bf4b91AB8168230C752":0.47153690003295246,"0x0E573Ce2736Dd9637A0b21058352e1667925C7a8":132.43704400710757,"0x0a5E677a6A24b2F1A2Bf4F3bFfC443231d2fDEc8":0.04919952902732386,"0x0bc529c00C6401aEF6D220BE8C6Ea1667F6Ad93e":16.78093537276855,"0x0d86883FAf4FfD7aEb116390af37746F45b6f378":171.78530616388727,"0x0dE54CFdfeD8005176f8b7A9D5438B45c4F1df1e":5.833571743358558,"0x1456688345527bE1f37E9e627DA0837D6f08C925":6.767069493328605,"0x16eAd9a10b1A77007E6E329B076aD1Fe97a6F7C0":45.0725060817517,"0x18084fbA666a33d37592fA2633fD49a74DD93a88":0.8748140786646643,"0x1830c553dC76d3447B69b7B0dC19CF9e3c739C78":86.14044910896227,"0x183395DbD0B5e93323a7286D1973150697FFFCB3":351.74781144645385,"0x196f4727526eA7FB1e17b2071B3d8eAA38486988":2.5274538579356816,"0x1c48f86ae57291F7686349F12601910BD8D470bb":1.291389351162881,"0x1ce0D1E19c9514230FF8CD1DAbaC2555fb92122b":0,"0x2191DF768ad71140F9F3E96c1e4407A4aA31d082":2.8448937058861388,"0x2260FAC5E5542a773Aa44fBCfeDf7C193bc2C599":342.53170101549694,"0x2302aaBe69e6E7A1b0Aa23aAC68fcCB8A4D2B460":102.88535868534933,"0x2570f1bD5D2735314FC102eb12Fc1aFe9e6E7193":780.0674047328625,"0x25eC98773D7b4ceD4cAFaB96A2A1c0945f145e10":0,"0x2889302a794dA87fBF1D6Db415C1492194663D13":337.4090185014079,"0x29059568bB40344487d62f7450E78b8E6C74e0e5":149.15400483649356,"0x2b01d4FdB87eb7F2399E5D68631d8A939a323786":24.210815487210294,"0x31429d1856aD1377A8A0079410B297e1a9e214c2":465.4558766389158,"0x32bd822d615A3658A68b6fDD30c2fcb2C996D678":51.50491179154281,"0x34635280737b5BFe6c7DC2FC3065D60d66e78185":351.8585664953695,"0x35282d87011f87508D457F08252Bc5bFa52E10A0":79.70640469879787,"0x35D8949372D46B7a3D5A56006AE77B215fc69bC0":337.25401168905523,"0x35fA164735182de50811E8e2E824cFb9B6118ac2":1098.0129057725105,"0x383E6b4437b59fff47B619CBA855CA29342A8559":106.27368175995545,"0x38D64ce1Bdf1A9f24E0Ec469C9cAde61236fB4a0":214.46119175446125,"0x3A283D9c08E8b55966afb64C515f5143cf907611":2092.2092247049272,"0x3Ed3B47Dd13EC9a98b44e6204A523E766B225811":326.40305901270284,"0x40D16FC0246aD3160Ccc09B8D0D3A2cD28aE6C2f":458.7442078785398,"0x4591DBfF62656E7859Afe5e45f6f47D3669fBB28":167.8825777951468,"0x4647B6D835f3B393C7A955df51EEfcf0db961606":276.30047309350897,"0x466a756E9A7401B5e2444a3fCB3c2C12FBEa0a54":6.43811991338087,"0x48759F220ED983dB51fA7A8C0D2AAb8f3ce4166a":1520.3732091681907,"0x49446A0874197839D15395B908328a74ccc96Bc0":6.560560377171163,"0x4AE86d8732390d852A13cb918463BC6e5775FaDD":83.72567032995809,"0x4Fabb145d64652a948d72533023f6E7A623C7C53":0.028600764818084202,"0x4c9EDD5852cd905f086C759E8383e09bff1E68B3":1620.620834656454,"0x4eBdF703948ddCEA3B11f675B4D1Fba9d2414A14":701.7947675429821,"0x514910771AF9Ca656af840dff83E8264EcF986CA":103.63676538502683,"0x5228a22e72ccC52d415EcFd199F99D0665E7733b":43.235366587449796,"0x5426178799ee0a0181A89b4f57eFddfAb49941Ec":245.58599509560173,"0x5555f75e3d5278082200Fb451D1b6bA946D8e13b":51.20282939346096,"0x57a5a0567187FF4A8dcC1A9bBa86155E355878F2":1.1812824794786214,"0x58efE15C0404aB22F87E4495D71f6f2077e862bE":0.001248198269917584,"0x5905c0290e59aFBDc42a5480add9bD7B20CB3759":0.17884256199402554,"0x59D9356E565Ab3A36dD77763Fc0d87fEaf85508C":551.7227031548667,"0x5BC25f649fc4e26069dDF4cF4010F9f706c23831":4.252241165035692,"0x5Be6C45e2d074fAa20700C49aDA3E88a1cc0025d":307.27808629404757,"0x5Ca135cB8527d76e932f34B5145575F9d8cbE08E":42.10514533151964,"0x5E8422345238F34275888049021821E8E08CAa1f":17211.436580327492,"0x5b6C539b224014A09B3388e51CaAA8e354c959C8":1098.8102857248148,"0x5e74C9036fb86BD7eCdcb084a0673EFc32eA31cb":186.08896199711182,"0x63a0964A36c34E81959da5894ad888800e17405b":11.399827271461417,"0x65D72AA8DA931F047169112fcf34f52DbaAE7D18":107.48866798443406,"0x661c70333AA1850CcDBAe82776Bb436A0fCfeEfB":42.834407558226545,"0x668308d77be3533c909a692302Cb4D135Bf8041C":0.05772283997824703,"0x66a1E37c9b0eAddca17d3662D6c05F4DECf3e110":0.10842719932922901,"0x674C6Ad92Fd080e4004b2312b45f796a192D27a0":5.259014549205594,"0x68749665FF8D2d112Fa859AA293F07A622782F38":3.3614328569693375,"0x6B175474E89094C44Da98b954EedeAC495271d0F":1861.359613373144,"0x6C280dB098dB673d30d5B34eC04B6387185D3620":42.50585878551421,"0x6C5024Cd4F8A59110119C56f8933403A539555EB":105.86864002555082,"0x6C9815826FdF8c7a45cCfEd2064dbaB33a078712":4.412054595195286,"0x6ade6971Ca3d90990C30d39c78b0534C7166e07b":153.98984800281804,"0x6b5204B0Be36771253Cc38e88012E02B752f0f36":126.35118605666396,"0x6c3F90f043a72FA612cbac8115EE7e52BDe6E490":1073.3066174928786,"0x6c3ea9036406852006290770BEdFcAbA0e23A0e8":766.8201747610441,"0x6ef3D766Dfe02Dc4bF04aAe9122EB9A0Ded25615":0.02989427191620544,"0x7223442cad8e9cA474fC40109ab981608F8c4273":0.5805121403174065,"0x73968b9a57c6E53d41345FD57a6E6ae27d6CDB2F":81.20508500324173,"0x73A15FeD60Bf67631dC6cd7Bc5B6e8da8190aCF5":1363.9428305596625,"0x76237BCfDbe8e06FB774663add96216961df4ff3":4.487328215279022,"0x76Eb2FE28b36B3ee97F3Adae0C69606eeDB2A37c":753.1413784243421,"0x77E06c9eCCf2E797fd462A92B6D7642EF85b0A44":0.85308030535,"0x78da5799CF427Fee11e9996982F4150eCe7a99A7":43.17636458540635,"0x7988292D0FB141085c092132e2a70B30aA1eccAB":441.6893475820707,"0x7F17A6C77C3938D235b014818092eb6305BdA110":44.28125981305327,"0x7F86Bf177Dd4F3494b841a37e810A34dD56c829B":2527.6134906015395,"0x7FA768E035F956c41d6aeaa3Bd857e7E5141CAd5":0.4955483512517311,"0x7ea4aD8C803653498bF6AC1D2dEbc04DCe8Fd2aD":112.90491356201471,"0x7f39C581F595B53c5cb19bD0b3f8dA6c935E2Ca0":828.2093929165961,"0x8064d9Ae6cDf087b1bcd5BDf3531bD5d8C537a68":36.874219088728864,"0x80d69e79258FE9D056c822461c4eb0B4ca8802E2":0.2603952007192097,"0x826180541412D574cf1336d22c0C0a287822678A":258.5481316516645,"0x830614aE209FF9d8706d386fcdBc7a55206fcffC":43.719653672082735,"0x83F20F44975D03b1b09e64809B757c47f942BEeA":1482.7861385409012,"0x853d955aCEf822Db058eb8505911ED77F175b99e":1493.9300282318045,"0x856c4Efb76C1D1AE02e20CEB03A2A6a08b0b8dC3":1.849432020420296,"0x865377367054516e17014CcdED1e7d814EDC9ce4":500.0263361900408,"0x8C0D76C9B18779665475F3E212D9Ca1Ed6A1A0e6":582.904823817266,"0x8C88538688aca3b733aD08b12BEe4574c0C00907":465.8655318998298,"0x8Cd52ee292313C4D851e71A7064F096504aB3eE9":24.165460094321705,"0x8E870D67F660D95d5be530380D0eC0bd388289E1":0.007659501727008824,"0x8c9532a60E0E7C6BbD2B2c1303F63aCE1c3E9811":1.2101643792916303,"0x8dAEBADE922dF735c38C80C7eBD708Af50815fAa":6.7984012261415625,"0x8e595470Ed749b85C6F7669de83EAe304C2ec68F":41.989304801821575,"0x917ceE801a67f933F2e6b33fC0cD1ED2d5909D88":493.65897711577855,"0x9181f633E9B9F15A32d5e37094F4C93b333e0E92":1.1790753124487623,"0x922406EAFC3CcEb32b0256F287fB977c426EDbd8":0.02906408184927133,"0x954313005C56b555bdC41B84D6c63B69049d7847":459.5028089296682,"0x9559Aaa82d9649C7A7b220E7c461d2E74c9a3593":187.23876673963065,"0x95710BDE45C8D384A976Cc58Cc7a7e489576b098":2.392931859663125,"0x961D4921e1718E633BAC8Ded88c4a1cAe44b785a":1182.5100247854923,"0x9961BdBE8B7091E584c2bF9D0a160C583f564A8c":393.90873287719853,"0x99D8a9C45b2ecA8864373A26D1459e3Dff1e17F3":4.624508865966415,"0x9BE89D2a4cd102D8Fecc6BF9dA793be995C22541":230.62124295927575,"0x9D39A5DE30e57443BfF2A8307A4256c8797A3497":973.7258259412831,"0x9EEAD9ce15383CaEED975427340b3A369410CFBF":1.7639681656830426,"0x9FeE65D5A627e73212989c8BbEdC5Fa5Cae3821F":9.273943837955791,"0x9de1c3D446237ab9BaFF74127eb4F303802a2683":494.33994581213676,"0xA0b86991c6218b36c1d19D4a2e9Eb0cE3606eB48":5236.909397855021,