{"0x0000000000085d4780B73119b644AE5ecd22b376":0.00846900312465451,"0x005F893EcD7bF9667195642f7649DA8163e23658":204.69942517812132,"0x0100546F2cD4C9D97f798fFC9755E47865FF7Ee6":196.4101442235419,"0x028171bCA77440897B824Ca71D1c56caC55b68A3":797.5821122052342,"0x0316EB71485b0Ab14103307bf65a021042c6d380":75.83415722774558,"0x03ab458634910AaD20eF5f1C8ee96F1D6ac54919":181.3737722439215,"0x04C154b66CB340F3Ae24111CC767e0184Ed00Cc6":434.9964997671364,"0x056Fd409E1d7A124BD7017459dFEa2F387b6d5Cd":390.6573574276833,"0x067079c14B85169e6a29703769dadDef90816f4C":362.35160841810864,"0x075b1bb99792c9E1041bA13afEf80C91a1e70fB3":325.60427629474475,"0x085780639CC2cACd35E474e71f4d000e2405d8f6":759.6579078806257,"0x0E2EC54fC0B509F445631Bf4b91AB8168230C752":0.4715253021793215,"0x0E573Ce2736Dd9637A0b21058352e1667925C7a8":144.07649037879787,"0x0a5E677a6A24b2F1A2Bf4F3bFfC443231d2fDEc8":0.04867256230940705,"0x0bc529c00C6401aEF6D220BE8C6Ea1667F6Ad93e":13.03373719305597,"0x0d86883FAf4FfD7aEb116390af37746F45b6f378":244.05523843000552,"0x0dE54CFdfeD8005176f8b7A9D5438B45c4F1df1e":4.258349126545661,"0x1456688345527bE1f37E9e627DA0837D6f08C925":3.1112830663991993,"0x18084fbA666a33d37592fA2633fD49a74DD93a88":12.139373260040573,"0x1830c553dC76d3447B69b7B0dC19CF9e3c739C78":113.09538937050402,"0x183395DbD0B5e93323a7286D1973150697FFFCB3":388.8066373297163,"0x196f4727526eA7FB1e17b2071B3d8eAA38486988":2.532126036213715,"0x1c48f86ae57291F7686349F12601910BD8D470bb":0.5993905728064314,"0x1ce0D1E19c9514230FF8CD1DAbaC2555fb92122b":0,"0x2191DF768ad71140F9F3E96c1e4407A4aA31d082":6.170564020133489,"0x2260FAC5E5542a773Aa44fBCfeDf7C193bc2C599":367.2607847997843,"0x2570f1bD5D2735314FC102eb12Fc1aFe9e6E7193":893.9023862712949,"0x25eC98773D7b4ceD4cAFaB96A2A1c0945f145e10":0,"0x2b01d4FdB87eb7F2399E5D68631d8A939a323786":24.878952584995908,"0x31429d1856aD1377A8A0079410B297e1a9e214c2":492.38271430654396,"0x32bd822d615A3658A68b6fDD30c2fcb2C996D678":70.95478825121778,"0x34635280737b5BFe6c7DC2FC3065D60d66e78185":354.80176775112466,"0x35282d87011f87508D457F08252Bc5bFa52E10A0":118.08719258770647,"0x35D8949372D46B7a3D5A56006AE77B215fc69bC0":791.0273002826283,"0x35fA164735182de50811E8e2E824cFb9B6118ac2":1155.3672838284733,"0x383E6b4437b59fff47B619CBA855CA29342A8559":164.2272714895984,"0x38D64ce1Bdf1A9f24E0Ec469C9cAde61236fB4a0":246.95016485637947,"0x3A283D9c08E8b55966afb64C515f5143cf907611":3309.700757631525,"0x3Ed3B47Dd13EC9a98b44e6204A523E766B225811":364.5246107697332,"0x3f0e7916681452D23Cd36B1281457DA721F2E5dF":12.621871041384232,"0x40D16FC0246aD3160Ccc09B8D0D3A2cD28aE6C2f":640.0971080168832,"0x4591DBfF62656E7859Afe5e45f6f47D3669fBB28":252.14743552920643,"0x4647B6D835f3B393C7A955df51EEfcf0db961606":415.5389879893716,"0x466a756E9A7401B5e2444a3fCB3c2C12FBEa0a54":2.1128173896925326,"0x48759F220ED983dB51fA7A8C0D2AAb8f3ce4166a":1556.7457113352405,"0x49446A0874197839D15395B908328a74ccc96Bc0":21.378281558281003,"0x4AE86d8732390d852A13cb918463BC6e5775FaDD":130.5310784273534,"0x4D1941a887eC788F059b3bfcC8eE1E97b968825B":12.759575719496578,"0x4Fabb145d64652a948d72533023f6E7A623C7C53":0.02919493327085825,"0x4c9EDD5852cd905f086C759E8383e09bff1E68B3":6089.460608483816,"0x4de2ab8177fC5fFAFB7aD11FB8BeB1e5fB95F71C":216.22336212117474,"0x4eBdF703948ddCEA3B11f675B4D1Fba9d2414A14":1633.7604708868664,"0x514910771AF9Ca656af840dff83E8264EcF986CA":116.01474873267708,"0x5228a22e72ccC52d415EcFd199F99D0665E7733b":57.9032803964894,"0x5426178799ee0a0181A89b4f57eFddfAb49941Ec":277.6525359472125,"0x5555f75e3d5278082200Fb451D1b6bA946D8e13b":83.93495077980347,"0x57a5a0567187FF4A8dcC1A9bBa86155E355878F2":1.2050703585375957,"0x58efE15C0404aB22F87E4495D71f6f2077e862bE":0.001248567846,"0x5905c0290e59aFBDc42a5480add9bD7B20CB3759":0.1788955150664852,"0x59D9356E565Ab3A36dD77763Fc0d87fEaf85508C":585.5710377348253,"0x5BC25f649fc4e26069dDF4cF4010F9f706c23831":1.2063511731397312,"0x5Be6C45e2d074fAa20700C49aDA3E88a1cc0025d":623.0450890646141,"0x5Ca135cB8527d76e932f34B5145575F9d8cbE08E":51.53452536834418,"0x5E8422345238F34275888049021821E8E08CAa1f":18137.327362549648,"0x5e74C9036fb86BD7eCdcb084a0673EFc32eA31cb":210.78967086684574,"0x63a0964A36c34E81959da5894ad888800e17405b":78.61279127349424,"0x65D72AA8DA931F047169112fcf34f52DbaAE7D18":132.2544799077349,"0x661c70333AA1850CcDBAe82776Bb436A0fCfeEfB":57.70984430263928,"0x6663b6D50992ef4fc0380199397c87C2f5256075":3.40933593065484,"0x668308d77be3533c909a692302Cb4D135Bf8041C":0.05900436499537103,"0x66a1E37c9b0eAddca17d3662D6c05F4DECf3e110":4.295342043880507,"0x674C6Ad92Fd080e4004b2312b45f796a192D27a0":1.4371938369186195,"0x68749665FF8D2d112Fa859AA293F07A622782F38":17.880699621561558,"0x6B175474E89094C44Da98b954EedeAC495271d0F":3920.613431574899,"0x6C5024Cd4F8A59110119C56f8933403A539555EB":123.13178694676807,"0x6C9815826FdF8c7a45cCfEd2064dbaB33a078712":11.018502496674177,"0x6ade6971Ca3d90990C30d39c78b0534C7166e07b":194.11401424778035,"0x6b5204B0Be36771253Cc38e88012E02B752f0f36":191.6251324027525,"0x6c3F90f043a72FA612cbac8115EE7e52BDe6E490":1289.3404804492752,"0x6c3ea9036406852006290770BEdFcAbA0e23A0e8":889.1170838248391,"0x6ef3D766Dfe02Dc4bF04aAe9122EB9A0Ded25615":0.08956464549704428,"0x7223442cad8e9cA474fC40109ab981608F8c4273":1.8877711502488654,"0x73968b9a57c6E53d41345FD57a6E6ae27d6CDB2F":111.13592767401177,"0x73A15FeD60Bf67631dC6cd7Bc5B6e8da8190aCF5":3352.2878280282216,"0x76237BCfDbe8e06FB774663add96216961df4ff3":19.266618542988873,"0x76Eb2FE28b36B3ee97F3Adae0C69606eeDB2A37c":773.6736641453663,"0x77E06c9eCCf2E797fd462A92B6D7642EF85b0A44":1.0599608412,"0x78da5799CF427Fee11e9996982F4150eCe7a99A7":87.97220084509777,"0x7988292D0FB141085c092132e2a70B30aA1eccAB":473.35628206685305,"0x7F17A6C77C3938D235b014818092eb6305BdA110":59.21489297884913,"0x7F86Bf177Dd4F3494b841a37e810A34dD56c829B":3802.294936096956,"0x7FA768E035F956c41d6aeaa3Bd857e7E5141CAd5":0.5069861986182165,"0x7ea4aD8C803653498bF6AC1D2dEbc04DCe8Fd2aD":408.87235135175484,"0x7f39C581F595B53c5cb19bD0b3f8dA6c935E2Ca0":1618.6842993794896,"0x8064d9Ae6cDf087b1bcd5BDf3531bD5d8C537a68":80.30169075274485,"0x80d69e79258FE9D056c822461c4eb0B4ca8802E2":0.2644647089198959,"0x826180541412D574cf1336d22c0C0a287822678A":255.63733459365739,"0x830614aE209FF9d8706d386fcdBc7a55206fcffC":61.49513510932677,"0x83F20F44975D03b1b09e64809B757c47f942BEeA":3483.0641236616802,"0x84CeCB5525c6B1C20070E742da870062E84Da178":19.595065619409358,"0x853d955aCEf822Db058eb8505911ED77F175b99e":2408.1717888851467,"0x856c4Efb76C1D1AE02e20CEB03A2A6a08b0b8dC3":1.9823535555417329,"0x865377367054516e17014CcdED1e7d814EDC9ce4":661.8379912648062,"0x8C0D76C9B18779665475F3E212D9Ca1Ed6A1A0e6":883.71547194537,"0x8C88538688aca3b733aD08b12BEe4574c0C00907":633.9951886706864,"0x8Cd52ee292313C4D851e71A7064F096504aB3eE9":50.387766180036714,"0x8E870D67F660D95d5be530380D0eC0bd388289E1":0.007676933965674135,"0x8c9532a60E0E7C6BbD2B2c1303F63aCE1c3E9811":1.2134851085993927,"0x8dAEBADE922dF735c38C80C7eBD708Af50815fAa":17.42170726686611,"0x8e595470Ed749b85C6F7669de83EAe304C2ec68F":48.79315824620874,"0x917ceE801a67f933F2e6b33fC0cD1ED2d5909D88":575.9863795708616,"0x9181f633E9B9F15A32d5e37094F4C93b333e0E92":1.2058797631777332,"0x922406EAFC3CcEb32b0256F287fB977c426EDbd8":0.029080337758078095,"0x9559Aaa82d9649C7A7b220E7c461d2E74c9a3593":217.85579583066942,"0x95710BDE45C8D384A976Cc58Cc7a7e489576b098":2.4797641918232833,"0x961D4921e1718E633BAC8Ded88c4a1cAe44b785a":1074.3671850201438,"0x9961BdBE8B7091E584c2bF9D0a160C583f564A8c":401.4414006820875,"0x99D8a9C45b2ecA8864373A26D1459e3Dff1e17F3":23.465994690651137,"0x9BE89D2a4cd102D8Fecc6BF9dA793be995C22541":268.5070455676231,"0x9D39A5DE30e57443BfF2A8307A4256c8797A3497":2898.043381244521,"0x9EEAD9ce15383CaEED975427340b3A369410CFBF":16.02789670750027,"0x9FeE65D5A627e73212989c8BbEdC5Fa5Cae3821F":13.990833923899272,"0x9b77bd0a665F05995b68e36fC1053AFFfAf0d4B5":11.089006842034095,"0x9de1c3D446237ab9BaFF74127eb4F303802a2683":604.0261384863143,"0xA0b86991c6218b36c1d19D4a2e9Eb0cE3606eB48":9938.61294938664,"0xA0d69E286B938e21CBf7E51D71F6A4c8918f482F":1282.524600188928,