{"0x005F893EcD7bF9667195642f7649DA8163e23658":4.428773403210704,"0x0100546F2cD4C9D97f798fFC9755E47865FF7Ee6":147.61170543500614,"0x028171bCA77440897B824Ca71D1c56caC55b68A3":758.0562664082017,"0x0316EB71485b0Ab14103307bf65a021042c6d380":66.16282977823884,"0x03ab458634910AaD20eF5f1C8ee96F1D6ac54919":144.3152574568083,"0x04C154b66CB340F3Ae24111CC767e0184Ed00Cc6":140.87852547827868,"0x056Fd409E1d7A124BD7017459dFEa2F387b6d5Cd":698.8174765245739,"0x067079c14B85169e6a29703769dadDef90816f4C":563.773644595624,"0x075b1bb99792c9E1041bA13afEf80C91a1e70fB3":292.20986271064453,"0x085780639CC2cACd35E474e71f4d000e2405d8f6":24954.834688451767,"0x0E2EC54fC0B509F445631Bf4b91AB8168230C752":0.4500622229871073,"0x0E573Ce2736Dd9637A0b21058352e1667925C7a8":141.57340992191862,"0x0bc529c00C6401aEF6D220BE8C6Ea1667F6Ad93e":5.94068094853975,"0x0d86883FAf4FfD7aEb116390af37746F45b6f378":42.3079686666257,"0x0dE54CFdfeD8005176f8b7A9D5438B45c4F1df1e":1.2831042290586765,"0x1456688345527bE1f37E9e627DA0837D6f08C925":1.8818090433340255,"0x1830c553dC76d3447B69b7B0dC19CF9e3c739C78":183.792436004956,"0x196f4727526eA7FB1e17b2071B3d8eAA38486988":2.4801001671393395,"0x1c48f86ae57291F7686349F12601910BD8D470bb":0.4917386627818963,"0x1ce0D1E19c9514230FF8CD1DAbaC2555fb92122b":0,"0x2260FAC5E5542a773Aa44fBCfeDf7C193bc2C599":343.08192033009465,"0x2570f1bD5D2735314FC102eb12Fc1aFe9e6E7193":182.13518381744257,"0x25eC98773D7b4ceD4cAFaB96A2A1c0945f145e10":5.82926025250568,"0x2889302a794dA87fBF1D6Db415C1492194663D13":1072.0055536951286,"0x29059568bB40344487d62f7450E78b8E6C74e0e5":649.0126091603692,"0x2b01d4FdB87eb7F2399E5D68631d8A939a323786":17.128818036177275,"0x3175Df0976dFA876431C2E9eE6Bc45b65d3473CC":2086.9316143680517,"0x32bd822d615A3658A68b6fDD30c2fcb2C996D678":33.247162678414654,"0x35282d87011f87508D457F08252Bc5bFa52E10A0":121.66346926835467,"0x35fA164735182de50811E8e2E824cFb9B6118ac2":373.3228726433995,"0x383E6b4437b59fff47B619CBA855CA29342A8559":1359.2650565027673,"0x38D64ce1Bdf1A9f24E0Ec469C9cAde61236fB4a0":484.3081505047976,"0x3A283D9c08E8b55966afb64C515f5143cf907611":10128.214498539284,"0x3Ed3B47Dd13EC9a98b44e6204A523E766B225811":425.2314363847406,"0x3f0e7916681452D23Cd36B1281457DA721F2E5dF":76.88398318872422,"0x40D16FC0246aD3160Ccc09B8D0D3A2cD28aE6C2f":1179.1648644277652,"0x4591DBfF62656E7859Afe5e45f6f47D3669fBB28":323.9440730467167,"0x4647B6D835f3B393C7A955df51EEfcf0db961606":469.94295632367766,"0x466a756E9A7401B5e2444a3fCB3c2C12FBEa0a54":503.81253537154885,"0x48759F220ED983dB51fA7A8C0D2AAb8f3ce4166a":53.34937423703461,"0x49446A0874197839D15395B908328a74ccc96Bc0":7.591100352931306,"0x4AE86d8732390d852A13cb918463BC6e5775FaDD":24.13603616479165,"0x4c9EDD5852cd905f086C759E8383e09bff1E68B3":6449.4336203609255,"0x4de2ab8177fC5fFAFB7aD11FB8BeB1e5fB95F71C":59.201700953651844,"0x4eBdF703948ddCEA3B11f675B4D1Fba9d2414A14":4005.786447993449,"0x514910771AF9Ca656af840dff83E8264EcF986CA":115.23220300682695,"0x5228a22e72ccC52d415EcFd199F99D0665E7733b":54.22140383815448,"0x527331F3F550f6f85ACFEcAB9Cc0889180C6f1d5":500.26649519075346,"0x5426178799ee0a0181A89b4f57eFddfAb49941Ec":183.9138736759596,"0x57a5a0567187FF4A8dcC1A9bBa86155E355878F2":1.1905003659282043,"0x58efE15C0404aB22F87E4495D71f6f2077e862bE":0.001247230629836934,"0x59D9356E565Ab3A36dD77763Fc0d87fEaf85508C":2002.4124413133923,"0x5BC25f649fc4e26069dDF4cF4010F9f706c23831":0.1811080804031864,"0x5Be6C45e2d074fAa20700C49aDA3E88a1cc0025d":0.37207175307911194,"0x5Ca135cB8527d76e932f34B5145575F9d8cbE08E":52.612220211122185,"0x5E8422345238F34275888049021821E8E08CAa1f":16535.82393689163,"0x5b6C539b224014A09B3388e51CaAA8e354c959C8":26.109234414943035,"0x5ca0313D44551e32e0d7a298EC024321c4BC59B4":5.194689166033102,"0x5e74C9036fb86BD7eCdcb084a0673EFc32eA31cb":192.53967663290766,"0x63a0964A36c34E81959da5894ad888800e17405b":14.17088520425696,"0x65D72AA8DA931F047169112fcf34f52DbaAE7D18":91.7798136545148,"0x661c70333AA1850CcDBAe82776Bb436A0fCfeEfB":0.0013197782339425396,"0x6663b6D50992ef4fc0380199397c87C2f5256075":18.492953537379673,"0x668308d77be3533c909a692302Cb4D135Bf8041C":0.05823733435356824,"0x66a1E37c9b0eAddca17d3662D6c05F4DECf3e110":0.10858787661747689,"0x674C6Ad92Fd080e4004b2312b45f796a192D27a0":0.8955158142312661,"0x68749665FF8D2d112Fa859AA293F07A622782F38":17.002023351617165,"0x6B175474E89094C44Da98b954EedeAC495271d0F":6669.162294528954,"0x6C5024Cd4F8A59110119C56f8933403A539555EB":106.55509157675142,"0x6ade6971Ca3d90990C30d39c78b0534C7166e07b":80.03540903160929,"0x6b5204B0Be36771253Cc38e88012E02B752f0f36":293.18516812049523,"0x6c3F90f043a72FA612cbac8115EE7e52BDe6E490":2730.3322040429443,"0x6c3ea9036406852006290770BEdFcAbA0e23A0e8":2057.3252862050863,"0x6e52cCe4EaFDf77091dD1c82183b2D97b776b397":1578.5847641566534,"0x6ef3D766Dfe02Dc4bF04aAe9122EB9A0Ded25615":0.03017114355550502,"0x73968b9a57c6E53d41345FD57a6E6ae27d6CDB2F":78.34232813877718,"0x73A15FeD60Bf67631dC6cd7Bc5B6e8da8190aCF5":0.01257966123178931,"0x76237BCfDbe8e06FB774663add96216961df4ff3":13.192060585301755,"0x76Eb2FE28b36B3ee97F3Adae0C69606eeDB2A37c":189.97145407942273,"0x78da5799CF427Fee11e9996982F4150eCe7a99A7":252.01297905904283,"0x7F17A6C77C3938D235b014818092eb6305BdA110":26.892731948548715,"0x7F86Bf177Dd4F3494b841a37e810A34dD56c829B":3625.678962353795,"0x7FA768E035F956c41d6aeaa3Bd857e7E5141CAd5":0.04095599531294652,"0x7ea4aD8C803653498bF6AC1D2dEbc04DCe8Fd2aD":65.75912630116065,"0x7f39C581F595B53c5cb19bD0b3f8dA6c935E2Ca0":9451.51676073935,"0x8064d9Ae6cDf087b1bcd5BDf3531bD5d8C537a68":75.00043151286772,"0x808507121B80c02388fAd14726482e061B8da827":1796.0230721106532,"0x826180541412D574cf1336d22c0C0a287822678A":192.6939487717126,"0x830614aE209FF9d8706d386fcdBc7a55206fcffC":40.07261489169483,"0x83F20F44975D03b1b09e64809B757c47f942BEeA":9183.81259618391,"0x84CeCB5525c6B1C20070E742da870062E84Da178":0.8203556177582512,"0x853d955aCEf822Db058eb8505911ED77F175b99e":5389.175702940952,"0x856c4Efb76C1D1AE02e20CEB03A2A6a08b0b8dC3":1.8622668239977822,"0x865377367054516e17014CcdED1e7d814EDC9ce4":341.0189252535117,"0x8C0D76C9B18779665475F3E212D9Ca1Ed6A1A0e6":305.3897929197355,"0x8C88538688aca3b733aD08b12BEe4574c0C00907":167.66645937050262,"0x8Cd52ee292313C4D851e71A7064F096504aB3eE9":63.62784889738329,"0x8E870D67F660D95d5be530380D0eC0bd388289E1":670.5298803994713,"0x8dAEBADE922dF735c38C80C7eBD708Af50815fAa":16.288320883983115,"0x8e595470Ed749b85C6F7669de83EAe304C2ec68F":15.030702979897947,"0x917ceE801a67f933F2e6b33fC0cD1ED2d5909D88":251.31445411512652,"0x9181f633E9B9F15A32d5e37094F4C93b333e0E92":0.4726654297347985,"0x922406EAFC3CcEb32b0256F287fB977c426EDbd8":0.029071351933710847,"0x9559Aaa82d9649C7A7b220E7c461d2E74c9a3593":198.38118694048123,"0x95710BDE45C8D384A976Cc58Cc7a7e489576b098":0.6634017472444114,"0x961D4921e1718E633BAC8Ded88c4a1cAe44b785a":223.17484662935044,"0x9961BdBE8B7091E584c2bF9D0a160C583f564A8c":377.35341596540985,"0x99D8a9C45b2ecA8864373A26D1459e3Dff1e17F3":3936.7422609493296,"0x9BE89D2a4cd102D8Fecc6BF9dA793be995C22541":235.25755165112457,"0x9D39A5DE30e57443BfF2A8307A4256c8797A3497":8749.872869168361,"0x9EEAD9ce15383CaEED975427340b3A369410CFBF":0.000003994113717883999,"0x9FeE65D5A627e73212989c8BbEdC5Fa5Cae3821F":15.483539831604434,"0x9b77bd0a665F05995b68e36fC1053AFFfAf0d4B5":1.8328805329974356,"0x9de1c3D446237ab9BaFF74127eb4F303802a2683":109.50333581496915,"0xA0b86991c6218b36c1d19D4a2e9Eb0cE3606eB48":13190.366055226143,"0xA0d69E286B938e21CBf7E51D71F6A4c8918f482F":885.0855698013708,"0xA1290d69c65A6Fe4DF752f95823fae25cB99e5A7":5724.415412931776,"0xA35b1B31Ce002FBF2058D22F30f95D405200A15b":524.181445041997,"0xA5588F7cdf560811710A2D82D3C9c99769DB1Dcb":4614.169356671231,"0xA663B02CF0a4b149d2aD41910CB81e23e1c41c32":59.54565532162288,"0xAB846Fb6C81370327e784Ae7CbB6d6a6af6Ff4BF":48.57264351558877,"0xBC6DA0FE9aD5f3b0d58160288917AA56653660E9":0.4719994422764733,"0xBcca60bB61934080951369a648Fb03DF4F96263C":545.1565482803376,"0xC02aaA39b223FE8D0A0e5C4F27eAD9083C756Cc2":18045.196013465094,"0xC272B96bCcdaf1BF98F2197D355066Da3C15982a":84.215599003579,