{"0x0000000000085d4780B73119b644AE5ecd22b376":215.6981327913097,"0x0000000016E6Cb3038203c1129c8B4aEE7af7a11":0.974877736339798,"0x005F893EcD7bF9667195642f7649DA8163e23658":190.81350000115154,"0x0100546F2cD4C9D97f798fFC9755E47865FF7Ee6":429.47044479379565,"0x028171bCA77440897B824Ca71D1c56caC55b68A3":1154.663562864263,"0x0316EB71485b0Ab14103307bf65a021042c6d380":0.0203817174553278,"0x03ab458634910AaD20eF5f1C8ee96F1D6ac54919":1.472386016291859,"0x04C154b66CB340F3Ae24111CC767e0184Ed00Cc6":555.9686521484108,"0x051d7e5609917Bd9b73f04BAc0DED8Dd46a74301":389.05301821951446,"0x056Fd409E1d7A124BD7017459dFEa2F387b6d5Cd":773.4715835631733,"0x075b1bb99792c9E1041bA13afEf80C91a1e70fB3":779.8909340390683,"0x085780639CC2cACd35E474e71f4d000e2405d8f6":1029.8873692618129,"0x09db87A538BD693E9d08544577d5cCfAA6373A48":86.55880030013057,"0x0E2EC54fC0B509F445631Bf4b91AB8168230C752":0.47130813834278124,"0x0E573Ce2736Dd9637A0b21058352e1667925C7a8":146.6022205068642,"0x0a5E677a6A24b2F1A2Bf4F3bFfC443231d2fDEc8":0.07903139442270979,"0x0bc529c00C6401aEF6D220BE8C6Ea1667F6Ad93e":23.398274504201066,"0x0d86883FAf4FfD7aEb116390af37746F45b6f378":276.89168322713,"0x0dE54CFdfeD8005176f8b7A9D5438B45c4F1df1e":5.31032144300403,"0x127091edE112aEd7Bae281747771b3150Bb047bB":0.6311144913732457,"0x137469B55D1f15651BA46A89D0588e97dD0B6562":235.07079681056223,"0x1456688345527bE1f37E9e627DA0837D6f08C925":5.604857561787174,"0x15700B564Ca08D9439C58cA5053166E8317aa138":1854.9845041944081,"0x16eAd9a10b1A77007E6E329B076aD1Fe97a6F7C0":115.48275483617567,"0x18084fbA666a33d37592fA2633fD49a74DD93a88":432.34783395666443,"0x1830c553dC76d3447B69b7B0dC19CF9e3c739C78":104.85811996592521,"0x183395DbD0B5e93323a7286D1973150697FFFCB3":305.2737714921216,"0x196f4727526eA7FB1e17b2071B3d8eAA38486988":1.6550088876093523,"0x1BED97CBC3c24A4fb5C069C6E311a967386131f7":311.2182613040453,"0x1a7e4e63778B4f12a199C062f3eFdD288afCBce8":332.2170780335979,"0x1aBaEA1f7C830bD89Acc67eC4af516284b1bC33c":492.51294401795053,"0x1c48f86ae57291F7686349F12601910BD8D470bb":1.1302612980672258,"0x1ce0D1E19c9514230FF8CD1DAbaC2555fb92122b":0,"0x2191DF768ad71140F9F3E96c1e4407A4aA31d082":34.6254836706233,"0x2260FAC5E5542a773Aa44fBCfeDf7C193bc2C599":418.1667032148226,"0x22CF19EB64226e0E1A79c69b345b31466fD273A7":5.929530804125312,"0x2570f1bD5D2735314FC102eb12Fc1aFe9e6E7193":246.86712459212663,"0x25eC98773D7b4ceD4cAFaB96A2A1c0945f145e10":0,"0x2889302a794dA87fBF1D6Db415C1492194663D13":646.2392887548574,"0x2b01d4FdB87eb7F2399E5D68631d8A939a323786":288.62504687468623,"0x3175Df0976dFA876431C2E9eE6Bc45b65d3473CC":9.266126073195838e-7,"0x3231Cb76718CDeF2155FC47b5286d82e6eDA273f":336.9419257317943,"0x32bd822d615A3658A68b6fDD30c2fcb2C996D678":333.0221635243258,"0x3432B6A60D23Ca0dFCa7761B7ab56459D9C964D0":389.1103499981831,"0x34635280737b5BFe6c7DC2FC3065D60d66e78185":251.63120706306853,"0x35282d87011f87508D457F08252Bc5bFa52E10A0":168.74788629697915,"0x3570E17b1F2DdFD73FBE437F34A34d1D54219138":0.16027814654499323,"0x35D8949372D46B7a3D5A56006AE77B215fc69bC0":412.44029869849413,"0x35fA164735182de50811E8e2E824cFb9B6118ac2":1063.5363474650894,"0x365AccFCa291e7D3914637ABf1F7635dB165Bb09":301.7356662976955,"0x383E6b4437b59fff47B619CBA855CA29342A8559":182.81516710180924,"0x38D64ce1Bdf1A9f24E0Ec469C9cAde61236fB4a0":255.72277848838212,"0x393DaD6c76D962Abba489a77dBf37ae948A4A6ee":159.7121299588784,"0x3A2725556Dde7B21fBe3dD64A4913ff29faba6A1":0.03375171937637618,"0x3A283D9c08E8b55966afb64C515f5143cf907611":5270.017441077988,"0x3Ed3B47Dd13EC9a98b44e6204A523E766B225811":360.77076013968383,"0x40D16FC0246aD3160Ccc09B8D0D3A2cD28aE6C2f":791.6021520650592,"0x4591DBfF62656E7859Afe5e45f6f47D3669fBB28":130.27353394114536,"0x466a756E9A7401B5e2444a3fCB3c2C12FBEa0a54":402.8379207870924,"0x48759F220ED983dB51fA7A8C0D2AAb8f3ce4166a":1664.972037153043,"0x49446A0874197839D15395B908328a74ccc96Bc0":33.85323849093469,"0x4AE86d8732390d852A13cb918463BC6e5775FaDD":159.37671919425958,"0x4D1941a887eC788F059b3bfcC8eE1E97b968825B":337.14844139797015,"0x4DEcE678ceceb27446b35C672dC7d61F30bAD69E":445.00825728528224,"0x4Fabb145d64652a948d72533023f6E7A623C7C53":0.03507114132156619,"0x4c9EDD5852cd905f086C759E8383e09bff1E68B3":5088.480347042847,"0x4eBdF703948ddCEA3B11f675B4D1Fba9d2414A14":2431.625872025238,"0x514910771AF9Ca656af840dff83E8264EcF986CA":101.13403058799084,"0x5228a22e72ccC52d415EcFd199F99D0665E7733b":64.81078551840776,"0x527331F3F550f6f85ACFEcAB9Cc0889180C6f1d5":225.1861104288245,"0x5426178799ee0a0181A89b4f57eFddfAb49941Ec":875.1039961303745,"0x5555f75e3d5278082200Fb451D1b6bA946D8e13b":95.5000784039898,"0x57a5a0567187FF4A8dcC1A9bBa86155E355878F2":1.0356358744921523,"0x58efE15C0404aB22F87E4495D71f6f2077e862bE":0.001247879885116854,"0x5905c0290e59aFBDc42a5480add9bD7B20CB3759":0.1922600527249758,"0x59D9356E565Ab3A36dD77763Fc0d87fEaf85508C":144.87897538295857,"0x5BC25f649fc4e26069dDF4cF4010F9f706c23831":2.515448057607346,"0x5Be6C45e2d074fAa20700C49aDA3E88a1cc0025d":494.90286668584974,"0x5Ca135cB8527d76e932f34B5145575F9d8cbE08E":56.612780942476704,"0x5E8422345238F34275888049021821E8E08CAa1f":15447.321320274024,"0x5Ea630e00D6eE438d3deA1556A110359ACdc10A9":302.44809962824894,"0x5b6C539b224014A09B3388e51CaAA8e354c959C8":635.2758670811776,"0x5e74C9036fb86BD7eCdcb084a0673EFc32eA31cb":9.836848731013935,"0x6359B6d3e327c497453d4376561eE276c6933323":301.4856874752155,"0x63a0964A36c34E81959da5894ad888800e17405b":306.08672597523196,"0x65D72AA8DA931F047169112fcf34f52DbaAE7D18":153.78627388524453,"0x661c70333AA1850CcDBAe82776Bb436A0fCfeEfB":79.7471699570631,"0x668308d77be3533c909a692302Cb4D135Bf8041C":0.05056517445835507,"0x66a1E37c9b0eAddca17d3662D6c05F4DECf3e110":30.546146474027733,"0x674C6Ad92Fd080e4004b2312b45f796a192D27a0":3.842665624653796,"0x677ddbd918637E5F2c79e164D402454dE7dA8619":0.835278762302027,"0x68749665FF8D2d112Fa859AA293F07A622782F38":20.98303564100723,"0x69000405f9DcE69BD4Cbf4f2865b79144A69BFE0":0,"0x6B175474E89094C44Da98b954EedeAC495271d0F":8242.487114153064,"0x6C280dB098dB673d30d5B34eC04B6387185D3620":356.09470413122966,"0x6C5024Cd4F8A59110119C56f8933403A539555EB":125.51831873927713,"0x6C9815826FdF8c7a45cCfEd2064dbaB33a078712":66.95697247187154,"0x6ade6971Ca3d90990C30d39c78b0534C7166e07b":98.78441159018756,"0x6b5204B0Be36771253Cc38e88012E02B752f0f36":230.15882026932272,"0x6c3F90f043a72FA612cbac8115EE7e52BDe6E490":597.3709369641646,"0x6c3ea9036406852006290770BEdFcAbA0e23A0e8":882.3840842175382,"0x6e52cCe4EaFDf77091dD1c82183b2D97b776b397":566.2078270959202,"0x6ef3D766Dfe02Dc4bF04aAe9122EB9A0Ded25615":0.08601801440156959,"0x7223442cad8e9cA474fC40109ab981608F8c4273":90.17161314418125,"0x73968b9a57c6E53d41345FD57a6E6ae27d6CDB2F":116.6594764785857,"0x73A15FeD60Bf67631dC6cd7Bc5B6e8da8190aCF5":1432.6473893245122,"0x752B4c6e92d96467fE9b9a2522EF07228E00F87c":42.70049392878741,"0x76237BCfDbe8e06FB774663add96216961df4ff3":35.47004273613828,"0x76Eb2FE28b36B3ee97F3Adae0C69606eeDB2A37c":1173.466574550076,"0x77E06c9eCCf2E797fd462A92B6D7642EF85b0A44":0.8352047465999999,"0x78da5799CF427Fee11e9996982F4150eCe7a99A7":92.04330593208685,"0x7F17A6C77C3938D235b014818092eb6305BdA110":137.32869265296145,"0x7F86Bf177Dd4F3494b841a37e810A34dD56c829B":2702.703887258616,"0x7FA768E035F956c41d6aeaa3Bd857e7E5141CAd5":0.43433522937987734,"0x7ea4aD8C803653498bF6AC1D2dEbc04DCe8Fd2aD":24.99264984441541,"0x7f39C581F595B53c5cb19bD0b3f8dA6c935E2Ca0":1284.2614267795584,"0x8064d9Ae6cDf087b1bcd5BDf3531bD5d8C537a68":76.57423812181509,"0x808507121B80c02388fAd14726482e061B8da827":243.77769695540024,"0x80d69e79258FE9D056c822461c4eb0B4ca8802E2":0.22645878277163967,"0x826180541412D574cf1336d22c0C0a287822678A":188.37856498871645,"0x8282BD15dcA2EA2bDf24163E8f2781B30C43A2ef":310.20325034505345,"0x830614aE209FF9d8706d386fcdBc7a55206fcffC":53.9015402065929,"0x83F20F44975D03b1b09e64809B757c47f942BEeA":4717.171062851027,"0x84CeCB5525c6B1C20070E742da870062E84Da178":64.50410111285814,"0x853d955aCEf822Db058eb8505911ED77F175b99e":2130.0535084998846,"0x856c4Efb76C1D1AE02e20CEB03A2A6a08b0b8dC3":295.9049075084236,