{"0x0000000000085d4780B73119b644AE5ecd22b376":215.70827798402047,"0x0000000016E6Cb3038203c1129c8B4aEE7af7a11":0.9528300038267284,"0x00000000eFE302BEAA2b3e6e1b18d08D69a9012a":135.97302884128953,"0x005F893EcD7bF9667195642f7649DA8163e23658":169.83047288872402,"0x0100546F2cD4C9D97f798fFC9755E47865FF7Ee6":388.72046585714446,"0x028171bCA77440897B824Ca71D1c56caC55b68A3":1210.2880576313864,"0x0316EB71485b0Ab14103307bf65a021042c6d380":0.3010026279811115,"0x03ab458634910AaD20eF5f1C8ee96F1D6ac54919":268.79637037853513,"0x04C154b66CB340F3Ae24111CC767e0184Ed00Cc6":458.41629521401484,"0x051d7e5609917Bd9b73f04BAc0DED8Dd46a74301":371.98814218687,"0x056Fd409E1d7A124BD7017459dFEa2F387b6d5Cd":352.7497769102819,"0x067079c14B85169e6a29703769dadDef90816f4C":651.3342548204257,"0x075b1bb99792c9E1041bA13afEf80C91a1e70fB3":596.1204183021395,"0x085780639CC2cACd35E474e71f4d000e2405d8f6":873.8860350550688,"0x09db87A538BD693E9d08544577d5cCfAA6373A48":179.62513785446194,"0x0E2EC54fC0B509F445631Bf4b91AB8168230C752":0.4714252850497773,"0x0E573Ce2736Dd9637A0b21058352e1667925C7a8":142.9426313969707,"0x0F83287FF768D1c1e17a42F44d644D7F22e8ee1d":60.42618739935872,"0x0a5E677a6A24b2F1A2Bf4F3bFfC443231d2fDEc8":0.17582394328264475,"0x0bc529c00C6401aEF6D220BE8C6Ea1667F6Ad93e":21.86080581888911,"0x0d86883FAf4FfD7aEb116390af37746F45b6f378":712.949926706829,"0x0dE54CFdfeD8005176f8b7A9D5438B45c4F1df1e":5.7628316883035815,"0x127091edE112aEd7Bae281747771b3150Bb047bB":2.064657399106352,"0x137469B55D1f15651BA46A89D0588e97dD0B6562":224.9162591045441,"0x1456688345527bE1f37E9e627DA0837D6f08C925":5.646835904938917,"0x15700B564Ca08D9439C58cA5053166E8317aa138":1068.929215274058,"0x16eAd9a10b1A77007E6E329B076aD1Fe97a6F7C0":197.6693558274538,"0x18084fbA666a33d37592fA2633fD49a74DD93a88":99.90762241359535,"0x1830c553dC76d3447B69b7B0dC19CF9e3c739C78":100.13786875982305,"0x196f4727526eA7FB1e17b2071B3d8eAA38486988":1.8136630803418003,"0x1BED97CBC3c24A4fb5C069C6E311a967386131f7":268.8746756969729,"0x1CC481cE2BD2EC7Bf67d1Be64d4878b16078F309":127.70037952220075,"0x1a7e4e63778B4f12a199C062f3eFdD288afCBce8":84.6158329344224,"0x1aBaEA1f7C830bD89Acc67eC4af516284b1bC33c":283.18936557474836,"0x1c48f86ae57291F7686349F12601910BD8D470bb":1.165491493603041,"0x1ce0D1E19c9514230FF8CD1DAbaC2555fb92122b":0,"0x2191DF768ad71140F9F3E96c1e4407A4aA31d082":24.66628462030046,"0x2260FAC5E5542a773Aa44fBCfeDf7C193bc2C599":31.172826335818986,"0x22CF19EB64226e0E1A79c69b345b31466fD273A7":3.6773877990304666,"0x2570f1bD5D2735314FC102eb12Fc1aFe9e6E7193":68.59320497740923,"0x25eC98773D7b4ceD4cAFaB96A2A1c0945f145e10":0,"0x2889302a794dA87fBF1D6Db415C1492194663D13":3025.9331285539806,"0x2b01d4FdB87eb7F2399E5D68631d8A939a323786":250.83294872665763,"0x2bd1F344a2398340C2b1119Da98816eA723F5F0f":0.10787598761361654,"0x3175Df0976dFA876431C2E9eE6Bc45b65d3473CC":0.000038724687546239706,"0x3231Cb76718CDeF2155FC47b5286d82e6eDA273f":337.0268360449499,"0x32bd822d615A3658A68b6fDD30c2fcb2C996D678":303.2478490184264,"0x3432B6A60D23Ca0dFCa7761B7ab56459D9C964D0":30.930973147773088,"0x34635280737b5BFe6c7DC2FC3065D60d66e78185":377.5238608398973,"0x35282d87011f87508D457F08252Bc5bFa52E10A0":160.79171707910947,"0x35D8949372D46B7a3D5A56006AE77B215fc69bC0":664.3271522581397,"0x35fA164735182de50811E8e2E824cFb9B6118ac2":991.5204550579413,"0x383E6b4437b59fff47B619CBA855CA29342A8559":198.63633572655962,"0x38D64ce1Bdf1A9f24E0Ec469C9cAde61236fB4a0":264.648049963414,"0x390f3595bCa2Df7d23783dFd126427CCeb997BF4":24263.909523765615,"0x393DaD6c76D962Abba489a77dBf37ae948A4A6ee":152.98478257023075,"0x3A2725556Dde7B21fBe3dD64A4913ff29faba6A1":0.02933667420479486,"0x3A283D9c08E8b55966afb64C515f5143cf907611":10005.553536350943,"0x3Ed3B47Dd13EC9a98b44e6204A523E766B225811":3.163201286790934,"0x3f0e7916681452D23Cd36B1281457DA721F2E5dF":80.53173933232365,"0x40D16FC0246aD3160Ccc09B8D0D3A2cD28aE6C2f":275.2048086125542,"0x4591DBfF62656E7859Afe5e45f6f47D3669fBB28":275.56566736659676,"0x4647B6D835f3B393C7A955df51EEfcf0db961606":649.037458580836,"0x466a756E9A7401B5e2444a3fCB3c2C12FBEa0a54":63.17393037449209,"0x48759F220ED983dB51fA7A8C0D2AAb8f3ce4166a":2418.8646071541248,"0x49446A0874197839D15395B908328a74ccc96Bc0":69.1539496747639,"0x4AE86d8732390d852A13cb918463BC6e5775FaDD":386.6381298505633,"0x4D1941a887eC788F059b3bfcC8eE1E97b968825B":377.84505170577006,"0x4D55a36902a6546A79ec4c9c315241De746D5fC3":0,"0x4DEcE678ceceb27446b35C672dC7d61F30bAD69E":31277.930116341016,"0x4Fabb145d64652a948d72533023f6E7A623C7C53":0.03964484268926419,"0x4c9EDD5852cd905f086C759E8383e09bff1E68B3":3481.0286673873807,"0x4de2ab8177fC5fFAFB7aD11FB8BeB1e5fB95F71C":599.0654382987816,"0x4e3FBD56CD56c3e72c1403e103b45Db9da5B9D2B":2.154261498331933,"0x4eBdF703948ddCEA3B11f675B4D1Fba9d2414A14":6267.322448201048,"0x514910771AF9Ca656af840dff83E8264EcF986CA":84.90141333275842,"0x5228a22e72ccC52d415EcFd199F99D0665E7733b":61.83852971223255,"0x5271045F7B73c17825A7A7aee6917eE46b0B7520":386.00089729688693,"0x527331F3F550f6f85ACFEcAB9Cc0889180C6f1d5":417.7357978873027,"0x5426178799ee0a0181A89b4f57eFddfAb49941Ec":293.4979228658238,"0x5555f75e3d5278082200Fb451D1b6bA946D8e13b":121.00458929204574,"0x57Ab1ec28D129707052df4dF418D58a2D46d5f51":157.54347349832975,"0x57a5a0567187FF4A8dcC1A9bBa86155E355878F2":0.04382214903379636,"0x58efE15C0404aB22F87E4495D71f6f2077e862bE":0.0012483805608230999,"0x5905c0290e59aFBDc42a5480add9bD7B20CB3759":0.17422390181958225,"0x59D9356E565Ab3A36dD77763Fc0d87fEaf85508C":456.6640976643189,"0x5BC25f649fc4e26069dDF4cF4010F9f706c23831":0.6704466013753442,"0x5Be6C45e2d074fAa20700C49aDA3E88a1cc0025d":757.8144543213866,"0x5Ca135cB8527d76e932f34B5145575F9d8cbE08E":58.252788942164386,"0x5E8422345238F34275888049021821E8E08CAa1f":14455.572071295921,"0x5Ea630e00D6eE438d3deA1556A110359ACdc10A9":383.26536870512246,"0x5b6C539b224014A09B3388e51CaAA8e354c959C8":288.2718707186028,"0x5ca0313D44551e32e0d7a298EC024321c4BC59B4":6.27063228366213,"0x5e74C9036fb86BD7eCdcb084a0673EFc32eA31cb":8.027554341367908,"0x5f98805A4E8be255a32880FDeC7F6728C6568bA0":197.90754077295747,"0x625E92624Bc2D88619ACCc1788365A69767f6200":3579.93779632292,"0x62B9c7356A2Dc64a1969e19C23e4f579F9810Aa7":103.00839726953232,"0x6359B6d3e327c497453d4376561eE276c6933323":358.7476795827424,"0x63a0964A36c34E81959da5894ad888800e17405b":311.48099005740636,"0x65D72AA8DA931F047169112fcf34f52DbaAE7D18":376.1753101802249,"0x661c70333AA1850CcDBAe82776Bb436A0fCfeEfB":190.96897306234803,"0x6663b6D50992ef4fc0380199397c87C2f5256075":177.13585711467206,"0x668308d77be3533c909a692302Cb4D135Bf8041C":0.044032903032031265,"0x66a1E37c9b0eAddca17d3662D6c05F4DECf3e110":47.74323586564831,"0x674C6Ad92Fd080e4004b2312b45f796a192D27a0":3.851815776112161,"0x677ddbd918637E5F2c79e164D402454dE7dA8619":4.495612631001463,"0x68749665FF8D2d112Fa859AA293F07A622782F38":21.93443286691119,"0x69000405f9DcE69BD4Cbf4f2865b79144A69BFE0":2.4951162816748855,"0x6B175474E89094C44Da98b954EedeAC495271d0F":3254.6642862198537,"0x6C280dB098dB673d30d5B34eC04B6387185D3620":349.36166530258527,"0x6C5024Cd4F8A59110119C56f8933403A539555EB":125.67024058677798,"0x6C9815826FdF8c7a45cCfEd2064dbaB33a078712":60.37981472282304,"0x6b5204B0Be36771253Cc38e88012E02B752f0f36":219.22310856758511,"0x6c3F90f043a72FA612cbac8115EE7e52BDe6E490":886.5641660509639,"0x6c3ea9036406852006290770BEdFcAbA0e23A0e8":654.4964803498843,"0x6e52cCe4EaFDf77091dD1c82183b2D97b776b397":1146.2179701168805,"0x6ef3D766Dfe02Dc4bF04aAe9122EB9A0Ded25615":0.0661778395406294,"0x7223442cad8e9cA474fC40109ab981608F8c4273":219.47369287114594,"0x73968b9a57c6E53d41345FD57a6E6ae27d6CDB2F":158.2636785920772,"0x73A15FeD60Bf67631dC6cd7Bc5B6e8da8190aCF5":1730.063997979485,"0x752B4c6e92d96467fE9b9a2522EF07228E00F87c":35.52902763847939,"0x76237BCfDbe8e06FB774663add96216961df4ff3":41.013113539086206,"0x76Eb2FE28b36B3ee97F3Adae0C69606eeDB2A37c":1183.8075489110504,"0x77E06c9eCCf2E797fd462A92B6D7642EF85b0A44":0.5467030475498365,"0x78da5799CF427Fee11e9996982F4150eCe7a99A7":99.29421441528437,"0x7F17A6C77C3938D235b014818092eb6305BdA110":179.06492866955463,