{"0x0000000000085d4780B73119b644AE5ecd22b376":213.19925303757066,"0x0000000016E6Cb3038203c1129c8B4aEE7af7a11":2.2000758667446467,"0x005F893EcD7bF9667195642f7649DA8163e23658":193.8580808578662,"0x0100546F2cD4C9D97f798fFC9755E47865FF7Ee6":442.55554627130954,"0x028171bCA77440897B824Ca71D1c56caC55b68A3":1100.6574276692102,"0x0316EB71485b0Ab14103307bf65a021042c6d380":0.021265790530738488,"0x03ab458634910AaD20eF5f1C8ee96F1D6ac54919":1.7611557126646702,"0x04C154b66CB340F3Ae24111CC767e0184Ed00Cc6":463.14395149571595,"0x051d7e5609917Bd9b73f04BAc0DED8Dd46a74301":395.68727913196756,"0x056Fd409E1d7A124BD7017459dFEa2F387b6d5Cd":680.4364305436318,"0x067079c14B85169e6a29703769dadDef90816f4C":465.143096152836,"0x075b1bb99792c9E1041bA13afEf80C91a1e70fB3":801.4956190607702,"0x085780639CC2cACd35E474e71f4d000e2405d8f6":999.7670064144738,"0x09db87A538BD693E9d08544577d5cCfAA6373A48":92.29300337292968,"0x0E2EC54fC0B509F445631Bf4b91AB8168230C752":0.47145854549197574,"0x0E573Ce2736Dd9637A0b21058352e1667925C7a8":144.07853450650282,"0x0a5E677a6A24b2F1A2Bf4F3bFfC443231d2fDEc8":0.08150538789753144,"0x0bc529c00C6401aEF6D220BE8C6Ea1667F6Ad93e":19.75310122578374,"0x0d86883FAf4FfD7aEb116390af37746F45b6f378":267.1406731359355,"0x0dE54CFdfeD8005176f8b7A9D5438B45c4F1df1e":5.830497395371831,"0x137469B55D1f15651BA46A89D0588e97dD0B6562":237.51258704191895,"0x1456688345527bE1f37E9e627DA0837D6f08C925":2.6845986892651803,"0x15700B564Ca08D9439C58cA5053166E8317aa138":1602.7967148294574,"0x16eAd9a10b1A77007E6E329B076aD1Fe97a6F7C0":115.09387440292639,"0x18084fbA666a33d37592fA2633fD49a74DD93a88":431.77850091409874,"0x1830c553dC76d3447B69b7B0dC19CF9e3c739C78":101.04834837838723,"0x183395DbD0B5e93323a7286D1973150697FFFCB3":315.72557081356837,"0x196f4727526eA7FB1e17b2071B3d8eAA38486988":2.5675614049164865,"0x1BED97CBC3c24A4fb5C069C6E311a967386131f7":321.5511619916106,"0x1a7e4e63778B4f12a199C062f3eFdD288afCBce8":326.8465727008298,"0x1aBaEA1f7C830bD89Acc67eC4af516284b1bC33c":488.92944996890816,"0x1c48f86ae57291F7686349F12601910BD8D470bb":0.04803469792694177,"0x1ce0D1E19c9514230FF8CD1DAbaC2555fb92122b":0,"0x2191DF768ad71140F9F3E96c1e4407A4aA31d082":17.830463301946324,"0x2260FAC5E5542a773Aa44fBCfeDf7C193bc2C599":431.8910777585016,"0x2302aaBe69e6E7A1b0Aa23aAC68fcCB8A4D2B460":144.80510397242944,"0x2570f1bD5D2735314FC102eb12Fc1aFe9e6E7193":199.23463701994126,"0x25eC98773D7b4ceD4cAFaB96A2A1c0945f145e10":5.882922464742552,"0x2889302a794dA87fBF1D6Db415C1492194663D13":662.780887636145,"0x2b01d4FdB87eb7F2399E5D68631d8A939a323786":297.5612376117041,"0x3175Df0976dFA876431C2E9eE6Bc45b65d3473CC":9.261731196106622e-7,"0x3231Cb76718CDeF2155FC47b5286d82e6eDA273f":329.5893624996484,"0x32bd822d615A3658A68b6fDD30c2fcb2C996D678":338.3347547131198,"0x3432B6A60D23Ca0dFCa7761B7ab56459D9C964D0":389.94878569119095,"0x34635280737b5BFe6c7DC2FC3065D60d66e78185":266.95443081946394,"0x35282d87011f87508D457F08252Bc5bFa52E10A0":154.8326887992852,"0x35D8949372D46B7a3D5A56006AE77B215fc69bC0":294.1365994438788,"0x35fA164735182de50811E8e2E824cFb9B6118ac2":1112.5700962748417,"0x365AccFCa291e7D3914637ABf1F7635dB165Bb09":316.7429997727477,"0x383E6b4437b59fff47B619CBA855CA29342A8559":179.05283380483567,"0x38D64ce1Bdf1A9f24E0Ec469C9cAde61236fB4a0":263.84056664714177,"0x393DaD6c76D962Abba489a77dBf37ae948A4A6ee":165.57186651162903,"0x3A2725556Dde7B21fBe3dD64A4913ff29faba6A1":0.035443326853102114,"0x3A283D9c08E8b55966afb64C515f5143cf907611":4531.653891196633,"0x3Ed3B47Dd13EC9a98b44e6204A523E766B225811":357.99782803876406,"0x3f0e7916681452D23Cd36B1281457DA721F2E5dF":21.632811971624808,"0x401322B9FDdba8c0a8D40fbCECE1D1752C12316B":349.0380549088708,"0x40D16FC0246aD3160Ccc09B8D0D3A2cD28aE6C2f":673.226077833577,"0x4591DBfF62656E7859Afe5e45f6f47D3669fBB28":127.13986023331083,"0x466a756E9A7401B5e2444a3fCB3c2C12FBEa0a54":322.97218785380784,"0x48759F220ED983dB51fA7A8C0D2AAb8f3ce4166a":1659.912669463579,"0x49446A0874197839D15395B908328a74ccc96Bc0":32.581699712672844,"0x4AE86d8732390d852A13cb918463BC6e5775FaDD":147.23429234334782,"0x4D1941a887eC788F059b3bfcC8eE1E97b968825B":342.6365684634965,"0x4DEcE678ceceb27446b35C672dC7d61F30bAD69E":442.50473932435375,"0x4Fabb145d64652a948d72533023f6E7A623C7C53":0.03457630667704304,"0x4c9EDD5852cd905f086C759E8383e09bff1E68B3":3809.557960162717,"0x4de2ab8177fC5fFAFB7aD11FB8BeB1e5fB95F71C":421.09235284751884,"0x4eBdF703948ddCEA3B11f675B4D1Fba9d2414A14":1878.0479281796202,"0x514910771AF9Ca656af840dff83E8264EcF986CA":101.41467075023849,"0x5228a22e72ccC52d415EcFd199F99D0665E7733b":64.16984145767518,"0x527331F3F550f6f85ACFEcAB9Cc0889180C6f1d5":220.63970207813304,"0x5426178799ee0a0181A89b4f57eFddfAb49941Ec":830.0554520612119,"0x5555f75e3d5278082200Fb451D1b6bA946D8e13b":84.24620096278075,"0x57a5a0567187FF4A8dcC1A9bBa86155E355878F2":1.0882971332326838,"0x58efE15C0404aB22F87E4495D71f6f2077e862bE":0.001247246861218932,"0x5905c0290e59aFBDc42a5480add9bD7B20CB3759":0.1921625231394426,"0x59D9356E565Ab3A36dD77763Fc0d87fEaf85508C":128.82993714456651,"0x5BC25f649fc4e26069dDF4cF4010F9f706c23831":0.3544020068284813,"0x5Be6C45e2d074fAa20700C49aDA3E88a1cc0025d":455.3915768305238,"0x5Ca135cB8527d76e932f34B5145575F9d8cbE08E":53.181961058539706,"0x5E8422345238F34275888049021821E8E08CAa1f":16049.683292902168,"0x5Ea630e00D6eE438d3deA1556A110359ACdc10A9":354.7373288188006,"0x5e74C9036fb86BD7eCdcb084a0673EFc32eA31cb":4.357431739268019,"0x6359B6d3e327c497453d4376561eE276c6933323":310.24970192885263,"0x63a0964A36c34E81959da5894ad888800e17405b":316.8355632616771,"0x65D72AA8DA931F047169112fcf34f52DbaAE7D18":150.96411693220324,"0x65f228ED6a6001eD6485535e0Dc33E525734f54c":52.59788330709763,"0x661c70333AA1850CcDBAe82776Bb436A0fCfeEfB":62.90462146291079,"0x6663b6D50992ef4fc0380199397c87C2f5256075":84.2302361801547,"0x668308d77be3533c909a692302Cb4D135Bf8041C":0.053105056027788256,"0x66a1E37c9b0eAddca17d3662D6c05F4DECf3e110":21.756562486529575,"0x674C6Ad92Fd080e4004b2312b45f796a192D27a0":6.574100062017273,"0x677ddbd918637E5F2c79e164D402454dE7dA8619":1.3103952605228817,"0x68749665FF8D2d112Fa859AA293F07A622782F38":16.711106094449164,"0x69000405f9DcE69BD4Cbf4f2865b79144A69BFE0":0,"0x6B175474E89094C44Da98b954EedeAC495271d0F":4659.97228533527,"0x6C280dB098dB673d30d5B34eC04B6387185D3620":350.3749507627465,"0x6C5024Cd4F8A59110119C56f8933403A539555EB":123.34121135556289,"0x6C9815826FdF8c7a45cCfEd2064dbaB33a078712":72.65059258002387,"0x6b5204B0Be36771253Cc38e88012E02B752f0f36":201.87823494685932,"0x6c3F90f043a72FA612cbac8115EE7e52BDe6E490":543.6745707851334,"0x6c3ea9036406852006290770BEdFcAbA0e23A0e8":860.8418198458436,"0x6e52cCe4EaFDf77091dD1c82183b2D97b776b397":500.32406683216726,"0x6ef3D766Dfe02Dc4bF04aAe9122EB9A0Ded25615":0.08063641944849431,"0x7223442cad8e9cA474fC40109ab981608F8c4273":88.19278194471062,"0x73968b9a57c6E53d41345FD57a6E6ae27d6CDB2F":118.41634004890685,"0x73A15FeD60Bf67631dC6cd7Bc5B6e8da8190aCF5":1081.4082577919748,"0x752B4c6e92d96467fE9b9a2522EF07228E00F87c":56.29726099732288,"0x76237BCfDbe8e06FB774663add96216961df4ff3":29.43994000634111,"0x76Eb2FE28b36B3ee97F3Adae0C69606eeDB2A37c":1170.9155129775777,"0x77E06c9eCCf2E797fd462A92B6D7642EF85b0A44":0.89680456512,"0x78da5799CF427Fee11e9996982F4150eCe7a99A7":87.44308769288122,"0x7988292D0FB141085c092132e2a70B30aA1eccAB":476.71123620925056,"0x7F17A6C77C3938D235b014818092eb6305BdA110":136.2786650570549,"0x7F86Bf177Dd4F3494b841a37e810A34dD56c829B":2772.0665061453224,"0x7FA768E035F956c41d6aeaa3Bd857e7E5141CAd5":0.45598817723593715,"0x7ea4aD8C803653498bF6AC1D2dEbc04DCe8Fd2aD":11.443182654811961,"0x7f39C581F595B53c5cb19bD0b3f8dA6c935E2Ca0":1123.2967086035653,"0x8064d9Ae6cDf087b1bcd5BDf3531bD5d8C537a68":75.42339769515999,"0x808507121B80c02388fAd14726482e061B8da827":263.8216145183943,"0x80d69e79258FE9D056c822461c4eb0B4ca8802E2":0.23808614191329178,"0x826180541412D574cf1336d22c0C0a287822678A":198.7664857500496,"0x830614aE209FF9d8706d386fcdBc7a55206fcffC":53.88582385149132,"0x83F20F44975D03b1b09e64809B757c47f942BEeA":3341.3115234966385,"0x853d955aCEf822Db058eb8505911ED77F175b99e":1796.9920397490528,