{"0x0000000000085d4780B73119b644AE5ecd22b376":0.008466962094901468,"0x005F893EcD7bF9667195642f7649DA8163e23658":121.82037723988745,"0x0100546F2cD4C9D97f798fFC9755E47865FF7Ee6":152.99320628417158,"0x028171bCA77440897B824Ca71D1c56caC55b68A3":722.065202680155,"0x0316EB71485b0Ab14103307bf65a021042c6d380":49.31665079554889,"0x03ab458634910AaD20eF5f1C8ee96F1D6ac54919":165.92601875461511,"0x04C154b66CB340F3Ae24111CC767e0184Ed00Cc6":269.9884911029105,"0x056Fd409E1d7A124BD7017459dFEa2F387b6d5Cd":657.7477127551083,"0x075b1bb99792c9E1041bA13afEf80C91a1e70fB3":799.0756130389981,"0x085780639CC2cACd35E474e71f4d000e2405d8f6":1264.1430583836004,"0x09b2E090531228d1b8E3d948C73b990Cb6e60720":456.8443553803671,"0x0E2EC54fC0B509F445631Bf4b91AB8168230C752":0.47155912821619156,"0x0E573Ce2736Dd9637A0b21058352e1667925C7a8":125.90867631038309,"0x0a5E677a6A24b2F1A2Bf4F3bFfC443231d2fDEc8":0.03458345938302934,"0x0bc529c00C6401aEF6D220BE8C6Ea1667F6Ad93e":16.628890922526562,"0x0d86883FAf4FfD7aEb116390af37746F45b6f378":163.55244335009488,"0x0dE54CFdfeD8005176f8b7A9D5438B45c4F1df1e":5.8365484701356465,"0x1456688345527bE1f37E9e627DA0837D6f08C925":6.766857952848554,"0x16eAd9a10b1A77007E6E329B076aD1Fe97a6F7C0":37.42014855075989,"0x18084fbA666a33d37592fA2633fD49a74DD93a88":1451.65107577804,"0x1830c553dC76d3447B69b7B0dC19CF9e3c739C78":69.08363741000974,"0x183395DbD0B5e93323a7286D1973150697FFFCB3":348.74671786910494,"0x196f4727526eA7FB1e17b2071B3d8eAA38486988":2.5276059801450477,"0x1c48f86ae57291F7686349F12601910BD8D470bb":1.2758703079891902,"0x1ce0D1E19c9514230FF8CD1DAbaC2555fb92122b":0,"0x2260FAC5E5542a773Aa44fBCfeDf7C193bc2C599":1705.3893032098606,"0x2302aaBe69e6E7A1b0Aa23aAC68fcCB8A4D2B460":104.22146637075444,"0x2570f1bD5D2735314FC102eb12Fc1aFe9e6E7193":588.0055475909522,"0x25eC98773D7b4ceD4cAFaB96A2A1c0945f145e10":0,"0x2889302a794dA87fBF1D6Db415C1492194663D13":1516.4971976407264,"0x2b01d4FdB87eb7F2399E5D68631d8A939a323786":23.201454987742935,"0x31429d1856aD1377A8A0079410B297e1a9e214c2":468.0977403316303,"0x32bd822d615A3658A68b6fDD30c2fcb2C996D678":36.957785552996754,"0x34635280737b5BFe6c7DC2FC3065D60d66e78185":413.0856400438233,"0x35282d87011f87508D457F08252Bc5bFa52E10A0":76.00816688348176,"0x35D8949372D46B7a3D5A56006AE77B215fc69bC0":2343.881376974399,"0x35fA164735182de50811E8e2E824cFb9B6118ac2":1071.2657934708946,"0x383E6b4437b59fff47B619CBA855CA29342A8559":99.88829141730776,"0x38D64ce1Bdf1A9f24E0Ec469C9cAde61236fB4a0":184.30623613675982,"0x3A283D9c08E8b55966afb64C515f5143cf907611":3624.3083248063704,"0x3Ed3B47Dd13EC9a98b44e6204A523E766B225811":1384.1233677429968,"0x401322B9FDdba8c0a8D40fbCECE1D1752C12316B":430.0610552113718,"0x40D16FC0246aD3160Ccc09B8D0D3A2cD28aE6C2f":400.8644459846239,"0x4591DBfF62656E7859Afe5e45f6f47D3669fBB28":476.09924721678925,"0x466a756E9A7401B5e2444a3fCB3c2C12FBEa0a54":6.432137131915208,"0x48759F220ED983dB51fA7A8C0D2AAb8f3ce4166a":1207.0167065173748,"0x49446A0874197839D15395B908328a74ccc96Bc0":2.258645065087315,"0x4AE86d8732390d852A13cb918463BC6e5775FaDD":47.47498805629321,"0x4Fabb145d64652a948d72533023f6E7A623C7C53":0.029356437492646145,"0x4c9EDD5852cd905f086C759E8383e09bff1E68B3":4772.6227241503075,"0x4eBdF703948ddCEA3B11f675B4D1Fba9d2414A14":2469.0207041660537,"0x514910771AF9Ca656af840dff83E8264EcF986CA":96.77738015383898,"0x5228a22e72ccC52d415EcFd199F99D0665E7733b":39.003412010705794,"0x5426178799ee0a0181A89b4f57eFddfAb49941Ec":248.87948295376273,"0x5555f75e3d5278082200Fb451D1b6bA946D8e13b":16.8036544447553,"0x57a5a0567187FF4A8dcC1A9bBa86155E355878F2":1.1603872704985472,"0x58efE15C0404aB22F87E4495D71f6f2077e862bE":0.001248567846,"0x5905c0290e59aFBDc42a5480add9bD7B20CB3759":0.1788955150664852,"0x59D9356E565Ab3A36dD77763Fc0d87fEaf85508C":535.2461662953023,"0x5BC25f649fc4e26069dDF4cF4010F9f706c23831":3.4942288602481866,"0x5Be6C45e2d074fAa20700C49aDA3E88a1cc0025d":218.29894790983866,"0x5Ca135cB8527d76e932f34B5145575F9d8cbE08E":32.15196509567669,"0x5E8422345238F34275888049021821E8E08CAa1f":17039.83178295496,"0x5b6C539b224014A09B3388e51CaAA8e354c959C8":990.2081912789298,"0x5e74C9036fb86BD7eCdcb084a0673EFc32eA31cb":184.17879571707726,"0x62B9c7356A2Dc64a1969e19C23e4f579F9810Aa7":825.4298965257094,"0x63a0964A36c34E81959da5894ad888800e17405b":4.833174315745185,"0x65D72AA8DA931F047169112fcf34f52DbaAE7D18":104.27610065884737,"0x661c70333AA1850CcDBAe82776Bb436A0fCfeEfB":41.50031151505862,"0x668308d77be3533c909a692302Cb4D135Bf8041C":0.056656163858172494,"0x66a1E37c9b0eAddca17d3662D6c05F4DECf3e110":0.10861698599536034,"0x674C6Ad92Fd080e4004b2312b45f796a192D27a0":4.470101089656805,"0x68749665FF8D2d112Fa859AA293F07A622782F38":19.71735896174252,"0x6B175474E89094C44Da98b954EedeAC495271d0F":3669.025249114597,"0x6C280dB098dB673d30d5B34eC04B6387185D3620":41.179881250264906,"0x6C5024Cd4F8A59110119C56f8933403A539555EB":100.73507620013363,"0x6b5204B0Be36771253Cc38e88012E02B752f0f36":166.66494991459368,"0x6c3F90f043a72FA612cbac8115EE7e52BDe6E490":1634.686371454199,"0x6c3ea9036406852006290770BEdFcAbA0e23A0e8":967.2897573298591,"0x6e52cCe4EaFDf77091dD1c82183b2D97b776b397":201.2268476204277,"0x6ef3D766Dfe02Dc4bF04aAe9122EB9A0Ded25615":0.02936146349298596,"0x73968b9a57c6E53d41345FD57a6E6ae27d6CDB2F":70.25184839079971,"0x73A15FeD60Bf67631dC6cd7Bc5B6e8da8190aCF5":7050.035845435514,"0x76237BCfDbe8e06FB774663add96216961df4ff3":23.28756226389102,"0x76Eb2FE28b36B3ee97F3Adae0C69606eeDB2A37c":739.1890587248084,"0x77E06c9eCCf2E797fd462A92B6D7642EF85b0A44":0.79154401235,"0x78da5799CF427Fee11e9996982F4150eCe7a99A7":40.010311938121795,"0x7988292D0FB141085c092132e2a70B30aA1eccAB":436.4150382091015,"0x7F17A6C77C3938D235b014818092eb6305BdA110":13.09251651043738,"0x7F86Bf177Dd4F3494b841a37e810A34dD56c829B":5603.190522347526,"0x7FA768E035F956c41d6aeaa3Bd857e7E5141CAd5":0.48679806838840484,"0x7ea4aD8C803653498bF6AC1D2dEbc04DCe8Fd2aD":93.55735566219509,"0x7f39C581F595B53c5cb19bD0b3f8dA6c935E2Ca0":1613.1562129458973,"0x8064d9Ae6cDf087b1bcd5BDf3531bD5d8C537a68":64.43172368750511,"0x80d69e79258FE9D056c822461c4eb0B4ca8802E2":0.2551923861212848,"0x826180541412D574cf1336d22c0C0a287822678A":219.46445925979805,"0x830614aE209FF9d8706d386fcdBc7a55206fcffC":34.52165716261316,"0x83F20F44975D03b1b09e64809B757c47f942BEeA":3514.3557756540436,"0x853d955aCEf822Db058eb8505911ED77F175b99e":1606.4279321078359,"0x856c4Efb76C1D1AE02e20CEB03A2A6a08b0b8dC3":1.800463222084486,"0x865377367054516e17014CcdED1e7d814EDC9ce4":960.3238223799788,"0x8682Fbf0CbF312C891532BA9F1A91e44f81ad7DF":493.05215432268096,"0x8C0D76C9B18779665475F3E212D9Ca1Ed6A1A0e6":569.6110618997341,"0x8C88538688aca3b733aD08b12BEe4574c0C00907":404.41490077765235,"0x8E870D67F660D95d5be530380D0eC0bd388289E1":0.007668467097444262,"0x8c9532a60E0E7C6BbD2B2c1303F63aCE1c3E9811":1.1533632150551756,"0x8dAEBADE922dF735c38C80C7eBD708Af50815fAa":19.599921847856386,"0x8e595470Ed749b85C6F7669de83EAe304C2ec68F":31.618673573077185,"0x917ceE801a67f933F2e6b33fC0cD1ED2d5909D88":471.5579267341028,"0x9181f633E9B9F15A32d5e37094F4C93b333e0E92":1.158054629367024,"0x922406EAFC3CcEb32b0256F287fB977c426EDbd8":0.02907934902659432,"0x954313005C56b555bdC41B84D6c63B69049d7847":436.2624777453799,"0x9559Aaa82d9649C7A7b220E7c461d2E74c9a3593":184.53966401273885,"0x95710BDE45C8D384A976Cc58Cc7a7e489576b098":2.371250588566675,"0x961D4921e1718E633BAC8Ded88c4a1cAe44b785a":993.7597183449177,"0x9961BdBE8B7091E584c2bF9D0a160C583f564A8c":378.5014533327486,"0x99D8a9C45b2ecA8864373A26D1459e3Dff1e17F3":4874.366587872057,"0x9BE89D2a4cd102D8Fecc6BF9dA793be995C22541":717.567117618713,"0x9D39A5DE30e57443BfF2A8307A4256c8797A3497":3561.3068155420615,"0x9EEAD9ce15383CaEED975427340b3A369410CFBF":1.6694038362744426,"0xA0b86991c6218b36c1d19D4a2e9Eb0cE3606eB48":42071.562989730184,"0xA0d69E286B938e21CBf7E51D71F6A4c8918f482F":1065.1207223642332,"0xA1290d69c65A6Fe4DF752f95823fae25cB99e5A7":558.9729602227226,"0xA35b1B31Ce002FBF2058D22F30f95D405200A15b":1.8970972363543646,"0xA5588F7cdf560811710A2D82D3C9c99769DB1Dcb":549.3970190464114,"0xA663B02CF0a4b149d2aD41910CB81e23e1c41c32":69.69774384706274,