{"0x0000000000085d4780B73119b644AE5ecd22b376":215.93724851837658,"0x0000000016E6Cb3038203c1129c8B4aEE7af7a11":0.9799389020312259,"0x005F893EcD7bF9667195642f7649DA8163e23658":184.95452429261448,"0x0100546F2cD4C9D97f798fFC9755E47865FF7Ee6":413.6339502701583,"0x028171bCA77440897B824Ca71D1c56caC55b68A3":1151.143833965556,"0x0316EB71485b0Ab14103307bf65a021042c6d380":0.020016506769170057,"0x03ab458634910AaD20eF5f1C8ee96F1D6ac54919":3.295546327676311,"0x04C154b66CB340F3Ae24111CC767e0184Ed00Cc6":544.3466030510765,"0x051d7e5609917Bd9b73f04BAc0DED8Dd46a74301":381.65516107918677,"0x056Fd409E1d7A124BD7017459dFEa2F387b6d5Cd":774.6423105856073,"0x067079c14B85169e6a29703769dadDef90816f4C":453.36218134606673,"0x075b1bb99792c9E1041bA13afEf80C91a1e70fB3":768.4016234626107,"0x085780639CC2cACd35E474e71f4d000e2405d8f6":1043.4770761833527,"0x09db87A538BD693E9d08544577d5cCfAA6373A48":83.26410313022069,"0x0E2EC54fC0B509F445631Bf4b91AB8168230C752":0.4714348490959812,"0x0E573Ce2736Dd9637A0b21058352e1667925C7a8":146.57498687376736,"0x0a5E677a6A24b2F1A2Bf4F3bFfC443231d2fDEc8":0.07769118921063375,"0x0bc529c00C6401aEF6D220BE8C6Ea1667F6Ad93e":22.858474442790566,"0x0d86883FAf4FfD7aEb116390af37746F45b6f378":276.76281869992994,"0x0dE54CFdfeD8005176f8b7A9D5438B45c4F1df1e":4.363478676990902,"0x127091edE112aEd7Bae281747771b3150Bb047bB":1.8419134975688043,"0x137469B55D1f15651BA46A89D0588e97dD0B6562":229.22034010455644,"0x1456688345527bE1f37E9e627DA0837D6f08C925":5.045332497620932,"0x15700B564Ca08D9439C58cA5053166E8317aa138":1930.785085658847,"0x16eAd9a10b1A77007E6E329B076aD1Fe97a6F7C0":111.38414895570261,"0x18084fbA666a33d37592fA2633fD49a74DD93a88":423.894469187842,"0x1830c553dC76d3447B69b7B0dC19CF9e3c739C78":96.80613759009746,"0x183395DbD0B5e93323a7286D1973150697FFFCB3":292.72296374772003,"0x196f4727526eA7FB1e17b2071B3d8eAA38486988":1.6667849744500238,"0x1BED97CBC3c24A4fb5C069C6E311a967386131f7":301.50814826810154,"0x1a7e4e63778B4f12a199C062f3eFdD288afCBce8":331.57014590044065,"0x1aBaEA1f7C830bD89Acc67eC4af516284b1bC33c":493.5550053754646,"0x1bEFB9B02f7Fc821B96aC1FE2cAF881FdF72b771":3.6346245054272415,"0x1c48f86ae57291F7686349F12601910BD8D470bb":1.1346173739778855,"0x1ce0D1E19c9514230FF8CD1DAbaC2555fb92122b":0,"0x2191DF768ad71140F9F3E96c1e4407A4aA31d082":30.712469185928356,"0x2260FAC5E5542a773Aa44fBCfeDf7C193bc2C599":409.5632207842182,"0x22CF19EB64226e0E1A79c69b345b31466fD273A7":2.9109543900860566,"0x2302aaBe69e6E7A1b0Aa23aAC68fcCB8A4D2B460":146.30740502432803,"0x2570f1bD5D2735314FC102eb12Fc1aFe9e6E7193":363.0217030430337,"0x25eC98773D7b4ceD4cAFaB96A2A1c0945f145e10":0,"0x2889302a794dA87fBF1D6Db415C1492194663D13":634.0421285790145,"0x29059568bB40344487d62f7450E78b8E6C74e0e5":290.38847069617805,"0x2b01d4FdB87eb7F2399E5D68631d8A939a323786":279.8889034257843,"0x3175Df0976dFA876431C2E9eE6Bc45b65d3473CC":9.268117999680465e-7,"0x3231Cb76718CDeF2155FC47b5286d82e6eDA273f":334.4407292686476,"0x32bd822d615A3658A68b6fDD30c2fcb2C996D678":323.1788077392881,"0x3432B6A60D23Ca0dFCa7761B7ab56459D9C964D0":332.88795735826784,"0x34635280737b5BFe6c7DC2FC3065D60d66e78185":235.0555498735708,"0x35282d87011f87508D457F08252Bc5bFa52E10A0":167.96673588445904,"0x3570E17b1F2DdFD73FBE437F34A34d1D54219138":0.08463664168279664,"0x35D8949372D46B7a3D5A56006AE77B215fc69bC0":451.648445550369,"0x35fA164735182de50811E8e2E824cFb9B6118ac2":1037.4180972300444,"0x365AccFCa291e7D3914637ABf1F7635dB165Bb09":289.6848995342854,"0x383E6b4437b59fff47B619CBA855CA29342A8559":197.74473128954423,"0x38D64ce1Bdf1A9f24E0Ec469C9cAde61236fB4a0":248.49177882375616,"0x393DaD6c76D962Abba489a77dBf37ae948A4A6ee":153.2283350760229,"0x3A2725556Dde7B21fBe3dD64A4913ff29faba6A1":0.032760044197264956,"0x3A283D9c08E8b55966afb64C515f5143cf907611":5591.610783647878,"0x3Ed3B47Dd13EC9a98b44e6204A523E766B225811":385.0405898160706,"0x3f0e7916681452D23Cd36B1281457DA721F2E5dF":25.776575127891206,"0x401322B9FDdba8c0a8D40fbCECE1D1752C12316B":329.25367180211344,"0x40D16FC0246aD3160Ccc09B8D0D3A2cD28aE6C2f":831.1220813400327,"0x4591DBfF62656E7859Afe5e45f6f47D3669fBB28":137.5744999400019,"0x4647B6D835f3B393C7A955df51EEfcf0db961606":71.09503794284672,"0x466a756E9A7401B5e2444a3fCB3c2C12FBEa0a54":473.6809851666691,"0x48759F220ED983dB51fA7A8C0D2AAb8f3ce4166a":1664.5514921376919,"0x49446A0874197839D15395B908328a74ccc96Bc0":34.76471887985645,"0x4AE86d8732390d852A13cb918463BC6e5775FaDD":153.76964713347482,"0x4D1941a887eC788F059b3bfcC8eE1E97b968825B":330.73160477062595,"0x4DEcE678ceceb27446b35C672dC7d61F30bAD69E":444.9370053677007,"0x4Fabb145d64652a948d72533023f6E7A623C7C53":0.035090227599486164,"0x4c9EDD5852cd905f086C759E8383e09bff1E68B3":6204.403872436306,"0x4eBdF703948ddCEA3B11f675B4D1Fba9d2414A14":2860.1044124912764,"0x514910771AF9Ca656af840dff83E8264EcF986CA":96.97467468659616,"0x5228a22e72ccC52d415EcFd199F99D0665E7733b":63.159223392199806,"0x527331F3F550f6f85ACFEcAB9Cc0889180C6f1d5":260.1833784970961,"0x5426178799ee0a0181A89b4f57eFddfAb49941Ec":908.3017455922624,"0x5555f75e3d5278082200Fb451D1b6bA946D8e13b":100.59899258819502,"0x57a5a0567187FF4A8dcC1A9bBa86155E355878F2":1.0066858457186432,"0x58efE15C0404aB22F87E4495D71f6f2077e862bE":0.001248567846,"0x5905c0290e59aFBDc42a5480add9bD7B20CB3759":0.1923660464165513,"0x59D9356E565Ab3A36dD77763Fc0d87fEaf85508C":144.84911741895928,"0x5BC25f649fc4e26069dDF4cF4010F9f706c23831":2.1564911512184857,"0x5Be6C45e2d074fAa20700C49aDA3E88a1cc0025d":558.3600245788501,"0x5Ca135cB8527d76e932f34B5145575F9d8cbE08E":57.23972446740043,"0x5E8422345238F34275888049021821E8E08CAa1f":14957.704520377762,"0x5Ea630e00D6eE438d3deA1556A110359ACdc10A9":284.31793942697385,"0x5b6C539b224014A09B3388e51CaAA8e354c959C8":615.1496274161295,"0x5e74C9036fb86BD7eCdcb084a0673EFc32eA31cb":8.59871826557887,"0x6359B6d3e327c497453d4376561eE276c6933323":286.82502012463715,"0x63a0964A36c34E81959da5894ad888800e17405b":301.6337234059845,"0x65D72AA8DA931F047169112fcf34f52DbaAE7D18":154.8899278598222,"0x65f228ED6a6001eD6485535e0Dc33E525734f54c":57.08468912771803,"0x661c70333AA1850CcDBAe82776Bb436A0fCfeEfB":78.71223060592891,"0x6663b6D50992ef4fc0380199397c87C2f5256075":89.78222620922412,"0x668308d77be3533c909a692302Cb4D135Bf8041C":0.04905999652755195,"0x66a1E37c9b0eAddca17d3662D6c05F4DECf3e110":31.485715981366123,"0x674C6Ad92Fd080e4004b2312b45f796a192D27a0":4.027556761182777,"0x677ddbd918637E5F2c79e164D402454dE7dA8619":1.065370195467776,"0x68749665FF8D2d112Fa859AA293F07A622782F38":21.21116037526219,"0x69000405f9DcE69BD4Cbf4f2865b79144A69BFE0":0,"0x6B175474E89094C44Da98b954EedeAC495271d0F":8998.027743972696,"0x6C5024Cd4F8A59110119C56f8933403A539555EB":125.73539324068173,"0x6C9815826FdF8c7a45cCfEd2064dbaB33a078712":67.95758040915622,"0x6ade6971Ca3d90990C30d39c78b0534C7166e07b":101.81678589811104,"0x6b5204B0Be36771253Cc38e88012E02B752f0f36":224.1220958736303,"0x6c3F90f043a72FA612cbac8115EE7e52BDe6E490":600.8940957639626,"0x6c3ea9036406852006290770BEdFcAbA0e23A0e8":900.529408641059,"0x6e52cCe4EaFDf77091dD1c82183b2D97b776b397":672.490982422618,"0x6ef3D766Dfe02Dc4bF04aAe9122EB9A0Ded25615":0.04703903325414505,"0x7223442cad8e9cA474fC40109ab981608F8c4273":87.99486815025391,"0x73968b9a57c6E53d41345FD57a6E6ae27d6CDB2F":108.33831282452161,"0x73A15FeD60Bf67631dC6cd7Bc5B6e8da8190aCF5":1626.5964287334048,"0x752B4c6e92d96467fE9b9a2522EF07228E00F87c":44.794218785927676,"0x76237BCfDbe8e06FB774663add96216961df4ff3":35.56861960701603,"0x76Eb2FE28b36B3ee97F3Adae0C69606eeDB2A37c":1173.9099002849873,"0x77E06c9eCCf2E797fd462A92B6D7642EF85b0A44":0.02281804358470348,"0x78da5799CF427Fee11e9996982F4150eCe7a99A7":95.03192669331885,"0x7F17A6C77C3938D235b014818092eb6305BdA110":142.286582429639,"0x7F86Bf177Dd4F3494b841a37e810A34dD56c829B":2654.8412296298793,"0x7FA768E035F956c41d6aeaa3Bd857e7E5141CAd5":0.42201309873329634,"0x7ea4aD8C803653498bF6AC1D2dEbc04DCe8Fd2aD":42.01334264364517,"0x7f39C581F595B53c5cb19bD0b3f8dA6c935E2Ca0":1726.1791640510655,"0x8064d9Ae6cDf087b1bcd5BDf3531bD5d8C537a68":74.75445706522268,"0x808507121B80c02388fAd14726482e061B8da827":227.62944603505355,