{"0x0000000000085d4780B73119b644AE5ecd22b376":0.008477472127779164,"0x005F893EcD7bF9667195642f7649DA8163e23658":192.32222709905645,"0x0100546F2cD4C9D97f798fFC9755E47865FF7Ee6":193.2446774162192,"0x028171bCA77440897B824Ca71D1c56caC55b68A3":789.8992915223771,"0x0316EB71485b0Ab14103307bf65a021042c6d380":40.925915965081835,"0x03ab458634910AaD20eF5f1C8ee96F1D6ac54919":180.85956713635755,"0x04C154b66CB340F3Ae24111CC767e0184Ed00Cc6":428.26985175547264,"0x056Fd409E1d7A124BD7017459dFEa2F387b6d5Cd":423.4918378721157,"0x075b1bb99792c9E1041bA13afEf80C91a1e70fB3":313.91344989155004,"0x085780639CC2cACd35E474e71f4d000e2405d8f6":866.2630467416234,"0x0E2EC54fC0B509F445631Bf4b91AB8168230C752":0.47151967044927234,"0x0E573Ce2736Dd9637A0b21058352e1667925C7a8":141.07888897253963,"0x0a5E677a6A24b2F1A2Bf4F3bFfC443231d2fDEc8":0.05063671098527879,"0x0bc529c00C6401aEF6D220BE8C6Ea1667F6Ad93e":9.23603571462621,"0x0d86883FAf4FfD7aEb116390af37746F45b6f378":239.00164338629043,"0x0dE54CFdfeD8005176f8b7A9D5438B45c4F1df1e":5.829495619275291,"0x1456688345527bE1f37E9e627DA0837D6f08C925":6.767233471585791,"0x16eAd9a10b1A77007E6E329B076aD1Fe97a6F7C0":122.17904482706717,"0x18084fbA666a33d37592fA2633fD49a74DD93a88":9.524380499309357,"0x1830c553dC76d3447B69b7B0dC19CF9e3c739C78":108.1214620193541,"0x183395DbD0B5e93323a7286D1973150697FFFCB3":399.65379056284183,"0x196f4727526eA7FB1e17b2071B3d8eAA38486988":2.5320874178950152,"0x1c48f86ae57291F7686349F12601910BD8D470bb":1.289411743678297,"0x1ce0D1E19c9514230FF8CD1DAbaC2555fb92122b":0,"0x2191DF768ad71140F9F3E96c1e4407A4aA31d082":6.016408389616011,"0x2260FAC5E5542a773Aa44fBCfeDf7C193bc2C599":365.76787448028176,"0x2302aaBe69e6E7A1b0Aa23aAC68fcCB8A4D2B460":129.15723245732303,"0x2570f1bD5D2735314FC102eb12Fc1aFe9e6E7193":901.7152633651467,"0x25eC98773D7b4ceD4cAFaB96A2A1c0945f145e10":0,"0x2889302a794dA87fBF1D6Db415C1492194663D13":569.9651251977837,"0x29059568bB40344487d62f7450E78b8E6C74e0e5":286.8345880128166,"0x2b01d4FdB87eb7F2399E5D68631d8A939a323786":12.950411185031118,"0x31429d1856aD1377A8A0079410B297e1a9e214c2":480.5399523521565,"0x3175Df0976dFA876431C2E9eE6Bc45b65d3473CC":1596.4518104573453,"0x32bd822d615A3658A68b6fDD30c2fcb2C996D678":87.50109050928695,"0x34635280737b5BFe6c7DC2FC3065D60d66e78185":353.09941776690107,"0x35282d87011f87508D457F08252Bc5bFa52E10A0":115.10397269680072,"0x35D8949372D46B7a3D5A56006AE77B215fc69bC0":1075.8672495691023,"0x35fA164735182de50811E8e2E824cFb9B6118ac2":1153.3094019132323,"0x383E6b4437b59fff47B619CBA855CA29342A8559":162.91434610127905,"0x38D64ce1Bdf1A9f24E0Ec469C9cAde61236fB4a0":248.166121106618,"0x3Ed3B47Dd13EC9a98b44e6204A523E766B225811":360.27229026340825,"0x3f0e7916681452D23Cd36B1281457DA721F2E5dF":9.05023778715835,"0x401322B9FDdba8c0a8D40fbCECE1D1752C12316B":383.48499494269356,"0x40D16FC0246aD3160Ccc09B8D0D3A2cD28aE6C2f":768.8214717726189,"0x4591DBfF62656E7859Afe5e45f6f47D3669fBB28":289.5014605475995,"0x466a756E9A7401B5e2444a3fCB3c2C12FBEa0a54":6.428261699651885,"0x48759F220ED983dB51fA7A8C0D2AAb8f3ce4166a":1560.451312721318,"0x49446A0874197839D15395B908328a74ccc96Bc0":23.996335980645167,"0x4AE86d8732390d852A13cb918463BC6e5775FaDD":127.13310862962423,"0x4D1941a887eC788F059b3bfcC8eE1E97b968825B":5.016579099591732,"0x4Fabb145d64652a948d72533023f6E7A623C7C53":0.029117817852967118,"0x4c9EDD5852cd905f086C759E8383e09bff1E68B3":7067.993676447211,"0x4de2ab8177fC5fFAFB7aD11FB8BeB1e5fB95F71C":188.82131962427377,"0x4eBdF703948ddCEA3B11f675B4D1Fba9d2414A14":1819.5832096839204,"0x514910771AF9Ca656af840dff83E8264EcF986CA":112.2581650903335,"0x5228a22e72ccC52d415EcFd199F99D0665E7733b":54.033565035162304,"0x5426178799ee0a0181A89b4f57eFddfAb49941Ec":856.5750766776871,"0x5555f75e3d5278082200Fb451D1b6bA946D8e13b":86.93394371118168,"0x57Ab1ec28D129707052df4dF418D58a2D46d5f51":2291.384132068467,"0x57a5a0567187FF4A8dcC1A9bBa86155E355878F2":1.1904037214209602,"0x58efE15C0404aB22F87E4495D71f6f2077e862bE":0.001248491683361394,"0x5905c0290e59aFBDc42a5480add9bD7B20CB3759":0.17888460244006618,"0x59D9356E565Ab3A36dD77763Fc0d87fEaf85508C":578.258681923224,"0x5BC25f649fc4e26069dDF4cF4010F9f706c23831":4.252352072657845,"0x5Ca135cB8527d76e932f34B5145575F9d8cbE08E":48.83457544872164,"0x5E8422345238F34275888049021821E8E08CAa1f":17929.14446103125,"0x5e74C9036fb86BD7eCdcb084a0673EFc32eA31cb":206.7394653512774,"0x6359B6d3e327c497453d4376561eE276c6933323":280.6408989411601,"0x63a0964A36c34E81959da5894ad888800e17405b":108.44955771878097,"0x65D72AA8DA931F047169112fcf34f52DbaAE7D18":124.33049688172417,"0x661c70333AA1850CcDBAe82776Bb436A0fCfeEfB":55.43298730444585,"0x668308d77be3533c909a692302Cb4D135Bf8041C":0.058173080477815116,"0x66a1E37c9b0eAddca17d3662D6c05F4DECf3e110":0.6444586522277906,"0x674C6Ad92Fd080e4004b2312b45f796a192D27a0":5.513258718924145,"0x68749665FF8D2d112Fa859AA293F07A622782F38":13.824507068415091,"0x6B175474E89094C44Da98b954EedeAC495271d0F":6849.829212556196,"0x6C280dB098dB673d30d5B34eC04B6387185D3620":62.83537067489763,"0x6C5024Cd4F8A59110119C56f8933403A539555EB":130.04481822200728,"0x6C9815826FdF8c7a45cCfEd2064dbaB33a078712":10.32984609063204,"0x6ade6971Ca3d90990C30d39c78b0534C7166e07b":195.52853567077977,"0x6b5204B0Be36771253Cc38e88012E02B752f0f36":179.4437810671297,"0x6c3F90f043a72FA612cbac8115EE7e52BDe6E490":2340.261653911842,"0x6c3ea9036406852006290770BEdFcAbA0e23A0e8":942.9827327449835,"0x6ef3D766Dfe02Dc4bF04aAe9122EB9A0Ded25615":0.08839073090732369,"0x7223442cad8e9cA474fC40109ab981608F8c4273":2.090039140882741,"0x73968b9a57c6E53d41345FD57a6E6ae27d6CDB2F":109.81052273216123,"0x73A15FeD60Bf67631dC6cd7Bc5B6e8da8190aCF5":4211.970002103212,"0x76237BCfDbe8e06FB774663add96216961df4ff3":15.254777456631734,"0x76Eb2FE28b36B3ee97F3Adae0C69606eeDB2A37c":797.7156172863014,"0x77E06c9eCCf2E797fd462A92B6D7642EF85b0A44":1.03215151372,"0x78da5799CF427Fee11e9996982F4150eCe7a99A7":82.91340226529339,"0x7988292D0FB141085c092132e2a70B30aA1eccAB":466.62109947568035,"0x7F17A6C77C3938D235b014818092eb6305BdA110":44.160255761064384,"0x7F86Bf177Dd4F3494b841a37e810A34dD56c829B":4298.01757203931,"0x7FA768E035F956c41d6aeaa3Bd857e7E5141CAd5":0.49972513329154516,"0x7f39C581F595B53c5cb19bD0b3f8dA6c935E2Ca0":2027.7802898542045,"0x8064d9Ae6cDf087b1bcd5BDf3531bD5d8C537a68":76.18965598995733,"0x80d69e79258FE9D056c822461c4eb0B4ca8802E2":0.26144548347924745,"0x826180541412D574cf1336d22c0C0a287822678A":266.85001603781893,"0x830614aE209FF9d8706d386fcdBc7a55206fcffC":51.35094706066858,"0x83F20F44975D03b1b09e64809B757c47f942BEeA":4762.713396433052,"0x84CeCB5525c6B1C20070E742da870062E84Da178":9.416579282420626,"0x853d955aCEf822Db058eb8505911ED77F175b99e":2120.1600949051335,"0x856c4Efb76C1D1AE02e20CEB03A2A6a08b0b8dC3":1.953475465949917,"0x865377367054516e17014CcdED1e7d814EDC9ce4":674.316400294453,"0x8C0D76C9B18779665475F3E212D9Ca1Ed6A1A0e6":917.5734970082573,"0x8Cd52ee292313C4D851e71A7064F096504aB3eE9":62.303729758334256,"0x8E870D67F660D95d5be530380D0eC0bd388289E1":0.007676933965674135,"0x8c9532a60E0E7C6BbD2B2c1303F63aCE1c3E9811":1.2058957218690851,"0x8dAEBADE922dF735c38C80C7eBD708Af50815fAa":13.747884859016064,"0x8e595470Ed749b85C6F7669de83EAe304C2ec68F":48.849957303924924,"0x917ceE801a67f933F2e6b33fC0cD1ED2d5909D88":580.1791674624945,"0x9181f633E9B9F15A32d5e37094F4C93b333e0E92":1.1900878651307467,"0x922406EAFC3CcEb32b0256F287fB977c426EDbd8":0.029048669270259547,"0x954313005C56b555bdC41B84D6c63B69049d7847":483.5771985003261,"0x9559Aaa82d9649C7A7b220E7c461d2E74c9a3593":209.5046195031412,"0x95710BDE45C8D384A976Cc58Cc7a7e489576b098":2.4126076939699885,"0x961D4921e1718E633BAC8Ded88c4a1cAe44b785a":1139.85288077214,"0x9961BdBE8B7091E584c2bF9D0a160C583f564A8c":398.18244243609314,"0x99D8a9C45b2ecA8864373A26D1459e3Dff1e17F3":4202.766382565735,"0x9BE89D2a4cd102D8Fecc6BF9dA793be995C22541":263.3447449111329,"0x9D39A5DE30e57443BfF2A8307A4256c8797A3497":4497.697178731095,"0x9EEAD9ce15383CaEED975427340b3A369410CFBF":11.558347886310711,"0x9FeE65D5A627e73212989c8BbEdC5Fa5Cae3821F":19.646850486587223,"0x9de1c3D446237ab9BaFF74127eb4F303802a2683":649.5379233205355,