{"0x0000000000085d4780B73119b644AE5ecd22b376":0.00544945131808543,"0x005F893EcD7bF9667195642f7649DA8163e23658":27.020467307012854,"0x0100546F2cD4C9D97f798fFC9755E47865FF7Ee6":153.62594456489632,"0x028171bCA77440897B824Ca71D1c56caC55b68A3":745.6732795213082,"0x0316EB71485b0Ab14103307bf65a021042c6d380":51.95993577803027,"0x03ab458634910AaD20eF5f1C8ee96F1D6ac54919":171.44117221466385,"0x04C154b66CB340F3Ae24111CC767e0184Ed00Cc6":204.5031378114525,"0x056Fd409E1d7A124BD7017459dFEa2F387b6d5Cd":224.43497755410866,"0x067079c14B85169e6a29703769dadDef90816f4C":27.54242349011168,"0x075b1bb99792c9E1041bA13afEf80C91a1e70fB3":748.4380276092778,"0x085780639CC2cACd35E474e71f4d000e2405d8f6":940.9224058972786,"0x09b2E090531228d1b8E3d948C73b990Cb6e60720":496.01606876885285,"0x0E2EC54fC0B509F445631Bf4b91AB8168230C752":0.450002954016433,"0x0E573Ce2736Dd9637A0b21058352e1667925C7a8":142.9559173299325,"0x0a5E677a6A24b2F1A2Bf4F3bFfC443231d2fDEc8":0.007512487925418253,"0x0bc529c00C6401aEF6D220BE8C6Ea1667F6Ad93e":7.62662861811413,"0x0d86883FAf4FfD7aEb116390af37746F45b6f378":156.11820051760674,"0x0dE54CFdfeD8005176f8b7A9D5438B45c4F1df1e":3.5594009230378516,"0x1456688345527bE1f37E9e627DA0837D6f08C925":4.462484399091252,"0x16eAd9a10b1A77007E6E329B076aD1Fe97a6F7C0":59.21730653697985,"0x18084fbA666a33d37592fA2633fD49a74DD93a88":14.48033049937427,"0x1830c553dC76d3447B69b7B0dC19CF9e3c739C78":95.56057140133288,"0x183395DbD0B5e93323a7286D1973150697FFFCB3":339.50116812870465,"0x196f4727526eA7FB1e17b2071B3d8eAA38486988":0.9116574742618501,"0x1c48f86ae57291F7686349F12601910BD8D470bb":0.11193040340426148,"0x1ce0D1E19c9514230FF8CD1DAbaC2555fb92122b":0,"0x2260FAC5E5542a773Aa44fBCfeDf7C193bc2C599":316.84318187501634,"0x2570f1bD5D2735314FC102eb12Fc1aFe9e6E7193":354.43924904727044,"0x25eC98773D7b4ceD4cAFaB96A2A1c0945f145e10":0,"0x2889302a794dA87fBF1D6Db415C1492194663D13":502.7951340805834,"0x29059568bB40344487d62f7450E78b8E6C74e0e5":50.29914350856094,"0x2b01d4FdB87eb7F2399E5D68631d8A939a323786":18.23522053267105,"0x31429d1856aD1377A8A0079410B297e1a9e214c2":464.7027139910973,"0x32bd822d615A3658A68b6fDD30c2fcb2C996D678":50.615762673030964,"0x34635280737b5BFe6c7DC2FC3065D60d66e78185":432.4114334688449,"0x35282d87011f87508D457F08252Bc5bFa52E10A0":72.85001990079884,"0x35D8949372D46B7a3D5A56006AE77B215fc69bC0":0.13854348781819628,"0x35fA164735182de50811E8e2E824cFb9B6118ac2":921.9403245647514,"0x383E6b4437b59fff47B619CBA855CA29342A8559":36.44338149201013,"0x38D64ce1Bdf1A9f24E0Ec469C9cAde61236fB4a0":139.54452486952331,"0x3A283D9c08E8b55966afb64C515f5143cf907611":416.4833520238257,"0x3Ed3B47Dd13EC9a98b44e6204A523E766B225811":1007.5112461292191,"0x401322B9FDdba8c0a8D40fbCECE1D1752C12316B":412.0597050472965,"0x40D16FC0246aD3160Ccc09B8D0D3A2cD28aE6C2f":128.0603658942739,"0x4591DBfF62656E7859Afe5e45f6f47D3669fBB28":307.6057392423582,"0x4647B6D835f3B393C7A955df51EEfcf0db961606":193.7805607567429,"0x48759F220ED983dB51fA7A8C0D2AAb8f3ce4166a":986.7695142624154,"0x49446A0874197839D15395B908328a74ccc96Bc0":18.091540023265708,"0x4D1941a887eC788F059b3bfcC8eE1E97b968825B":13.184584985486794,"0x4Fabb145d64652a948d72533023f6E7A623C7C53":0.009788307754921061,"0x4c9EDD5852cd905f086C759E8383e09bff1E68B3":642.9037193815807,"0x4de2ab8177fC5fFAFB7aD11FB8BeB1e5fB95F71C":124.95154970723337,"0x4eBdF703948ddCEA3B11f675B4D1Fba9d2414A14":48.490273429977165,"0x514910771AF9Ca656af840dff83E8264EcF986CA":104.30079657327099,"0x5228a22e72ccC52d415EcFd199F99D0665E7733b":50.543074875350335,"0x5426178799ee0a0181A89b4f57eFddfAb49941Ec":31.86662812941362,"0x5555f75e3d5278082200Fb451D1b6bA946D8e13b":57.91091544727965,"0x57a5a0567187FF4A8dcC1A9bBa86155E355878F2":1.0482196558492116,"0x58efE15C0404aB22F87E4495D71f6f2077e862bE":0.0012485041690398538,"0x5905c0290e59aFBDc42a5480add9bD7B20CB3759":0.13903664001137692,"0x59D9356E565Ab3A36dD77763Fc0d87fEaf85508C":537.0654916961864,"0x5BC25f649fc4e26069dDF4cF4010F9f706c23831":1.5451582745663661,"0x5Be6C45e2d074fAa20700C49aDA3E88a1cc0025d":53.82178853675828,"0x5Ca135cB8527d76e932f34B5145575F9d8cbE08E":54.0712956601192,"0x5E8422345238F34275888049021821E8E08CAa1f":15069.958997792097,"0x5b6C539b224014A09B3388e51CaAA8e354c959C8":711.3604323922727,"0x5e74C9036fb86BD7eCdcb084a0673EFc32eA31cb":178.9444548830956,"0x63a0964A36c34E81959da5894ad888800e17405b":20.911510848434023,"0x65D72AA8DA931F047169112fcf34f52DbaAE7D18":129.35069458060497,"0x661c70333AA1850CcDBAe82776Bb436A0fCfeEfB":44.17998217791005,"0x668308d77be3533c909a692302Cb4D135Bf8041C":0.05134965867698503,"0x66a1E37c9b0eAddca17d3662D6c05F4DECf3e110":0.10861676992068783,"0x674C6Ad92Fd080e4004b2312b45f796a192D27a0":2.0502014943840448,"0x68749665FF8D2d112Fa859AA293F07A622782F38":18.892138976971648,"0x6B175474E89094C44Da98b954EedeAC495271d0F":226.13514763925576,"0x6C280dB098dB673d30d5B34eC04B6387185D3620":58.16934562755244,"0x6C5024Cd4F8A59110119C56f8933403A539555EB":112.6410771763666,"0x6ade6971Ca3d90990C30d39c78b0534C7166e07b":128.01811110758538,"0x6b5204B0Be36771253Cc38e88012E02B752f0f36":38.52630223735961,"0x6c3F90f043a72FA612cbac8115EE7e52BDe6E490":1099.739612750081,"0x6c3ea9036406852006290770BEdFcAbA0e23A0e8":414.2198992946531,"0x6e52cCe4EaFDf77091dD1c82183b2D97b776b397":32.9895181344321,"0x6ef3D766Dfe02Dc4bF04aAe9122EB9A0Ded25615":0.026646006849827097,"0x73968b9a57c6E53d41345FD57a6E6ae27d6CDB2F":80.8304526524478,"0x73A15FeD60Bf67631dC6cd7Bc5B6e8da8190aCF5":0.2597835046320946,"0x76237BCfDbe8e06FB774663add96216961df4ff3":21.75983073197455,"0x76Eb2FE28b36B3ee97F3Adae0C69606eeDB2A37c":730.7192606511385,"0x77E06c9eCCf2E797fd462A92B6D7642EF85b0A44":0.50619617334,"0x78da5799CF427Fee11e9996982F4150eCe7a99A7":42.866707272276756,"0x7988292D0FB141085c092132e2a70B30aA1eccAB":472.051972773665,"0x7F17A6C77C3938D235b014818092eb6305BdA110":52.79096308679237,"0x7F86Bf177Dd4F3494b841a37e810A34dD56c829B":969.0194620500754,"0x7FA768E035F956c41d6aeaa3Bd857e7E5141CAd5":0.036078082738089635,"0x7ea4aD8C803653498bF6AC1D2dEbc04DCe8Fd2aD":106.94000459598762,"0x7f39C581F595B53c5cb19bD0b3f8dA6c935E2Ca0":366.35218609488857,"0x8064d9Ae6cDf087b1bcd5BDf3531bD5d8C537a68":69.2070253184976,"0x80d69e79258FE9D056c822461c4eb0B4ca8802E2":0.024579705142748338,"0x826180541412D574cf1336d22c0C0a287822678A":195.72607717517425,"0x830614aE209FF9d8706d386fcdBc7a55206fcffC":51.368205953044786,"0x83F20F44975D03b1b09e64809B757c47f942BEeA":717.5324281170892,"0x84CeCB5525c6B1C20070E742da870062E84Da178":20.086441551934087,"0x853d955aCEf822Db058eb8505911ED77F175b99e":485.78854953200545,"0x856c4Efb76C1D1AE02e20CEB03A2A6a08b0b8dC3":1.638178820939622,"0x865377367054516e17014CcdED1e7d814EDC9ce4":508.62368170786414,"0x8682Fbf0CbF312C891532BA9F1A91e44f81ad7DF":488.0389902045752,"0x8C0D76C9B18779665475F3E212D9Ca1Ed6A1A0e6":385.4864921400372,"0x8C88538688aca3b733aD08b12BEe4574c0C00907":264.3985066901986,"0x8Cd52ee292313C4D851e71A7064F096504aB3eE9":5.090788720655915,"0x8c9532a60E0E7C6BbD2B2c1303F63aCE1c3E9811":0.04350348487561695,"0x8dAEBADE922dF735c38C80C7eBD708Af50815fAa":16.662801789222346,"0x8e595470Ed749b85C6F7669de83EAe304C2ec68F":19.636030525946683,"0x917ceE801a67f933F2e6b33fC0cD1ED2d5909D88":369.8907831690626,"0x9181f633E9B9F15A32d5e37094F4C93b333e0E92":0.417441300226296,"0x922406EAFC3CcEb32b0256F287fB977c426EDbd8":0.029079087303554494,"0x954313005C56b555bdC41B84D6c63B69049d7847":438.3957377594204,"0x9559Aaa82d9649C7A7b220E7c461d2E74c9a3593":175.93523039720932,"0x95710BDE45C8D384A976Cc58Cc7a7e489576b098":2.377674651300057,"0x961D4921e1718E633BAC8Ded88c4a1cAe44b785a":853.0092232783791,"0x9961BdBE8B7091E584c2bF9D0a160C583f564A8c":395.34237875419655,"0x99D8a9C45b2ecA8864373A26D1459e3Dff1e17F3":34.74325129282615,"0x9BE89D2a4cd102D8Fecc6BF9dA793be995C22541":668.5859825646937,"0x9D39A5DE30e57443BfF2A8307A4256c8797A3497":377.2675026735585,"0x9EEAD9ce15383CaEED975427340b3A369410CFBF":0.002910753719989024,"0x9FeE65D5A627e73212989c8BbEdC5Fa5Cae3821F":15.497830753989671,"0x9b77bd0a665F05995b68e36fC1053AFFfAf0d4B5":10.122976818788915,"0x9de1c3D446237ab9BaFF74127eb4F303802a2683":414.68021167162067,