{"0x0000000000085d4780B73119b644AE5ecd22b376":0.008464954941160925,"0x005F893EcD7bF9667195642f7649DA8163e23658":97.1571234556716,"0x0100546F2cD4C9D97f798fFC9755E47865FF7Ee6":157.0870130398683,"0x028171bCA77440897B824Ca71D1c56caC55b68A3":746.0118267651401,"0x0316EB71485b0Ab14103307bf65a021042c6d380":63.13143666872858,"0x03ab458634910AaD20eF5f1C8ee96F1D6ac54919":174.8507429855869,"0x04C154b66CB340F3Ae24111CC767e0184Ed00Cc6":231.13430952016952,"0x056Fd409E1d7A124BD7017459dFEa2F387b6d5Cd":409.3746441980565,"0x067079c14B85169e6a29703769dadDef90816f4C":109.70089650455733,"0x075b1bb99792c9E1041bA13afEf80C91a1e70fB3":740.5683057839599,"0x085780639CC2cACd35E474e71f4d000e2405d8f6":1057.8154493184056,"0x09b2E090531228d1b8E3d948C73b990Cb6e60720":497.06855843399904,"0x0E2EC54fC0B509F445631Bf4b91AB8168230C752":0.4715716240360073,"0x0E573Ce2736Dd9637A0b21058352e1667925C7a8":143.30877327551855,"0x0a5E677a6A24b2F1A2Bf4F3bFfC443231d2fDEc8":0.00890627930210153,"0x0bc529c00C6401aEF6D220BE8C6Ea1667F6Ad93e":8.89750016138246,"0x0d86883FAf4FfD7aEb116390af37746F45b6f378":182.5100659727102,"0x0dE54CFdfeD8005176f8b7A9D5438B45c4F1df1e":5.837074820411104,"0x127091edE112aEd7Bae281747771b3150Bb047bB":0.486760319241501,"0x137469B55D1f15651BA46A89D0588e97dD0B6562":0.3589800984862023,"0x1456688345527bE1f37E9e627DA0837D6f08C925":6.775472068131548,"0x16eAd9a10b1A77007E6E329B076aD1Fe97a6F7C0":63.56749209849965,"0x18084fbA666a33d37592fA2633fD49a74DD93a88":14.659187444062153,"0x1830c553dC76d3447B69b7B0dC19CF9e3c739C78":99.05822567369228,"0x183395DbD0B5e93323a7286D1973150697FFFCB3":319.4697125435412,"0x196f4727526eA7FB1e17b2071B3d8eAA38486988":1.2680138744868927,"0x1c48f86ae57291F7686349F12601910BD8D470bb":0.9791208933110755,"0x1ce0D1E19c9514230FF8CD1DAbaC2555fb92122b":0,"0x2260FAC5E5542a773Aa44fBCfeDf7C193bc2C599":313.96259677709526,"0x22CF19EB64226e0E1A79c69b345b31466fD273A7":0.8511097004220867,"0x2570f1bD5D2735314FC102eb12Fc1aFe9e6E7193":575.7929770816456,"0x25eC98773D7b4ceD4cAFaB96A2A1c0945f145e10":0,"0x2889302a794dA87fBF1D6Db415C1492194663D13":958.4170435968529,"0x2b01d4FdB87eb7F2399E5D68631d8A939a323786":19.329020264397034,"0x31429d1856aD1377A8A0079410B297e1a9e214c2":469.97027502324397,"0x32bd822d615A3658A68b6fDD30c2fcb2C996D678":54.222448539570955,"0x34635280737b5BFe6c7DC2FC3065D60d66e78185":418.31534206562606,"0x35282d87011f87508D457F08252Bc5bFa52E10A0":95.9074902519092,"0x35D8949372D46B7a3D5A56006AE77B215fc69bC0":1162.7316400118445,"0x35fA164735182de50811E8e2E824cFb9B6118ac2":952.4179686408025,"0x383E6b4437b59fff47B619CBA855CA29342A8559":43.5461848619641,"0x38D64ce1Bdf1A9f24E0Ec469C9cAde61236fB4a0":163.92207380589133,"0x3A283D9c08E8b55966afb64C515f5143cf907611":1710.0149034416459,"0x3Ed3B47Dd13EC9a98b44e6204A523E766B225811":1007.6176041802839,"0x401322B9FDdba8c0a8D40fbCECE1D1752C12316B":416.5006039092827,"0x40D16FC0246aD3160Ccc09B8D0D3A2cD28aE6C2f":197.34308502620507,"0x4591DBfF62656E7859Afe5e45f6f47D3669fBB28":378.7493884280355,"0x4647B6D835f3B393C7A955df51EEfcf0db961606":260.33831407748715,"0x466a756E9A7401B5e2444a3fCB3c2C12FBEa0a54":1.7802432444049412,"0x48759F220ED983dB51fA7A8C0D2AAb8f3ce4166a":1005.4637309708108,"0x49446A0874197839D15395B908328a74ccc96Bc0":18.99909690072259,"0x4AE86d8732390d852A13cb918463BC6e5775FaDD":84.61768881718953,"0x4D1941a887eC788F059b3bfcC8eE1E97b968825B":13.67052034989718,"0x4Fabb145d64652a948d72533023f6E7A623C7C53":0.028957598888144066,"0x4c9EDD5852cd905f086C759E8383e09bff1E68B3":2695.201529756117,"0x4de2ab8177fC5fFAFB7aD11FB8BeB1e5fB95F71C":153.62459546387515,"0x4eBdF703948ddCEA3B11f675B4D1Fba9d2414A14":1224.4199210867678,"0x514910771AF9Ca656af840dff83E8264EcF986CA":101.8603076460098,"0x5228a22e72ccC52d415EcFd199F99D0665E7733b":50.92001546760382,"0x5426178799ee0a0181A89b4f57eFddfAb49941Ec":224.67336334094753,"0x5555f75e3d5278082200Fb451D1b6bA946D8e13b":82.0441841885676,"0x57a5a0567187FF4A8dcC1A9bBa86155E355878F2":1.0604001963312164,"0x58efE15C0404aB22F87E4495D71f6f2077e862bE":0.001248567846,"0x5905c0290e59aFBDc42a5480add9bD7B20CB3759":0.1788955150664852,"0x59D9356E565Ab3A36dD77763Fc0d87fEaf85508C":548.4525942659697,"0x5BC25f649fc4e26069dDF4cF4010F9f706c23831":2.220894429499002,"0x5Be6C45e2d074fAa20700C49aDA3E88a1cc0025d":103.54009472558552,"0x5Ca135cB8527d76e932f34B5145575F9d8cbE08E":54.532627441690195,"0x5E8422345238F34275888049021821E8E08CAa1f":15432.116066643908,"0x5b6C539b224014A09B3388e51CaAA8e354c959C8":834.3961055774772,"0x5e74C9036fb86BD7eCdcb084a0673EFc32eA31cb":189.46828322112694,"0x63a0964A36c34E81959da5894ad888800e17405b":26.38339608958515,"0x65D72AA8DA931F047169112fcf34f52DbaAE7D18":135.30725454160523,"0x661c70333AA1850CcDBAe82776Bb436A0fCfeEfB":45.83363803111175,"0x668308d77be3533c909a692302Cb4D135Bf8041C":0.052052126530170516,"0x66a1E37c9b0eAddca17d3662D6c05F4DECf3e110":0.10862144064263547,"0x674C6Ad92Fd080e4004b2312b45f796a192D27a0":2.1490887747244396,"0x68749665FF8D2d112Fa859AA293F07A622782F38":19.95850935792589,"0x6B175474E89094C44Da98b954EedeAC495271d0F":2206.244349790924,"0x6C280dB098dB673d30d5B34eC04B6387185D3620":61.313941614946735,"0x6C5024Cd4F8A59110119C56f8933403A539555EB":112.85058891222096,"0x6ade6971Ca3d90990C30d39c78b0534C7166e07b":134.56717332922378,"0x6b5204B0Be36771253Cc38e88012E02B752f0f36":70.53739781536846,"0x6c3F90f043a72FA612cbac8115EE7e52BDe6E490":1298.8261650600405,"0x6c3ea9036406852006290770BEdFcAbA0e23A0e8":645.3418805167032,"0x6e52cCe4EaFDf77091dD1c82183b2D97b776b397":0.7922084123494364,"0x6ef3D766Dfe02Dc4bF04aAe9122EB9A0Ded25615":0.0269244790636803,"0x73968b9a57c6E53d41345FD57a6E6ae27d6CDB2F":83.3172327878618,"0x73A15FeD60Bf67631dC6cd7Bc5B6e8da8190aCF5":3645.485396873386,"0x76237BCfDbe8e06FB774663add96216961df4ff3":21.967485922858906,"0x76Eb2FE28b36B3ee97F3Adae0C69606eeDB2A37c":731.2572401627883,"0x77E06c9eCCf2E797fd462A92B6D7642EF85b0A44":0.6520171566999999,"0x78da5799CF427Fee11e9996982F4150eCe7a99A7":59.45521782013253,"0x7988292D0FB141085c092132e2a70B30aA1eccAB":472.7199675510892,"0x7F17A6C77C3938D235b014818092eb6305BdA110":57.52983072328529,"0x7F86Bf177Dd4F3494b841a37e810A34dD56c829B":2971.51742411228,"0x7FA768E035F956c41d6aeaa3Bd857e7E5141CAd5":0.036562078390066574,"0x7ea4aD8C803653498bF6AC1D2dEbc04DCe8Fd2aD":118.47064599126509,"0x7f39C581F595B53c5cb19bD0b3f8dA6c935E2Ca0":726.2812742785577,"0x8064d9Ae6cDf087b1bcd5BDf3531bD5d8C537a68":70.17898335844053,"0x80d69e79258FE9D056c822461c4eb0B4ca8802E2":0.02493305764926722,"0x826180541412D574cf1336d22c0C0a287822678A":202.21014377848118,"0x830614aE209FF9d8706d386fcdBc7a55206fcffC":54.44870073332642,"0x83F20F44975D03b1b09e64809B757c47f942BEeA":2072.4500667889215,"0x84CeCB5525c6B1C20070E742da870062E84Da178":24.563769359586193,"0x853d955aCEf822Db058eb8505911ED77F175b99e":939.528275076032,"0x856c4Efb76C1D1AE02e20CEB03A2A6a08b0b8dC3":0.2163385188438396,"0x865377367054516e17014CcdED1e7d814EDC9ce4":690.1274074303077,"0x8682Fbf0CbF312C891532BA9F1A91e44f81ad7DF":487.55051713937576,"0x8C0D76C9B18779665475F3E212D9Ca1Ed6A1A0e6":430.75298229092743,"0x8C88538688aca3b733aD08b12BEe4574c0C00907":268.14003401789125,"0x8Cd52ee292313C4D851e71A7064F096504aB3eE9":5.895390162904019,"0x8c9532a60E0E7C6BbD2B2c1303F63aCE1c3E9811":0.044254947311703326,"0x8dAEBADE922dF735c38C80C7eBD708Af50815fAa":17.32526527855441,"0x8e595470Ed749b85C6F7669de83EAe304C2ec68F":19.70289284654374,"0x917ceE801a67f933F2e6b33fC0cD1ED2d5909D88":414.50343645100486,"0x9181f633E9B9F15A32d5e37094F4C93b333e0E92":0.42180410888159153,"0x922406EAFC3CcEb32b0256F287fB977c426EDbd8":0.029080337758078095,"0x954313005C56b555bdC41B84D6c63B69049d7847":443.13918049827606,"0x9559Aaa82d9649C7A7b220E7c461d2E74c9a3593":181.0659121012043,"0x95710BDE45C8D384A976Cc58Cc7a7e489576b098":2.3554996643455386,"0x961D4921e1718E633BAC8Ded88c4a1cAe44b785a":891.8054517486894,"0x9961BdBE8B7091E584c2bF9D0a160C583f564A8c":395.0251858486966,"0x99D8a9C45b2ecA8864373A26D1459e3Dff1e17F3":43.38133832993228,"0x9BE89D2a4cd102D8Fecc6BF9dA793be995C22541":662.3946035272004,"0x9D39A5DE30e57443BfF2A8307A4256c8797A3497":1911.1519174717962,