{"0x0000000000085d4780B73119b644AE5ecd22b376":0.008477472127779164,"0x005F893EcD7bF9667195642f7649DA8163e23658":196.44135516965966,"0x0100546F2cD4C9D97f798fFC9755E47865FF7Ee6":187.15662314341955,"0x028171bCA77440897B824Ca71D1c56caC55b68A3":792.7282234899916,"0x0316EB71485b0Ab14103307bf65a021042c6d380":65.27031771747582,"0x03ab458634910AaD20eF5f1C8ee96F1D6ac54919":180.85018020779972,"0x04C154b66CB340F3Ae24111CC767e0184Ed00Cc6":433.96223725452677,"0x056Fd409E1d7A124BD7017459dFEa2F387b6d5Cd":422.610939824375,"0x075b1bb99792c9E1041bA13afEf80C91a1e70fB3":322.4454123308823,"0x085780639CC2cACd35E474e71f4d000e2405d8f6":858.3173501041059,"0x0E2EC54fC0B509F445631Bf4b91AB8168230C752":0.4715200043480018,"0x0E573Ce2736Dd9637A0b21058352e1667925C7a8":141.8849965131082,"0x0a5E677a6A24b2F1A2Bf4F3bFfC443231d2fDEc8":0.051211583768460765,"0x0bc529c00C6401aEF6D220BE8C6Ea1667F6Ad93e":10.210170016311679,"0x0d86883FAf4FfD7aEb116390af37746F45b6f378":239.60878297344084,"0x0dE54CFdfeD8005176f8b7A9D5438B45c4F1df1e":5.8426127578805875,"0x1456688345527bE1f37E9e627DA0837D6f08C925":1.0087073274612197,"0x18084fbA666a33d37592fA2633fD49a74DD93a88":11.348013088439968,"0x1830c553dC76d3447B69b7B0dC19CF9e3c739C78":113.36684154047842,"0x183395DbD0B5e93323a7286D1973150697FFFCB3":390.24473569619,"0x196f4727526eA7FB1e17b2071B3d8eAA38486988":2.5320897075228825,"0x1c48f86ae57291F7686349F12601910BD8D470bb":1.2893343790557443,"0x1ce0D1E19c9514230FF8CD1DAbaC2555fb92122b":0,"0x2191DF768ad71140F9F3E96c1e4407A4aA31d082":5.991745928937371,"0x2260FAC5E5542a773Aa44fBCfeDf7C193bc2C599":368.6816886416136,"0x2302aaBe69e6E7A1b0Aa23aAC68fcCB8A4D2B460":128.11936075675885,"0x25eC98773D7b4ceD4cAFaB96A2A1c0945f145e10":0,"0x2889302a794dA87fBF1D6Db415C1492194663D13":573.0094972795781,"0x2b01d4FdB87eb7F2399E5D68631d8A939a323786":14.200926810887164,"0x31429d1856aD1377A8A0079410B297e1a9e214c2":482.35904340296065,"0x3175Df0976dFA876431C2E9eE6Bc45b65d3473CC":1595.0263207984947,"0x32bd822d615A3658A68b6fDD30c2fcb2C996D678":76.47017019980879,"0x34635280737b5BFe6c7DC2FC3065D60d66e78185":355.8523196563151,"0x35282d87011f87508D457F08252Bc5bFa52E10A0":116.0438878102077,"0x35D8949372D46B7a3D5A56006AE77B215fc69bC0":1048.8822580253425,"0x35fA164735182de50811E8e2E824cFb9B6118ac2":1165.7131323787148,"0x383E6b4437b59fff47B619CBA855CA29342A8559":162.5697159051769,"0x38D64ce1Bdf1A9f24E0Ec469C9cAde61236fB4a0":250.06166475114387,"0x3A283D9c08E8b55966afb64C515f5143cf907611":4206.573810566022,"0x3Ed3B47Dd13EC9a98b44e6204A523E766B225811":349.3452494761356,"0x401322B9FDdba8c0a8D40fbCECE1D1752C12316B":384.3388404721621,"0x40D16FC0246aD3160Ccc09B8D0D3A2cD28aE6C2f":743.2360809575272,"0x4591DBfF62656E7859Afe5e45f6f47D3669fBB28":289.12618150154003,"0x466a756E9A7401B5e2444a3fCB3c2C12FBEa0a54":6.427876000601453,"0x48759F220ED983dB51fA7A8C0D2AAb8f3ce4166a":1560.3401820079594,"0x49446A0874197839D15395B908328a74ccc96Bc0":24.28341884115126,"0x4AE86d8732390d852A13cb918463BC6e5775FaDD":124.8958403083138,"0x4D1941a887eC788F059b3bfcC8eE1E97b968825B":5.309972518155816,"0x4Fabb145d64652a948d72533023f6E7A623C7C53":0.02919163249728942,"0x4c9EDD5852cd905f086C759E8383e09bff1E68B3":7026.240490519567,"0x4de2ab8177fC5fFAFB7aD11FB8BeB1e5fB95F71C":197.68604772310667,"0x4eBdF703948ddCEA3B11f675B4D1Fba9d2414A14":1826.6372981037302,"0x514910771AF9Ca656af840dff83E8264EcF986CA":113.21213971551128,"0x5228a22e72ccC52d415EcFd199F99D0665E7733b":55.00839633277305,"0x5426178799ee0a0181A89b4f57eFddfAb49941Ec":867.2529158413666,"0x5555f75e3d5278082200Fb451D1b6bA946D8e13b":88.36625000716673,"0x57Ab1ec28D129707052df4dF418D58a2D46d5f51":2292.711120268139,"0x57a5a0567187FF4A8dcC1A9bBa86155E355878F2":1.2043805167100237,"0x58efE15C0404aB22F87E4495D71f6f2077e862bE":0.001248567846,"0x5905c0290e59aFBDc42a5480add9bD7B20CB3759":0.1788955150664852,"0x59D9356E565Ab3A36dD77763Fc0d87fEaf85508C":582.3515130200002,"0x5BC25f649fc4e26069dDF4cF4010F9f706c23831":4.252349923300113,"0x5Be6C45e2d074fAa20700C49aDA3E88a1cc0025d":644.2660710851368,"0x5Ca135cB8527d76e932f34B5145575F9d8cbE08E":50.97376620666597,"0x5E8422345238F34275888049021821E8E08CAa1f":18159.324612716613,"0x5e74C9036fb86BD7eCdcb084a0673EFc32eA31cb":203.88997326961154,"0x6359B6d3e327c497453d4376561eE276c6933323":284.61440406942324,"0x63a0964A36c34E81959da5894ad888800e17405b":112.7155685414242,"0x65D72AA8DA931F047169112fcf34f52DbaAE7D18":126.61246929946026,"0x65f228ED6a6001eD6485535e0Dc33E525734f54c":51.30008309973591,"0x661c70333AA1850CcDBAe82776Bb436A0fCfeEfB":54.43452767879389,"0x668308d77be3533c909a692302Cb4D135Bf8041C":0.05886890670442036,"0x66a1E37c9b0eAddca17d3662D6c05F4DECf3e110":1.635397783985782,"0x674C6Ad92Fd080e4004b2312b45f796a192D27a0":5.600733150656714,"0x68749665FF8D2d112Fa859AA293F07A622782F38":13.230194618108005,"0x6B175474E89094C44Da98b954EedeAC495271d0F":6806.533440536389,"0x6C280dB098dB673d30d5B34eC04B6387185D3620":63.85754769287823,"0x6C5024Cd4F8A59110119C56f8933403A539555EB":130.14952620318923,"0x6C9815826FdF8c7a45cCfEd2064dbaB33a078712":10.458969166764943,"0x6ade6971Ca3d90990C30d39c78b0534C7166e07b":194.305545095598,"0x6b5204B0Be36771253Cc38e88012E02B752f0f36":188.11286109556085,"0x6c3F90f043a72FA612cbac8115EE7e52BDe6E490":2340.8991694606493,"0x6c3ea9036406852006290770BEdFcAbA0e23A0e8":949.7164030457008,"0x6e52cCe4EaFDf77091dD1c82183b2D97b776b397":597.7489489042899,"0x6ef3D766Dfe02Dc4bF04aAe9122EB9A0Ded25615":0.08937813401609405,"0x7223442cad8e9cA474fC40109ab981608F8c4273":2.074132201391008,"0x73968b9a57c6E53d41345FD57a6E6ae27d6CDB2F":111.21087863081145,"0x73A15FeD60Bf67631dC6cd7Bc5B6e8da8190aCF5":4177.737094784869,"0x76237BCfDbe8e06FB774663add96216961df4ff3":14.36723199400003,"0x76Eb2FE28b36B3ee97F3Adae0C69606eeDB2A37c":798.5133329035876,"0x77E06c9eCCf2E797fd462A92B6D7642EF85b0A44":1.0367761247199998,"0x78da5799CF427Fee11e9996982F4150eCe7a99A7":84.0321132923436,"0x7988292D0FB141085c092132e2a70B30aA1eccAB":467.01765649624065,"0x7F17A6C77C3938D235b014818092eb6305BdA110":55.37056609308787,"0x7F86Bf177Dd4F3494b841a37e810A34dD56c829B":4329.131925620982,"0x7FA768E035F956c41d6aeaa3Bd857e7E5141CAd5":0.5063068093456897,"0x7ea4aD8C803653498bF6AC1D2dEbc04DCe8Fd2aD":410.2223761588993,"0x7f39C581F595B53c5cb19bD0b3f8dA6c935E2Ca0":2006.2463637795313,"0x8064d9Ae6cDf087b1bcd5BDf3531bD5d8C537a68":77.24028971366441,"0x80d69e79258FE9D056c822461c4eb0B4ca8802E2":0.26411033973672116,"0x826180541412D574cf1336d22c0C0a287822678A":264.93685162952613,"0x830614aE209FF9d8706d386fcdBc7a55206fcffC":66.84434341738327,"0x83F20F44975D03b1b09e64809B757c47f942BEeA":4597.010694223727,"0x84CeCB5525c6B1C20070E742da870062E84Da178":14.40113204414854,"0x853d955aCEf822Db058eb8505911ED77F175b99e":2108.407184744403,"0x856c4Efb76C1D1AE02e20CEB03A2A6a08b0b8dC3":1.9738936871594455,"0x865377367054516e17014CcdED1e7d814EDC9ce4":666.3726372623803,"0x8C0D76C9B18779665475F3E212D9Ca1Ed6A1A0e6":915.0512873955433,"0x8C88538688aca3b733aD08b12BEe4574c0C00907":616.1677388885362,"0x8Cd52ee292313C4D851e71A7064F096504aB3eE9":65.78146599730226,"0x8E870D67F660D95d5be530380D0eC0bd388289E1":0.007676933965674135,"0x8c9532a60E0E7C6BbD2B2c1303F63aCE1c3E9811":1.221232483348831,"0x8dAEBADE922dF735c38C80C7eBD708Af50815fAa":14.216933124853128,"0x8e595470Ed749b85C6F7669de83EAe304C2ec68F":48.88222899839865,"0x917ceE801a67f933F2e6b33fC0cD1ED2d5909D88":586.8092394900041,"0x9181f633E9B9F15A32d5e37094F4C93b333e0E92":1.2033822054498922,"0x922406EAFC3CcEb32b0256F287fB977c426EDbd8":0.02910941809583617,"0x954313005C56b555bdC41B84D6c63B69049d7847":484.0243268475504,"0x9559Aaa82d9649C7A7b220E7c461d2E74c9a3593":213.4578799633224,"0x95710BDE45C8D384A976Cc58Cc7a7e489576b098":2.439521552057577,"0x961D4921e1718E633BAC8Ded88c4a1cAe44b785a":1139.8228269163146,"0x9961BdBE8B7091E584c2bF9D0a160C583f564A8c":397.04167730742023,"0x99D8a9C45b2ecA8864373A26D1459e3Dff1e17F3":4201.980161276283,"0x9BE89D2a4cd102D8Fecc6BF9dA793be995C22541":267.41547947449425,"0x9D39A5DE30e57443BfF2A8307A4256c8797A3497":4404.808358207709,"0x9EEAD9ce15383CaEED975427340b3A369410CFBF":11.476494886859435,