{"0x0000000000085d4780B73119b644AE5ecd22b376":216.1839756832163,"0x0000000016E6Cb3038203c1129c8B4aEE7af7a11":1.1915233492887694,"0x005F893EcD7bF9667195642f7649DA8163e23658":185.19515400570953,"0x0100546F2cD4C9D97f798fFC9755E47865FF7Ee6":413.8580158084377,"0x028171bCA77440897B824Ca71D1c56caC55b68A3":1151.3417153672685,"0x0316EB71485b0Ab14103307bf65a021042c6d380":0.02001058443371885,"0x03ab458634910AaD20eF5f1C8ee96F1D6ac54919":3.4446766508582125,"0x04C154b66CB340F3Ae24111CC767e0184Ed00Cc6":544.3451989632977,"0x051d7e5609917Bd9b73f04BAc0DED8Dd46a74301":380.9026220176326,"0x056Fd409E1d7A124BD7017459dFEa2F387b6d5Cd":774.4927710462272,"0x067079c14B85169e6a29703769dadDef90816f4C":456.470583505653,"0x075b1bb99792c9E1041bA13afEf80C91a1e70fB3":762.5204554744573,"0x085780639CC2cACd35E474e71f4d000e2405d8f6":1042.7960507503483,"0x09db87A538BD693E9d08544577d5cCfAA6373A48":83.53924998491733,"0x0E2EC54fC0B509F445631Bf4b91AB8168230C752":0.47143526519632745,"0x0E573Ce2736Dd9637A0b21058352e1667925C7a8":146.66114089120472,"0x0a5E677a6A24b2F1A2Bf4F3bFfC443231d2fDEc8":0.07780287297830676,"0x0bc529c00C6401aEF6D220BE8C6Ea1667F6Ad93e":22.974087801386634,"0x0d86883FAf4FfD7aEb116390af37746F45b6f378":277.63777386423124,"0x0dE54CFdfeD8005176f8b7A9D5438B45c4F1df1e":4.612554536412298,"0x127091edE112aEd7Bae281747771b3150Bb047bB":0.8293876242407399,"0x137469B55D1f15651BA46A89D0588e97dD0B6562":228.4904346525228,"0x1456688345527bE1f37E9e627DA0837D6f08C925":5.5833338478332015,"0x15700B564Ca08D9439C58cA5053166E8317aa138":1906.3400192145132,"0x16eAd9a10b1A77007E6E329B076aD1Fe97a6F7C0":111.77434821255784,"0x18084fbA666a33d37592fA2633fD49a74DD93a88":422.8430428671376,"0x1830c553dC76d3447B69b7B0dC19CF9e3c739C78":97.68840796666822,"0x183395DbD0B5e93323a7286D1973150697FFFCB3":299.7220580527809,"0x196f4727526eA7FB1e17b2071B3d8eAA38486988":1.8813855978353025,"0x1BED97CBC3c24A4fb5C069C6E311a967386131f7":301.4125639576994,"0x1a7e4e63778B4f12a199C062f3eFdD288afCBce8":332.050775622478,"0x1aBaEA1f7C830bD89Acc67eC4af516284b1bC33c":493.0457661953484,"0x1c48f86ae57291F7686349F12601910BD8D470bb":1.1387877589592172,"0x1ce0D1E19c9514230FF8CD1DAbaC2555fb92122b":0,"0x2191DF768ad71140F9F3E96c1e4407A4aA31d082":31.266224708215585,"0x2260FAC5E5542a773Aa44fBCfeDf7C193bc2C599":408.4245177961928,"0x22CF19EB64226e0E1A79c69b345b31466fD273A7":3.5184407773717057,"0x2302aaBe69e6E7A1b0Aa23aAC68fcCB8A4D2B460":146.60880550288562,"0x2570f1bD5D2735314FC102eb12Fc1aFe9e6E7193":363.88761795236684,"0x25eC98773D7b4ceD4cAFaB96A2A1c0945f145e10":0,"0x2889302a794dA87fBF1D6Db415C1492194663D13":634.0498955344128,"0x29059568bB40344487d62f7450E78b8E6C74e0e5":290.9546085663841,"0x2b01d4FdB87eb7F2399E5D68631d8A939a323786":280.1823787943052,"0x3175Df0976dFA876431C2E9eE6Bc45b65d3473CC":9.264906195729922e-7,"0x3231Cb76718CDeF2155FC47b5286d82e6eDA273f":335.1337147908416,"0x32bd822d615A3658A68b6fDD30c2fcb2C996D678":323.6984259728467,"0x3432B6A60D23Ca0dFCa7761B7ab56459D9C964D0":347.3586392474108,"0x34635280737b5BFe6c7DC2FC3065D60d66e78185":241.1531288521673,"0x35282d87011f87508D457F08252Bc5bFa52E10A0":168.08486314941294,"0x35D8949372D46B7a3D5A56006AE77B215fc69bC0":445.00362810408143,"0x35fA164735182de50811E8e2E824cFb9B6118ac2":1034.5354627053152,"0x365AccFCa291e7D3914637ABf1F7635dB165Bb09":293.5178659886702,"0x383E6b4437b59fff47B619CBA855CA29342A8559":197.8846123708232,"0x38D64ce1Bdf1A9f24E0Ec469C9cAde61236fB4a0":247.58304056370133,"0x393DaD6c76D962Abba489a77dBf37ae948A4A6ee":153.39446228827987,"0x3A2725556Dde7B21fBe3dD64A4913ff29faba6A1":0.032780476862809486,"0x3A283D9c08E8b55966afb64C515f5143cf907611":5572.956879863836,"0x3Ed3B47Dd13EC9a98b44e6204A523E766B225811":385.71501797916216,"0x3f0e7916681452D23Cd36B1281457DA721F2E5dF":26.29036668974039,"0x40D16FC0246aD3160Ccc09B8D0D3A2cD28aE6C2f":817.6602592100598,"0x4591DBfF62656E7859Afe5e45f6f47D3669fBB28":136.4666860518739,"0x4647B6D835f3B393C7A955df51EEfcf0db961606":67.99306317492265,"0x466a756E9A7401B5e2444a3fCB3c2C12FBEa0a54":466.58028992665186,"0x48759F220ED983dB51fA7A8C0D2AAb8f3ce4166a":1664.7953178740079,"0x49446A0874197839D15395B908328a74ccc96Bc0":33.05796660222144,"0x4AE86d8732390d852A13cb918463BC6e5775FaDD":154.37471108715926,"0x4D1941a887eC788F059b3bfcC8eE1E97b968825B":330.9977420207152,"0x4DEcE678ceceb27446b35C672dC7d61F30bAD69E":445.0073830750568,"0x4Fabb145d64652a948d72533023f6E7A623C7C53":0.03492035268309137,"0x4c9EDD5852cd905f086C759E8383e09bff1E68B3":5881.979315969649,"0x4de2ab8177fC5fFAFB7aD11FB8BeB1e5fB95F71C":481.24703023735225,"0x4eBdF703948ddCEA3B11f675B4D1Fba9d2414A14":2838.81471826632,"0x514910771AF9Ca656af840dff83E8264EcF986CA":98.35726578185859,"0x5228a22e72ccC52d415EcFd199F99D0665E7733b":63.428544995058445,"0x527331F3F550f6f85ACFEcAB9Cc0889180C6f1d5":255.71504764142654,"0x5426178799ee0a0181A89b4f57eFddfAb49941Ec":914.018160011872,"0x5555f75e3d5278082200Fb451D1b6bA946D8e13b":101.524550260999,"0x57a5a0567187FF4A8dcC1A9bBa86155E355878F2":0.1760788848533779,"0x58efE15C0404aB22F87E4495D71f6f2077e862bE":0.0012479485563483838,"0x5905c0290e59aFBDc42a5480add9bD7B20CB3759":0.1922706328575287,"0x59D9356E565Ab3A36dD77763Fc0d87fEaf85508C":145.03659286215887,"0x5BC25f649fc4e26069dDF4cF4010F9f706c23831":2.313367803937261,"0x5Be6C45e2d074fAa20700C49aDA3E88a1cc0025d":534.9780745644641,"0x5Ca135cB8527d76e932f34B5145575F9d8cbE08E":57.04470322952215,"0x5E8422345238F34275888049021821E8E08CAa1f":14940.534190166585,"0x5Ea630e00D6eE438d3deA1556A110359ACdc10A9":283.82223465656574,"0x5ca0313D44551e32e0d7a298EC024321c4BC59B4":0.13785566958278658,"0x5e74C9036fb86BD7eCdcb084a0673EFc32eA31cb":8.709567995979416,"0x6359B6d3e327c497453d4376561eE276c6933323":287.26637186135986,"0x63a0964A36c34E81959da5894ad888800e17405b":302.5311136978752,"0x65D72AA8DA931F047169112fcf34f52DbaAE7D18":154.54063004096665,"0x65f228ED6a6001eD6485535e0Dc33E525734f54c":57.58057205161758,"0x661c70333AA1850CcDBAe82776Bb436A0fCfeEfB":78.4511741355843,"0x6663b6D50992ef4fc0380199397c87C2f5256075":90.08038706674235,"0x668308d77be3533c909a692302Cb4D135Bf8041C":0.04906957282634208,"0x66a1E37c9b0eAddca17d3662D6c05F4DECf3e110":31.343399365446178,"0x674C6Ad92Fd080e4004b2312b45f796a192D27a0":4.055363540042433,"0x677ddbd918637E5F2c79e164D402454dE7dA8619":1.1203701352011928,"0x68749665FF8D2d112Fa859AA293F07A622782F38":21.395778186668533,"0x69000405f9DcE69BD4Cbf4f2865b79144A69BFE0":0,"0x6B175474E89094C44Da98b954EedeAC495271d0F":8967.058813561442,"0x6C280dB098dB673d30d5B34eC04B6387185D3620":345.28817653765725,"0x6C5024Cd4F8A59110119C56f8933403A539555EB":125.77907348567358,"0x6C9815826FdF8c7a45cCfEd2064dbaB33a078712":69.4349191137031,"0x6ade6971Ca3d90990C30d39c78b0534C7166e07b":101.98867400854344,"0x6b5204B0Be36771253Cc38e88012E02B752f0f36":232.91014595192442,"0x6c3F90f043a72FA612cbac8115EE7e52BDe6E490":600.9672299834717,"0x6c3ea9036406852006290770BEdFcAbA0e23A0e8":896.6148939722171,"0x6e52cCe4EaFDf77091dD1c82183b2D97b776b397":650.9515708987834,"0x6ef3D766Dfe02Dc4bF04aAe9122EB9A0Ded25615":0.06311240077754693,"0x7223442cad8e9cA474fC40109ab981608F8c4273":87.57896995320989,"0x73968b9a57c6E53d41345FD57a6E6ae27d6CDB2F":109.22636607786885,"0x73A15FeD60Bf67631dC6cd7Bc5B6e8da8190aCF5":1601.2069808647336,"0x752B4c6e92d96467fE9b9a2522EF07228E00F87c":52.11358818158324,"0x76237BCfDbe8e06FB774663add96216961df4ff3":35.71783652428935,"0x76Eb2FE28b36B3ee97F3Adae0C69606eeDB2A37c":1173.4592014056986,"0x77E06c9eCCf2E797fd462A92B6D7642EF85b0A44":0.1494968310811256,"0x78da5799CF427Fee11e9996982F4150eCe7a99A7":95.07323074291844,"0x7988292D0FB141085c092132e2a70B30aA1eccAB":475.20212240999945,"0x7F17A6C77C3938D235b014818092eb6305BdA110":142.43224451158642,"0x7F86Bf177Dd4F3494b841a37e810A34dD56c829B":2653.2232090893476,"0x7FA768E035F956c41d6aeaa3Bd857e7E5141CAd5":0.42199090769032144,"0x7ea4aD8C803653498bF6AC1D2dEbc04DCe8Fd2aD":39.63054679666921,"0x7f39C581F595B53c5cb19bD0b3f8dA6c935E2Ca0":1492.5457049669099,"0x8064d9Ae6cDf087b1bcd5BDf3531bD5d8C537a68":74.87635529340301,"0x808507121B80c02388fAd14726482e061B8da827":226.98838145524874,