{"0x0000000000085d4780B73119b644AE5ecd22b376":0.008455224056570697,"0x005F893EcD7bF9667195642f7649DA8163e23658":141.61625141106418,"0x0100546F2cD4C9D97f798fFC9755E47865FF7Ee6":160.5769522727196,"0x028171bCA77440897B824Ca71D1c56caC55b68A3":746.3785678146065,"0x0316EB71485b0Ab14103307bf65a021042c6d380":61.75985242016428,"0x03ab458634910AaD20eF5f1C8ee96F1D6ac54919":175.5263143475986,"0x04C154b66CB340F3Ae24111CC767e0184Ed00Cc6":261.93487936997377,"0x056Fd409E1d7A124BD7017459dFEa2F387b6d5Cd":497.5345605382484,"0x075b1bb99792c9E1041bA13afEf80C91a1e70fB3":766.2041084157365,"0x085780639CC2cACd35E474e71f4d000e2405d8f6":1197.2769150667782,"0x09b2E090531228d1b8E3d948C73b990Cb6e60720":497.8184928751389,"0x0E2EC54fC0B509F445631Bf4b91AB8168230C752":0.4715667536562683,"0x0E573Ce2736Dd9637A0b21058352e1667925C7a8":143.6201133803785,"0x0a5E677a6A24b2F1A2Bf4F3bFfC443231d2fDEc8":0.02110217405977615,"0x0bc529c00C6401aEF6D220BE8C6Ea1667F6Ad93e":14.820919222661722,"0x0d86883FAf4FfD7aEb116390af37746F45b6f378":187.7620392950449,"0x0dE54CFdfeD8005176f8b7A9D5438B45c4F1df1e":4.218955443625807,"0x127091edE112aEd7Bae281747771b3150Bb047bB":0.7207660185779935,"0x1456688345527bE1f37E9e627DA0837D6f08C925":4.653570883616086,"0x16eAd9a10b1A77007E6E329B076aD1Fe97a6F7C0":65.53767763875179,"0x18084fbA666a33d37592fA2633fD49a74DD93a88":25.596254837291486,"0x1830c553dC76d3447B69b7B0dC19CF9e3c739C78":101.8806592451088,"0x183395DbD0B5e93323a7286D1973150697FFFCB3":346.7190882695131,"0x196f4727526eA7FB1e17b2071B3d8eAA38486988":1.15200838738354,"0x1c48f86ae57291F7686349F12601910BD8D470bb":0.12603419134061816,"0x1ce0D1E19c9514230FF8CD1DAbaC2555fb92122b":0,"0x2260FAC5E5542a773Aa44fBCfeDf7C193bc2C599":323.681937629951,"0x2570f1bD5D2735314FC102eb12Fc1aFe9e6E7193":592.7117364899219,"0x25eC98773D7b4ceD4cAFaB96A2A1c0945f145e10":5.798394481753692,"0x2889302a794dA87fBF1D6Db415C1492194663D13":1244.5745773216593,"0x29059568bB40344487d62f7450E78b8E6C74e0e5":105.69429860899345,"0x2b01d4FdB87eb7F2399E5D68631d8A939a323786":18.492803228593964,"0x31429d1856aD1377A8A0079410B297e1a9e214c2":469.52409851562203,"0x32bd822d615A3658A68b6fDD30c2fcb2C996D678":67.02923130665918,"0x34635280737b5BFe6c7DC2FC3065D60d66e78185":385.8986723740344,"0x35282d87011f87508D457F08252Bc5bFa52E10A0":98.54421177660988,"0x35D8949372D46B7a3D5A56006AE77B215fc69bC0":1738.1549219262395,"0x35fA164735182de50811E8e2E824cFb9B6118ac2":984.4854640089799,"0x383E6b4437b59fff47B619CBA855CA29342A8559":120.26120445011772,"0x38D64ce1Bdf1A9f24E0Ec469C9cAde61236fB4a0":182.19498829164047,"0x3A283D9c08E8b55966afb64C515f5143cf907611":2308.133563595712,"0x3Ed3B47Dd13EC9a98b44e6204A523E766B225811":1008.9610048543191,"0x401322B9FDdba8c0a8D40fbCECE1D1752C12316B":428.5798285460431,"0x40D16FC0246aD3160Ccc09B8D0D3A2cD28aE6C2f":242.14516564123065,"0x4591DBfF62656E7859Afe5e45f6f47D3669fBB28":462.13473970243655,"0x4647B6D835f3B393C7A955df51EEfcf0db961606":285.32619040423845,"0x466a756E9A7401B5e2444a3fCB3c2C12FBEa0a54":0.000881229357669051,"0x48759F220ED983dB51fA7A8C0D2AAb8f3ce4166a":1066.9778772289371,"0x49446A0874197839D15395B908328a74ccc96Bc0":19.502809615652634,"0x4D1941a887eC788F059b3bfcC8eE1E97b968825B":13.563139373161475,"0x4Fabb145d64652a948d72533023f6E7A623C7C53":0.029414858263775788,"0x4c9EDD5852cd905f086C759E8383e09bff1E68B3":3544.013394006882,"0x4de2ab8177fC5fFAFB7aD11FB8BeB1e5fB95F71C":171.35459231621937,"0x4eBdF703948ddCEA3B11f675B4D1Fba9d2414A14":1804.5505329531127,"0x514910771AF9Ca656af840dff83E8264EcF986CA":106.7518484884386,"0x5228a22e72ccC52d415EcFd199F99D0665E7733b":52.60506114214743,"0x5426178799ee0a0181A89b4f57eFddfAb49941Ec":262.1378167344932,"0x5555f75e3d5278082200Fb451D1b6bA946D8e13b":83.94443888107416,"0x57a5a0567187FF4A8dcC1A9bBa86155E355878F2":1.0880905139413337,"0x58efE15C0404aB22F87E4495D71f6f2077e862bE":0.001248567846,"0x5905c0290e59aFBDc42a5480add9bD7B20CB3759":0.1788955150664852,"0x59D9356E565Ab3A36dD77763Fc0d87fEaf85508C":553.6492751966977,"0x5BC25f649fc4e26069dDF4cF4010F9f706c23831":2.0711209190441977,"0x5Be6C45e2d074fAa20700C49aDA3E88a1cc0025d":134.2481471517312,"0x5Ca135cB8527d76e932f34B5145575F9d8cbE08E":55.163980492657664,"0x5E8422345238F34275888049021821E8E08CAa1f":15884.451761106375,"0x5b6C539b224014A09B3388e51CaAA8e354c959C8":925.7399319437521,"0x5e74C9036fb86BD7eCdcb084a0673EFc32eA31cb":193.70837168579234,"0x63a0964A36c34E81959da5894ad888800e17405b":27.13362490423223,"0x65D72AA8DA931F047169112fcf34f52DbaAE7D18":135.38779553539905,"0x661c70333AA1850CcDBAe82776Bb436A0fCfeEfB":51.50939449028918,"0x668308d77be3533c909a692302Cb4D135Bf8041C":0.053158961322590736,"0x66a1E37c9b0eAddca17d3662D6c05F4DECf3e110":0.10862067909844969,"0x674C6Ad92Fd080e4004b2312b45f796a192D27a0":2.8640548353122903,"0x68749665FF8D2d112Fa859AA293F07A622782F38":20.00023304982143,"0x6B175474E89094C44Da98b954EedeAC495271d0F":2608.424378921597,"0x6C280dB098dB673d30d5B34eC04B6387185D3620":67.42267171053822,"0x6C5024Cd4F8A59110119C56f8933403A539555EB":114.41060849654774,"0x6b5204B0Be36771253Cc38e88012E02B752f0f36":153.67362520654467,"0x6c3F90f043a72FA612cbac8115EE7e52BDe6E490":1401.1261640157838,"0x6c3ea9036406852006290770BEdFcAbA0e23A0e8":826.6473252883725,"0x6e52cCe4EaFDf77091dD1c82183b2D97b776b397":176.1883327391237,"0x6ef3D766Dfe02Dc4bF04aAe9122EB9A0Ded25615":0.027537214926815365,"0x73968b9a57c6E53d41345FD57a6E6ae27d6CDB2F":84.30297510162455,"0x73A15FeD60Bf67631dC6cd7Bc5B6e8da8190aCF5":5565.121012926382,"0x76237BCfDbe8e06FB774663add96216961df4ff3":21.590758668495855,"0x76Eb2FE28b36B3ee97F3Adae0C69606eeDB2A37c":732.3544534590071,"0x77E06c9eCCf2E797fd462A92B6D7642EF85b0A44":0.66239806178,"0x78da5799CF427Fee11e9996982F4150eCe7a99A7":59.76235837501972,"0x7F17A6C77C3938D235b014818092eb6305BdA110":56.69209290276813,"0x7F86Bf177Dd4F3494b841a37e810A34dD56c829B":4165.697165296994,"0x7FA768E035F956c41d6aeaa3Bd857e7E5141CAd5":0.45622077347517925,"0x7ea4aD8C803653498bF6AC1D2dEbc04DCe8Fd2aD":121.90337072577647,"0x7f39C581F595B53c5cb19bD0b3f8dA6c935E2Ca0":999.0467457931304,"0x8064d9Ae6cDf087b1bcd5BDf3531bD5d8C537a68":72.24852878332162,"0x80d69e79258FE9D056c822461c4eb0B4ca8802E2":0.25939835816749324,"0x826180541412D574cf1336d22c0C0a287822678A":222.14230443999017,"0x830614aE209FF9d8706d386fcdBc7a55206fcffC":54.28229362749527,"0x83F20F44975D03b1b09e64809B757c47f942BEeA":2753.116432665721,"0x853d955aCEf822Db058eb8505911ED77F175b99e":1185.121808947425,"0x856c4Efb76C1D1AE02e20CEB03A2A6a08b0b8dC3":0.29124426684661564,"0x865377367054516e17014CcdED1e7d814EDC9ce4":701.7080745416185,"0x8C0D76C9B18779665475F3E212D9Ca1Ed6A1A0e6":556.1974625072859,"0x8C88538688aca3b733aD08b12BEe4574c0C00907":314.0496787274499,"0x8Cd52ee292313C4D851e71A7064F096504aB3eE9":5.843751114561898,"0x8c9532a60E0E7C6BbD2B2c1303F63aCE1c3E9811":0.04497129912175528,"0x8dAEBADE922dF735c38C80C7eBD708Af50815fAa":17.321186031957215,"0x8e595470Ed749b85C6F7669de83EAe304C2ec68F":20.46101044891954,"0x917ceE801a67f933F2e6b33fC0cD1ED2d5909D88":440.71361240406765,"0x9181f633E9B9F15A32d5e37094F4C93b333e0E92":1.0860429155643139,"0x922406EAFC3CcEb32b0256F287fB977c426EDbd8":0.029080337758078095,"0x954313005C56b555bdC41B84D6c63B69049d7847":448.42358821277105,"0x9559Aaa82d9649C7A7b220E7c461d2E74c9a3593":186.2972986822208,"0x95710BDE45C8D384A976Cc58Cc7a7e489576b098":0.00283188045077696,"0x961D4921e1718E633BAC8Ded88c4a1cAe44b785a":921.8249745454843,"0x9961BdBE8B7091E584c2bF9D0a160C583f564A8c":394.96799782131495,"0x99D8a9C45b2ecA8864373A26D1459e3Dff1e17F3":66.32560637370986,"0x9BE89D2a4cd102D8Fecc6BF9dA793be995C22541":683.8502846018228,"0x9D39A5DE30e57443BfF2A8307A4256c8797A3497":2827.9823785414465,"0x9EEAD9ce15383CaEED975427340b3A369410CFBF":7.637551512929557,"0x9FeE65D5A627e73212989c8BbEdC5Fa5Cae3821F":16.420284460697964,"0xA0b86991c6218b36c1d19D4a2e9Eb0cE3606eB48":6766.176064261239,"0xA0d69E286B938e21CBf7E51D71F6A4c8918f482F":1057.170468906839,"0xA1290d69c65A6Fe4DF752f95823fae25cB99e5A7":451.8142366174859,"0xA35b1B31Ce002FBF2058D22F30f95D405200A15b":0.1190496441242017,"0xA5588F7cdf560811710A2D82D3C9c99769DB1Dcb":374.74640932862803,