{"0x005F893EcD7bF9667195642f7649DA8163e23658":7.542827528962773,"0x0100546F2cD4C9D97f798fFC9755E47865FF7Ee6":160.5573087978908,"0x028171bCA77440897B824Ca71D1c56caC55b68A3":113.63004077595826,"0x0316EB71485b0Ab14103307bf65a021042c6d380":67.26637949373126,"0x03ab458634910AaD20eF5f1C8ee96F1D6ac54919":155.0478642397789,"0x04C154b66CB340F3Ae24111CC767e0184Ed00Cc6":144.98926768667678,"0x056Fd409E1d7A124BD7017459dFEa2F387b6d5Cd":0.83938764,"0x075b1bb99792c9E1041bA13afEf80C91a1e70fB3":825.0522311971644,"0x085780639CC2cACd35E474e71f4d000e2405d8f6":506.63469315177133,"0x09b2E090531228d1b8E3d948C73b990Cb6e60720":549.1299514462529,"0x0E2EC54fC0B509F445631Bf4b91AB8168230C752":0.4500585757223151,"0x0E573Ce2736Dd9637A0b21058352e1667925C7a8":142.81183795292125,"0x0bc529c00C6401aEF6D220BE8C6Ea1667F6Ad93e":6.938698872577959,"0x0d86883FAf4FfD7aEb116390af37746F45b6f378":48.12023788026707,"0x0dE54CFdfeD8005176f8b7A9D5438B45c4F1df1e":2.9129212551868373,"0x1456688345527bE1f37E9e627DA0837D6f08C925":3.5657369486314834,"0x1830c553dC76d3447B69b7B0dC19CF9e3c739C78":187.15362276680438,"0x196f4727526eA7FB1e17b2071B3d8eAA38486988":2.4800745008947667,"0x1c48f86ae57291F7686349F12601910BD8D470bb":0.7979616448197621,"0x1ce0D1E19c9514230FF8CD1DAbaC2555fb92122b":0,"0x2260FAC5E5542a773Aa44fBCfeDf7C193bc2C599":346.7427674315996,"0x25eC98773D7b4ceD4cAFaB96A2A1c0945f145e10":5.8196924929141165,"0x2889302a794dA87fBF1D6Db415C1492194663D13":48.58658451461422,"0x29059568bB40344487d62f7450E78b8E6C74e0e5":92.7991799702089,"0x2b01d4FdB87eb7F2399E5D68631d8A939a323786":19.59106720977676,"0x31429d1856aD1377A8A0079410B297e1a9e214c2":574.3846894426064,"0x32bd822d615A3658A68b6fDD30c2fcb2C996D678":36.39642195378241,"0x35282d87011f87508D457F08252Bc5bFa52E10A0":697.403961833662,"0x35fA164735182de50811E8e2E824cFb9B6118ac2":977.8934114465887,"0x365AccFCa291e7D3914637ABf1F7635dB165Bb09":652.8057844662629,"0x383E6b4437b59fff47B619CBA855CA29342A8559":20.188958414623205,"0x38D64ce1Bdf1A9f24E0Ec469C9cAde61236fB4a0":1091.4003801906324,"0x3A283D9c08E8b55966afb64C515f5143cf907611":135.09809565467242,"0x3Ed3B47Dd13EC9a98b44e6204A523E766B225811":16.257627437343732,"0x3f0e7916681452D23Cd36B1281457DA721F2E5dF":569.9187902892102,"0x40D16FC0246aD3160Ccc09B8D0D3A2cD28aE6C2f":688.6331705455308,"0x4591DBfF62656E7859Afe5e45f6f47D3669fBB28":90.479861525624,"0x4647B6D835f3B393C7A955df51EEfcf0db961606":33.08311943263771,"0x466a756E9A7401B5e2444a3fCB3c2C12FBEa0a54":506.06308322437064,"0x48759F220ED983dB51fA7A8C0D2AAb8f3ce4166a":805.006228125681,"0x49446A0874197839D15395B908328a74ccc96Bc0":9.113905700213444,"0x4AE86d8732390d852A13cb918463BC6e5775FaDD":27.29186636999267,"0x4DEcE678ceceb27446b35C672dC7d61F30bAD69E":607.3735669115329,"0x4c9EDD5852cd905f086C759E8383e09bff1E68B3":2645.1718705349153,"0x4de2ab8177fC5fFAFB7aD11FB8BeB1e5fB95F71C":64.293614642398,"0x4eBdF703948ddCEA3B11f675B4D1Fba9d2414A14":254.7319050509011,"0x514910771AF9Ca656af840dff83E8264EcF986CA":117.56825870248092,"0x5228a22e72ccC52d415EcFd199F99D0665E7733b":55.10461655452943,"0x5426178799ee0a0181A89b4f57eFddfAb49941Ec":34.29094529988844,"0x5555f75e3d5278082200Fb451D1b6bA946D8e13b":44.75096750717818,"0x57a5a0567187FF4A8dcC1A9bBa86155E355878F2":1.1880642578318035,"0x58efE15C0404aB22F87E4495D71f6f2077e862bE":0.001247507811898746,"0x59D9356E565Ab3A36dD77763Fc0d87fEaf85508C":352.1167386538949,"0x5BC25f649fc4e26069dDF4cF4010F9f706c23831":1.259048122541993,"0x5Be6C45e2d074fAa20700C49aDA3E88a1cc0025d":73.59210242013081,"0x5Ca135cB8527d76e932f34B5145575F9d8cbE08E":51.84324197781921,"0x5E8422345238F34275888049021821E8E08CAa1f":16552.20094916771,"0x5b6C539b224014A09B3388e51CaAA8e354c959C8":82.2398700630002,"0x5e74C9036fb86BD7eCdcb084a0673EFc32eA31cb":204.92875303318684,"0x63a0964A36c34E81959da5894ad888800e17405b":19.589790013929886,"0x65D72AA8DA931F047169112fcf34f52DbaAE7D18":96.55003640396234,"0x661c70333AA1850CcDBAe82776Bb436A0fCfeEfB":0.0013172349853484478,"0x6663b6D50992ef4fc0380199397c87C2f5256075":527.4005911698658,"0x668308d77be3533c909a692302Cb4D135Bf8041C":0.05812890593823485,"0x66a1E37c9b0eAddca17d3662D6c05F4DECf3e110":0.10862144064263547,"0x674C6Ad92Fd080e4004b2312b45f796a192D27a0":1.9427608227929312,"0x68749665FF8D2d112Fa859AA293F07A622782F38":18.300244268416453,"0x6B175474E89094C44Da98b954EedeAC495271d0F":416.0005379256018,"0x6C280dB098dB673d30d5B34eC04B6387185D3620":68.95141138874237,"0x6C5024Cd4F8A59110119C56f8933403A539555EB":107.89563827084811,"0x6ade6971Ca3d90990C30d39c78b0534C7166e07b":83.19265893545591,"0x6c3F90f043a72FA612cbac8115EE7e52BDe6E490":1093.8520172120466,"0x6c3ea9036406852006290770BEdFcAbA0e23A0e8":1099.4539520855674,"0x6e52cCe4EaFDf77091dD1c82183b2D97b776b397":93.74073099599094,"0x6ef3D766Dfe02Dc4bF04aAe9122EB9A0Ded25615":0.03013327967549898,"0x73968b9a57c6E53d41345FD57a6E6ae27d6CDB2F":79.80903356452056,"0x73A15FeD60Bf67631dC6cd7Bc5B6e8da8190aCF5":0.012578415755860783,"0x76237BCfDbe8e06FB774663add96216961df4ff3":19.040558837116883,"0x76Eb2FE28b36B3ee97F3Adae0C69606eeDB2A37c":722.7478988909063,"0x78da5799CF427Fee11e9996982F4150eCe7a99A7":253.00797394636376,"0x7988292D0FB141085c092132e2a70B30aA1eccAB":485.94945762850165,"0x7F17A6C77C3938D235b014818092eb6305BdA110":28.328251136941546,"0x7F86Bf177Dd4F3494b841a37e810A34dD56c829B":1657.7112895556515,"0x7FA768E035F956c41d6aeaa3Bd857e7E5141CAd5":0.040873240962005876,"0x7ea4aD8C803653498bF6AC1D2dEbc04DCe8Fd2aD":70.2523434333407,"0x7f39C581F595B53c5cb19bD0b3f8dA6c935E2Ca0":247.08318568041395,"0x8064d9Ae6cDf087b1bcd5BDf3531bD5d8C537a68":76.24819656522885,"0x826180541412D574cf1336d22c0C0a287822678A":897.0868226011058,"0x830614aE209FF9d8706d386fcdBc7a55206fcffC":41.13887407734164,"0x83F20F44975D03b1b09e64809B757c47f942BEeA":540.4972744386533,"0x84CeCB5525c6B1C20070E742da870062E84Da178":7.363647309133121,"0x853d955aCEf822Db058eb8505911ED77F175b99e":848.5742313785742,"0x856c4Efb76C1D1AE02e20CEB03A2A6a08b0b8dC3":1.8558305236762158,"0x865377367054516e17014CcdED1e7d814EDC9ce4":343.2218727071495,"0x8C0D76C9B18779665475F3E212D9Ca1Ed6A1A0e6":306.5357078691116,"0x8C88538688aca3b733aD08b12BEe4574c0C00907":16.087309570944626,"0x8Cd52ee292313C4D851e71A7064F096504aB3eE9":68.3319801875171,"0x8E870D67F660D95d5be530380D0eC0bd388289E1":671.4765460239489,"0x8dAEBADE922dF735c38C80C7eBD708Af50815fAa":17.29975313339678,"0x8e595470Ed749b85C6F7669de83EAe304C2ec68F":15.036566525652724,"0x917ceE801a67f933F2e6b33fC0cD1ED2d5909D88":256.21043963179017,"0x9181f633E9B9F15A32d5e37094F4C93b333e0E92":0.47207224880078597,"0x922406EAFC3CcEb32b0256F287fB977c426EDbd8":0.029080337758078095,"0x9559Aaa82d9649C7A7b220E7c461d2E74c9a3593":199.0590081962466,"0x95710BDE45C8D384A976Cc58Cc7a7e489576b098":0.6589739914223214,"0x961D4921e1718E633BAC8Ded88c4a1cAe44b785a":238.2770826771598,"0x96E61422b6A9bA0e068B6c5ADd4fFaBC6a4aae27":549.2319807170128,"0x9961BdBE8B7091E584c2bF9D0a160C583f564A8c":378.79707066431274,"0x99D8a9C45b2ecA8864373A26D1459e3Dff1e17F3":7.684102000182863,"0x9BE89D2a4cd102D8Fecc6BF9dA793be995C22541":238.56793078982713,"0x9D39A5DE30e57443BfF2A8307A4256c8797A3497":393.8439902577321,"0x9EEAD9ce15383CaEED975427340b3A369410CFBF":0.000003995001361796,"0x9FeE65D5A627e73212989c8BbEdC5Fa5Cae3821F":14.613499480224577,"0x9b77bd0a665F05995b68e36fC1053AFFfAf0d4B5":4.121910212259514,"0x9de1c3D446237ab9BaFF74127eb4F303802a2683":122.23890723783114,"0xA0b86991c6218b36c1d19D4a2e9Eb0cE3606eB48":2293.3010135063682,"0xA0d69E286B938e21CBf7E51D71F6A4c8918f482F":470.78298903011074,"0xA1290d69c65A6Fe4DF752f95823fae25cB99e5A7":79.76713491320857,"0xA35b1B31Ce002FBF2058D22F30f95D405200A15b":1.878814864006528,"0xA5588F7cdf560811710A2D82D3C9c99769DB1Dcb":402.31109919334887,"0xA663B02CF0a4b149d2aD41910CB81e23e1c41c32":27.42634589452733,"0xAB846Fb6C81370327e784Ae7CbB6d6a6af6Ff4BF":50.561216344283544,"0xBC6DA0FE9aD5f3b0d58160288917AA56653660E9":0.4707232429723745,"0xC02aaA39b223FE8D0A0e5C4F27eAD9083C756Cc2":2275.4208059208445,"0xC272B96bCcdaf1BF98F2197D355066Da3C15982a":86.04940044699939,"0xC3ADe5aCe1bBb033CcAE8177C12Ecbfa16bD6A9D":0.35127953790862904,