{"0x0000000000085d4780B73119b644AE5ecd22b376":215.68396601802078,"0x0000000016E6Cb3038203c1129c8B4aEE7af7a11":1.244849598679241,"0x00000000eFE302BEAA2b3e6e1b18d08D69a9012a":0.008267123980635099,"0x005F893EcD7bF9667195642f7649DA8163e23658":168.92392650588562,"0x0100546F2cD4C9D97f798fFC9755E47865FF7Ee6":392.48570231818996,"0x028171bCA77440897B824Ca71D1c56caC55b68A3":1194.814988446601,"0x0316EB71485b0Ab14103307bf65a021042c6d380":0.4558165701758879,"0x03ab458634910AaD20eF5f1C8ee96F1D6ac54919":264.22991497785273,"0x04C154b66CB340F3Ae24111CC767e0184Ed00Cc6":321.65147893010266,"0x051d7e5609917Bd9b73f04BAc0DED8Dd46a74301":369.9502377911921,"0x056Fd409E1d7A124BD7017459dFEa2F387b6d5Cd":24.75636836150156,"0x075b1bb99792c9E1041bA13afEf80C91a1e70fB3":584.3108644340031,"0x085780639CC2cACd35E474e71f4d000e2405d8f6":642.4917684770438,"0x09db87A538BD693E9d08544577d5cCfAA6373A48":113.61044059901403,"0x0E2EC54fC0B509F445631Bf4b91AB8168230C752":0.47114894870418406,"0x0E573Ce2736Dd9637A0b21058352e1667925C7a8":145.21691552662486,"0x0F83287FF768D1c1e17a42F44d644D7F22e8ee1d":62.344570958870854,"0x0a5E677a6A24b2F1A2Bf4F3bFfC443231d2fDEc8":0.16665346477095141,"0x0bc529c00C6401aEF6D220BE8C6Ea1667F6Ad93e":22.1316774941754,"0x0d86883FAf4FfD7aEb116390af37746F45b6f378":482.8571028370655,"0x0dE54CFdfeD8005176f8b7A9D5438B45c4F1df1e":5.83037588988129,"0x1456688345527bE1f37E9e627DA0837D6f08C925":5.512568465046555,"0x15700B564Ca08D9439C58cA5053166E8317aa138":597.3250794656752,"0x18084fbA666a33d37592fA2633fD49a74DD93a88":62.94016282237705,"0x196f4727526eA7FB1e17b2071B3d8eAA38486988":1.9691718929429287,"0x1BED97CBC3c24A4fb5C069C6E311a967386131f7":274.4591218379802,"0x1CC481cE2BD2EC7Bf67d1Be64d4878b16078F309":128.48569370021707,"0x1a7e4e63778B4f12a199C062f3eFdD288afCBce8":84.83669856818177,"0x1aBaEA1f7C830bD89Acc67eC4af516284b1bC33c":284.899694483213,"0x1c48f86ae57291F7686349F12601910BD8D470bb":1.1589507942893635,"0x1ce0D1E19c9514230FF8CD1DAbaC2555fb92122b":0,"0x2191DF768ad71140F9F3E96c1e4407A4aA31d082":26.287863577353825,"0x2260FAC5E5542a773Aa44fBCfeDf7C193bc2C599":30.647732494099692,"0x25eC98773D7b4ceD4cAFaB96A2A1c0945f145e10":0,"0x2b01d4FdB87eb7F2399E5D68631d8A939a323786":254.96723962788178,"0x2bd1F344a2398340C2b1119Da98816eA723F5F0f":0.22703298722298718,"0x3175Df0976dFA876431C2E9eE6Bc45b65d3473CC":0.000038726412801318784,"0x3231Cb76718CDeF2155FC47b5286d82e6eDA273f":332.65800967941817,"0x32bd822d615A3658A68b6fDD30c2fcb2C996D678":304.9070467750233,"0x34635280737b5BFe6c7DC2FC3065D60d66e78185":431.7435907044727,"0x35282d87011f87508D457F08252Bc5bFa52E10A0":161.36965904324168,"0x35D8949372D46B7a3D5A56006AE77B215fc69bC0":68.786267890801,"0x35fA164735182de50811E8e2E824cFb9B6118ac2":984.7027678311123,"0x383E6b4437b59fff47B619CBA855CA29342A8559":198.73299965024145,"0x38D64ce1Bdf1A9f24E0Ec469C9cAde61236fB4a0":257.9432490327,"0x3A2725556Dde7B21fBe3dD64A4913ff29faba6A1":0.029862409325506094,"0x3Ed3B47Dd13EC9a98b44e6204A523E766B225811":3.4794465034157698,"0x40D16FC0246aD3160Ccc09B8D0D3A2cD28aE6C2f":72.80589269203723,"0x4591DBfF62656E7859Afe5e45f6f47D3669fBB28":237.55165313952793,"0x466a756E9A7401B5e2444a3fCB3c2C12FBEa0a54":58.49410480308715,"0x48759F220ED983dB51fA7A8C0D2AAb8f3ce4166a":2407.8594964538925,"0x49446A0874197839D15395B908328a74ccc96Bc0":43.19695884063012,"0x4D55a36902a6546A79ec4c9c315241De746D5fC3":0,"0x4Fabb145d64652a948d72533023f6E7A623C7C53":0.03955023089091172,"0x4c9EDD5852cd905f086C759E8383e09bff1E68B3":263.2737076661208,"0x514910771AF9Ca656af840dff83E8264EcF986CA":86.99778015345916,"0x5228a22e72ccC52d415EcFd199F99D0665E7733b":62.00917257955985,"0x5555f75e3d5278082200Fb451D1b6bA946D8e13b":122.22576322894514,"0x57Ab1ec28D129707052df4dF418D58a2D46d5f51":157.76034157572025,"0x57a5a0567187FF4A8dcC1A9bBa86155E355878F2":0.2581194611755394,"0x58efE15C0404aB22F87E4495D71f6f2077e862bE":0.001247720068432566,"0x5905c0290e59aFBDc42a5480add9bD7B20CB3759":0.17779206616737203,"0x59D9356E565Ab3A36dD77763Fc0d87fEaf85508C":289.795885203496,"0x5BC25f649fc4e26069dDF4cF4010F9f706c23831":0.7964658107111846,"0x5Ca135cB8527d76e932f34B5145575F9d8cbE08E":58.02280795483406,"0x5E8422345238F34275888049021821E8E08CAa1f":14475.145525635924,"0x5Ea630e00D6eE438d3deA1556A110359ACdc10A9":362.3803062853746,"0x5e74C9036fb86BD7eCdcb084a0673EFc32eA31cb":8.079959650295837,"0x5f98805A4E8be255a32880FDeC7F6728C6568bA0":121113.29305823837,"0x62B9c7356A2Dc64a1969e19C23e4f579F9810Aa7":100.34261720355839,"0x63a0964A36c34E81959da5894ad888800e17405b":310.9431848390118,"0x65D72AA8DA931F047169112fcf34f52DbaAE7D18":364.58171177975134,"0x661c70333AA1850CcDBAe82776Bb436A0fCfeEfB":128.86023083422054,"0x668308d77be3533c909a692302Cb4D135Bf8041C":0.04482279322578469,"0x66a1E37c9b0eAddca17d3662D6c05F4DECf3e110":36.65842877144097,"0x674C6Ad92Fd080e4004b2312b45f796a192D27a0":4.198672976894865,"0x677ddbd918637E5F2c79e164D402454dE7dA8619":4.214378566430764,"0x68749665FF8D2d112Fa859AA293F07A622782F38":21.38101091192602,"0x69000405f9DcE69BD4Cbf4f2865b79144A69BFE0":2.4364424229827946,"0x6B175474E89094C44Da98b954EedeAC495271d0F":347.0261760966519,"0x6C5024Cd4F8A59110119C56f8933403A539555EB":125.89390448470532,"0x6C9815826FdF8c7a45cCfEd2064dbaB33a078712":64.15390971662544,"0x6b5204B0Be36771253Cc38e88012E02B752f0f36":262.3377231724503,"0x6c3F90f043a72FA612cbac8115EE7e52BDe6E490":387.7989573525686,"0x6c3ea9036406852006290770BEdFcAbA0e23A0e8":139.28163404125422,"0x6ef3D766Dfe02Dc4bF04aAe9122EB9A0Ded25615":0.14362862973145576,"0x7223442cad8e9cA474fC40109ab981608F8c4273":197.36883697339667,"0x73968b9a57c6E53d41345FD57a6E6ae27d6CDB2F":152.37206032651446,"0x73A15FeD60Bf67631dC6cd7Bc5B6e8da8190aCF5":184.97063248455623,"0x752B4c6e92d96467fE9b9a2522EF07228E00F87c":35.89817782348926,"0x76237BCfDbe8e06FB774663add96216961df4ff3":37.38295956806617,"0x76Eb2FE28b36B3ee97F3Adae0C69606eeDB2A37c":1178.5665535032335,"0x77E06c9eCCf2E797fd462A92B6D7642EF85b0A44":0.7059232402687997,"0x78da5799CF427Fee11e9996982F4150eCe7a99A7":97.71357691723205,"0x7FA768E035F956c41d6aeaa3Bd857e7E5141CAd5":0.3841591174305051,"0x7f39C581F595B53c5cb19bD0b3f8dA6c935E2Ca0":198.52717133980235,"0x8064d9Ae6cDf087b1bcd5BDf3531bD5d8C537a68":81.4147999057395,"0x808507121B80c02388fAd14726482e061B8da827":217.72298767322937,"0x80d69e79258FE9D056c822461c4eb0B4ca8802E2":0.1996684725236326,"0x821A278dFff762c76410264303F25bF42e195C0C":147.54357892509574,"0x826180541412D574cf1336d22c0C0a287822678A":206.4417922231338,"0x830614aE209FF9d8706d386fcdBc7a55206fcffC":52.899119930480445,"0x83F20F44975D03b1b09e64809B757c47f942BEeA":1000.7545774047876,"0x853d955aCEf822Db058eb8505911ED77F175b99e":403.5970649019458,"0x856c4Efb76C1D1AE02e20CEB03A2A6a08b0b8dC3":1.0976912522890883,"0x865377367054516e17014CcdED1e7d814EDC9ce4":34.68484360841913,"0x8C0D76C9B18779665475F3E212D9Ca1Ed6A1A0e6":36.47043726417496,"0x8E870D67F660D95d5be530380D0eC0bd388289E1":172.49378937033651,"0x8c9532a60E0E7C6BbD2B2c1303F63aCE1c3E9811":210.50117565501463,"0x8dAEBADE922dF735c38C80C7eBD708Af50815fAa":20.23670937620589,"0x8e595470Ed749b85C6F7669de83EAe304C2ec68F":450.8002595642909,"0x917ceE801a67f933F2e6b33fC0cD1ED2d5909D88":446.1204051658821,"0x9181f633E9B9F15A32d5e37094F4C93b333e0E92":0.11777278786567326,"0x922406EAFC3CcEb32b0256F287fB977c426EDbd8":0.007284985686262634,"0x9559Aaa82d9649C7A7b220E7c461d2E74c9a3593":40.641981868788285,"0x95710BDE45C8D384A976Cc58Cc7a7e489576b098":2.9833585191746725,"0x961D4921e1718E633BAC8Ded88c4a1cAe44b785a":791.6957987710698,"0x9961BdBE8B7091E584c2bF9D0a160C583f564A8c":406.9914997500158,"0x9BE89D2a4cd102D8Fecc6BF9dA793be995C22541":282.83477931746495,"0x9D11ab23d33aD026C466CE3c124928fDb69Ba20E":0.4941108442046125,"0x9D39A5DE30e57443BfF2A8307A4256c8797A3497":977.3602908727876,"0x9EEAD9ce15383CaEED975427340b3A369410CFBF":19.579295119318953,"0xA0b86991c6218b36c1d19D4a2e9Eb0cE3606eB48":785.1850186606023,"0xA0d69E286B938e21CBf7E51D71F6A4c8918f482F":526.6211839377883,"0xA1290d69c65A6Fe4DF752f95823fae25cB99e5A7":596.3728417865561,"0xA35b1B31Ce002FBF2058D22F30f95D405200A15b":159.15177815610954,