{"0x0000000000085d4780B73119b644AE5ecd22b376":215.54855760950096,"0x0000000016E6Cb3038203c1129c8B4aEE7af7a11":0.27794275236275534,"0x00000000eFE302BEAA2b3e6e1b18d08D69a9012a":54.223463587574315,"0x005F893EcD7bF9667195642f7649DA8163e23658":164.98261274639614,"0x0100546F2cD4C9D97f798fFC9755E47865FF7Ee6":387.4008211956444,"0x028171bCA77440897B824Ca71D1c56caC55b68A3":1193.3197692287877,"0x0316EB71485b0Ab14103307bf65a021042c6d380":0.14126735205336763,"0x03ab458634910AaD20eF5f1C8ee96F1D6ac54919":266.9874885366829,"0x04C154b66CB340F3Ae24111CC767e0184Ed00Cc6":338.9907323260626,"0x051d7e5609917Bd9b73f04BAc0DED8Dd46a74301":362.4531333103474,"0x056Fd409E1d7A124BD7017459dFEa2F387b6d5Cd":163.3601602885795,"0x067079c14B85169e6a29703769dadDef90816f4C":653.1861575874251,"0x075b1bb99792c9E1041bA13afEf80C91a1e70fB3":585.0852929102248,"0x085780639CC2cACd35E474e71f4d000e2405d8f6":728.2354413853061,"0x09db87A538BD693E9d08544577d5cCfAA6373A48":110.86733177838997,"0x0E2EC54fC0B509F445631Bf4b91AB8168230C752":0.47124091969833876,"0x0E573Ce2736Dd9637A0b21058352e1667925C7a8":141.80148227770954,"0x0F83287FF768D1c1e17a42F44d644D7F22e8ee1d":60.52327393917188,"0x0a5E677a6A24b2F1A2Bf4F3bFfC443231d2fDEc8":0.17181704494894903,"0x0bc529c00C6401aEF6D220BE8C6Ea1667F6Ad93e":20.842544702027155,"0x0d86883FAf4FfD7aEb116390af37746F45b6f378":595.534034737421,"0x0dE54CFdfeD8005176f8b7A9D5438B45c4F1df1e":3.4711522107435577,"0x127091edE112aEd7Bae281747771b3150Bb047bB":0.405830589788134,"0x137469B55D1f15651BA46A89D0588e97dD0B6562":222.30354879363196,"0x1456688345527bE1f37E9e627DA0837D6f08C925":4.863463484728034,"0x15700B564Ca08D9439C58cA5053166E8317aa138":928.5294085267417,"0x16eAd9a10b1A77007E6E329B076aD1Fe97a6F7C0":198.62556791723583,"0x18084fbA666a33d37592fA2633fD49a74DD93a88":79.03629106045284,"0x1830c553dC76d3447B69b7B0dC19CF9e3c739C78":95.17443512567003,"0x196f4727526eA7FB1e17b2071B3d8eAA38486988":1.2673048698021179,"0x1BED97CBC3c24A4fb5C069C6E311a967386131f7":268.94837054866025,"0x1CC481cE2BD2EC7Bf67d1Be64d4878b16078F309":125.97268678127246,"0x1a7e4e63778B4f12a199C062f3eFdD288afCBce8":84.22961790487999,"0x1aBaEA1f7C830bD89Acc67eC4af516284b1bC33c":285.3805013150281,"0x1c48f86ae57291F7686349F12601910BD8D470bb":1.0639506058954846,"0x1ce0D1E19c9514230FF8CD1DAbaC2555fb92122b":0,"0x2191DF768ad71140F9F3E96c1e4407A4aA31d082":23.669550472039695,"0x2260FAC5E5542a773Aa44fBCfeDf7C193bc2C599":30.219057850541862,"0x22CF19EB64226e0E1A79c69b345b31466fD273A7":1.6807830678660818,"0x2302aaBe69e6E7A1b0Aa23aAC68fcCB8A4D2B460":125.06180324355525,"0x2570f1bD5D2735314FC102eb12Fc1aFe9e6E7193":56.354268519174965,"0x25eC98773D7b4ceD4cAFaB96A2A1c0945f145e10":5.897587095657803,"0x2889302a794dA87fBF1D6Db415C1492194663D13":2184.335049391696,"0x29059568bB40344487d62f7450E78b8E6C74e0e5":954.4395274598068,"0x2b01d4FdB87eb7F2399E5D68631d8A939a323786":250.9045508631761,"0x2bd1F344a2398340C2b1119Da98816eA723F5F0f":0.9736552185749999,"0x3175Df0976dFA876431C2E9eE6Bc45b65d3473CC":0.000038704460410477214,"0x3231Cb76718CDeF2155FC47b5286d82e6eDA273f":336.9471323887865,"0x32bd822d615A3658A68b6fDD30c2fcb2C996D678":298.7577099079452,"0x34635280737b5BFe6c7DC2FC3065D60d66e78185":406.5155936748647,"0x35282d87011f87508D457F08252Bc5bFa52E10A0":161.13412551740225,"0x35D8949372D46B7a3D5A56006AE77B215fc69bC0":321.4632915629385,"0x35fA164735182de50811E8e2E824cFb9B6118ac2":980.1884335096717,"0x383E6b4437b59fff47B619CBA855CA29342A8559":198.1053730007159,"0x38D64ce1Bdf1A9f24E0Ec469C9cAde61236fB4a0":253.52681461286542,"0x390f3595bCa2Df7d23783dFd126427CCeb997BF4":24288.725315511456,"0x393DaD6c76D962Abba489a77dBf37ae948A4A6ee":153.4743473408296,"0x3A2725556Dde7B21fBe3dD64A4913ff29faba6A1":0.02938866514948848,"0x3A283D9c08E8b55966afb64C515f5143cf907611":6922.777268956724,"0x3Ed3B47Dd13EC9a98b44e6204A523E766B225811":2.481778888208796,"0x3f0e7916681452D23Cd36B1281457DA721F2E5dF":64.05855497962337,"0x401322B9FDdba8c0a8D40fbCECE1D1752C12316B":294.4790371781748,"0x40D16FC0246aD3160Ccc09B8D0D3A2cD28aE6C2f":166.6943980964041,"0x4591DBfF62656E7859Afe5e45f6f47D3669fBB28":244.8682889671394,"0x4647B6D835f3B393C7A955df51EEfcf0db961606":616.8464255208241,"0x466a756E9A7401B5e2444a3fCB3c2C12FBEa0a54":57.7857437452029,"0x48759F220ED983dB51fA7A8C0D2AAb8f3ce4166a":2417.315444426707,"0x49446A0874197839D15395B908328a74ccc96Bc0":58.269398507194,"0x4AE86d8732390d852A13cb918463BC6e5775FaDD":391.4952474318919,"0x4D1941a887eC788F059b3bfcC8eE1E97b968825B":373.0434808855202,"0x4D55a36902a6546A79ec4c9c315241De746D5fC3":0,"0x4DEcE678ceceb27446b35C672dC7d61F30bAD69E":31306.83943740299,"0x4Fabb145d64652a948d72533023f6E7A623C7C53":0.03970918664604729,"0x4c9EDD5852cd905f086C759E8383e09bff1E68B3":1742.334574259781,"0x4de2ab8177fC5fFAFB7aD11FB8BeB1e5fB95F71C":552.3151553831583,"0x4eBdF703948ddCEA3B11f675B4D1Fba9d2414A14":4680.9679337021535,"0x514910771AF9Ca656af840dff83E8264EcF986CA":86.92873289151599,"0x5228a22e72ccC52d415EcFd199F99D0665E7733b":60.43903768065776,"0x5271045F7B73c17825A7A7aee6917eE46b0B7520":274.96829308946354,"0x527331F3F550f6f85ACFEcAB9Cc0889180C6f1d5":418.4524818530437,"0x5426178799ee0a0181A89b4f57eFddfAb49941Ec":292.4469447793637,"0x5555f75e3d5278082200Fb451D1b6bA946D8e13b":123.56900409643961,"0x57Ab1ec28D129707052df4dF418D58a2D46d5f51":156.9718990779541,"0x57a5a0567187FF4A8dcC1A9bBa86155E355878F2":0.8341632490314523,"0x58efE15C0404aB22F87E4495D71f6f2077e862bE":0.001248567846,"0x5905c0290e59aFBDc42a5480add9bD7B20CB3759":0.17791286900542672,"0x59D9356E565Ab3A36dD77763Fc0d87fEaf85508C":384.7690896974101,"0x5BC25f649fc4e26069dDF4cF4010F9f706c23831":1.181197530475959,"0x5Be6C45e2d074fAa20700C49aDA3E88a1cc0025d":641.9757798565184,"0x5Ca135cB8527d76e932f34B5145575F9d8cbE08E":57.29565851580986,"0x5E8422345238F34275888049021821E8E08CAa1f":14347.692673273626,"0x5Ea630e00D6eE438d3deA1556A110359ACdc10A9":384.1874520454789,"0x5b6C539b224014A09B3388e51CaAA8e354c959C8":226.6350386023144,"0x5e74C9036fb86BD7eCdcb084a0673EFc32eA31cb":6.800025690271579,"0x5f98805A4E8be255a32880FDeC7F6728C6568bA0":140151.50355390034,"0x625E92624Bc2D88619ACCc1788365A69767f6200":3581.5791656582537,"0x62B9c7356A2Dc64a1969e19C23e4f579F9810Aa7":102.94492079098349,"0x6359B6d3e327c497453d4376561eE276c6933323":352.31671088282945,"0x63a0964A36c34E81959da5894ad888800e17405b":305.2248200982112,"0x65D72AA8DA931F047169112fcf34f52DbaAE7D18":365.92322633290735,"0x65f228ED6a6001eD6485535e0Dc33E525734f54c":74.60077633326193,"0x661c70333AA1850CcDBAe82776Bb436A0fCfeEfB":158.71367036221397,"0x6663b6D50992ef4fc0380199397c87C2f5256075":146.03570185294487,"0x668308d77be3533c909a692302Cb4D135Bf8041C":0.044134535364352294,"0x66a1E37c9b0eAddca17d3662D6c05F4DECf3e110":38.31677814527756,"0x674C6Ad92Fd080e4004b2312b45f796a192D27a0":3.212698428404861,"0x677ddbd918637E5F2c79e164D402454dE7dA8619":3.7796591066841496,"0x68749665FF8D2d112Fa859AA293F07A622782F38":20.78197327308805,"0x69000405f9DcE69BD4Cbf4f2865b79144A69BFE0":1.8926672630865378,"0x6B175474E89094C44Da98b954EedeAC495271d0F":1724.0031094941996,"0x6C280dB098dB673d30d5B34eC04B6387185D3620":349.2989747527351,"0x6C5024Cd4F8A59110119C56f8933403A539555EB":124.9798669073795,"0x6C9815826FdF8c7a45cCfEd2064dbaB33a078712":57.76407807154322,"0x6ade6971Ca3d90990C30d39c78b0534C7166e07b":236.20908299376546,"0x6b5204B0Be36771253Cc38e88012E02B752f0f36":201.2000542055858,"0x6c3F90f043a72FA612cbac8115EE7e52BDe6E490":656.3477513460058,"0x6c3ea9036406852006290770BEdFcAbA0e23A0e8":461.15677170956764,"0x6e52cCe4EaFDf77091dD1c82183b2D97b776b397":794.7323656636639,"0x6ef3D766Dfe02Dc4bF04aAe9122EB9A0Ded25615":0.06628055566367057,"0x7223442cad8e9cA474fC40109ab981608F8c4273":207.93899262731128,"0x73968b9a57c6E53d41345FD57a6E6ae27d6CDB2F":152.40702313235272,"0x73A15FeD60Bf67631dC6cd7Bc5B6e8da8190aCF5":941.6480041343009,"0x752B4c6e92d96467fE9b9a2522EF07228E00F87c":34.65080018707282,"0x76237BCfDbe8e06FB774663add96216961df4ff3":37.82324781766097,"0x76Eb2FE28b36B3ee97F3Adae0C69606eeDB2A37c":1182.9409744022453,"0x77E06c9eCCf2E797fd462A92B6D7642EF85b0A44":1.0938448440800002,