{"0x0000000000085d4780B73119b644AE5ecd22b376":213.9211557680755,"0x0000000016E6Cb3038203c1129c8B4aEE7af7a11":1.667038203599998,"0x005F893EcD7bF9667195642f7649DA8163e23658":147.7019435017399,"0x0100546F2cD4C9D97f798fFC9755E47865FF7Ee6":344.71728409311737,"0x028171bCA77440897B824Ca71D1c56caC55b68A3":1147.3862449902638,"0x0316EB71485b0Ab14103307bf65a021042c6d380":0.015984901445117647,"0x03ab458634910AaD20eF5f1C8ee96F1D6ac54919":37.549874164612405,"0x04C154b66CB340F3Ae24111CC767e0184Ed00Cc6":1007.8413460991893,"0x051d7e5609917Bd9b73f04BAc0DED8Dd46a74301":331.7628644996405,"0x056Fd409E1d7A124BD7017459dFEa2F387b6d5Cd":793.2213409406876,"0x075b1bb99792c9E1041bA13afEf80C91a1e70fB3":676.4130246221162,"0x085780639CC2cACd35E474e71f4d000e2405d8f6":1218.0999202519379,"0x09db87A538BD693E9d08544577d5cCfAA6373A48":65.82662303868368,"0x0E2EC54fC0B509F445631Bf4b91AB8168230C752":0.47138854183695167,"0x0E573Ce2736Dd9637A0b21058352e1667925C7a8":143.7791691869529,"0x0a5E677a6A24b2F1A2Bf4F3bFfC443231d2fDEc8":0.07944597090497962,"0x0bc529c00C6401aEF6D220BE8C6Ea1667F6Ad93e":18.502123315896046,"0x0d86883FAf4FfD7aEb116390af37746F45b6f378":277.0382228101346,"0x0dE54CFdfeD8005176f8b7A9D5438B45c4F1df1e":0.44462420778119033,"0x1456688345527bE1f37E9e627DA0837D6f08C925":2.0520065783913166,"0x15700B564Ca08D9439C58cA5053166E8317aa138":2687.7124825192636,"0x16eAd9a10b1A77007E6E329B076aD1Fe97a6F7C0":151.39411698277075,"0x18084fbA666a33d37592fA2633fD49a74DD93a88":371.1078460806487,"0x1830c553dC76d3447B69b7B0dC19CF9e3c739C78":93.41413191859343,"0x183395DbD0B5e93323a7286D1973150697FFFCB3":230.10892400568488,"0x196f4727526eA7FB1e17b2071B3d8eAA38486988":2.5571613676847336,"0x1BED97CBC3c24A4fb5C069C6E311a967386131f7":245.01243997752564,"0x1a7e4e63778B4f12a199C062f3eFdD288afCBce8":329.069342632607,"0x1aBaEA1f7C830bD89Acc67eC4af516284b1bC33c":490.2205522367763,"0x1c48f86ae57291F7686349F12601910BD8D470bb":0.06723700557199334,"0x1ce0D1E19c9514230FF8CD1DAbaC2555fb92122b":0,"0x2191DF768ad71140F9F3E96c1e4407A4aA31d082":24.25318591054439,"0x2260FAC5E5542a773Aa44fBCfeDf7C193bc2C599":359.3956272220932,"0x2570f1bD5D2735314FC102eb12Fc1aFe9e6E7193":2473.062144862275,"0x25eC98773D7b4ceD4cAFaB96A2A1c0945f145e10":0,"0x2889302a794dA87fBF1D6Db415C1492194663D13":4178.548551819672,"0x29059568bB40344487d62f7450E78b8E6C74e0e5":403.3602006102723,"0x2b01d4FdB87eb7F2399E5D68631d8A939a323786":228.11410842471798,"0x3175Df0976dFA876431C2E9eE6Bc45b65d3473CC":4968.43616829891,"0x3231Cb76718CDeF2155FC47b5286d82e6eDA273f":330.2395554098659,"0x32bd822d615A3658A68b6fDD30c2fcb2C996D678":266.2343364026628,"0x3432B6A60D23Ca0dFCa7761B7ab56459D9C964D0":274.2784964023674,"0x34635280737b5BFe6c7DC2FC3065D60d66e78185":211.9688808517729,"0x35282d87011f87508D457F08252Bc5bFa52E10A0":161.77894205516844,"0x35D8949372D46B7a3D5A56006AE77B215fc69bC0":456.47386239245355,"0x35fA164735182de50811E8e2E824cFb9B6118ac2":885.0129471442593,"0x365AccFCa291e7D3914637ABf1F7635dB165Bb09":221.73323607973634,"0x383E6b4437b59fff47B619CBA855CA29342A8559":192.96837387167884,"0x38D64ce1Bdf1A9f24E0Ec469C9cAde61236fB4a0":213.79266550805133,"0x393DaD6c76D962Abba489a77dBf37ae948A4A6ee":124.19525523542485,"0x3A2725556Dde7B21fBe3dD64A4913ff29faba6A1":0.02720009650044265,"0x3A283D9c08E8b55966afb64C515f5143cf907611":6046.561984532299,"0x3Ed3B47Dd13EC9a98b44e6204A523E766B225811":1294.4707315067449,"0x3f0e7916681452D23Cd36B1281457DA721F2E5dF":12.638081692238853,"0x40D16FC0246aD3160Ccc09B8D0D3A2cD28aE6C2f":1642.9133295281329,"0x4591DBfF62656E7859Afe5e45f6f47D3669fBB28":204.5750479406945,"0x4647B6D835f3B393C7A955df51EEfcf0db961606":106.46356154430202,"0x466a756E9A7401B5e2444a3fCB3c2C12FBEa0a54":691.7710001243755,"0x48759F220ED983dB51fA7A8C0D2AAb8f3ce4166a":2223.391207738127,"0x49446A0874197839D15395B908328a74ccc96Bc0":28.12752813997898,"0x4D1941a887eC788F059b3bfcC8eE1E97b968825B":293.62185041401705,"0x4DEcE678ceceb27446b35C672dC7d61F30bAD69E":441.9628251268797,"0x4Fabb145d64652a948d72533023f6E7A623C7C53":0.04018522085159431,"0x4c9EDD5852cd905f086C759E8383e09bff1E68B3":17770.631130742302,"0x4de2ab8177fC5fFAFB7aD11FB8BeB1e5fB95F71C":363.06555166319856,"0x4eBdF703948ddCEA3B11f675B4D1Fba9d2414A14":7885.712117645805,"0x514910771AF9Ca656af840dff83E8264EcF986CA":76.36487014460097,"0x5228a22e72ccC52d415EcFd199F99D0665E7733b":53.914808484005086,"0x527331F3F550f6f85ACFEcAB9Cc0889180C6f1d5":250.54541130727048,"0x5426178799ee0a0181A89b4f57eFddfAb49941Ec":795.370808060551,"0x5555f75e3d5278082200Fb451D1b6bA946D8e13b":118.70952669829956,"0x57a5a0567187FF4A8dcC1A9bBa86155E355878F2":0.8280967940387082,"0x58efE15C0404aB22F87E4495D71f6f2077e862bE":0.00125481068523,"0x5905c0290e59aFBDc42a5480add9bD7B20CB3759":0.18083042796384508,"0x59D9356E565Ab3A36dD77763Fc0d87fEaf85508C":156.88880579872446,"0x5BC25f649fc4e26069dDF4cF4010F9f706c23831":3.103559445770673,"0x5Be6C45e2d074fAa20700C49aDA3E88a1cc0025d":715.833718911167,"0x5Ca135cB8527d76e932f34B5145575F9d8cbE08E":54.51695674263628,"0x5E8422345238F34275888049021821E8E08CAa1f":15342.855231404137,"0x5Ea630e00D6eE438d3deA1556A110359ACdc10A9":222.28709122338066,"0x5b6C539b224014A09B3388e51CaAA8e354c959C8":582.0563430017655,"0x5e74C9036fb86BD7eCdcb084a0673EFc32eA31cb":4.083747205500773,"0x62B9c7356A2Dc64a1969e19C23e4f579F9810Aa7":1392.0029539853108,"0x6359B6d3e327c497453d4376561eE276c6933323":239.7922026006826,"0x63a0964A36c34E81959da5894ad888800e17405b":243.30967797254695,"0x64351fC9810aDAd17A690E4e1717Df5e7e085160":2361.6453182174873,"0x65D72AA8DA931F047169112fcf34f52DbaAE7D18":151.74190791518737,"0x65f228ED6a6001eD6485535e0Dc33E525734f54c":47.05978119616224,"0x661c70333AA1850CcDBAe82776Bb436A0fCfeEfB":74.98681179132903,"0x6663b6D50992ef4fc0380199397c87C2f5256075":69.47257132869841,"0x668308d77be3533c909a692302Cb4D135Bf8041C":0.04054265103589397,"0x66a1E37c9b0eAddca17d3662D6c05F4DECf3e110":27.168198132271776,"0x674C6Ad92Fd080e4004b2312b45f796a192D27a0":0.6496476711550573,"0x677ddbd918637E5F2c79e164D402454dE7dA8619":0.5448174015042436,"0x68749665FF8D2d112Fa859AA293F07A622782F38":18.29512778533912,"0x69000405f9DcE69BD4Cbf4f2865b79144A69BFE0":0.000038953956218148504,"0x6B175474E89094C44Da98b954EedeAC495271d0F":16970.6881925273,"0x6C280dB098dB673d30d5B34eC04B6387185D3620":281.72749947163703,"0x6C5024Cd4F8A59110119C56f8933403A539555EB":121.9457986772641,"0x6C9815826FdF8c7a45cCfEd2064dbaB33a078712":53.92286271596092,"0x6ade6971Ca3d90990C30d39c78b0534C7166e07b":171.359652147322,"0x6b5204B0Be36771253Cc38e88012E02B752f0f36":176.92384041045756,"0x6c3F90f043a72FA612cbac8115EE7e52BDe6E490":3041.761735118856,"0x6c3ea9036406852006290770BEdFcAbA0e23A0e8":1448.638104846432,"0x6e52cCe4EaFDf77091dD1c82183b2D97b776b397":827.8785870192655,"0x6ef3D766Dfe02Dc4bF04aAe9122EB9A0Ded25615":0.03891559935185295,"0x7223442cad8e9cA474fC40109ab981608F8c4273":75.03652825926697,"0x73968b9a57c6E53d41345FD57a6E6ae27d6CDB2F":92.3049597797147,"0x73A15FeD60Bf67631dC6cd7Bc5B6e8da8190aCF5":2977.0473982313883,"0x752B4c6e92d96467fE9b9a2522EF07228E00F87c":37.616179296799416,"0x76237BCfDbe8e06FB774663add96216961df4ff3":32.33241808601065,"0x76Eb2FE28b36B3ee97F3Adae0C69606eeDB2A37c":1187.6417878134675,"0x77E06c9eCCf2E797fd462A92B6D7642EF85b0A44":0.68740217904,"0x78da5799CF427Fee11e9996982F4150eCe7a99A7":92.01079659961289,"0x7988292D0FB141085c092132e2a70B30aA1eccAB":451.43321642463326,"0x7F17A6C77C3938D235b014818092eb6305BdA110":132.39124388098227,"0x7F86Bf177Dd4F3494b841a37e810A34dD56c829B":17818.275209106723,"0x7FA768E035F956c41d6aeaa3Bd857e7E5141CAd5":0.3495239909374549,"0x7ea4aD8C803653498bF6AC1D2dEbc04DCe8Fd2aD":56.18677550515713,"0x7f39C581F595B53c5cb19bD0b3f8dA6c935E2Ca0":4516.659486223388,"0x8064d9Ae6cDf087b1bcd5BDf3531bD5d8C537a68":64.37955169402984,"0x808507121B80c02388fAd14726482e061B8da827":178.25984142520352,"0x80d69e79258FE9D056c822461c4eb0B4ca8802E2":0.18097870430853893,"0x826180541412D574cf1336d22c0C0a287822678A":163.46526238803426,"0x8282BD15dcA2EA2bDf24163E8f2781B30C43A2ef":236.89879559094013,"0x830614aE209FF9d8706d386fcdBc7a55206fcffC":41.08296913106286,