{"0x0000000000085d4780B73119b644AE5ecd22b376":214.1550946256335,"0x0000000016E6Cb3038203c1129c8B4aEE7af7a11":1.727676032594944,"0x005F893EcD7bF9667195642f7649DA8163e23658":154.29712075281995,"0x0100546F2cD4C9D97f798fFC9755E47865FF7Ee6":352.1622967033792,"0x028171bCA77440897B824Ca71D1c56caC55b68A3":1191.3430938177933,"0x0316EB71485b0Ab14103307bf65a021042c6d380":0.02627874208885641,"0x03ab458634910AaD20eF5f1C8ee96F1D6ac54919":242.92921792503898,"0x04C154b66CB340F3Ae24111CC767e0184Ed00Cc6":249.41635714771593,"0x051d7e5609917Bd9b73f04BAc0DED8Dd46a74301":357.3601672477536,"0x056Fd409E1d7A124BD7017459dFEa2F387b6d5Cd":284.76336111052524,"0x067079c14B85169e6a29703769dadDef90816f4C":507.40448844196067,"0x075b1bb99792c9E1041bA13afEf80C91a1e70fB3":562.5538045221587,"0x085780639CC2cACd35E474e71f4d000e2405d8f6":387.96813432568973,"0x09db87A538BD693E9d08544577d5cCfAA6373A48":68.91644818432493,"0x0E2EC54fC0B509F445631Bf4b91AB8168230C752":0.4711831708861791,"0x0E573Ce2736Dd9637A0b21058352e1667925C7a8":139.83194663121708,"0x0a5E677a6A24b2F1A2Bf4F3bFfC443231d2fDEc8":0.08142617955166408,"0x0bc529c00C6401aEF6D220BE8C6Ea1667F6Ad93e":20.259429672528444,"0x0d86883FAf4FfD7aEb116390af37746F45b6f378":287.38487259394617,"0x0dE54CFdfeD8005176f8b7A9D5438B45c4F1df1e":2.3900842678755896,"0x127091edE112aEd7Bae281747771b3150Bb047bB":0.25858369880793636,"0x137469B55D1f15651BA46A89D0588e97dD0B6562":211.3074786808502,"0x1456688345527bE1f37E9e627DA0837D6f08C925":3.4194445846861052,"0x15700B564Ca08D9439C58cA5053166E8317aa138":88.32606738398789,"0x16eAd9a10b1A77007E6E329B076aD1Fe97a6F7C0":156.21190197113995,"0x18084fbA666a33d37592fA2633fD49a74DD93a88":16.574896138793346,"0x1830c553dC76d3447B69b7B0dC19CF9e3c739C78":84.19280746934444,"0x183395DbD0B5e93323a7286D1973150697FFFCB3":428.18365023078167,"0x196f4727526eA7FB1e17b2071B3d8eAA38486988":0.38509765444485233,"0x1BED97CBC3c24A4fb5C069C6E311a967386131f7":251.75890597773707,"0x1aBaEA1f7C830bD89Acc67eC4af516284b1bC33c":115.0032090102341,"0x1bEFB9B02f7Fc821B96aC1FE2cAF881FdF72b771":0.14654032453536667,"0x1c48f86ae57291F7686349F12601910BD8D470bb":0.7732014688550447,"0x1ce0D1E19c9514230FF8CD1DAbaC2555fb92122b":0,"0x2191DF768ad71140F9F3E96c1e4407A4aA31d082":24.911976067713713,"0x2260FAC5E5542a773Aa44fBCfeDf7C193bc2C599":15.43694103005695,"0x22CF19EB64226e0E1A79c69b345b31466fD273A7":1.8593526764377035,"0x2302aaBe69e6E7A1b0Aa23aAC68fcCB8A4D2B460":113.3847318975616,"0x2570f1bD5D2735314FC102eb12Fc1aFe9e6E7193":15.500810467721204,"0x25eC98773D7b4ceD4cAFaB96A2A1c0945f145e10":0,"0x2b01d4FdB87eb7F2399E5D68631d8A939a323786":234.2636710593185,"0x3175Df0976dFA876431C2E9eE6Bc45b65d3473CC":0.0000388225858290589,"0x3231Cb76718CDeF2155FC47b5286d82e6eDA273f":332.06834996280975,"0x32bd822d615A3658A68b6fDD30c2fcb2C996D678":274.966215506545,"0x3432B6A60D23Ca0dFCa7761B7ab56459D9C964D0":283.94060667188336,"0x34635280737b5BFe6c7DC2FC3065D60d66e78185":239.66938135090788,"0x35282d87011f87508D457F08252Bc5bFa52E10A0":159.15745754349936,"0x35D8949372D46B7a3D5A56006AE77B215fc69bC0":651.3671787944229,"0x35fA164735182de50811E8e2E824cFb9B6118ac2":903.4067437433847,"0x365AccFCa291e7D3914637ABf1F7635dB165Bb09":430.5940377635781,"0x383E6b4437b59fff47B619CBA855CA29342A8559":196.5896286110857,"0x38D64ce1Bdf1A9f24E0Ec469C9cAde61236fB4a0":220.8327907206959,"0x393DaD6c76D962Abba489a77dBf37ae948A4A6ee":131.9940758885976,"0x3A2725556Dde7B21fBe3dD64A4913ff29faba6A1":0.028365143224458714,"0x3A283D9c08E8b55966afb64C515f5143cf907611":1494.8602891715493,"0x3Ed3B47Dd13EC9a98b44e6204A523E766B225811":2.0126229954540573,"0x3f0e7916681452D23Cd36B1281457DA721F2E5dF":56.78514317838736,"0x401322B9FDdba8c0a8D40fbCECE1D1752C12316B":274.59356637513997,"0x40D16FC0246aD3160Ccc09B8D0D3A2cD28aE6C2f":250.40164838508704,"0x4591DBfF62656E7859Afe5e45f6f47D3669fBB28":216.6698621419789,"0x4647B6D835f3B393C7A955df51EEfcf0db961606":125.02856873483647,"0x466a756E9A7401B5e2444a3fCB3c2C12FBEa0a54":49.2339422327014,"0x48759F220ED983dB51fA7A8C0D2AAb8f3ce4166a":2390.7810547163276,"0x49446A0874197839D15395B908328a74ccc96Bc0":34.88712972484418,"0x4AE86d8732390d852A13cb918463BC6e5775FaDD":151.93252029647368,"0x4D1941a887eC788F059b3bfcC8eE1E97b968825B":303.22102548227645,"0x4DEcE678ceceb27446b35C672dC7d61F30bAD69E":444.2429305892756,"0x4Fabb145d64652a948d72533023f6E7A623C7C53":0.03978852568030513,"0x4c9EDD5852cd905f086C759E8383e09bff1E68B3":1630.2171379529468,"0x4de2ab8177fC5fFAFB7aD11FB8BeB1e5fB95F71C":397.9360782831277,"0x4eBdF703948ddCEA3B11f675B4D1Fba9d2414A14":174.00773270408365,"0x514910771AF9Ca656af840dff83E8264EcF986CA":83.45878353824752,"0x5228a22e72ccC52d415EcFd199F99D0665E7733b":58.159596773368236,"0x5271045F7B73c17825A7A7aee6917eE46b0B7520":197.5785067640987,"0x527331F3F550f6f85ACFEcAB9Cc0889180C6f1d5":276.207482970559,"0x5426178799ee0a0181A89b4f57eFddfAb49941Ec":76.68470734660184,"0x5555f75e3d5278082200Fb451D1b6bA946D8e13b":120.28185001746122,"0x57Ab1ec28D129707052df4dF418D58a2D46d5f51":155.79694797625172,"0x57a5a0567187FF4A8dcC1A9bBa86155E355878F2":0.8026614065401438,"0x58efE15C0404aB22F87E4495D71f6f2077e862bE":0.0012523135495379999,"0x5905c0290e59aFBDc42a5480add9bD7B20CB3759":0.17844660761244296,"0x59D9356E565Ab3A36dD77763Fc0d87fEaf85508C":179.1506132552567,"0x5BC25f649fc4e26069dDF4cF4010F9f706c23831":0.8289196842586847,"0x5Ca135cB8527d76e932f34B5145575F9d8cbE08E":55.631523283637165,"0x5E8422345238F34275888049021821E8E08CAa1f":13398.10672124806,"0x5Ea630e00D6eE438d3deA1556A110359ACdc10A9":268.0383046067255,"0x5e74C9036fb86BD7eCdcb084a0673EFc32eA31cb":5.454364857797433,"0x6359B6d3e327c497453d4376561eE276c6933323":245.04045549395,"0x63a0964A36c34E81959da5894ad888800e17405b":253.94720518360558,"0x65D72AA8DA931F047169112fcf34f52DbaAE7D18":349.4915709276889,"0x65f228ED6a6001eD6485535e0Dc33E525734f54c":49.16713608201132,"0x661c70333AA1850CcDBAe82776Bb436A0fCfeEfB":81.32184787113415,"0x6663b6D50992ef4fc0380199397c87C2f5256075":97.25405554961179,"0x668308d77be3533c909a692302Cb4D135Bf8041C":0.04244818003869725,"0x66a1E37c9b0eAddca17d3662D6c05F4DECf3e110":29.70920304026652,"0x674C6Ad92Fd080e4004b2312b45f796a192D27a0":1.8738077927132324,"0x677ddbd918637E5F2c79e164D402454dE7dA8619":1.5219769263546636,"0x68749665FF8D2d112Fa859AA293F07A622782F38":18.783112766174572,"0x69000405f9DcE69BD4Cbf4f2865b79144A69BFE0":0.000038465933042796764,"0x6B175474E89094C44Da98b954EedeAC495271d0F":4719.806758217886,"0x6C280dB098dB673d30d5B34eC04B6387185D3620":285.058677592417,"0x6C5024Cd4F8A59110119C56f8933403A539555EB":123.75153035186092,"0x6C9815826FdF8c7a45cCfEd2064dbaB33a078712":59.2738745900412,"0x6ade6971Ca3d90990C30d39c78b0534C7166e07b":183.51134036016654,"0x6b5204B0Be36771253Cc38e88012E02B752f0f36":165.49823697759084,"0x6c3F90f043a72FA612cbac8115EE7e52BDe6E490":763.0147222673436,"0x6c3ea9036406852006290770BEdFcAbA0e23A0e8":165.4111368245232,"0x6e52cCe4EaFDf77091dD1c82183b2D97b776b397":113.910611738957,"0x6ef3D766Dfe02Dc4bF04aAe9122EB9A0Ded25615":0.03990932938785155,"0x7223442cad8e9cA474fC40109ab981608F8c4273":85.21166881093048,"0x73968b9a57c6E53d41345FD57a6E6ae27d6CDB2F":95.12833021837488,"0x73A15FeD60Bf67631dC6cd7Bc5B6e8da8190aCF5":400.64490344895466,"0x752B4c6e92d96467fE9b9a2522EF07228E00F87c":52.875913063737066,"0x76237BCfDbe8e06FB774663add96216961df4ff3":33.89585089515235,"0x76Eb2FE28b36B3ee97F3Adae0C69606eeDB2A37c":1179.6288351360945,"0x77E06c9eCCf2E797fd462A92B6D7642EF85b0A44":0.83742455988,"0x78da5799CF427Fee11e9996982F4150eCe7a99A7":93.81213659770548,"0x7988292D0FB141085c092132e2a70B30aA1eccAB":469.0798500300231,"0x7F17A6C77C3938D235b014818092eb6305BdA110":144.50263030595187,"0x7F86Bf177Dd4F3494b841a37e810A34dD56c829B":4191.7613117230785,"0x7FA768E035F956c41d6aeaa3Bd857e7E5141CAd5":0.35933978969576813,"0x7ea4aD8C803653498bF6AC1D2dEbc04DCe8Fd2aD":105.45596948605348,"0x7f39C581F595B53c5cb19bD0b3f8dA6c935E2Ca0":553.6645359918821,"0x8064d9Ae6cDf087b1bcd5BDf3531bD5d8C537a68":75.44520666005668,"0x808507121B80c02388fAd14726482e061B8da827":213.93867950273355,"0x80d69e79258FE9D056c822461c4eb0B4ca8802E2":0.18585279930226176,