{"0x0000000000085d4780B73119b644AE5ecd22b376":218.42134207887872,"0x0000000016E6Cb3038203c1129c8B4aEE7af7a11":1.1209484951728192,"0x005F893EcD7bF9667195642f7649DA8163e23658":166.18569035915945,"0x0100546F2cD4C9D97f798fFC9755E47865FF7Ee6":376.6034861077924,"0x028171bCA77440897B824Ca71D1c56caC55b68A3":1197.1305321774578,"0x0316EB71485b0Ab14103307bf65a021042c6d380":0.02661782467621974,"0x03ab458634910AaD20eF5f1C8ee96F1D6ac54919":263.058960134596,"0x04C154b66CB340F3Ae24111CC767e0184Ed00Cc6":303.5909783824056,"0x051d7e5609917Bd9b73f04BAc0DED8Dd46a74301":380.01147999672366,"0x056Fd409E1d7A124BD7017459dFEa2F387b6d5Cd":440.4914739616242,"0x067079c14B85169e6a29703769dadDef90816f4C":606.0405877120955,"0x075b1bb99792c9E1041bA13afEf80C91a1e70fB3":599.5146038347625,"0x085780639CC2cACd35E474e71f4d000e2405d8f6":511.4406075862415,"0x09db87A538BD693E9d08544577d5cCfAA6373A48":104.2755413945527,"0x0E2EC54fC0B509F445631Bf4b91AB8168230C752":0.47133573544638724,"0x0E573Ce2736Dd9637A0b21058352e1667925C7a8":143.6427725417279,"0x0a5E677a6A24b2F1A2Bf4F3bFfC443231d2fDEc8":0.12788673152405053,"0x0bc529c00C6401aEF6D220BE8C6Ea1667F6Ad93e":22.008303187745184,"0x0d86883FAf4FfD7aEb116390af37746F45b6f378":325.69981039906475,"0x0dE54CFdfeD8005176f8b7A9D5438B45c4F1df1e":4.641792111166235,"0x127091edE112aEd7Bae281747771b3150Bb047bB":2.1321698538860137,"0x1456688345527bE1f37E9e627DA0837D6f08C925":5.30466025446052,"0x15700B564Ca08D9439C58cA5053166E8317aa138":305.28959497785274,"0x16eAd9a10b1A77007E6E329B076aD1Fe97a6F7C0":190.6316109739895,"0x18084fbA666a33d37592fA2633fD49a74DD93a88":21.88269746748168,"0x1830c553dC76d3447B69b7B0dC19CF9e3c739C78":93.22900233041406,"0x183395DbD0B5e93323a7286D1973150697FFFCB3":544.7515253154278,"0x196f4727526eA7FB1e17b2071B3d8eAA38486988":1.8877770750270666,"0x1BED97CBC3c24A4fb5C069C6E311a967386131f7":268.96485431185477,"0x1aBaEA1f7C830bD89Acc67eC4af516284b1bC33c":117.47282354233496,"0x1c48f86ae57291F7686349F12601910BD8D470bb":1.1633477934426728,"0x1ce0D1E19c9514230FF8CD1DAbaC2555fb92122b":0,"0x2191DF768ad71140F9F3E96c1e4407A4aA31d082":25.13580581101561,"0x2260FAC5E5542a773Aa44fBCfeDf7C193bc2C599":26.568752045445926,"0x22CF19EB64226e0E1A79c69b345b31466fD273A7":3.9056188522352895,"0x2570f1bD5D2735314FC102eb12Fc1aFe9e6E7193":38.45115205353318,"0x25eC98773D7b4ceD4cAFaB96A2A1c0945f145e10":0,"0x2889302a794dA87fBF1D6Db415C1492194663D13":1397.4462198824792,"0x2b01d4FdB87eb7F2399E5D68631d8A939a323786":250.23508292342683,"0x2bd1F344a2398340C2b1119Da98816eA723F5F0f":0.24136063723802575,"0x3175Df0976dFA876431C2E9eE6Bc45b65d3473CC":0.000038712986637183986,"0x3231Cb76718CDeF2155FC47b5286d82e6eDA273f":337.65755463414183,"0x32bd822d615A3658A68b6fDD30c2fcb2C996D678":298.6315598359632,"0x3432B6A60D23Ca0dFCa7761B7ab56459D9C964D0":1903.6742166843094,"0x34635280737b5BFe6c7DC2FC3065D60d66e78185":286.63398372192444,"0x35282d87011f87508D457F08252Bc5bFa52E10A0":161.09489277358034,"0x3570E17b1F2DdFD73FBE437F34A34d1D54219138":0.797715246716129,"0x35D8949372D46B7a3D5A56006AE77B215fc69bC0":1862.6561440318276,"0x35fA164735182de50811E8e2E824cFb9B6118ac2":952.6889728831185,"0x365AccFCa291e7D3914637ABf1F7635dB165Bb09":541.2817555240257,"0x383E6b4437b59fff47B619CBA855CA29342A8559":198.8676535487803,"0x38D64ce1Bdf1A9f24E0Ec469C9cAde61236fB4a0":241.56208377354577,"0x393DaD6c76D962Abba489a77dBf37ae948A4A6ee":142.5957712911822,"0x3A2725556Dde7B21fBe3dD64A4913ff29faba6A1":0.029114790752297563,"0x3Ed3B47Dd13EC9a98b44e6204A523E766B225811":3.2837908878357296,"0x3f0e7916681452D23Cd36B1281457DA721F2E5dF":66.66938437271293,"0x401322B9FDdba8c0a8D40fbCECE1D1752C12316B":295.658170250816,"0x40D16FC0246aD3160Ccc09B8D0D3A2cD28aE6C2f":304.8688065378681,"0x4591DBfF62656E7859Afe5e45f6f47D3669fBB28":229.64226253178285,"0x4647B6D835f3B393C7A955df51EEfcf0db961606":298.11976361601137,"0x466a756E9A7401B5e2444a3fCB3c2C12FBEa0a54":58.934374829730885,"0x48759F220ED983dB51fA7A8C0D2AAb8f3ce4166a":2404.498123248478,"0x49446A0874197839D15395B908328a74ccc96Bc0":40.50975431523338,"0x4D1941a887eC788F059b3bfcC8eE1E97b968825B":321.5055932283384,"0x4DEcE678ceceb27446b35C672dC7d61F30bAD69E":445.30936212745104,"0x4Fabb145d64652a948d72533023f6E7A623C7C53":0.03949838283202422,"0x4c9EDD5852cd905f086C759E8383e09bff1E68B3":3392.3055563888456,"0x514910771AF9Ca656af840dff83E8264EcF986CA":88.82637987386723,"0x5228a22e72ccC52d415EcFd199F99D0665E7733b":63.09192908346869,"0x5271045F7B73c17825A7A7aee6917eE46b0B7520":208.27546586184314,"0x527331F3F550f6f85ACFEcAB9Cc0889180C6f1d5":322.84462828388723,"0x5426178799ee0a0181A89b4f57eFddfAb49941Ec":169.6052086980113,"0x5555f75e3d5278082200Fb451D1b6bA946D8e13b":120.89920152963113,"0x57Ab1ec28D129707052df4dF418D58a2D46d5f51":159.9538858473717,"0x57a5a0567187FF4A8dcC1A9bBa86155E355878F2":0.06410511044090561,"0x58efE15C0404aB22F87E4495D71f6f2077e862bE":0.0012482494611992699,"0x5905c0290e59aFBDc42a5480add9bD7B20CB3759":0.17786750122383033,"0x59D9356E565Ab3A36dD77763Fc0d87fEaf85508C":228.3822565542774,"0x5BC25f649fc4e26069dDF4cF4010F9f706c23831":2.2517622079280195,"0x5Be6C45e2d074fAa20700C49aDA3E88a1cc0025d":515.3424257826532,"0x5Ca135cB8527d76e932f34B5145575F9d8cbE08E":58.37429820446431,"0x5E8422345238F34275888049021821E8E08CAa1f":14227.94913897125,"0x5Ea630e00D6eE438d3deA1556A110359ACdc10A9":321.6700982220343,"0x5ca0313D44551e32e0d7a298EC024321c4BC59B4":0.2813852064025516,"0x5e74C9036fb86BD7eCdcb084a0673EFc32eA31cb":7.85129934728559,"0x63a0964A36c34E81959da5894ad888800e17405b":298.6218881774019,"0x65D72AA8DA931F047169112fcf34f52DbaAE7D18":360.9427782258488,"0x65f228ED6a6001eD6485535e0Dc33E525734f54c":72.68963719017484,"0x661c70333AA1850CcDBAe82776Bb436A0fCfeEfB":91.15397977527171,"0x6663b6D50992ef4fc0380199397c87C2f5256075":127.89456424334998,"0x668308d77be3533c909a692302Cb4D135Bf8041C":0.0435795734038212,"0x66a1E37c9b0eAddca17d3662D6c05F4DECf3e110":35.76868748523985,"0x674C6Ad92Fd080e4004b2312b45f796a192D27a0":4.097328331614104,"0x677ddbd918637E5F2c79e164D402454dE7dA8619":3.6354777482390266,"0x68749665FF8D2d112Fa859AA293F07A622782F38":20.9640723869364,"0x69000405f9DcE69BD4Cbf4f2865b79144A69BFE0":0.002601128719044504,"0x6B175474E89094C44Da98b954EedeAC495271d0F":6154.857372795912,"0x6C280dB098dB673d30d5B34eC04B6387185D3620":317.17012542509593,"0x6C5024Cd4F8A59110119C56f8933403A539555EB":125.95620317881355,"0x6C9815826FdF8c7a45cCfEd2064dbaB33a078712":61.34238379278926,"0x6ade6971Ca3d90990C30d39c78b0534C7166e07b":213.95677932381264,"0x6b5204B0Be36771253Cc38e88012E02B752f0f36":213.7278642499968,"0x6c3F90f043a72FA612cbac8115EE7e52BDe6E490":1039.21516667808,"0x6c3ea9036406852006290770BEdFcAbA0e23A0e8":442.47459771400514,"0x6e52cCe4EaFDf77091dD1c82183b2D97b776b397":293.1581033144901,"0x6ef3D766Dfe02Dc4bF04aAe9122EB9A0Ded25615":0.0416901517846802,"0x7223442cad8e9cA474fC40109ab981608F8c4273":121.39019756779209,"0x73968b9a57c6E53d41345FD57a6E6ae27d6CDB2F":146.200792783644,"0x73A15FeD60Bf67631dC6cd7Bc5B6e8da8190aCF5":1738.6317219591467,"0x752B4c6e92d96467fE9b9a2522EF07228E00F87c":49.49693355630112,"0x76237BCfDbe8e06FB774663add96216961df4ff3":36.38623323779001,"0x76Eb2FE28b36B3ee97F3Adae0C69606eeDB2A37c":1185.6989928850005,"0x77E06c9eCCf2E797fd462A92B6D7642EF85b0A44":0.35693071053754444,"0x78da5799CF427Fee11e9996982F4150eCe7a99A7":95.54959532997178,"0x7988292D0FB141085c092132e2a70B30aA1eccAB":467.3649097914521,"0x7F17A6C77C3938D235b014818092eb6305BdA110":158.04171482885945,"0x7F86Bf177Dd4F3494b841a37e810A34dD56c829B":8495.449674474683,"0x7FA768E035F956c41d6aeaa3Bd857e7E5141CAd5":0.3743501209442297,"0x7ea4aD8C803653498bF6AC1D2dEbc04DCe8Fd2aD":124.06219129557569,"0x7f39C581F595B53c5cb19bD0b3f8dA6c935E2Ca0":1134.02376320262,"0x8064d9Ae6cDf087b1bcd5BDf3531bD5d8C537a68":82.46763129103661,"0x808507121B80c02388fAd14726482e061B8da827":216.5379961046554,"0x80d69e79258FE9D056c822461c4eb0B4ca8802E2":0.19570223762775735,"0x826180541412D574cf1336d22c0C0a287822678A":207.97483653440506,"0x8282BD15dcA2EA2bDf24163E8f2781B30C43A2ef":270.34140379727046,"0x830614aE209FF9d8706d386fcdBc7a55206fcffC":50.9551778609889,