{"0x005F893EcD7bF9667195642f7649DA8163e23658":2.26076500847198,"0x0100546F2cD4C9D97f798fFC9755E47865FF7Ee6":147.91595393923353,"0x028171bCA77440897B824Ca71D1c56caC55b68A3":750.6683492523812,"0x0316EB71485b0Ab14103307bf65a021042c6d380":66.8133001279843,"0x03ab458634910AaD20eF5f1C8ee96F1D6ac54919":143.48619094760696,"0x04C154b66CB340F3Ae24111CC767e0184Ed00Cc6":138.9910178517974,"0x056Fd409E1d7A124BD7017459dFEa2F387b6d5Cd":699.4504542684678,"0x075b1bb99792c9E1041bA13afEf80C91a1e70fB3":280.65972027538675,"0x085780639CC2cACd35E474e71f4d000e2405d8f6":25013.3030975673,"0x0E2EC54fC0B509F445631Bf4b91AB8168230C752":0.45006527482536035,"0x0E573Ce2736Dd9637A0b21058352e1667925C7a8":141.92546595904676,"0x0bc529c00C6401aEF6D220BE8C6Ea1667F6Ad93e":5.8866812358054,"0x0d86883FAf4FfD7aEb116390af37746F45b6f378":45.59133910734368,"0x0dE54CFdfeD8005176f8b7A9D5438B45c4F1df1e":1.835393799161907,"0x1456688345527bE1f37E9e627DA0837D6f08C925":3.092033331230537,"0x196f4727526eA7FB1e17b2071B3d8eAA38486988":2.4801216433867443,"0x1c48f86ae57291F7686349F12601910BD8D470bb":0.200360077041626,"0x1ce0D1E19c9514230FF8CD1DAbaC2555fb92122b":0,"0x2260FAC5E5542a773Aa44fBCfeDf7C193bc2C599":347.228224553018,"0x2570f1bD5D2735314FC102eb12Fc1aFe9e6E7193":132.084111494508,"0x25eC98773D7b4ceD4cAFaB96A2A1c0945f145e10":0,"0x2889302a794dA87fBF1D6Db415C1492194663D13":934.169601030404,"0x29059568bB40344487d62f7450E78b8E6C74e0e5":544.423704950748,"0x2b01d4FdB87eb7F2399E5D68631d8A939a323786":18.59353041443897,"0x3175Df0976dFA876431C2E9eE6Bc45b65d3473CC":2088.842022951142,"0x32bd822d615A3658A68b6fDD30c2fcb2C996D678":29.91339137441806,"0x35282d87011f87508D457F08252Bc5bFa52E10A0":121.98828380666022,"0x35fA164735182de50811E8e2E824cFb9B6118ac2":353.4958418721213,"0x383E6b4437b59fff47B619CBA855CA29342A8559":1360.8608338299452,"0x38D64ce1Bdf1A9f24E0Ec469C9cAde61236fB4a0":490.40633880305296,"0x3A283D9c08E8b55966afb64C515f5143cf907611":10308.171593036834,"0x3Ed3B47Dd13EC9a98b44e6204A523E766B225811":315.78350155805066,"0x3f0e7916681452D23Cd36B1281457DA721F2E5dF":78.74614740802869,"0x40D16FC0246aD3160Ccc09B8D0D3A2cD28aE6C2f":1170.6791018733034,"0x4591DBfF62656E7859Afe5e45f6f47D3669fBB28":324.08213768320326,"0x4647B6D835f3B393C7A955df51EEfcf0db961606":476.5403818635744,"0x466a756E9A7401B5e2444a3fCB3c2C12FBEa0a54":505.94762189960437,"0x48759F220ED983dB51fA7A8C0D2AAb8f3ce4166a":38.35710118554446,"0x49446A0874197839D15395B908328a74ccc96Bc0":8.57634330982914,"0x4AE86d8732390d852A13cb918463BC6e5775FaDD":25.062654261731357,"0x4c9EDD5852cd905f086C759E8383e09bff1E68B3":6289.111798817246,"0x4de2ab8177fC5fFAFB7aD11FB8BeB1e5fB95F71C":68.23139784039505,"0x4eBdF703948ddCEA3B11f675B4D1Fba9d2414A14":3682.292167441475,"0x514910771AF9Ca656af840dff83E8264EcF986CA":116.09881091522804,"0x5228a22e72ccC52d415EcFd199F99D0665E7733b":54.66755826302068,"0x5426178799ee0a0181A89b4f57eFddfAb49941Ec":185.28378341646297,"0x57a5a0567187FF4A8dcC1A9bBa86155E355878F2":1.1817057157689674,"0x58efE15C0404aB22F87E4495D71f6f2077e862bE":0.00124688852224713,"0x59D9356E565Ab3A36dD77763Fc0d87fEaf85508C":1999.9623355682313,"0x5BC25f649fc4e26069dDF4cF4010F9f706c23831":0.6212048531970871,"0x5Be6C45e2d074fAa20700C49aDA3E88a1cc0025d":0.3056418138216496,"0x5Ca135cB8527d76e932f34B5145575F9d8cbE08E":52.89405714518877,"0x5E8422345238F34275888049021821E8E08CAa1f":16602.855258221643,"0x5ca0313D44551e32e0d7a298EC024321c4BC59B4":7.454784648557567,"0x5e74C9036fb86BD7eCdcb084a0673EFc32eA31cb":196.71352697233291,"0x63a0964A36c34E81959da5894ad888800e17405b":15.584500689800276,"0x65D72AA8DA931F047169112fcf34f52DbaAE7D18":93.62123750243181,"0x661c70333AA1850CcDBAe82776Bb436A0fCfeEfB":0.0013114726632807172,"0x6663b6D50992ef4fc0380199397c87C2f5256075":18.603074177467,"0x668308d77be3533c909a692302Cb4D135Bf8041C":0.05781149797027176,"0x66a1E37c9b0eAddca17d3662D6c05F4DECf3e110":0.10861926821382262,"0x674C6Ad92Fd080e4004b2312b45f796a192D27a0":1.0714590395814914,"0x6B175474E89094C44Da98b954EedeAC495271d0F":6433.6069793367,"0x6C5024Cd4F8A59110119C56f8933403A539555EB":110.84013838710311,"0x6ade6971Ca3d90990C30d39c78b0534C7166e07b":81.4091441703443,"0x6b5204B0Be36771253Cc38e88012E02B752f0f36":299.5736404598352,"0x6c3F90f043a72FA612cbac8115EE7e52BDe6E490":2728.7799013222825,"0x6c3ea9036406852006290770BEdFcAbA0e23A0e8":2044.7194506649964,"0x6e52cCe4EaFDf77091dD1c82183b2D97b776b397":1580.200671197821,"0x6ef3D766Dfe02Dc4bF04aAe9122EB9A0Ded25615":0.02998592968411028,"0x73968b9a57c6E53d41345FD57a6E6ae27d6CDB2F":79.15762293305828,"0x73A15FeD60Bf67631dC6cd7Bc5B6e8da8190aCF5":0.012580265090216095,"0x76237BCfDbe8e06FB774663add96216961df4ff3":12.104923822969237,"0x76Eb2FE28b36B3ee97F3Adae0C69606eeDB2A37c":190.12579771079524,"0x78da5799CF427Fee11e9996982F4150eCe7a99A7":251.71656199830846,"0x7F17A6C77C3938D235b014818092eb6305BdA110":29.477570297728736,"0x7F86Bf177Dd4F3494b841a37e810A34dD56c829B":3662.634255094112,"0x7FA768E035F956c41d6aeaa3Bd857e7E5141CAd5":0.04067249688331133,"0x7ea4aD8C803653498bF6AC1D2dEbc04DCe8Fd2aD":67.9357885372868,"0x7f39C581F595B53c5cb19bD0b3f8dA6c935E2Ca0":8639.086009055767,"0x8064d9Ae6cDf087b1bcd5BDf3531bD5d8C537a68":76.1559174316967,"0x808507121B80c02388fAd14726482e061B8da827":1867.7162568710844,"0x826180541412D574cf1336d22c0C0a287822678A":189.87725828828493,"0x830614aE209FF9d8706d386fcdBc7a55206fcffC":39.814972009850834,"0x83F20F44975D03b1b09e64809B757c47f942BEeA":8976.72283448234,"0x84CeCB5525c6B1C20070E742da870062E84Da178":7.7661535223925595,"0x853d955aCEf822Db058eb8505911ED77F175b99e":5336.604701714142,"0x856c4Efb76C1D1AE02e20CEB03A2A6a08b0b8dC3":1.848805669046721,"0x865377367054516e17014CcdED1e7d814EDC9ce4":340.291448189397,"0x8C0D76C9B18779665475F3E212D9Ca1Ed6A1A0e6":305.71362937086946,"0x8E870D67F660D95d5be530380D0eC0bd388289E1":667.9561170136604,"0x8dAEBADE922dF735c38C80C7eBD708Af50815fAa":16.640857627003246,"0x8e595470Ed749b85C6F7669de83EAe304C2ec68F":15.008014589332937,"0x917ceE801a67f933F2e6b33fC0cD1ED2d5909D88":242.0883489439978,"0x9181f633E9B9F15A32d5e37094F4C93b333e0E92":0.46976369584944483,"0x922406EAFC3CcEb32b0256F287fB977c426EDbd8":0.02907975615132293,"0x9559Aaa82d9649C7A7b220E7c461d2E74c9a3593":199.7531001302837,"0x95710BDE45C8D384A976Cc58Cc7a7e489576b098":0.6441861005509512,"0x961D4921e1718E633BAC8Ded88c4a1cAe44b785a":221.49678539577755,"0x9961BdBE8B7091E584c2bF9D0a160C583f564A8c":332.7138021864788,"0x99D8a9C45b2ecA8864373A26D1459e3Dff1e17F3":3958.5360337206944,"0x9BE89D2a4cd102D8Fecc6BF9dA793be995C22541":226.11013798818064,"0x9D39A5DE30e57443BfF2A8307A4256c8797A3497":8198.637902990724,"0x9EEAD9ce15383CaEED975427340b3A369410CFBF":0.0000039930181573799996,"0x9FeE65D5A627e73212989c8BbEdC5Fa5Cae3821F":16.299513869038595,"0x9de1c3D446237ab9BaFF74127eb4F303802a2683":83.43898693208713,"0xA0b86991c6218b36c1d19D4a2e9Eb0cE3606eB48":12759.719347266913,"0xA0d69E286B938e21CBf7E51D71F6A4c8918f482F":883.472300275096,"0xA1290d69c65A6Fe4DF752f95823fae25cB99e5A7":5791.547651525417,"0xA35b1B31Ce002FBF2058D22F30f95D405200A15b":527.3226705644988,"0xA5588F7cdf560811710A2D82D3C9c99769DB1Dcb":4619.399589203079,"0xA663B02CF0a4b149d2aD41910CB81e23e1c41c32":60.015029210278435,"0xAB846Fb6C81370327e784Ae7CbB6d6a6af6Ff4BF":50.305552294374195,"0xBC6DA0FE9aD5f3b0d58160288917AA56653660E9":0.47421868466495415,"0xBcca60bB61934080951369a648Fb03DF4F96263C":546.5053238271396,"0xC02aaA39b223FE8D0A0e5C4F27eAD9083C756Cc2":17544.117020979236,"0xC272B96bCcdaf1BF98F2197D355066Da3C15982a":86.59231988340197,"0xC3ADe5aCe1bBb033CcAE8177C12Ecbfa16bD6A9D":0.34955746033116436,"0xC975342A95cCb75378ddc646B8620fa3Cd5bc051":87.24424757772162,"0xCFC5bD99915aAa815401C5a41A927aB7a38d29cf":24.056703445976158,"0xCb08717451aaE9EF950a2524E33B6DCaBA60147B":178.7911308475156,"0xCd5fE23C85820F7B72D0926FC9b05b43E359b7ee":8384.32322684694,"0xCeA18a8752bb7e7817F9AE7565328FE415C0f2cA":0.6095808889027997,"0xD60EeA80C83779a8A5BFCDAc1F3323548e6BB62d":22.48758393039751,"0xD71eCFF9342A5Ced620049e616c5035F1dB98620":251.65467340137096,"0xD8eb58D76aF99547333cfEeb6a0f9bd1A63b6492":203.24242575392032,