{"0x0000000000085d4780B73119b644AE5ecd22b376":0.00846900312465451,"0x005F893EcD7bF9667195642f7649DA8163e23658":194.81284421196438,"0x0100546F2cD4C9D97f798fFC9755E47865FF7Ee6":456.94310521514717,"0x028171bCA77440897B824Ca71D1c56caC55b68A3":821.9730329790332,"0x0316EB71485b0Ab14103307bf65a021042c6d380":0.022455304152632482,"0x03ab458634910AaD20eF5f1C8ee96F1D6ac54919":195.6256314998735,"0x04C154b66CB340F3Ae24111CC767e0184Ed00Cc6":423.66672125554317,"0x056Fd409E1d7A124BD7017459dFEa2F387b6d5Cd":288.1371886823784,"0x075b1bb99792c9E1041bA13afEf80C91a1e70fB3":342.0143262015561,"0x085780639CC2cACd35E474e71f4d000e2405d8f6":664.9047294994252,"0x0E2EC54fC0B509F445631Bf4b91AB8168230C752":0.47149478684084495,"0x0E573Ce2736Dd9637A0b21058352e1667925C7a8":146.96335621119798,"0x0a5E677a6A24b2F1A2Bf4F3bFfC443231d2fDEc8":0.05722436898822774,"0x0bc529c00C6401aEF6D220BE8C6Ea1667F6Ad93e":23.665818916577262,"0x0d86883FAf4FfD7aEb116390af37746F45b6f378":0.09944014700762124,"0x0dE54CFdfeD8005176f8b7A9D5438B45c4F1df1e":4.328803105006938,"0x127091edE112aEd7Bae281747771b3150Bb047bB":0.4482945903083768,"0x137469B55D1f15651BA46A89D0588e97dD0B6562":3.557702435240014,"0x1456688345527bE1f37E9e627DA0837D6f08C925":5.61443413286125,"0x15700B564Ca08D9439C58cA5053166E8317aa138":190.73553871514468,"0x16eAd9a10b1A77007E6E329B076aD1Fe97a6F7C0":130.08688557552293,"0x18084fbA666a33d37592fA2633fD49a74DD93a88":2.9010629793960176,"0x1830c553dC76d3447B69b7B0dC19CF9e3c739C78":116.33952803577581,"0x183395DbD0B5e93323a7286D1973150697FFFCB3":353.66868992565537,"0x196f4727526eA7FB1e17b2071B3d8eAA38486988":1.7042084964534567,"0x1aBaEA1f7C830bD89Acc67eC4af516284b1bC33c":493.84000572637854,"0x1c48f86ae57291F7686349F12601910BD8D470bb":1.1085301443215025,"0x1ce0D1E19c9514230FF8CD1DAbaC2555fb92122b":0,"0x2191DF768ad71140F9F3E96c1e4407A4aA31d082":14.276521022191934,"0x2260FAC5E5542a773Aa44fBCfeDf7C193bc2C599":13.61959613369163,"0x22CF19EB64226e0E1A79c69b345b31466fD273A7":3.2231574999052284,"0x2302aaBe69e6E7A1b0Aa23aAC68fcCB8A4D2B460":175.46659442749427,"0x2570f1bD5D2735314FC102eb12Fc1aFe9e6E7193":120.90724991069297,"0x25eC98773D7b4ceD4cAFaB96A2A1c0945f145e10":5.858342808825593,"0x2b01d4FdB87eb7F2399E5D68631d8A939a323786":22.667864951015847,"0x31429d1856aD1377A8A0079410B297e1a9e214c2":447.9512810253896,"0x32bd822d615A3658A68b6fDD30c2fcb2C996D678":79.92015360079235,"0x34635280737b5BFe6c7DC2FC3065D60d66e78185":308.2444273036763,"0x35282d87011f87508D457F08252Bc5bFa52E10A0":158.03521588995363,"0x3570E17b1F2DdFD73FBE437F34A34d1D54219138":0.0731280963890228,"0x35D8949372D46B7a3D5A56006AE77B215fc69bC0":806.9753050224203,"0x35fA164735182de50811E8e2E824cFb9B6118ac2":1122.3847759890323,"0x365AccFCa291e7D3914637ABf1F7635dB165Bb09":349.6843286110603,"0x383E6b4437b59fff47B619CBA855CA29342A8559":173.05203413376952,"0x38D64ce1Bdf1A9f24E0Ec469C9cAde61236fB4a0":271.8119028995401,"0x393DaD6c76D962Abba489a77dBf37ae948A4A6ee":174.76985579261392,"0x3A2725556Dde7B21fBe3dD64A4913ff29faba6A1":0.036916605506248784,"0x3A283D9c08E8b55966afb64C515f5143cf907611":6428.914922300713,"0x3Ed3B47Dd13EC9a98b44e6204A523E766B225811":0.00009196494800000001,"0x3f0e7916681452D23Cd36B1281457DA721F2E5dF":29.12084809927459,"0x401322B9FDdba8c0a8D40fbCECE1D1752C12316B":368.65253160101423,"0x40D16FC0246aD3160Ccc09B8D0D3A2cD28aE6C2f":831.3804782594731,"0x4591DBfF62656E7859Afe5e45f6f47D3669fBB28":367.48513777094047,"0x4647B6D835f3B393C7A955df51EEfcf0db961606":527.4153170530194,"0x466a756E9A7401B5e2444a3fCB3c2C12FBEa0a54":8.021601963702787,"0x48759F220ED983dB51fA7A8C0D2AAb8f3ce4166a":1575.6434071980866,"0x49446A0874197839D15395B908328a74ccc96Bc0":29.31709387566165,"0x4AE86d8732390d852A13cb918463BC6e5775FaDD":134.2573718963349,"0x4D1941a887eC788F059b3bfcC8eE1E97b968825B":16.061475314097017,"0x4Fabb145d64652a948d72533023f6E7A623C7C53":0.034843549782457656,"0x4c9EDD5852cd905f086C759E8383e09bff1E68B3":8501.087417730898,"0x4de2ab8177fC5fFAFB7aD11FB8BeB1e5fB95F71C":325.2545385732097,"0x4eBdF703948ddCEA3B11f675B4D1Fba9d2414A14":3607.3028471440252,"0x514910771AF9Ca656af840dff83E8264EcF986CA":113.97419291677579,"0x5228a22e72ccC52d415EcFd199F99D0665E7733b":61.02400540495713,"0x5426178799ee0a0181A89b4f57eFddfAb49941Ec":88.84858778773048,"0x5555f75e3d5278082200Fb451D1b6bA946D8e13b":96.88284588800401,"0x57a5a0567187FF4A8dcC1A9bBa86155E355878F2":1.1198299031480685,"0x58efE15C0404aB22F87E4495D71f6f2077e862bE":0.001248567846,"0x5905c0290e59aFBDc42a5480add9bD7B20CB3759":0.2010895399495039,"0x59D9356E565Ab3A36dD77763Fc0d87fEaf85508C":625.2279601059244,"0x5BC25f649fc4e26069dDF4cF4010F9f706c23831":3.076131139252767,"0x5Be6C45e2d074fAa20700C49aDA3E88a1cc0025d":212.80003282058357,"0x5Ca135cB8527d76e932f34B5145575F9d8cbE08E":56.20710800344421,"0x5E8422345238F34275888049021821E8E08CAa1f":16674.934493714612,"0x5Ea630e00D6eE438d3deA1556A110359ACdc10A9":421.7128198973945,"0x5b6C539b224014A09B3388e51CaAA8e354c959C8":99.75568629067347,"0x5e74C9036fb86BD7eCdcb084a0673EFc32eA31cb":206.65361776032313,"0x62B9c7356A2Dc64a1969e19C23e4f579F9810Aa7":266.89416574524193,"0x6359B6d3e327c497453d4376561eE276c6933323":297.63664720744316,"0x63a0964A36c34E81959da5894ad888800e17405b":171.29289411410585,"0x65D72AA8DA931F047169112fcf34f52DbaAE7D18":149.33516555342564,"0x65f228ED6a6001eD6485535e0Dc33E525734f54c":61.07483057652967,"0x661c70333AA1850CcDBAe82776Bb436A0fCfeEfB":66.77143564844961,"0x6663b6D50992ef4fc0380199397c87C2f5256075":41.77108649433421,"0x668308d77be3533c909a692302Cb4D135Bf8041C":0.0547384327972334,"0x66a1E37c9b0eAddca17d3662D6c05F4DECf3e110":19.60942975313638,"0x674C6Ad92Fd080e4004b2312b45f796a192D27a0":3.532619054969835,"0x677ddbd918637E5F2c79e164D402454dE7dA8619":0.19213140829163947,"0x68749665FF8D2d112Fa859AA293F07A622782F38":20.528431543101952,"0x6B175474E89094C44Da98b954EedeAC495271d0F":4801.538273273924,"0x6C280dB098dB673d30d5B34eC04B6387185D3620":66.32556291626288,"0x6C5024Cd4F8A59110119C56f8933403A539555EB":126.24268836163112,"0x6C9815826FdF8c7a45cCfEd2064dbaB33a078712":18.93319535902664,"0x6ade6971Ca3d90990C30d39c78b0534C7166e07b":220.27199543871217,"0x6b5204B0Be36771253Cc38e88012E02B752f0f36":237.54108925191534,"0x6c3F90f043a72FA612cbac8115EE7e52BDe6E490":1122.3903882042255,"0x6c3ea9036406852006290770BEdFcAbA0e23A0e8":849.9871751432559,"0x6e52cCe4EaFDf77091dD1c82183b2D97b776b397":810.6138748547166,"0x6ef3D766Dfe02Dc4bF04aAe9122EB9A0Ded25615":0.08297960519557086,"0x7223442cad8e9cA474fC40109ab981608F8c4273":65.10331491927927,"0x73968b9a57c6E53d41345FD57a6E6ae27d6CDB2F":112.55900981122744,"0x73A15FeD60Bf67631dC6cd7Bc5B6e8da8190aCF5":1658.3550348926467,"0x76237BCfDbe8e06FB774663add96216961df4ff3":27.847133137473907,"0x76Eb2FE28b36B3ee97F3Adae0C69606eeDB2A37c":840.3107026318801,"0x77E06c9eCCf2E797fd462A92B6D7642EF85b0A44":0.36951491387823593,"0x78da5799CF427Fee11e9996982F4150eCe7a99A7":92.60788141172539,"0x7988292D0FB141085c092132e2a70B30aA1eccAB":476.70195741230975,"0x7F17A6C77C3938D235b014818092eb6305BdA110":104.54943256763444,"0x7F86Bf177Dd4F3494b841a37e810A34dD56c829B":3372.9634437894147,"0x7FA768E035F956c41d6aeaa3Bd857e7E5141CAd5":0.4698864351295494,"0x7f39C581F595B53c5cb19bD0b3f8dA6c935E2Ca0":2453.3030625790143,"0x8064d9Ae6cDf087b1bcd5BDf3531bD5d8C537a68":83.51292996277952,"0x808507121B80c02388fAd14726482e061B8da827":316.2909426015921,"0x80d69e79258FE9D056c822461c4eb0B4ca8802E2":0.24549887023638609,"0x826180541412D574cf1336d22c0C0a287822678A":234.56291696041347,"0x830614aE209FF9d8706d386fcdBc7a55206fcffC":63.730420694687275,"0x83F20F44975D03b1b09e64809B757c47f942BEeA":6848.617556822789,"0x84CeCB5525c6B1C20070E742da870062E84Da178":24.7699881673145,"0x853d955aCEf822Db058eb8505911ED77F175b99e":2749.29104266318,"0x856c4Efb76C1D1AE02e20CEB03A2A6a08b0b8dC3":0.9656761252462984,"0x865377367054516e17014CcdED1e7d814EDC9ce4":293.2391808074602,"0x8C0D76C9B18779665475F3E212D9Ca1Ed6A1A0e6":410.75930082969273,"0x8C88538688aca3b733aD08b12BEe4574c0C00907":469.70930761553535,"0x8Cd52ee292313C4D851e71A7064F096504aB3eE9":74.4625229725167,