{"0x0000000000085d4780B73119b644AE5ecd22b376":0.005459530451226154,"0x005F893EcD7bF9667195642f7649DA8163e23658":20.471344080983894,"0x0100546F2cD4C9D97f798fFC9755E47865FF7Ee6":146.7965912040635,"0x028171bCA77440897B824Ca71D1c56caC55b68A3":118.498292982704,"0x0316EB71485b0Ab14103307bf65a021042c6d380":52.05438978358882,"0x03ab458634910AaD20eF5f1C8ee96F1D6ac54919":170.72521837441096,"0x04C154b66CB340F3Ae24111CC767e0184Ed00Cc6":224.58824045607,"0x056Fd409E1d7A124BD7017459dFEa2F387b6d5Cd":106.11798807303082,"0x067079c14B85169e6a29703769dadDef90816f4C":496.523181024693,"0x075b1bb99792c9E1041bA13afEf80C91a1e70fB3":755.4595622897418,"0x085780639CC2cACd35E474e71f4d000e2405d8f6":828.9428994609151,"0x09b2E090531228d1b8E3d948C73b990Cb6e60720":504.7885776516947,"0x0E2EC54fC0B509F445631Bf4b91AB8168230C752":0.4500148522214166,"0x0E573Ce2736Dd9637A0b21058352e1667925C7a8":143.78963782371846,"0x0a5E677a6A24b2F1A2Bf4F3bFfC443231d2fDEc8":1.741762601859959e-10,"0x0bc529c00C6401aEF6D220BE8C6Ea1667F6Ad93e":7.754477188267435,"0x0d86883FAf4FfD7aEb116390af37746F45b6f378":146.0977941359335,"0x0dE54CFdfeD8005176f8b7A9D5438B45c4F1df1e":4.064290846158546,"0x127091edE112aEd7Bae281747771b3150Bb047bB":0.24474558058400422,"0x137469B55D1f15651BA46A89D0588e97dD0B6562":0.392837912282764,"0x1456688345527bE1f37E9e627DA0837D6f08C925":5.348855142082875,"0x16eAd9a10b1A77007E6E329B076aD1Fe97a6F7C0":52.14252767720642,"0x18084fbA666a33d37592fA2633fD49a74DD93a88":9.690018770883285,"0x1830c553dC76d3447B69b7B0dC19CF9e3c739C78":92.81714492408473,"0x196f4727526eA7FB1e17b2071B3d8eAA38486988":1.3969622938466382,"0x1c48f86ae57291F7686349F12601910BD8D470bb":0.9956180026979726,"0x1ce0D1E19c9514230FF8CD1DAbaC2555fb92122b":0,"0x2260FAC5E5542a773Aa44fBCfeDf7C193bc2C599":315.9382786080009,"0x22CF19EB64226e0E1A79c69b345b31466fD273A7":3.2597278375012095,"0x2570f1bD5D2735314FC102eb12Fc1aFe9e6E7193":295.5379529967547,"0x25eC98773D7b4ceD4cAFaB96A2A1c0945f145e10":0,"0x2889302a794dA87fBF1D6Db415C1492194663D13":1795.1450915560492,"0x29059568bB40344487d62f7450E78b8E6C74e0e5":677.5802994103558,"0x2b01d4FdB87eb7F2399E5D68631d8A939a323786":17.67171467917362,"0x31429d1856aD1377A8A0079410B297e1a9e214c2":476.19266395989075,"0x32bd822d615A3658A68b6fDD30c2fcb2C996D678":44.06361203222854,"0x35282d87011f87508D457F08252Bc5bFa52E10A0":707.6283846125292,"0x35fA164735182de50811E8e2E824cFb9B6118ac2":901.4122745262576,"0x365AccFCa291e7D3914637ABf1F7635dB165Bb09":507.3689541419186,"0x383E6b4437b59fff47B619CBA855CA29342A8559":35.12968003157078,"0x38D64ce1Bdf1A9f24E0Ec469C9cAde61236fB4a0":1275.2924718223267,"0x3A283D9c08E8b55966afb64C515f5143cf907611":8698.657130534953,"0x3Ed3B47Dd13EC9a98b44e6204A523E766B225811":574.6452104279999,"0x3f0e7916681452D23Cd36B1281457DA721F2E5dF":491.23453762390795,"0x40D16FC0246aD3160Ccc09B8D0D3A2cD28aE6C2f":1069.0782629225987,"0x4591DBfF62656E7859Afe5e45f6f47D3669fBB28":292.0436980467648,"0x4647B6D835f3B393C7A955df51EEfcf0db961606":182.06146212219167,"0x466a756E9A7401B5e2444a3fCB3c2C12FBEa0a54":526.7514532769169,"0x48759F220ED983dB51fA7A8C0D2AAb8f3ce4166a":982.9264200806284,"0x49446A0874197839D15395B908328a74ccc96Bc0":16.75618695733553,"0x4D1941a887eC788F059b3bfcC8eE1E97b968825B":14.196739359367578,"0x4DEcE678ceceb27446b35C672dC7d61F30bAD69E":608.3520895721881,"0x4Fabb145d64652a948d72533023f6E7A623C7C53":0.0038620160884548045,"0x4c9EDD5852cd905f086C759E8383e09bff1E68B3":10757.731601313595,"0x4de2ab8177fC5fFAFB7aD11FB8BeB1e5fB95F71C":67.27539231703113,"0x4eBdF703948ddCEA3B11f675B4D1Fba9d2414A14":4026.9611698807453,"0x514910771AF9Ca656af840dff83E8264EcF986CA":105.76413232364298,"0x5228a22e72ccC52d415EcFd199F99D0665E7733b":51.322609745644456,"0x5426178799ee0a0181A89b4f57eFddfAb49941Ec":33.82368949944168,"0x5555f75e3d5278082200Fb451D1b6bA946D8e13b":60.362871987409115,"0x57a5a0567187FF4A8dcC1A9bBa86155E355878F2":1.0404281090237868,"0x58efE15C0404aB22F87E4495D71f6f2077e862bE":0.001248567846,"0x5905c0290e59aFBDc42a5480add9bD7B20CB3759":0.07186193013842475,"0x59D9356E565Ab3A36dD77763Fc0d87fEaf85508C":507.20829377003594,"0x5BC25f649fc4e26069dDF4cF4010F9f706c23831":2.64711664633704,"0x5Be6C45e2d074fAa20700C49aDA3E88a1cc0025d":530.9105379399185,"0x5Ca135cB8527d76e932f34B5145575F9d8cbE08E":54.40338582239883,"0x5E8422345238F34275888049021821E8E08CAa1f":14663.191100251974,"0x5b6C539b224014A09B3388e51CaAA8e354c959C8":239.95494685896588,"0x5e74C9036fb86BD7eCdcb084a0673EFc32eA31cb":185.41121229945918,"0x6359B6d3e327c497453d4376561eE276c6933323":2.0510203877656554,"0x63a0964A36c34E81959da5894ad888800e17405b":21.719395272642373,"0x65D72AA8DA931F047169112fcf34f52DbaAE7D18":119.10792890409037,"0x661c70333AA1850CcDBAe82776Bb436A0fCfeEfB":28.773218336984225,"0x6663b6D50992ef4fc0380199397c87C2f5256075":532.5915054440077,"0x668308d77be3533c909a692302Cb4D135Bf8041C":0.05088520818566384,"0x66a1E37c9b0eAddca17d3662D6c05F4DECf3e110":0.1087300620832781,"0x674C6Ad92Fd080e4004b2312b45f796a192D27a0":2.5313298880918293,"0x68749665FF8D2d112Fa859AA293F07A622782F38":20.168747607055533,"0x6B175474E89094C44Da98b954EedeAC495271d0F":6822.471090870705,"0x6C280dB098dB673d30d5B34eC04B6387185D3620":60.3452688777816,"0x6C5024Cd4F8A59110119C56f8933403A539555EB":114.75463884764415,"0x6ade6971Ca3d90990C30d39c78b0534C7166e07b":111.38903960949484,"0x6b5204B0Be36771253Cc38e88012E02B752f0f36":39.789075948702646,"0x6c38cE8984a890F5e46e6dF6117C26b3F1EcfC9C":1.0995919219249566,"0x6c3F90f043a72FA612cbac8115EE7e52BDe6E490":1290.460184832132,"0x6c3ea9036406852006290770BEdFcAbA0e23A0e8":2102.9136113962427,"0x6e52cCe4EaFDf77091dD1c82183b2D97b776b397":921.822417641371,"0x6ef3D766Dfe02Dc4bF04aAe9122EB9A0Ded25615":0.02636640599096839,"0x73968b9a57c6E53d41345FD57a6E6ae27d6CDB2F":72.98771868590819,"0x73A15FeD60Bf67631dC6cd7Bc5B6e8da8190aCF5":0.012579334139626103,"0x76237BCfDbe8e06FB774663add96216961df4ff3":22.147759775643387,"0x76Eb2FE28b36B3ee97F3Adae0C69606eeDB2A37c":734.317243209879,"0x77E06c9eCCf2E797fd462A92B6D7642EF85b0A44":0.4531400742,"0x78da5799CF427Fee11e9996982F4150eCe7a99A7":288.8298144837307,"0x7988292D0FB141085c092132e2a70B30aA1eccAB":482.7170823916838,"0x7F17A6C77C3938D235b014818092eb6305BdA110":50.9250563334604,"0x7F86Bf177Dd4F3494b841a37e810A34dD56c829B":11226.785631166658,"0x7FA768E035F956c41d6aeaa3Bd857e7E5141CAd5":0.035758162808016775,"0x7f39C581F595B53c5cb19bD0b3f8dA6c935E2Ca0":5213.777634727391,"0x8064d9Ae6cDf087b1bcd5BDf3531bD5d8C537a68":70.1235379717859,"0x80d69e79258FE9D056c822461c4eb0B4ca8802E2":0.02434252628684209,"0x826180541412D574cf1336d22c0C0a287822678A":849.9998210022333,"0x830614aE209FF9d8706d386fcdBc7a55206fcffC":44.73308458591416,"0x83F20F44975D03b1b09e64809B757c47f942BEeA":9574.705867574467,"0x84CeCB5525c6B1C20070E742da870062E84Da178":9.143022604602137,"0x853d955aCEf822Db058eb8505911ED77F175b99e":4294.506368692328,"0x856c4Efb76C1D1AE02e20CEB03A2A6a08b0b8dC3":0.5295963703443736,"0x865377367054516e17014CcdED1e7d814EDC9ce4":476.8740500603108,"0x8C0D76C9B18779665475F3E212D9Ca1Ed6A1A0e6":326.2219282647587,"0x8C88538688aca3b733aD08b12BEe4574c0C00907":171.63016225495912,"0x8Cd52ee292313C4D851e71A7064F096504aB3eE9":116.86310295766346,"0x8E870D67F660D95d5be530380D0eC0bd388289E1":668.5520909298675,"0x8c9532a60E0E7C6BbD2B2c1303F63aCE1c3E9811":0.0430325841880475,"0x8dAEBADE922dF735c38C80C7eBD708Af50815fAa":17.273589692088922,"0x8e595470Ed749b85C6F7669de83EAe304C2ec68F":17.817765529036876,"0x917ceE801a67f933F2e6b33fC0cD1ED2d5909D88":337.6737253139455,"0x9181f633E9B9F15A32d5e37094F4C93b333e0E92":0.413060738084383,"0x922406EAFC3CcEb32b0256F287fB977c426EDbd8":0.02910941809583617,"0x9559Aaa82d9649C7A7b220E7c461d2E74c9a3593":173.92975268651867,"0x95710BDE45C8D384A976Cc58Cc7a7e489576b098":0.6100224691747995,"0x961D4921e1718E633BAC8Ded88c4a1cAe44b785a":228.36076973537465,"0x96E61422b6A9bA0e068B6c5ADd4fFaBC6a4aae27":544.4508593528826,"0x9961BdBE8B7091E584c2bF9D0a160C583f564A8c":395.46126410283057,"0x99D8a9C45b2ecA8864373A26D1459e3Dff1e17F3":53.93799950279792,"0x9BE89D2a4cd102D8Fecc6BF9dA793be995C22541":220.84189092404344,