{"0x0000000000085d4780B73119b644AE5ecd22b376":215.804284600807,"0x0000000016E6Cb3038203c1129c8B4aEE7af7a11":1.0219786251288776,"0x005F893EcD7bF9667195642f7649DA8163e23658":167.05577098777707,"0x0100546F2cD4C9D97f798fFC9755E47865FF7Ee6":379.0970098819434,"0x028171bCA77440897B824Ca71D1c56caC55b68A3":1193.8535184756436,"0x0316EB71485b0Ab14103307bf65a021042c6d380":0.026706060559124337,"0x03ab458634910AaD20eF5f1C8ee96F1D6ac54919":263.134940769329,"0x04C154b66CB340F3Ae24111CC767e0184Ed00Cc6":305.44577423500704,"0x051d7e5609917Bd9b73f04BAc0DED8Dd46a74301":380.93656613031675,"0x056Fd409E1d7A124BD7017459dFEa2F387b6d5Cd":440.4714894900312,"0x067079c14B85169e6a29703769dadDef90816f4C":608.0739970715716,"0x075b1bb99792c9E1041bA13afEf80C91a1e70fB3":602.4042060392914,"0x085780639CC2cACd35E474e71f4d000e2405d8f6":517.2501549505624,"0x09db87A538BD693E9d08544577d5cCfAA6373A48":105.21657591673053,"0x0E2EC54fC0B509F445631Bf4b91AB8168230C752":0.471436823355336,"0x0E573Ce2736Dd9637A0b21058352e1667925C7a8":143.50760645940613,"0x0a5E677a6A24b2F1A2Bf4F3bFfC443231d2fDEc8":0.12763399094791603,"0x0bc529c00C6401aEF6D220BE8C6Ea1667F6Ad93e":22.03646261902491,"0x0d86883FAf4FfD7aEb116390af37746F45b6f378":325.91344009195706,"0x0dE54CFdfeD8005176f8b7A9D5438B45c4F1df1e":4.501486997133059,"0x127091edE112aEd7Bae281747771b3150Bb047bB":3.091007569205921,"0x1456688345527bE1f37E9e627DA0837D6f08C925":5.166337757595568,"0x15700B564Ca08D9439C58cA5053166E8317aa138":323.20501512858016,"0x16eAd9a10b1A77007E6E329B076aD1Fe97a6F7C0":191.1262557404044,"0x18084fbA666a33d37592fA2633fD49a74DD93a88":22.100594317108786,"0x183395DbD0B5e93323a7286D1973150697FFFCB3":552.9545569719829,"0x196f4727526eA7FB1e17b2071B3d8eAA38486988":1.8705800397047272,"0x1BED97CBC3c24A4fb5C069C6E311a967386131f7":271.43126438706446,"0x1aBaEA1f7C830bD89Acc67eC4af516284b1bC33c":117.46049216896077,"0x1bEFB9B02f7Fc821B96aC1FE2cAF881FdF72b771":3.1765772084234793,"0x1c48f86ae57291F7686349F12601910BD8D470bb":1.1867896470917925,"0x1ce0D1E19c9514230FF8CD1DAbaC2555fb92122b":0,"0x2191DF768ad71140F9F3E96c1e4407A4aA31d082":25.868933480503564,"0x2260FAC5E5542a773Aa44fBCfeDf7C193bc2C599":29.602826326159626,"0x22CF19EB64226e0E1A79c69b345b31466fD273A7":3.506607241571467,"0x2302aaBe69e6E7A1b0Aa23aAC68fcCB8A4D2B460":122.63809035568525,"0x2570f1bD5D2735314FC102eb12Fc1aFe9e6E7193":49.63136827972218,"0x25eC98773D7b4ceD4cAFaB96A2A1c0945f145e10":0,"0x2889302a794dA87fBF1D6Db415C1492194663D13":1400.1892055645178,"0x2b01d4FdB87eb7F2399E5D68631d8A939a323786":252.79679580344342,"0x2bd1F344a2398340C2b1119Da98816eA723F5F0f":0.241663622098899,"0x3175Df0976dFA876431C2E9eE6Bc45b65d3473CC":0.00003875337550168992,"0x3231Cb76718CDeF2155FC47b5286d82e6eDA273f":334.8079065965452,"0x32bd822d615A3658A68b6fDD30c2fcb2C996D678":301.8777819610334,"0x3432B6A60D23Ca0dFCa7761B7ab56459D9C964D0":301.07138999615506,"0x34635280737b5BFe6c7DC2FC3065D60d66e78185":286.268910119332,"0x35282d87011f87508D457F08252Bc5bFa52E10A0":161.17992484926475,"0x3570E17b1F2DdFD73FBE437F34A34d1D54219138":1.2067015508544487,"0x35D8949372D46B7a3D5A56006AE77B215fc69bC0":1935.6901426401178,"0x35fA164735182de50811E8e2E824cFb9B6118ac2":970.5613745634453,"0x365AccFCa291e7D3914637ABf1F7635dB165Bb09":550.3672002218804,"0x383E6b4437b59fff47B619CBA855CA29342A8559":198.64409030317955,"0x38D64ce1Bdf1A9f24E0Ec469C9cAde61236fB4a0":244.18928341689798,"0x393DaD6c76D962Abba489a77dBf37ae948A4A6ee":142.63271717150627,"0x3A2725556Dde7B21fBe3dD64A4913ff29faba6A1":0.029226707277607584,"0x3A283D9c08E8b55966afb64C515f5143cf907611":3431.775146035624,"0x3Ed3B47Dd13EC9a98b44e6204A523E766B225811":3.4022851242307723,"0x3f0e7916681452D23Cd36B1281457DA721F2E5dF":66.76575591634733,"0x401322B9FDdba8c0a8D40fbCECE1D1752C12316B":294.8745346577815,"0x40D16FC0246aD3160Ccc09B8D0D3A2cD28aE6C2f":311.8993934847704,"0x4591DBfF62656E7859Afe5e45f6f47D3669fBB28":227.3555606937047,"0x4647B6D835f3B393C7A955df51EEfcf0db961606":297.71871102652494,"0x466a756E9A7401B5e2444a3fCB3c2C12FBEa0a54":58.976605749587826,"0x48759F220ED983dB51fA7A8C0D2AAb8f3ce4166a":2408.1875738371427,"0x49446A0874197839D15395B908328a74ccc96Bc0":40.68525173095425,"0x4AE86d8732390d852A13cb918463BC6e5775FaDD":181.5536589557554,"0x4D1941a887eC788F059b3bfcC8eE1E97b968825B":321.4311593037961,"0x4Fabb145d64652a948d72533023f6E7A623C7C53":0.03964119309368833,"0x4c9EDD5852cd905f086C759E8383e09bff1E68B3":3493.446698002713,"0x4de2ab8177fC5fFAFB7aD11FB8BeB1e5fB95F71C":497.52223429530505,"0x4eBdF703948ddCEA3B11f675B4D1Fba9d2414A14":1901.6098773715657,"0x514910771AF9Ca656af840dff83E8264EcF986CA":89.11602128950788,"0x5228a22e72ccC52d415EcFd199F99D0665E7733b":63.550224113961264,"0x527331F3F550f6f85ACFEcAB9Cc0889180C6f1d5":322.3707551915104,"0x5426178799ee0a0181A89b4f57eFddfAb49941Ec":169.19277964636652,"0x5555f75e3d5278082200Fb451D1b6bA946D8e13b":119.25967212437104,"0x57Ab1ec28D129707052df4dF418D58a2D46d5f51":159.58441695276557,"0x57a5a0567187FF4A8dcC1A9bBa86155E355878F2":0.8292694601148738,"0x58efE15C0404aB22F87E4495D71f6f2077e862bE":0.0012498164138459997,"0x5905c0290e59aFBDc42a5480add9bD7B20CB3759":0.1780907818744321,"0x59D9356E565Ab3A36dD77763Fc0d87fEaf85508C":228.2629391301894,"0x5BC25f649fc4e26069dDF4cF4010F9f706c23831":2.130610936657025,"0x5Be6C45e2d074fAa20700C49aDA3E88a1cc0025d":515.7774631925994,"0x5Ca135cB8527d76e932f34B5145575F9d8cbE08E":56.91644539254484,"0x5E8422345238F34275888049021821E8E08CAa1f":14401.537575448256,"0x5Ea630e00D6eE438d3deA1556A110359ACdc10A9":313.52322146793074,"0x5b6C539b224014A09B3388e51CaAA8e354c959C8":72.73074541890472,"0x5ca0313D44551e32e0d7a298EC024321c4BC59B4":0.4150400825512311,"0x5e74C9036fb86BD7eCdcb084a0673EFc32eA31cb":8.210442427019945,"0x6359B6d3e327c497453d4376561eE276c6933323":337.3456590789744,"0x63a0964A36c34E81959da5894ad888800e17405b":300.7086119890835,"0x65D72AA8DA931F047169112fcf34f52DbaAE7D18":363.4008448944947,"0x65f228ED6a6001eD6485535e0Dc33E525734f54c":71.94164804244667,"0x661c70333AA1850CcDBAe82776Bb436A0fCfeEfB":91.54770911934551,"0x6663b6D50992ef4fc0380199397c87C2f5256075":127.51940710201221,"0x668308d77be3533c909a692302Cb4D135Bf8041C":0.04381264815985834,"0x66a1E37c9b0eAddca17d3662D6c05F4DECf3e110":35.76207451832408,"0x674C6Ad92Fd080e4004b2312b45f796a192D27a0":3.9583739179129016,"0x677ddbd918637E5F2c79e164D402454dE7dA8619":3.6217293270519786,"0x68749665FF8D2d112Fa859AA293F07A622782F38":20.977794557596784,"0x69000405f9DcE69BD4Cbf4f2865b79144A69BFE0":0.0021106138485873062,"0x6B175474E89094C44Da98b954EedeAC495271d0F":6182.073049400411,"0x6C280dB098dB673d30d5B34eC04B6387185D3620":316.7118221144623,"0x6C5024Cd4F8A59110119C56f8933403A539555EB":130.48448655244468,"0x6C9815826FdF8c7a45cCfEd2064dbaB33a078712":63.13153665341229,"0x6ade6971Ca3d90990C30d39c78b0534C7166e07b":215.02885225316723,"0x6b5204B0Be36771253Cc38e88012E02B752f0f36":188.3595180245572,"0x6c3F90f043a72FA612cbac8115EE7e52BDe6E490":983.9340405820994,"0x6c3ea9036406852006290770BEdFcAbA0e23A0e8":451.6832123080074,"0x6e52cCe4EaFDf77091dD1c82183b2D97b776b397":297.35316228949887,"0x6ef3D766Dfe02Dc4bF04aAe9122EB9A0Ded25615":0.04248892761416159,"0x7223442cad8e9cA474fC40109ab981608F8c4273":135.6033979153466,"0x73968b9a57c6E53d41345FD57a6E6ae27d6CDB2F":147.8396585921915,"0x73A15FeD60Bf67631dC6cd7Bc5B6e8da8190aCF5":1888.8248025457015,"0x752B4c6e92d96467fE9b9a2522EF07228E00F87c":49.9664858704108,"0x76237BCfDbe8e06FB774663add96216961df4ff3":36.22991598536651,"0x76Eb2FE28b36B3ee97F3Adae0C69606eeDB2A37c":1187.3758113013143,"0x77E06c9eCCf2E797fd462A92B6D7642EF85b0A44":0.22680677732341842,"0x78da5799CF427Fee11e9996982F4150eCe7a99A7":95.40764212829879,"0x7988292D0FB141085c092132e2a70B30aA1eccAB":467.40490928619835,"0x7F86Bf177Dd4F3494b841a37e810A34dD56c829B":9114.188546887113,"0x7FA768E035F956c41d6aeaa3Bd857e7E5141CAd5":0.38218720796393735,"0x7ea4aD8C803653498bF6AC1D2dEbc04DCe8Fd2aD":124.67501850640362,"0x7f39C581F595B53c5cb19bD0b3f8dA6c935E2Ca0":1618.9525913312766,"0x8064d9Ae6cDf087b1bcd5BDf3531bD5d8C537a68":82.74099725306935,"0x808507121B80c02388fAd14726482e061B8da827":211.88025087358557,