{"0x0000000000085d4780B73119b644AE5ecd22b376":0.008463659183682852,"0x005F893EcD7bF9667195642f7649DA8163e23658":144.62560781140394,"0x0100546F2cD4C9D97f798fFC9755E47865FF7Ee6":162.12729496162592,"0x028171bCA77440897B824Ca71D1c56caC55b68A3":745.8013655409698,"0x0316EB71485b0Ab14103307bf65a021042c6d380":62.127012381426326,"0x03ab458634910AaD20eF5f1C8ee96F1D6ac54919":175.58938159417565,"0x04C154b66CB340F3Ae24111CC767e0184Ed00Cc6":264.4434573309901,"0x056Fd409E1d7A124BD7017459dFEa2F387b6d5Cd":504.0134495302244,"0x067079c14B85169e6a29703769dadDef90816f4C":229.0961048275543,"0x075b1bb99792c9E1041bA13afEf80C91a1e70fB3":780.8942342146294,"0x085780639CC2cACd35E474e71f4d000e2405d8f6":1233.7711193348146,"0x0E2EC54fC0B509F445631Bf4b91AB8168230C752":0.47158730134253435,"0x0E573Ce2736Dd9637A0b21058352e1667925C7a8":143.51085669772093,"0x0a5E677a6A24b2F1A2Bf4F3bFfC443231d2fDEc8":0.025755829188612585,"0x0bc529c00C6401aEF6D220BE8C6Ea1667F6Ad93e":14.651598231208677,"0x0d86883FAf4FfD7aEb116390af37746F45b6f378":189.66647820098294,"0x0dE54CFdfeD8005176f8b7A9D5438B45c4F1df1e":4.130216694570414,"0x1456688345527bE1f37E9e627DA0837D6f08C925":4.744298377624657,"0x18084fbA666a33d37592fA2633fD49a74DD93a88":26.092487871331766,"0x1830c553dC76d3447B69b7B0dC19CF9e3c739C78":99.9092873589504,"0x183395DbD0B5e93323a7286D1973150697FFFCB3":347.845410297954,"0x196f4727526eA7FB1e17b2071B3d8eAA38486988":0.9056853403777775,"0x1c48f86ae57291F7686349F12601910BD8D470bb":0.10968000970121188,"0x1ce0D1E19c9514230FF8CD1DAbaC2555fb92122b":0,"0x2260FAC5E5542a773Aa44fBCfeDf7C193bc2C599":330.5820025960846,"0x2570f1bD5D2735314FC102eb12Fc1aFe9e6E7193":601.4352983302701,"0x25eC98773D7b4ceD4cAFaB96A2A1c0945f145e10":6.037244816859655,"0x2889302a794dA87fBF1D6Db415C1492194663D13":1256.604677540496,"0x29059568bB40344487d62f7450E78b8E6C74e0e5":119.55266782756635,"0x2b01d4FdB87eb7F2399E5D68631d8A939a323786":17.704630077248588,"0x31429d1856aD1377A8A0079410B297e1a9e214c2":469.7628320445157,"0x32bd822d615A3658A68b6fDD30c2fcb2C996D678":64.36672480895555,"0x34635280737b5BFe6c7DC2FC3065D60d66e78185":384.7342425787198,"0x35282d87011f87508D457F08252Bc5bFa52E10A0":98.61951437045556,"0x35D8949372D46B7a3D5A56006AE77B215fc69bC0":2058.723804332082,"0x35fA164735182de50811E8e2E824cFb9B6118ac2":993.4038842810145,"0x383E6b4437b59fff47B619CBA855CA29342A8559":120.62898030099484,"0x38D64ce1Bdf1A9f24E0Ec469C9cAde61236fB4a0":185.89426688326415,"0x3A283D9c08E8b55966afb64C515f5143cf907611":2486.467226524122,"0x3Ed3B47Dd13EC9a98b44e6204A523E766B225811":1008.4922672982195,"0x3f0e7916681452D23Cd36B1281457DA721F2E5dF":11.924414685173538,"0x401322B9FDdba8c0a8D40fbCECE1D1752C12316B":432.5000564866327,"0x40D16FC0246aD3160Ccc09B8D0D3A2cD28aE6C2f":269.0161775467226,"0x4591DBfF62656E7859Afe5e45f6f47D3669fBB28":466.66687638886606,"0x4647B6D835f3B393C7A955df51EEfcf0db961606":293.95850106118195,"0x466a756E9A7401B5e2444a3fCB3c2C12FBEa0a54":1.7823801951712042,"0x48759F220ED983dB51fA7A8C0D2AAb8f3ce4166a":1067.4681816072552,"0x49446A0874197839D15395B908328a74ccc96Bc0":19.348326120539586,"0x4AE86d8732390d852A13cb918463BC6e5775FaDD":87.62723292157881,"0x4D1941a887eC788F059b3bfcC8eE1E97b968825B":13.339713422408392,"0x4Fabb145d64652a948d72533023f6E7A623C7C53":0.029356437492646145,"0x4c9EDD5852cd905f086C759E8383e09bff1E68B3":3660.53720429843,"0x4de2ab8177fC5fFAFB7aD11FB8BeB1e5fB95F71C":171.67330604039748,"0x4eBdF703948ddCEA3B11f675B4D1Fba9d2414A14":1951.7406943564774,"0x514910771AF9Ca656af840dff83E8264EcF986CA":106.744718968342,"0x5228a22e72ccC52d415EcFd199F99D0665E7733b":52.839217141110396,"0x5426178799ee0a0181A89b4f57eFddfAb49941Ec":270.2293830739515,"0x5555f75e3d5278082200Fb451D1b6bA946D8e13b":135.90374535818836,"0x57a5a0567187FF4A8dcC1A9bBa86155E355878F2":1.0945090422500456,"0x58efE15C0404aB22F87E4495D71f6f2077e862bE":0.001248567846,"0x5905c0290e59aFBDc42a5480add9bD7B20CB3759":0.1788955150664852,"0x59D9356E565Ab3A36dD77763Fc0d87fEaf85508C":554.9013892845569,"0x5BC25f649fc4e26069dDF4cF4010F9f706c23831":2.1247382755137116,"0x5Be6C45e2d074fAa20700C49aDA3E88a1cc0025d":145.72742115129608,"0x5Ca135cB8527d76e932f34B5145575F9d8cbE08E":53.873284771726304,"0x5E8422345238F34275888049021821E8E08CAa1f":16040.599587549255,"0x5b6C539b224014A09B3388e51CaAA8e354c959C8":973.8363511204814,"0x5e74C9036fb86BD7eCdcb084a0673EFc32eA31cb":194.82772901938537,"0x63a0964A36c34E81959da5894ad888800e17405b":27.320856218638,"0x65D72AA8DA931F047169112fcf34f52DbaAE7D18":134.98393557326344,"0x661c70333AA1850CcDBAe82776Bb436A0fCfeEfB":52.46018674858576,"0x668308d77be3533c909a692302Cb4D135Bf8041C":0.053473743531208165,"0x66a1E37c9b0eAddca17d3662D6c05F4DECf3e110":0.10872929977754812,"0x674C6Ad92Fd080e4004b2312b45f796a192D27a0":3.155548621747279,"0x68749665FF8D2d112Fa859AA293F07A622782F38":19.848193357025284,"0x6B175474E89094C44Da98b954EedeAC495271d0F":2708.8697350830603,"0x6C5024Cd4F8A59110119C56f8933403A539555EB":112.82131442395477,"0x6ade6971Ca3d90990C30d39c78b0534C7166e07b":136.44661409405342,"0x6b5204B0Be36771253Cc38e88012E02B752f0f36":155.98667935642302,"0x6c3F90f043a72FA612cbac8115EE7e52BDe6E490":1448.2042329866192,"0x6c3ea9036406852006290770BEdFcAbA0e23A0e8":828.098805457219,"0x6ef3D766Dfe02Dc4bF04aAe9122EB9A0Ded25615":0.027697872339489144,"0x73968b9a57c6E53d41345FD57a6E6ae27d6CDB2F":84.63426485481568,"0x73A15FeD60Bf67631dC6cd7Bc5B6e8da8190aCF5":6238.6130316455,"0x76237BCfDbe8e06FB774663add96216961df4ff3":20.357823155781812,"0x76Eb2FE28b36B3ee97F3Adae0C69606eeDB2A37c":733.115768930156,"0x77E06c9eCCf2E797fd462A92B6D7642EF85b0A44":0.68455112726,"0x78da5799CF427Fee11e9996982F4150eCe7a99A7":59.55834687819309,"0x7F17A6C77C3938D235b014818092eb6305BdA110":56.646237710033226,"0x7F86Bf177Dd4F3494b841a37e810A34dD56c829B":4377.062610136346,"0x7FA768E035F956c41d6aeaa3Bd857e7E5141CAd5":0.4591542500122616,"0x7ea4aD8C803653498bF6AC1D2dEbc04DCe8Fd2aD":124.87682785252473,"0x7f39C581F595B53c5cb19bD0b3f8dA6c935E2Ca0":1022.7504060120484,"0x8064d9Ae6cDf087b1bcd5BDf3531bD5d8C537a68":72.91160139629271,"0x80d69e79258FE9D056c822461c4eb0B4ca8802E2":0.2609323867307527,"0x826180541412D574cf1336d22c0C0a287822678A":227.40156111206258,"0x830614aE209FF9d8706d386fcdBc7a55206fcffC":55.2270366268085,"0x83F20F44975D03b1b09e64809B757c47f942BEeA":2936.2005634334137,"0x84CeCB5525c6B1C20070E742da870062E84Da178":23.763838368617588,"0x853d955aCEf822Db058eb8505911ED77F175b99e":1253.0835771683155,"0x856c4Efb76C1D1AE02e20CEB03A2A6a08b0b8dC3":1.698621728489634,"0x865377367054516e17014CcdED1e7d814EDC9ce4":702.8269272901656,"0x8682Fbf0CbF312C891532BA9F1A91e44f81ad7DF":486.9624952688347,"0x8C0D76C9B18779665475F3E212D9Ca1Ed6A1A0e6":565.3370422227644,"0x8C88538688aca3b733aD08b12BEe4574c0C00907":323.1314025856586,"0x8Cd52ee292313C4D851e71A7064F096504aB3eE9":5.765502287914051,"0x8c9532a60E0E7C6BbD2B2c1303F63aCE1c3E9811":1.111773614245571,"0x8dAEBADE922dF735c38C80C7eBD708Af50815fAa":17.111769038212252,"0x8e595470Ed749b85C6F7669de83EAe304C2ec68F":20.482844753716115,"0x917ceE801a67f933F2e6b33fC0cD1ED2d5909D88":449.28908290537606,"0x9181f633E9B9F15A32d5e37094F4C93b333e0E92":1.092379098992121,"0x922406EAFC3CcEb32b0256F287fB977c426EDbd8":0.02910941809583617,"0x954313005C56b555bdC41B84D6c63B69049d7847":449.44104049702617,"0x9559Aaa82d9649C7A7b220E7c461d2E74c9a3593":188.04253679871528,"0x95710BDE45C8D384A976Cc58Cc7a7e489576b098":2.3111780411516154,"0x961D4921e1718E633BAC8Ded88c4a1cAe44b785a":948.0598289972695,"0x9961BdBE8B7091E584c2bF9D0a160C583f564A8c":394.89598130138387,"0x99D8a9C45b2ecA8864373A26D1459e3Dff1e17F3":73.61521491819671,"0x9BE89D2a4cd102D8Fecc6BF9dA793be995C22541":696.1892382369858,"0x9D39A5DE30e57443BfF2A8307A4256c8797A3497":3137.4656183024535,"0x9EEAD9ce15383CaEED975427340b3A369410CFBF":14.775903029029012,"0x9FeE65D5A627e73212989c8BbEdC5Fa5Cae3821F":16.196573178382824,"0x9b77bd0a665F05995b68e36fC1053AFFfAf0d4B5":11.285787019196858,"0x9de1c3D446237ab9BaFF74127eb4F303802a2683":462.6807574459314,"0xA0b86991c6218b36c1d19D4a2e9Eb0cE3606eB48":6990.058326005245,"0xA0d69E286B938e21CBf7E51D71F6A4c8918f482F":1063.5488936076104,