{"0x005F893EcD7bF9667195642f7649DA8163e23658":2.355633412606788,"0x0100546F2cD4C9D97f798fFC9755E47865FF7Ee6":148.1619601413025,"0x028171bCA77440897B824Ca71D1c56caC55b68A3":755.4102726698488,"0x0316EB71485b0Ab14103307bf65a021042c6d380":67.67198493400646,"0x03ab458634910AaD20eF5f1C8ee96F1D6ac54919":144.61357507177317,"0x04C154b66CB340F3Ae24111CC767e0184Ed00Cc6":141.73154404903573,"0x056Fd409E1d7A124BD7017459dFEa2F387b6d5Cd":699.1992726240653,"0x067079c14B85169e6a29703769dadDef90816f4C":567.2854350088896,"0x075b1bb99792c9E1041bA13afEf80C91a1e70fB3":291.5077092588789,"0x085780639CC2cACd35E474e71f4d000e2405d8f6":493.5587383320151,"0x0E2EC54fC0B509F445631Bf4b91AB8168230C752":0.45006307862676026,"0x0E573Ce2736Dd9637A0b21058352e1667925C7a8":141.47440845294207,"0x0bc529c00C6401aEF6D220BE8C6Ea1667F6Ad93e":5.96160547031523,"0x0d86883FAf4FfD7aEb116390af37746F45b6f378":45.37946644584566,"0x0dE54CFdfeD8005176f8b7A9D5438B45c4F1df1e":1.4732038490858406,"0x1456688345527bE1f37E9e627DA0837D6f08C925":2.133179040581098,"0x1830c553dC76d3447B69b7B0dC19CF9e3c739C78":183.86926459706433,"0x196f4727526eA7FB1e17b2071B3d8eAA38486988":2.4801061883965834,"0x1c48f86ae57291F7686349F12601910BD8D470bb":0.027172678163642414,"0x1ce0D1E19c9514230FF8CD1DAbaC2555fb92122b":0,"0x2260FAC5E5542a773Aa44fBCfeDf7C193bc2C599":346.38628550021315,"0x2570f1bD5D2735314FC102eb12Fc1aFe9e6E7193":131.6454778396324,"0x25eC98773D7b4ceD4cAFaB96A2A1c0945f145e10":0,"0x2889302a794dA87fBF1D6Db415C1492194663D13":1076.47647636714,"0x29059568bB40344487d62f7450E78b8E6C74e0e5":580.6286431841241,"0x2b01d4FdB87eb7F2399E5D68631d8A939a323786":14.742055043055842,"0x3175Df0976dFA876431C2E9eE6Bc45b65d3473CC":2086.988152976273,"0x32bd822d615A3658A68b6fDD30c2fcb2C996D678":33.932144408664364,"0x35282d87011f87508D457F08252Bc5bFa52E10A0":121.60609676402869,"0x35fA164735182de50811E8e2E824cFb9B6118ac2":371.69729723955567,"0x383E6b4437b59fff47B619CBA855CA29342A8559":1360.3322255636244,"0x38D64ce1Bdf1A9f24E0Ec469C9cAde61236fB4a0":487.7340912471733,"0x3A283D9c08E8b55966afb64C515f5143cf907611":10236.605372832995,"0x3Ed3B47Dd13EC9a98b44e6204A523E766B225811":400.72910138020234,"0x3f0e7916681452D23Cd36B1281457DA721F2E5dF":78.21841263244504,"0x40D16FC0246aD3160Ccc09B8D0D3A2cD28aE6C2f":1179.5565365296247,"0x4591DBfF62656E7859Afe5e45f6f47D3669fBB28":323.66743482254566,"0x4647B6D835f3B393C7A955df51EEfcf0db961606":476.0228293646224,"0x466a756E9A7401B5e2444a3fCB3c2C12FBEa0a54":504.7760860350231,"0x48759F220ED983dB51fA7A8C0D2AAb8f3ce4166a":48.39356149371153,"0x49446A0874197839D15395B908328a74ccc96Bc0":8.560420814469582,"0x4AE86d8732390d852A13cb918463BC6e5775FaDD":24.275011622901395,"0x4c9EDD5852cd905f086C759E8383e09bff1E68B3":6383.076795248954,"0x4de2ab8177fC5fFAFB7aD11FB8BeB1e5fB95F71C":62.879787197048266,"0x4eBdF703948ddCEA3B11f675B4D1Fba9d2414A14":3647.8815819199667,"0x514910771AF9Ca656af840dff83E8264EcF986CA":115.36538067986858,"0x5228a22e72ccC52d415EcFd199F99D0665E7733b":54.301470698361264,"0x527331F3F550f6f85ACFEcAB9Cc0889180C6f1d5":495.0903910828163,"0x5426178799ee0a0181A89b4f57eFddfAb49941Ec":184.80162012284407,"0x57a5a0567187FF4A8dcC1A9bBa86155E355878F2":1.1975187566956742,"0x58efE15C0404aB22F87E4495D71f6f2077e862bE":0.0012470395989564959,"0x59D9356E565Ab3A36dD77763Fc0d87fEaf85508C":2002.946627823469,"0x5BC25f649fc4e26069dDF4cF4010F9f706c23831":0.1821942924263024,"0x5Be6C45e2d074fAa20700C49aDA3E88a1cc0025d":312.61381601758694,"0x5Ca135cB8527d76e932f34B5145575F9d8cbE08E":52.95246903801195,"0x5E8422345238F34275888049021821E8E08CAa1f":16607.992809995114,"0x5b6C539b224014A09B3388e51CaAA8e354c959C8":25.889598684245737,"0x5ca0313D44551e32e0d7a298EC024321c4BC59B4":6.42317035056946,"0x5e74C9036fb86BD7eCdcb084a0673EFc32eA31cb":196.33768254779278,"0x63a0964A36c34E81959da5894ad888800e17405b":15.077629183154782,"0x65D72AA8DA931F047169112fcf34f52DbaAE7D18":91.84834284705154,"0x661c70333AA1850CcDBAe82776Bb436A0fCfeEfB":0.0013288663152521043,"0x6663b6D50992ef4fc0380199397c87C2f5256075":17.8049423034803,"0x668308d77be3533c909a692302Cb4D135Bf8041C":0.05867073910203756,"0x66a1E37c9b0eAddca17d3662D6c05F4DECf3e110":0.10859265596086516,"0x674C6Ad92Fd080e4004b2312b45f796a192D27a0":0.9362995684695595,"0x6B175474E89094C44Da98b954EedeAC495271d0F":6611.8244843111215,"0x6C5024Cd4F8A59110119C56f8933403A539555EB":106.51250802037272,"0x6ade6971Ca3d90990C30d39c78b0534C7166e07b":81.54040925073785,"0x6b5204B0Be36771253Cc38e88012E02B752f0f36":295.65674982132293,"0x6c3F90f043a72FA612cbac8115EE7e52BDe6E490":2734.0583603152986,"0x6c3ea9036406852006290770BEdFcAbA0e23A0e8":2056.877280393183,"0x6e52cCe4EaFDf77091dD1c82183b2D97b776b397":1580.2410928555478,"0x6ef3D766Dfe02Dc4bF04aAe9122EB9A0Ded25615":0.03039484220838391,"0x73968b9a57c6E53d41345FD57a6E6ae27d6CDB2F":79.00493976015058,"0x73A15FeD60Bf67631dC6cd7Bc5B6e8da8190aCF5":0.012580265090216095,"0x76237BCfDbe8e06FB774663add96216961df4ff3":13.193581457902578,"0x76Eb2FE28b36B3ee97F3Adae0C69606eeDB2A37c":189.8832298129639,"0x78da5799CF427Fee11e9996982F4150eCe7a99A7":251.48002500690805,"0x7F17A6C77C3938D235b014818092eb6305BdA110":26.328195394713134,"0x7F86Bf177Dd4F3494b841a37e810A34dD56c829B":3657.2024962028645,"0x7FA768E035F956c41d6aeaa3Bd857e7E5141CAd5":0.04122612612402319,"0x7ea4aD8C803653498bF6AC1D2dEbc04DCe8Fd2aD":66.57183009299345,"0x7f39C581F595B53c5cb19bD0b3f8dA6c935E2Ca0":9270.786524943662,"0x8064d9Ae6cDf087b1bcd5BDf3531bD5d8C537a68":76.0555463265381,"0x808507121B80c02388fAd14726482e061B8da827":1854.7732923276765,"0x826180541412D574cf1336d22c0C0a287822678A":187.9948745115187,"0x830614aE209FF9d8706d386fcdBc7a55206fcffC":39.85308884405241,"0x83F20F44975D03b1b09e64809B757c47f942BEeA":9072.836626820495,"0x84CeCB5525c6B1C20070E742da870062E84Da178":2.659525855720814,"0x853d955aCEf822Db058eb8505911ED77F175b99e":5355.785650879508,"0x856c4Efb76C1D1AE02e20CEB03A2A6a08b0b8dC3":1.8776772276200562,"0x865377367054516e17014CcdED1e7d814EDC9ce4":341.08906287553276,"0x8C0D76C9B18779665475F3E212D9Ca1Ed6A1A0e6":305.49157258009996,"0x8C88538688aca3b733aD08b12BEe4574c0C00907":163.22568927367075,"0x8Cd52ee292313C4D851e71A7064F096504aB3eE9":63.39484651860433,"0x8E870D67F660D95d5be530380D0eC0bd388289E1":667.8468196264837,"0x8dAEBADE922dF735c38C80C7eBD708Af50815fAa":16.446273509416244,"0x8e595470Ed749b85C6F7669de83EAe304C2ec68F":15.019604769069112,"0x917ceE801a67f933F2e6b33fC0cD1ED2d5909D88":253.65367238027014,"0x9181f633E9B9F15A32d5e37094F4C93b333e0E92":0.47616984629026327,"0x922406EAFC3CcEb32b0256F287fB977c426EDbd8":0.029072631468572207,"0x9559Aaa82d9649C7A7b220E7c461d2E74c9a3593":199.4387514057064,"0x95710BDE45C8D384A976Cc58Cc7a7e489576b098":0.6403287177385004,"0x961D4921e1718E633BAC8Ded88c4a1cAe44b785a":223.17484662935044,"0x9961BdBE8B7091E584c2bF9D0a160C583f564A8c":333.37253692480664,"0x99D8a9C45b2ecA8864373A26D1459e3Dff1e17F3":3955.9046616089286,"0x9BE89D2a4cd102D8Fecc6BF9dA793be995C22541":238.37299408484094,"0x9D39A5DE30e57443BfF2A8307A4256c8797A3497":8574.207616595588,"0x9EEAD9ce15383CaEED975427340b3A369410CFBF":0.0000039935019632959995,"0x9FeE65D5A627e73212989c8BbEdC5Fa5Cae3821F":12.723609097793728,"0x9b77bd0a665F05995b68e36fC1053AFFfAf0d4B5":1.6676186536305038,"0x9de1c3D446237ab9BaFF74127eb4F303802a2683":96.90118101656418,"0xA0b86991c6218b36c1d19D4a2e9Eb0cE3606eB48":12986.752282881971,"0xA0d69E286B938e21CBf7E51D71F6A4c8918f482F":884.9521912833,"0xA1290d69c65A6Fe4DF752f95823fae25cB99e5A7":5782.495454765969,"0xA35b1B31Ce002FBF2058D22F30f95D405200A15b":527.9054807527515,"0xA5588F7cdf560811710A2D82D3C9c99769DB1Dcb":4615.77833530787,"0xA663B02CF0a4b149d2aD41910CB81e23e1c41c32":59.95653552994611,"0xAB846Fb6C81370327e784Ae7CbB6d6a6af6Ff4BF":49.852238849589796,"0xBC6DA0FE9aD5f3b0d58160288917AA56653660E9":0.47158238368036254,"0xBcca60bB61934080951369a648Fb03DF4F96263C":545.8705974390521,"0xC02aaA39b223FE8D0A0e5C4F27eAD9083C756Cc2":17802.672572775937,"0xC272B96bCcdaf1BF98F2197D355066Da3C15982a":85.55950642467084,"0xC3ADe5aCe1bBb033CcAE8177C12Ecbfa16bD6A9D":0.3542915735303456,"0xC975342A95cCb75378ddc646B8620fa3Cd5bc051":93.13733776139279,