{"0x0000000000085d4780B73119b644AE5ecd22b376":0.0054364651622369085,"0x005F893EcD7bF9667195642f7649DA8163e23658":12.003654308927654,"0x0100546F2cD4C9D97f798fFC9755E47865FF7Ee6":135.01825285432597,"0x028171bCA77440897B824Ca71D1c56caC55b68A3":113.53119065393368,"0x0316EB71485b0Ab14103307bf65a021042c6d380":42.24025750819104,"0x03ab458634910AaD20eF5f1C8ee96F1D6ac54919":163.1848755474653,"0x04C154b66CB340F3Ae24111CC767e0184Ed00Cc6":207.21000060058782,"0x056Fd409E1d7A124BD7017459dFEa2F387b6d5Cd":103.50150036779687,"0x067079c14B85169e6a29703769dadDef90816f4C":486.93960637940563,"0x075b1bb99792c9E1041bA13afEf80C91a1e70fB3":701.4460236693195,"0x085780639CC2cACd35E474e71f4d000e2405d8f6":831.3922950138341,"0x09b2E090531228d1b8E3d948C73b990Cb6e60720":494.8187540221217,"0x0E2EC54fC0B509F445631Bf4b91AB8168230C752":0.45001235158610103,"0x0E573Ce2736Dd9637A0b21058352e1667925C7a8":138.1274565023344,"0x0a5E677a6A24b2F1A2Bf4F3bFfC443231d2fDEc8":1.7417625418285728e-10,"0x0bc529c00C6401aEF6D220BE8C6Ea1667F6Ad93e":1.0709815265564055,"0x0d86883FAf4FfD7aEb116390af37746F45b6f378":0.09245994307790698,"0x0dE54CFdfeD8005176f8b7A9D5438B45c4F1df1e":5.8358802970380825,"0x1456688345527bE1f37E9e627DA0837D6f08C925":6.7665557812840005,"0x16eAd9a10b1A77007E6E329B076aD1Fe97a6F7C0":40.38732526555502,"0x18084fbA666a33d37592fA2633fD49a74DD93a88":9.85409471309934,"0x1830c553dC76d3447B69b7B0dC19CF9e3c739C78":75.99179263707423,"0x196f4727526eA7FB1e17b2071B3d8eAA38486988":2.4879781780497887,"0x1c48f86ae57291F7686349F12601910BD8D470bb":1.2638606809647945,"0x1ce0D1E19c9514230FF8CD1DAbaC2555fb92122b":0,"0x2260FAC5E5542a773Aa44fBCfeDf7C193bc2C599":295.11388425201756,"0x2570f1bD5D2735314FC102eb12Fc1aFe9e6E7193":269.09763000519683,"0x25eC98773D7b4ceD4cAFaB96A2A1c0945f145e10":5.7035664855980945,"0x2889302a794dA87fBF1D6Db415C1492194663D13":1727.4526396465997,"0x29059568bB40344487d62f7450E78b8E6C74e0e5":670.7077382001281,"0x2b01d4FdB87eb7F2399E5D68631d8A939a323786":7.326007073312747,"0x31429d1856aD1377A8A0079410B297e1a9e214c2":462.3694094948698,"0x32bd822d615A3658A68b6fDD30c2fcb2C996D678":24.985247712182346,"0x35282d87011f87508D457F08252Bc5bFa52E10A0":708.7907820898905,"0x35fA164735182de50811E8e2E824cFb9B6118ac2":868.9547627147203,"0x365AccFCa291e7D3914637ABf1F7635dB165Bb09":441.8768637138238,"0x383E6b4437b59fff47B619CBA855CA29342A8559":28.846203103493483,"0x38D64ce1Bdf1A9f24E0Ec469C9cAde61236fB4a0":1195.6290820576426,"0x3A283D9c08E8b55966afb64C515f5143cf907611":8296.641112136285,"0x3Ed3B47Dd13EC9a98b44e6204A523E766B225811":566.5218109029844,"0x3f0e7916681452D23Cd36B1281457DA721F2E5dF":473.71863917605725,"0x40D16FC0246aD3160Ccc09B8D0D3A2cD28aE6C2f":1073.9823760238364,"0x4591DBfF62656E7859Afe5e45f6f47D3669fBB28":287.2606370050533,"0x4647B6D835f3B393C7A955df51EEfcf0db961606":160.85771002688446,"0x466a756E9A7401B5e2444a3fCB3c2C12FBEa0a54":521.2893495931795,"0x48759F220ED983dB51fA7A8C0D2AAb8f3ce4166a":985.1987804788353,"0x49446A0874197839D15395B908328a74ccc96Bc0":11.343244611140918,"0x4AE86d8732390d852A13cb918463BC6e5775FaDD":21.244455119733708,"0x4D1941a887eC788F059b3bfcC8eE1E97b968825B":5.4434993657141035,"0x4DEcE678ceceb27446b35C672dC7d61F30bAD69E":604.207035906053,"0x4Fabb145d64652a948d72533023f6E7A623C7C53":0.0037677099145857133,"0x4c9EDD5852cd905f086C759E8383e09bff1E68B3":11266.648712793762,"0x4de2ab8177fC5fFAFB7aD11FB8BeB1e5fB95F71C":41.30538661380244,"0x4eBdF703948ddCEA3B11f675B4D1Fba9d2414A14":3855.0140148312303,"0x514910771AF9Ca656af840dff83E8264EcF986CA":93.55017757314897,"0x5228a22e72ccC52d415EcFd199F99D0665E7733b":42.848328096552,"0x5426178799ee0a0181A89b4f57eFddfAb49941Ec":24.576006382786893,"0x5555f75e3d5278082200Fb451D1b6bA946D8e13b":49.512316695680425,"0x57a5a0567187FF4A8dcC1A9bBa86155E355878F2":0.9944219910062551,"0x58efE15C0404aB22F87E4495D71f6f2077e862bE":0.001247690102804262,"0x5905c0290e59aFBDc42a5480add9bD7B20CB3759":0.07174926792579783,"0x59D9356E565Ab3A36dD77763Fc0d87fEaf85508C":501.10287321681676,"0x5BC25f649fc4e26069dDF4cF4010F9f706c23831":3.2754284910165983,"0x5Ca135cB8527d76e932f34B5145575F9d8cbE08E":44.99553868396335,"0x5E8422345238F34275888049021821E8E08CAa1f":13799.07796619434,"0x5e74C9036fb86BD7eCdcb084a0673EFc32eA31cb":169.37904675409658,"0x63a0964A36c34E81959da5894ad888800e17405b":12.725272742736776,"0x65D72AA8DA931F047169112fcf34f52DbaAE7D18":108.67550824377156,"0x661c70333AA1850CcDBAe82776Bb436A0fCfeEfB":29.629334997080665,"0x668308d77be3533c909a692302Cb4D135Bf8041C":0.04875803420279873,"0x66a1E37c9b0eAddca17d3662D6c05F4DECf3e110":0.1085853783243421,"0x674C6Ad92Fd080e4004b2312b45f796a192D27a0":3.4738016315152476,"0x68749665FF8D2d112Fa859AA293F07A622782F38":10.152597853657937,"0x6B175474E89094C44Da98b954EedeAC495271d0F":7323.893042538207,"0x6C5024Cd4F8A59110119C56f8933403A539555EB":114.43548591687227,"0x6ade6971Ca3d90990C30d39c78b0534C7166e07b":102.61260612957119,"0x6b5204B0Be36771253Cc38e88012E02B752f0f36":25.1525665157991,"0x6c3F90f043a72FA612cbac8115EE7e52BDe6E490":1288.9299141266943,"0x6c3ea9036406852006290770BEdFcAbA0e23A0e8":2129.3021833203175,"0x6e52cCe4EaFDf77091dD1c82183b2D97b776b397":874.2027159203453,"0x6ef3D766Dfe02Dc4bF04aAe9122EB9A0Ded25615":0.02522051808292423,"0x73968b9a57c6E53d41345FD57a6E6ae27d6CDB2F":65.95056520608847,"0x73A15FeD60Bf67631dC6cd7Bc5B6e8da8190aCF5":0.012580265090216095,"0x76237BCfDbe8e06FB774663add96216961df4ff3":13.193122251965196,"0x76Eb2FE28b36B3ee97F3Adae0C69606eeDB2A37c":739.4683374577448,"0x77E06c9eCCf2E797fd462A92B6D7642EF85b0A44":0.43498549014,"0x78da5799CF427Fee11e9996982F4150eCe7a99A7":281.6187410396745,"0x7F17A6C77C3938D235b014818092eb6305BdA110":43.731125231889045,"0x7F86Bf177Dd4F3494b841a37e810A34dD56c829B":11205.635446084267,"0x7FA768E035F956c41d6aeaa3Bd857e7E5141CAd5":0.03419433355152659,"0x7f39C581F595B53c5cb19bD0b3f8dA6c935E2Ca0":4954.390085250993,"0x8064d9Ae6cDf087b1bcd5BDf3531bD5d8C537a68":60.63449142336849,"0x80d69e79258FE9D056c822461c4eb0B4ca8802E2":0.02336691280506782,"0x826180541412D574cf1336d22c0C0a287822678A":828.5316480804639,"0x830614aE209FF9d8706d386fcdBc7a55206fcffC":32.708381968529984,"0x83F20F44975D03b1b09e64809B757c47f942BEeA":9954.21136672087,"0x853d955aCEf822Db058eb8505911ED77F175b99e":4496.262397423935,"0x856c4Efb76C1D1AE02e20CEB03A2A6a08b0b8dC3":1.559377338646887,"0x865377367054516e17014CcdED1e7d814EDC9ce4":472.65577912668624,"0x8C0D76C9B18779665475F3E212D9Ca1Ed6A1A0e6":323.25971941507197,"0x8Cd52ee292313C4D851e71A7064F096504aB3eE9":102.25579452614087,"0x8E870D67F660D95d5be530380D0eC0bd388289E1":663.2996948843887,"0x8c9532a60E0E7C6BbD2B2c1303F63aCE1c3E9811":0.0411736302597902,"0x8dAEBADE922dF735c38C80C7eBD708Af50815fAa":10.94765339972696,"0x8e595470Ed749b85C6F7669de83EAe304C2ec68F":19.594152297924612,"0x917ceE801a67f933F2e6b33fC0cD1ED2d5909D88":317.65866979200615,"0x9181f633E9B9F15A32d5e37094F4C93b333e0E92":0.3951090823844078,"0x922406EAFC3CcEb32b0256F287fB977c426EDbd8":0.029070683085942413,"0x9559Aaa82d9649C7A7b220E7c461d2E74c9a3593":158.207348391513,"0x95710BDE45C8D384A976Cc58Cc7a7e489576b098":0.5583395719112603,"0x961D4921e1718E633BAC8Ded88c4a1cAe44b785a":230.03969467307067,"0x96E61422b6A9bA0e068B6c5ADd4fFaBC6a4aae27":524.837485004513,"0x9961BdBE8B7091E584c2bF9D0a160C583f564A8c":389.1744221425322,"0x99D8a9C45b2ecA8864373A26D1459e3Dff1e17F3":53.13800452156106,"0x9BE89D2a4cd102D8Fecc6BF9dA793be995C22541":201.3602323106122,"0x9D39A5DE30e57443BfF2A8307A4256c8797A3497":9670.133666925374,"0x9EEAD9ce15383CaEED975427340b3A369410CFBF":0.0029088558117702722,"0x9FeE65D5A627e73212989c8BbEdC5Fa5Cae3821F":11.034166232917933,"0x9de1c3D446237ab9BaFF74127eb4F303802a2683":305.8456330055654,"0xA0b86991c6218b36c1d19D4a2e9Eb0cE3606eB48":15354.894695835086,"0xA0d69E286B938e21CBf7E51D71F6A4c8918f482F":575.1001199539553,"0xA1290d69c65A6Fe4DF752f95823fae25cB99e5A7":363.5268992929093,"0xA35b1B31Ce002FBF2058D22F30f95D405200A15b":1.6181592774421425,"0xA5588F7cdf560811710A2D82D3C9c99769DB1Dcb":561.3732551976677,"0xA663B02CF0a4b149d2aD41910CB81e23e1c41c32":32.83055735296636,