{"0x0000000000085d4780B73119b644AE5ecd22b376":213.5710939092937,"0x0000000016E6Cb3038203c1129c8B4aEE7af7a11":1.9161191827114286,"0x005F893EcD7bF9667195642f7649DA8163e23658":172.73733627178467,"0x0100546F2cD4C9D97f798fFC9755E47865FF7Ee6":389.00542118656995,"0x028171bCA77440897B824Ca71D1c56caC55b68A3":1147.7010766147375,"0x0316EB71485b0Ab14103307bf65a021042c6d380":0.019478561299018784,"0x03ab458634910AaD20eF5f1C8ee96F1D6ac54919":2.97720829753674,"0x04C154b66CB340F3Ae24111CC767e0184Ed00Cc6":539.646009104873,"0x051d7e5609917Bd9b73f04BAc0DED8Dd46a74301":366.7224908826624,"0x056Fd409E1d7A124BD7017459dFEa2F387b6d5Cd":776.6978023411777,"0x075b1bb99792c9E1041bA13afEf80C91a1e70fB3":740.2948793031704,"0x085780639CC2cACd35E474e71f4d000e2405d8f6":1118.9154643558384,"0x09db87A538BD693E9d08544577d5cCfAA6373A48":76.4510307709878,"0x0E2EC54fC0B509F445631Bf4b91AB8168230C752":0.47131142807690185,"0x0E573Ce2736Dd9637A0b21058352e1667925C7a8":144.67265209565676,"0x0a5E677a6A24b2F1A2Bf4F3bFfC443231d2fDEc8":0.07622076547795176,"0x0bc529c00C6401aEF6D220BE8C6Ea1667F6Ad93e":20.91037351887418,"0x0d86883FAf4FfD7aEb116390af37746F45b6f378":274.73616285090236,"0x0dE54CFdfeD8005176f8b7A9D5438B45c4F1df1e":2.0065599930480293,"0x137469B55D1f15651BA46A89D0588e97dD0B6562":217.97649420783281,"0x1456688345527bE1f37E9e627DA0837D6f08C925":3.26214113065385,"0x15700B564Ca08D9439C58cA5053166E8317aa138":1943.1934779130847,"0x16eAd9a10b1A77007E6E329B076aD1Fe97a6F7C0":101.56580873601226,"0x18084fbA666a33d37592fA2633fD49a74DD93a88":409.7673619743186,"0x1830c553dC76d3447B69b7B0dC19CF9e3c739C78":90.23080457120571,"0x183395DbD0B5e93323a7286D1973150697FFFCB3":264.2725506462364,"0x196f4727526eA7FB1e17b2071B3d8eAA38486988":0.3350419809348563,"0x1BED97CBC3c24A4fb5C069C6E311a967386131f7":281.9154140801452,"0x1a7e4e63778B4f12a199C062f3eFdD288afCBce8":330.6792103657473,"0x1aBaEA1f7C830bD89Acc67eC4af516284b1bC33c":492.5531827621699,"0x1c48f86ae57291F7686349F12601910BD8D470bb":0.3585365032287084,"0x1ce0D1E19c9514230FF8CD1DAbaC2555fb92122b":0,"0x2191DF768ad71140F9F3E96c1e4407A4aA31d082":30.601717982932463,"0x2260FAC5E5542a773Aa44fBCfeDf7C193bc2C599":396.33547944210375,"0x2302aaBe69e6E7A1b0Aa23aAC68fcCB8A4D2B460":140.56402462842613,"0x2570f1bD5D2735314FC102eb12Fc1aFe9e6E7193":465.2452306234477,"0x25eC98773D7b4ceD4cAFaB96A2A1c0945f145e10":0,"0x2b01d4FdB87eb7F2399E5D68631d8A939a323786":262.0447421399529,"0x3175Df0976dFA876431C2E9eE6Bc45b65d3473CC":9.284950519136849e-7,"0x3231Cb76718CDeF2155FC47b5286d82e6eDA273f":332.6919730692309,"0x32bd822d615A3658A68b6fDD30c2fcb2C996D678":302.2793367812968,"0x3432B6A60D23Ca0dFCa7761B7ab56459D9C964D0":301.05841119314425,"0x34635280737b5BFe6c7DC2FC3065D60d66e78185":226.88580601841545,"0x35282d87011f87508D457F08252Bc5bFa52E10A0":165.80566564086342,"0x35D8949372D46B7a3D5A56006AE77B215fc69bC0":448.4103163811576,"0x35fA164735182de50811E8e2E824cFb9B6118ac2":984.655039251989,"0x365AccFCa291e7D3914637ABf1F7635dB165Bb09":263.3696305575468,"0x383E6b4437b59fff47B619CBA855CA29342A8559":195.21923164696477,"0x38D64ce1Bdf1A9f24E0Ec469C9cAde61236fB4a0":232.3962618051112,"0x393DaD6c76D962Abba489a77dBf37ae948A4A6ee":142.31736711615176,"0x3A2725556Dde7B21fBe3dD64A4913ff29faba6A1":0.030999429516178484,"0x3A283D9c08E8b55966afb64C515f5143cf907611":5564.4977661379835,"0x3Ed3B47Dd13EC9a98b44e6204A523E766B225811":409.4384873525788,"0x3f0e7916681452D23Cd36B1281457DA721F2E5dF":20.12919080962283,"0x401322B9FDdba8c0a8D40fbCECE1D1752C12316B":307.2069621913831,"0x40D16FC0246aD3160Ccc09B8D0D3A2cD28aE6C2f":923.9093767719421,"0x4591DBfF62656E7859Afe5e45f6f47D3669fBB28":139.13098547823483,"0x4647B6D835f3B393C7A955df51EEfcf0db961606":62.962409252691245,"0x466a756E9A7401B5e2444a3fCB3c2C12FBEa0a54":515.8070416502761,"0x48759F220ED983dB51fA7A8C0D2AAb8f3ce4166a":1667.1735525432005,"0x49446A0874197839D15395B908328a74ccc96Bc0":31.246734295099373,"0x4AE86d8732390d852A13cb918463BC6e5775FaDD":140.45180119038315,"0x4D1941a887eC788F059b3bfcC8eE1E97b968825B":318.2730807535857,"0x4DEcE678ceceb27446b35C672dC7d61F30bAD69E":443.5474608174224,"0x4Fabb145d64652a948d72533023f6E7A623C7C53":0.039543288725414155,"0x4c9EDD5852cd905f086C759E8383e09bff1E68B3":9518.982791583729,"0x4de2ab8177fC5fFAFB7aD11FB8BeB1e5fB95F71C":450.7949868754228,"0x4eBdF703948ddCEA3B11f675B4D1Fba9d2414A14":2733.996606386951,"0x514910771AF9Ca656af840dff83E8264EcF986CA":91.00607983373204,"0x5228a22e72ccC52d415EcFd199F99D0665E7733b":59.063343326637394,"0x527331F3F550f6f85ACFEcAB9Cc0889180C6f1d5":249.24964257203985,"0x5426178799ee0a0181A89b4f57eFddfAb49941Ec":881.1329806017986,"0x5555f75e3d5278082200Fb451D1b6bA946D8e13b":96.88286139499125,"0x57a5a0567187FF4A8dcC1A9bBa86155E355878F2":0.9497089098442688,"0x58efE15C0404aB22F87E4495D71f6f2077e862bE":0.0012478961164988519,"0x5905c0290e59aFBDc42a5480add9bD7B20CB3759":0.17983397133691595,"0x59D9356E565Ab3A36dD77763Fc0d87fEaf85508C":153.44501826811683,"0x5BC25f649fc4e26069dDF4cF4010F9f706c23831":0.34528345246572373,"0x5Be6C45e2d074fAa20700C49aDA3E88a1cc0025d":527.4123147375152,"0x5Ca135cB8527d76e932f34B5145575F9d8cbE08E":55.410236627652964,"0x5E8422345238F34275888049021821E8E08CAa1f":14149.414291017369,"0x5Ea630e00D6eE438d3deA1556A110359ACdc10A9":259.15960244296235,"0x5b6C539b224014A09B3388e51CaAA8e354c959C8":576.5666500828388,"0x5e74C9036fb86BD7eCdcb084a0673EFc32eA31cb":5.869397783325567,"0x63a0964A36c34E81959da5894ad888800e17405b":279.8873832393728,"0x65D72AA8DA931F047169112fcf34f52DbaAE7D18":152.70051144863928,"0x65f228ED6a6001eD6485535e0Dc33E525734f54c":52.675747705320866,"0x661c70333AA1850CcDBAe82776Bb436A0fCfeEfB":74.96656947705608,"0x668308d77be3533c909a692302Cb4D135Bf8041C":0.046326117679402624,"0x66a1E37c9b0eAddca17d3662D6c05F4DECf3e110":28.7868419231894,"0x674C6Ad92Fd080e4004b2312b45f796a192D27a0":1.5562340735716829,"0x677ddbd918637E5F2c79e164D402454dE7dA8619":1.7225440050887124,"0x68749665FF8D2d112Fa859AA293F07A622782F38":19.475439537741654,"0x69000405f9DcE69BD4Cbf4f2865b79144A69BFE0":0,"0x6B175474E89094C44Da98b954EedeAC495271d0F":12380.248377919848,"0x6C280dB098dB673d30d5B34eC04B6387185D3620":323.25413316304923,"0x6C5024Cd4F8A59110119C56f8933403A539555EB":123.51395476240721,"0x6C9815826FdF8c7a45cCfEd2064dbaB33a078712":65.49534923491144,"0x6b5204B0Be36771253Cc38e88012E02B752f0f36":218.39612695376528,"0x6c3F90f043a72FA612cbac8115EE7e52BDe6E490":638.0629322902349,"0x6c3ea9036406852006290770BEdFcAbA0e23A0e8":987.6931206170689,"0x6e52cCe4EaFDf77091dD1c82183b2D97b776b397":671.1391402681554,"0x6ef3D766Dfe02Dc4bF04aAe9122EB9A0Ded25615":0.04447438474215023,"0x7223442cad8e9cA474fC40109ab981608F8c4273":81.13352651956744,"0x73968b9a57c6E53d41345FD57a6E6ae27d6CDB2F":101.21245841520572,"0x73A15FeD60Bf67631dC6cd7Bc5B6e8da8190aCF5":1678.5131058728741,"0x752B4c6e92d96467fE9b9a2522EF07228E00F87c":33.84360431110978,"0x76237BCfDbe8e06FB774663add96216961df4ff3":33.294453042006275,"0x76Eb2FE28b36B3ee97F3Adae0C69606eeDB2A37c":1174.1967489228675,"0x77E06c9eCCf2E797fd462A92B6D7642EF85b0A44":0.7109568643999999,"0x78da5799CF427Fee11e9996982F4150eCe7a99A7":93.4991800512049,"0x7988292D0FB141085c092132e2a70B30aA1eccAB":470.5593922647849,"0x7F17A6C77C3938D235b014818092eb6305BdA110":133.4848554119531,"0x7F86Bf177Dd4F3494b841a37e810A34dD56c829B":5475.438010246285,"0x7FA768E035F956c41d6aeaa3Bd857e7E5141CAd5":0.3993359023601857,"0x7ea4aD8C803653498bF6AC1D2dEbc04DCe8Fd2aD":45.73250734496082,"0x7f39C581F595B53c5cb19bD0b3f8dA6c935E2Ca0":2491.308431016303,"0x8064d9Ae6cDf087b1bcd5BDf3531bD5d8C537a68":71.36827231671522,"0x808507121B80c02388fAd14726482e061B8da827":207.89433032166912,"0x80d69e79258FE9D056c822461c4eb0B4ca8802E2":0.20776901455654603,"0x826180541412D574cf1336d22c0C0a287822678A":177.805152303584,"0x8282BD15dcA2EA2bDf24163E8f2781B30C43A2ef":272.9977465473308,"0x830614aE209FF9d8706d386fcdBc7a55206fcffC":46.608049742146775,"0x83F20F44975D03b1b09e64809B757c47f942BEeA":5976.5566581849935,"0x84CeCB5525c6B1C20070E742da870062E84Da178":52.3173260506252,"0x853d955aCEf822Db058eb8505911ED77F175b99e":2769.641078797048,