{"0x0000000000085d4780B73119b644AE5ecd22b376":203.0796446325775,"0x0000000016E6Cb3038203c1129c8B4aEE7af7a11":1.7308330697640852,"0x005F893EcD7bF9667195642f7649DA8163e23658":141.8604090536616,"0x0100546F2cD4C9D97f798fFC9755E47865FF7Ee6":356.95051597431365,"0x028171bCA77440897B824Ca71D1c56caC55b68A3":1190.918125057976,"0x0316EB71485b0Ab14103307bf65a021042c6d380":0.027497059460065844,"0x03ab458634910AaD20eF5f1C8ee96F1D6ac54919":238.3857469100014,"0x04C154b66CB340F3Ae24111CC767e0184Ed00Cc6":258.67504438981683,"0x051d7e5609917Bd9b73f04BAc0DED8Dd46a74301":347.6336276622256,"0x056Fd409E1d7A124BD7017459dFEa2F387b6d5Cd":306.0477789400039,"0x067079c14B85169e6a29703769dadDef90816f4C":540.458843329961,"0x075b1bb99792c9E1041bA13afEf80C91a1e70fB3":571.9149361018331,"0x085780639CC2cACd35E474e71f4d000e2405d8f6":445.5254394612754,"0x09db87A538BD693E9d08544577d5cCfAA6373A48":59.819145020592465,"0x0E2EC54fC0B509F445631Bf4b91AB8168230C752":0.4718823340408354,"0x0E573Ce2736Dd9637A0b21058352e1667925C7a8":120.21588326547945,"0x0a5E677a6A24b2F1A2Bf4F3bFfC443231d2fDEc8":0.09550778497313202,"0x0bc529c00C6401aEF6D220BE8C6Ea1667F6Ad93e":11.477708964271024,"0x0d86883FAf4FfD7aEb116390af37746F45b6f378":284.3657585855977,"0x0dE54CFdfeD8005176f8b7A9D5438B45c4F1df1e":5.848813282085496,"0x137469B55D1f15651BA46A89D0588e97dD0B6562":190.76784369869964,"0x1456688345527bE1f37E9e627DA0837D6f08C925":6.204418009399843,"0x15700B564Ca08D9439C58cA5053166E8317aa138":188.60300869975688,"0x16eAd9a10b1A77007E6E329B076aD1Fe97a6F7C0":149.84564334330494,"0x18084fbA666a33d37592fA2633fD49a74DD93a88":9.765508179999987,"0x1830c553dC76d3447B69b7B0dC19CF9e3c739C78":69.58555334472845,"0x183395DbD0B5e93323a7286D1973150697FFFCB3":482.73988843735026,"0x196f4727526eA7FB1e17b2071B3d8eAA38486988":2.5694027803322483,"0x1BED97CBC3c24A4fb5C069C6E311a967386131f7":249.27709220790058,"0x1aBaEA1f7C830bD89Acc67eC4af516284b1bC33c":104.47984388194891,"0x1c48f86ae57291F7686349F12601910BD8D470bb":1.3240279704273343,"0x1ce0D1E19c9514230FF8CD1DAbaC2555fb92122b":0,"0x2191DF768ad71140F9F3E96c1e4407A4aA31d082":25.121952137410574,"0x2260FAC5E5542a773Aa44fBCfeDf7C193bc2C599":16.04734554150352,"0x2570f1bD5D2735314FC102eb12Fc1aFe9e6E7193":10.584664897960538,"0x25eC98773D7b4ceD4cAFaB96A2A1c0945f145e10":0,"0x2889302a794dA87fBF1D6Db415C1492194663D13":879.4962348306944,"0x2b01d4FdB87eb7F2399E5D68631d8A939a323786":215.82204060935712,"0x3175Df0976dFA876431C2E9eE6Bc45b65d3473CC":0.0000387907616281665,"0x3231Cb76718CDeF2155FC47b5286d82e6eDA273f":329.72722255322896,"0x32bd822d615A3658A68b6fDD30c2fcb2C996D678":271.967111840193,"0x3432B6A60D23Ca0dFCa7761B7ab56459D9C964D0":276.6844157629146,"0x34635280737b5BFe6c7DC2FC3065D60d66e78185":231.79306098823142,"0x35282d87011f87508D457F08252Bc5bFa52E10A0":147.79307431939864,"0x35D8949372D46B7a3D5A56006AE77B215fc69bC0":1517.982742604722,"0x35fA164735182de50811E8e2E824cFb9B6118ac2":940.0057236229609,"0x365AccFCa291e7D3914637ABf1F7635dB165Bb09":503.7985337370713,"0x383E6b4437b59fff47B619CBA855CA29342A8559":182.78791463192664,"0x38D64ce1Bdf1A9f24E0Ec469C9cAde61236fB4a0":217.664973243135,"0x393DaD6c76D962Abba489a77dBf37ae948A4A6ee":115.75754073492242,"0x3A2725556Dde7B21fBe3dD64A4913ff29faba6A1":0.027874943601366428,"0x3A283D9c08E8b55966afb64C515f5143cf907611":2470.8339879184005,"0x3Ed3B47Dd13EC9a98b44e6204A523E766B225811":4.416431403976,"0x40D16FC0246aD3160Ccc09B8D0D3A2cD28aE6C2f":289.1650411360655,"0x4591DBfF62656E7859Afe5e45f6f47D3669fBB28":216.39259213205204,"0x4647B6D835f3B393C7A955df51EEfcf0db961606":263.9959489565358,"0x466a756E9A7401B5e2444a3fCB3c2C12FBEa0a54":41.19424933310526,"0x48759F220ED983dB51fA7A8C0D2AAb8f3ce4166a":2405.872148369157,"0x49446A0874197839D15395B908328a74ccc96Bc0":25.65585466150751,"0x4D1941a887eC788F059b3bfcC8eE1E97b968825B":291.4942546537134,"0x4DEcE678ceceb27446b35C672dC7d61F30bAD69E":434.1287459750569,"0x4Fabb145d64652a948d72533023f6E7A623C7C53":0.039377033779126866,"0x4c9EDD5852cd905f086C759E8383e09bff1E68B3":2675.5087663463455,"0x4de2ab8177fC5fFAFB7aD11FB8BeB1e5fB95F71C":388.1453674047664,"0x514910771AF9Ca656af840dff83E8264EcF986CA":74.63461442485047,"0x5228a22e72ccC52d415EcFd199F99D0665E7733b":50.7455113901672,"0x5271045F7B73c17825A7A7aee6917eE46b0B7520":178.04541431967374,"0x527331F3F550f6f85ACFEcAB9Cc0889180C6f1d5":284.0618681282128,"0x5426178799ee0a0181A89b4f57eFddfAb49941Ec":56.129892451661924,"0x5555f75e3d5278082200Fb451D1b6bA946D8e13b":86.57016684563747,"0x57Ab1ec28D129707052df4dF418D58a2D46d5f51":145.16576789835298,"0x57a5a0567187FF4A8dcC1A9bBa86155E355878F2":0.7987894653721843,"0x58efE15C0404aB22F87E4495D71f6f2077e862bE":0.001251064981692,"0x5905c0290e59aFBDc42a5480add9bD7B20CB3759":0.17826869474343757,"0x59D9356E565Ab3A36dD77763Fc0d87fEaf85508C":184.5512494094258,"0x5BC25f649fc4e26069dDF4cF4010F9f706c23831":3.1073493399528735,"0x5Be6C45e2d074fAa20700C49aDA3E88a1cc0025d":354.99795693798353,"0x5Ca135cB8527d76e932f34B5145575F9d8cbE08E":44.328908800112444,"0x5E8422345238F34275888049021821E8E08CAa1f":13954.325605115664,"0x5Ea630e00D6eE438d3deA1556A110359ACdc10A9":267.6986681858676,"0x5e74C9036fb86BD7eCdcb084a0673EFc32eA31cb":7.611342810286527,"0x63a0964A36c34E81959da5894ad888800e17405b":258.0085086407804,"0x65D72AA8DA931F047169112fcf34f52DbaAE7D18":348.54632611393026,"0x65f228ED6a6001eD6485535e0Dc33E525734f54c":32.65992762781917,"0x661c70333AA1850CcDBAe82776Bb436A0fCfeEfB":74.67331975240883,"0x6663b6D50992ef4fc0380199397c87C2f5256075":96.48284915059509,"0x668308d77be3533c909a692302Cb4D135Bf8041C":0.04173088436803028,"0x66a1E37c9b0eAddca17d3662D6c05F4DECf3e110":16.45433952363645,"0x674C6Ad92Fd080e4004b2312b45f796a192D27a0":4.994486826809063,"0x677ddbd918637E5F2c79e164D402454dE7dA8619":3.93650181353225,"0x68749665FF8D2d112Fa859AA293F07A622782F38":8.253957779339306,"0x69000405f9DcE69BD4Cbf4f2865b79144A69BFE0":0.00003912758899831708,"0x6B175474E89094C44Da98b954EedeAC495271d0F":5477.458703481063,"0x6C280dB098dB673d30d5B34eC04B6387185D3620":272.51855333804133,"0x6C5024Cd4F8A59110119C56f8933403A539555EB":129.81061881439314,"0x6C9815826FdF8c7a45cCfEd2064dbaB33a078712":60.184594156366636,"0x6ade6971Ca3d90990C30d39c78b0534C7166e07b":171.169547026565,"0x6b5204B0Be36771253Cc38e88012E02B752f0f36":156.77863745438785,"0x6c3F90f043a72FA612cbac8115EE7e52BDe6E490":862.1872664603972,"0x6c3ea9036406852006290770BEdFcAbA0e23A0e8":244.2187485735773,"0x6e52cCe4EaFDf77091dD1c82183b2D97b776b397":176.926452457172,"0x6ef3D766Dfe02Dc4bF04aAe9122EB9A0Ded25615":0.04066547824151398,"0x7223442cad8e9cA474fC40109ab981608F8c4273":86.62456643482977,"0x73968b9a57c6E53d41345FD57a6E6ae27d6CDB2F":91.33997630136265,"0x73A15FeD60Bf67631dC6cd7Bc5B6e8da8190aCF5":1153.2011620668854,"0x752B4c6e92d96467fE9b9a2522EF07228E00F87c":27.296977987611594,"0x76237BCfDbe8e06FB774663add96216961df4ff3":16.857432316002924,"0x76Eb2FE28b36B3ee97F3Adae0C69606eeDB2A37c":1187.2253463220723,"0x77E06c9eCCf2E797fd462A92B6D7642EF85b0A44":0.88256076324,"0x78da5799CF427Fee11e9996982F4150eCe7a99A7":83.70453714327041,"0x7988292D0FB141085c092132e2a70B30aA1eccAB":441.8223325240066,"0x7F17A6C77C3938D235b014818092eb6305BdA110":123.14133552397564,"0x7FA768E035F956c41d6aeaa3Bd857e7E5141CAd5":0.3666057196291908,"0x7f39C581F595B53c5cb19bD0b3f8dA6c935E2Ca0":820.4244480588478,"0x8064d9Ae6cDf087b1bcd5BDf3531bD5d8C537a68":71.25988319699088,"0x808507121B80c02388fAd14726482e061B8da827":205.26028742841683,"0x80d69e79258FE9D056c822461c4eb0B4ca8802E2":0.18837388291970458,"0x826180541412D574cf1336d22c0C0a287822678A":174.42007343262003,"0x8282BD15dcA2EA2bDf24163E8f2781B30C43A2ef":251.24727934807078,"0x830614aE209FF9d8706d386fcdBc7a55206fcffC":33.67658401657555,"0x83F20F44975D03b1b09e64809B757c47f942BEeA":2660.133605344724,"0x853d955aCEf822Db058eb8505911ED77F175b99e":1270.4754572121694,"0x856c4Efb76C1D1AE02e20CEB03A2A6a08b0b8dC3":278.099007293988,"0x865377367054516e17014CcdED1e7d814EDC9ce4":9.151487221156435,"0x893DA8A02b487FEF2F7e3F35DF49d7625aE549a3":319.4566079980683,"0x8Bc3F1e82Ca3d63987dc12F90538c6bF818FcD0f":291.6508449499903,