{"0x0000000000085d4780B73119b644AE5ecd22b376":210.00257917074754,"0x0000000016E6Cb3038203c1129c8B4aEE7af7a11":2.154093037981018,"0x005F893EcD7bF9667195642f7649DA8163e23658":185.50216808504956,"0x0100546F2cD4C9D97f798fFC9755E47865FF7Ee6":438.70336103300707,"0x028171bCA77440897B824Ca71D1c56caC55b68A3":1086.7673646374813,"0x0316EB71485b0Ab14103307bf65a021042c6d380":0.02084793686279224,"0x03ab458634910AaD20eF5f1C8ee96F1D6ac54919":1.3174120022781837,"0x04C154b66CB340F3Ae24111CC767e0184Ed00Cc6":438.363053445386,"0x051d7e5609917Bd9b73f04BAc0DED8Dd46a74301":387.4844662501236,"0x056Fd409E1d7A124BD7017459dFEa2F387b6d5Cd":597.8567471758064,"0x067079c14B85169e6a29703769dadDef90816f4C":448.2433319364757,"0x075b1bb99792c9E1041bA13afEf80C91a1e70fB3":779.8967824095699,"0x085780639CC2cACd35E474e71f4d000e2405d8f6":988.6210557870755,"0x0E2EC54fC0B509F445631Bf4b91AB8168230C752":0.47146118970337053,"0x0E573Ce2736Dd9637A0b21058352e1667925C7a8":141.76192153223766,"0x0a5E677a6A24b2F1A2Bf4F3bFfC443231d2fDEc8":0.08055488774712291,"0x0bc529c00C6401aEF6D220BE8C6Ea1667F6Ad93e":14.987110768388687,"0x0d86883FAf4FfD7aEb116390af37746F45b6f378":259.03718881235375,"0x0dE54CFdfeD8005176f8b7A9D5438B45c4F1df1e":5.8309090750759625,"0x137469B55D1f15651BA46A89D0588e97dD0B6562":224.14202278426936,"0x1456688345527bE1f37E9e627DA0837D6f08C925":6.786407106714077,"0x15700B564Ca08D9439C58cA5053166E8317aa138":1525.8902859927512,"0x16eAd9a10b1A77007E6E329B076aD1Fe97a6F7C0":108.11328686816083,"0x18084fbA666a33d37592fA2633fD49a74DD93a88":424.77543475099134,"0x1830c553dC76d3447B69b7B0dC19CF9e3c739C78":90.11539591031243,"0x183395DbD0B5e93323a7286D1973150697FFFCB3":314.6599924659255,"0x196f4727526eA7FB1e17b2071B3d8eAA38486988":2.5686662886681355,"0x1BED97CBC3c24A4fb5C069C6E311a967386131f7":315.2957864478891,"0x1a7e4e63778B4f12a199C062f3eFdD288afCBce8":322.37039779060035,"0x1aBaEA1f7C830bD89Acc67eC4af516284b1bC33c":482.2840337716815,"0x1c48f86ae57291F7686349F12601910BD8D470bb":1.30935061808652,"0x1ce0D1E19c9514230FF8CD1DAbaC2555fb92122b":0,"0x2191DF768ad71140F9F3E96c1e4407A4aA31d082":19.192551436676517,"0x2260FAC5E5542a773Aa44fBCfeDf7C193bc2C599":421.25660273906243,"0x2570f1bD5D2735314FC102eb12Fc1aFe9e6E7193":189.683767685031,"0x25eC98773D7b4ceD4cAFaB96A2A1c0945f145e10":5.849808335361622,"0x29059568bB40344487d62f7450E78b8E6C74e0e5":138.4521251963282,"0x2b01d4FdB87eb7F2399E5D68631d8A939a323786":290.5955491877209,"0x3175Df0976dFA876431C2E9eE6Bc45b65d3473CC":9.262830514852179e-7,"0x3231Cb76718CDeF2155FC47b5286d82e6eDA273f":321.2568589407889,"0x32bd822d615A3658A68b6fDD30c2fcb2C996D678":328.1064295846976,"0x3432B6A60D23Ca0dFCa7761B7ab56459D9C964D0":345.41030765408215,"0x34635280737b5BFe6c7DC2FC3065D60d66e78185":257.2893165517305,"0x35282d87011f87508D457F08252Bc5bFa52E10A0":150.75337155142066,"0x35D8949372D46B7a3D5A56006AE77B215fc69bC0":279.8636659052555,"0x35fA164735182de50811E8e2E824cFb9B6118ac2":1101.2756558248393,"0x365AccFCa291e7D3914637ABf1F7635dB165Bb09":309.2103296039395,"0x383E6b4437b59fff47B619CBA855CA29342A8559":174.76119030870177,"0x38D64ce1Bdf1A9f24E0Ec469C9cAde61236fB4a0":258.36041497189103,"0x3A2725556Dde7B21fBe3dD64A4913ff29faba6A1":0.03480759014366305,"0x3A283D9c08E8b55966afb64C515f5143cf907611":4092.6574125355633,"0x3Ed3B47Dd13EC9a98b44e6204A523E766B225811":353.115806891779,"0x3f0e7916681452D23Cd36B1281457DA721F2E5dF":13.164400576533223,"0x40D16FC0246aD3160Ccc09B8D0D3A2cD28aE6C2f":631.5366229177838,"0x4591DBfF62656E7859Afe5e45f6f47D3669fBB28":110.6007778311617,"0x4647B6D835f3B393C7A955df51EEfcf0db961606":24.506620961704154,"0x466a756E9A7401B5e2444a3fCB3c2C12FBEa0a54":320.4489824613586,"0x48759F220ED983dB51fA7A8C0D2AAb8f3ce4166a":1659.7370802045937,"0x49446A0874197839D15395B908328a74ccc96Bc0":27.330990475380034,"0x4AE86d8732390d852A13cb918463BC6e5775FaDD":135.7554794556668,"0x4D1941a887eC788F059b3bfcC8eE1E97b968825B":333.2668423267028,"0x4Fabb145d64652a948d72533023f6E7A623C7C53":0.03398526592315203,"0x4c9EDD5852cd905f086C759E8383e09bff1E68B3":3401.3309190169643,"0x4eBdF703948ddCEA3B11f675B4D1Fba9d2414A14":1363.9968805579576,"0x514910771AF9Ca656af840dff83E8264EcF986CA":97.72877589785746,"0x5228a22e72ccC52d415EcFd199F99D0665E7733b":59.517535158387204,"0x5426178799ee0a0181A89b4f57eFddfAb49941Ec":488.9357635299774,"0x5555f75e3d5278082200Fb451D1b6bA946D8e13b":74.02695032835237,"0x57a5a0567187FF4A8dcC1A9bBa86155E355878F2":1.0786660082004007,"0x58efE15C0404aB22F87E4495D71f6f2077e862bE":0.00124743164926014,"0x5905c0290e59aFBDc42a5480add9bD7B20CB3759":0.19219099331431225,"0x59D9356E565Ab3A36dD77763Fc0d87fEaf85508C":118.99066831006468,"0x5BC25f649fc4e26069dDF4cF4010F9f706c23831":3.8896196197471964,"0x5Be6C45e2d074fAa20700C49aDA3E88a1cc0025d":410.26478714286446,"0x5Ca135cB8527d76e932f34B5145575F9d8cbE08E":49.873388272443364,"0x5E8422345238F34275888049021821E8E08CAa1f":16052.215341324223,"0x5Ea630e00D6eE438d3deA1556A110359ACdc10A9":325.3792630693483,"0x5e74C9036fb86BD7eCdcb084a0673EFc32eA31cb":1.8281249511347228,"0x6359B6d3e327c497453d4376561eE276c6933323":295.9983358003287,"0x63a0964A36c34E81959da5894ad888800e17405b":301.37620067682155,"0x65D72AA8DA931F047169112fcf34f52DbaAE7D18":146.08007292468838,"0x65f228ED6a6001eD6485535e0Dc33E525734f54c":50.84080026902267,"0x661c70333AA1850CcDBAe82776Bb436A0fCfeEfB":57.36415005077379,"0x6663b6D50992ef4fc0380199397c87C2f5256075":39.891401006632805,"0x668308d77be3533c909a692302Cb4D135Bf8041C":0.05272988135422019,"0x66a1E37c9b0eAddca17d3662D6c05F4DECf3e110":18.984441570548636,"0x674C6Ad92Fd080e4004b2312b45f796a192D27a0":5.958153389153332,"0x677ddbd918637E5F2c79e164D402454dE7dA8619":1.0210450968420777,"0x68749665FF8D2d112Fa859AA293F07A622782F38":11.81775044509882,"0x69000405f9DcE69BD4Cbf4f2865b79144A69BFE0":0,"0x6B175474E89094C44Da98b954EedeAC495271d0F":4494.866580114861,"0x6C280dB098dB673d30d5B34eC04B6387185D3620":308.7853814471634,"0x6C5024Cd4F8A59110119C56f8933403A539555EB":118.92750492233037,"0x6C9815826FdF8c7a45cCfEd2064dbaB33a078712":70.20504599432621,"0x6b5204B0Be36771253Cc38e88012E02B752f0f36":190.7197371670357,"0x6c3F90f043a72FA612cbac8115EE7e52BDe6E490":499.09988155681003,"0x6c3ea9036406852006290770BEdFcAbA0e23A0e8":750.3003727555758,"0x6e52cCe4EaFDf77091dD1c82183b2D97b776b397":428.6556926920703,"0x6ef3D766Dfe02Dc4bF04aAe9122EB9A0Ded25615":0.0799436082538653,"0x7223442cad8e9cA474fC40109ab981608F8c4273":76.10295754910135,"0x73968b9a57c6E53d41345FD57a6E6ae27d6CDB2F":109.87898603304689,"0x73A15FeD60Bf67631dC6cd7Bc5B6e8da8190aCF5":917.2336439790548,"0x752B4c6e92d96467fE9b9a2522EF07228E00F87c":53.19654322949469,"0x76237BCfDbe8e06FB774663add96216961df4ff3":20.13999116110295,"0x76Eb2FE28b36B3ee97F3Adae0C69606eeDB2A37c":1170.9609019652198,"0x77E06c9eCCf2E797fd462A92B6D7642EF85b0A44":0.8641548114600001,"0x78da5799CF427Fee11e9996982F4150eCe7a99A7":84.07933416601097,"0x7988292D0FB141085c092132e2a70B30aA1eccAB":468.34850733586467,"0x7F17A6C77C3938D235b014818092eb6305BdA110":116.11190794243126,"0x7F86Bf177Dd4F3494b841a37e810A34dD56c829B":1925.290176323773,"0x7FA768E035F956c41d6aeaa3Bd857e7E5141CAd5":0.4531952058626719,"0x7f39C581F595B53c5cb19bD0b3f8dA6c935E2Ca0":918.1460558269857,"0x8064d9Ae6cDf087b1bcd5BDf3531bD5d8C537a68":69.14645899194188,"0x808507121B80c02388fAd14726482e061B8da827":249.97221444533332,"0x80d69e79258FE9D056c822461c4eb0B4ca8802E2":0.23599637621594155,"0x826180541412D574cf1336d22c0C0a287822678A":202.53228836313124,"0x830614aE209FF9d8706d386fcdBc7a55206fcffC":49.765456781681884,"0x83F20F44975D03b1b09e64809B757c47f942BEeA":3032.6781779816265,"0x853d955aCEf822Db058eb8505911ED77F175b99e":1613.182470199896,"0x856c4Efb76C1D1AE02e20CEB03A2A6a08b0b8dC3":300.79725864424216,"0x865377367054516e17014CcdED1e7d814EDC9ce4":721.6021219215256,"0x8Bc3F1e82Ca3d63987dc12F90538c6bF818FcD0f":298.92575839022646,"0x8C0D76C9B18779665475F3E212D9Ca1Ed6A1A0e6":480.65437799375724,"0x8C88538688aca3b733aD08b12BEe4574c0C00907":80.59268969517294,"0x8E870D67F660D95d5be530380D0eC0bd388289E1":0.11668837441887858,"0x8c9532a60E0E7C6BbD2B2c1303F63aCE1c3E9811":8.748659476224905,