{"0x0000000000085d4780B73119b644AE5ecd22b376":215.9306692240699,"0x0000000016E6Cb3038203c1129c8B4aEE7af7a11":1.2314481357383906,"0x005F893EcD7bF9667195642f7649DA8163e23658":168.23721145275582,"0x0100546F2cD4C9D97f798fFC9755E47865FF7Ee6":388.9516457960164,"0x028171bCA77440897B824Ca71D1c56caC55b68A3":1194.105053107512,"0x0316EB71485b0Ab14103307bf65a021042c6d380":0.8029106519881097,"0x03ab458634910AaD20eF5f1C8ee96F1D6ac54919":262.9391768460697,"0x04C154b66CB340F3Ae24111CC767e0184Ed00Cc6":310.0261799158333,"0x051d7e5609917Bd9b73f04BAc0DED8Dd46a74301":383.0666778955673,"0x056Fd409E1d7A124BD7017459dFEa2F387b6d5Cd":460.65522216764316,"0x067079c14B85169e6a29703769dadDef90816f4C":610.6804795251765,"0x075b1bb99792c9E1041bA13afEf80C91a1e70fB3":613.7092075486612,"0x085780639CC2cACd35E474e71f4d000e2405d8f6":546.226411755198,"0x09db87A538BD693E9d08544577d5cCfAA6373A48":106.26754916778951,"0x0E2EC54fC0B509F445631Bf4b91AB8168230C752":0.47169022896420243,"0x0E573Ce2736Dd9637A0b21058352e1667925C7a8":145.2630573067541,"0x0a5E677a6A24b2F1A2Bf4F3bFfC443231d2fDEc8":0.1702827958136745,"0x0bc529c00C6401aEF6D220BE8C6Ea1667F6Ad93e":22.612759567972972,"0x0d86883FAf4FfD7aEb116390af37746F45b6f378":331.0717678337333,"0x0dE54CFdfeD8005176f8b7A9D5438B45c4F1df1e":5.836137765487834,"0x1456688345527bE1f37E9e627DA0837D6f08C925":5.487809570055655,"0x15700B564Ca08D9439C58cA5053166E8317aa138":443.71196434862003,"0x18084fbA666a33d37592fA2633fD49a74DD93a88":53.76125363350348,"0x183395DbD0B5e93323a7286D1973150697FFFCB3":572.0744427448899,"0x196f4727526eA7FB1e17b2071B3d8eAA38486988":2.0457969449116837,"0x1BED97CBC3c24A4fb5C069C6E311a967386131f7":273.72437006540156,"0x1aBaEA1f7C830bD89Acc67eC4af516284b1bC33c":117.84950083174932,"0x1c48f86ae57291F7686349F12601910BD8D470bb":1.22408893234362,"0x1ce0D1E19c9514230FF8CD1DAbaC2555fb92122b":0,"0x2191DF768ad71140F9F3E96c1e4407A4aA31d082":25.659468432078434,"0x2260FAC5E5542a773Aa44fBCfeDf7C193bc2C599":30.997965323453503,"0x25eC98773D7b4ceD4cAFaB96A2A1c0945f145e10":0,"0x2889302a794dA87fBF1D6Db415C1492194663D13":1670.452143622436,"0x2b01d4FdB87eb7F2399E5D68631d8A939a323786":254.8613248110057,"0x2bd1F344a2398340C2b1119Da98816eA723F5F0f":0.241422199899,"0x3175Df0976dFA876431C2E9eE6Bc45b65d3473CC":0.000038729243976817144,"0x3231Cb76718CDeF2155FC47b5286d82e6eDA273f":332.7462399729402,"0x32bd822d615A3658A68b6fDD30c2fcb2C996D678":304.0229995635179,"0x3432B6A60D23Ca0dFCa7761B7ab56459D9C964D0":310.55310980463383,"0x34635280737b5BFe6c7DC2FC3065D60d66e78185":270.2294458339391,"0x35282d87011f87508D457F08252Bc5bFa52E10A0":161.34784834562723,"0x3570E17b1F2DdFD73FBE437F34A34d1D54219138":1.4260522827240592,"0x35D8949372D46B7a3D5A56006AE77B215fc69bC0":2025.6409791197575,"0x35fA164735182de50811E8e2E824cFb9B6118ac2":978.1981327840003,"0x365AccFCa291e7D3914637ABf1F7635dB165Bb09":569.5852689981059,"0x383E6b4437b59fff47B619CBA855CA29342A8559":198.30915558405889,"0x38D64ce1Bdf1A9f24E0Ec469C9cAde61236fB4a0":254.99655365767092,"0x3A2725556Dde7B21fBe3dD64A4913ff29faba6A1":0.029520532737982098,"0x3Ed3B47Dd13EC9a98b44e6204A523E766B225811":3.756803677016941,"0x40D16FC0246aD3160Ccc09B8D0D3A2cD28aE6C2f":325.1729215670405,"0x4591DBfF62656E7859Afe5e45f6f47D3669fBB28":230.7745535653858,"0x466a756E9A7401B5e2444a3fCB3c2C12FBEa0a54":58.730675708404014,"0x48759F220ED983dB51fA7A8C0D2AAb8f3ce4166a":2409.3110880690115,"0x49446A0874197839D15395B908328a74ccc96Bc0":43.07881682151984,"0x4D55a36902a6546A79ec4c9c315241De746D5fC3":0,"0x4Fabb145d64652a948d72533023f6E7A623C7C53":0.039629530255652426,"0x4c9EDD5852cd905f086C759E8383e09bff1E68B3":3712.507571693174,"0x514910771AF9Ca656af840dff83E8264EcF986CA":89.3617972360562,"0x5228a22e72ccC52d415EcFd199F99D0665E7733b":64.98652937344016,"0x5555f75e3d5278082200Fb451D1b6bA946D8e13b":125.56453365948079,"0x57Ab1ec28D129707052df4dF418D58a2D46d5f51":157.83240443468583,"0x57a5a0567187FF4A8dcC1A9bBa86155E355878F2":0.8379213095768248,"0x58efE15C0404aB22F87E4495D71f6f2077e862bE":0.001248567846,"0x5905c0290e59aFBDc42a5480add9bD7B20CB3759":0.17791286900542672,"0x59D9356E565Ab3A36dD77763Fc0d87fEaf85508C":249.80127539607548,"0x5BC25f649fc4e26069dDF4cF4010F9f706c23831":2.323223806666566,"0x5Ca135cB8527d76e932f34B5145575F9d8cbE08E":57.48280158363512,"0x5E8422345238F34275888049021821E8E08CAa1f":14475.955519843374,"0x5Ea630e00D6eE438d3deA1556A110359ACdc10A9":355.78770042162324,"0x5e74C9036fb86BD7eCdcb084a0673EFc32eA31cb":8.411835814504885,"0x63a0964A36c34E81959da5894ad888800e17405b":302.12032595312337,"0x65D72AA8DA931F047169112fcf34f52DbaAE7D18":363.618172633066,"0x661c70333AA1850CcDBAe82776Bb436A0fCfeEfB":128.4720058838174,"0x668308d77be3533c909a692302Cb4D135Bf8041C":0.04426211637726594,"0x66a1E37c9b0eAddca17d3662D6c05F4DECf3e110":36.180380846840954,"0x674C6Ad92Fd080e4004b2312b45f796a192D27a0":4.290150050427874,"0x677ddbd918637E5F2c79e164D402454dE7dA8619":3.880514899872222,"0x68749665FF8D2d112Fa859AA293F07A622782F38":21.09208601794131,"0x69000405f9DcE69BD4Cbf4f2865b79144A69BFE0":0.003530466940383017,"0x6B175474E89094C44Da98b954EedeAC495271d0F":6509.769649219773,"0x6C5024Cd4F8A59110119C56f8933403A539555EB":125.51105659240099,"0x6C9815826FdF8c7a45cCfEd2064dbaB33a078712":62.620350121805714,"0x6ade6971Ca3d90990C30d39c78b0534C7166e07b":217.13008993106288,"0x6b5204B0Be36771253Cc38e88012E02B752f0f36":192.69859100764305,"0x6c3F90f043a72FA612cbac8115EE7e52BDe6E490":1050.0208037978152,"0x6c3ea9036406852006290770BEdFcAbA0e23A0e8":533.3391413723408,"0x6ef3D766Dfe02Dc4bF04aAe9122EB9A0Ded25615":0.09975230261105014,"0x7223442cad8e9cA474fC40109ab981608F8c4273":147.70158939378783,"0x73968b9a57c6E53d41345FD57a6E6ae27d6CDB2F":149.50973361576362,"0x73A15FeD60Bf67631dC6cd7Bc5B6e8da8190aCF5":2037.6163575187813,"0x752B4c6e92d96467fE9b9a2522EF07228E00F87c":51.98501841483527,"0x76237BCfDbe8e06FB774663add96216961df4ff3":36.533726935047454,"0x76Eb2FE28b36B3ee97F3Adae0C69606eeDB2A37c":1187.6002799353223,"0x77E06c9eCCf2E797fd462A92B6D7642EF85b0A44":0.394958912211676,"0x78da5799CF427Fee11e9996982F4150eCe7a99A7":95.71632229238722,"0x7F86Bf177Dd4F3494b841a37e810A34dD56c829B":9330.344572941041,"0x7FA768E035F956c41d6aeaa3Bd857e7E5141CAd5":0.38363668586002503,"0x7f39C581F595B53c5cb19bD0b3f8dA6c935E2Ca0":1695.8621674431656,"0x8064d9Ae6cDf087b1bcd5BDf3531bD5d8C537a68":83.52558737738352,"0x808507121B80c02388fAd14726482e061B8da827":214.98273528500283,"0x80d69e79258FE9D056c822461c4eb0B4ca8802E2":0.19942480152339248,"0x826180541412D574cf1336d22c0C0a287822678A":209.98627698240668,"0x830614aE209FF9d8706d386fcdBc7a55206fcffC":52.14281011328909,"0x83F20F44975D03b1b09e64809B757c47f942BEeA":4379.220463814319,"0x853d955aCEf822Db058eb8505911ED77F175b99e":1673.8549943353491,"0x856c4Efb76C1D1AE02e20CEB03A2A6a08b0b8dC3":300.5734809694813,"0x865377367054516e17014CcdED1e7d814EDC9ce4":34.30894528935778,"0x8C0D76C9B18779665475F3E212D9Ca1Ed6A1A0e6":662.2086279026233,"0x8E870D67F660D95d5be530380D0eC0bd388289E1":172.47506073454414,"0x8c9532a60E0E7C6BbD2B2c1303F63aCE1c3E9811":212.20334763082187,"0x8dAEBADE922dF735c38C80C7eBD708Af50815fAa":21.331864970126734,"0x8e595470Ed749b85C6F7669de83EAe304C2ec68F":458.80468763452893,"0x917ceE801a67f933F2e6b33fC0cD1ED2d5909D88":371.63055015891575,"0x9181f633E9B9F15A32d5e37094F4C93b333e0E92":0.33793054132062084,"0x922406EAFC3CcEb32b0256F287fB977c426EDbd8":0.007288783142279762,"0x9559Aaa82d9649C7A7b220E7c461d2E74c9a3593":37.68883103488485,"0x95710BDE45C8D384A976Cc58Cc7a7e489576b098":3.212136030241768,"0x961D4921e1718E633BAC8Ded88c4a1cAe44b785a":805.5565058865416,"0x9961BdBE8B7091E584c2bF9D0a160C583f564A8c":407.23953426457996,"0x99D8a9C45b2ecA8864373A26D1459e3Dff1e17F3":37.10787073349527,"0x9BE89D2a4cd102D8Fecc6BF9dA793be995C22541":288.2816400013731,"0x9D11ab23d33aD026C466CE3c124928fDb69Ba20E":0.5521276168149157,"0x9D39A5DE30e57443BfF2A8307A4256c8797A3497":4793.538776106405,"0x9EEAD9ce15383CaEED975427340b3A369410CFBF":19.63441015311715,"0xA0b86991c6218b36c1d19D4a2e9Eb0cE3606eB48":12031.216562075748,"0xA0d69E286B938e21CBf7E51D71F6A4c8918f482F":401.57206141875974,