{"0x005F893EcD7bF9667195642f7649DA8163e23658":3.8561198268046337,"0x0100546F2cD4C9D97f798fFC9755E47865FF7Ee6":148.97890707187634,"0x028171bCA77440897B824Ca71D1c56caC55b68A3":756.7647913663601,"0x0316EB71485b0Ab14103307bf65a021042c6d380":68.30169220258547,"0x03ab458634910AaD20eF5f1C8ee96F1D6ac54919":145.83823047278116,"0x04C154b66CB340F3Ae24111CC767e0184Ed00Cc6":142.72016960687066,"0x056Fd409E1d7A124BD7017459dFEa2F387b6d5Cd":700.1135738096899,"0x067079c14B85169e6a29703769dadDef90816f4C":566.4337882556489,"0x075b1bb99792c9E1041bA13afEf80C91a1e70fB3":292.5747246475442,"0x085780639CC2cACd35E474e71f4d000e2405d8f6":24960.952351054988,"0x0E2EC54fC0B509F445631Bf4b91AB8168230C752":0.4500627352026488,"0x0E573Ce2736Dd9637A0b21058352e1667925C7a8":142.9018104769949,"0x0bc529c00C6401aEF6D220BE8C6Ea1667F6Ad93e":7.142679379716192,"0x0d86883FAf4FfD7aEb116390af37746F45b6f378":47.05177192804451,"0x0dE54CFdfeD8005176f8b7A9D5438B45c4F1df1e":2.9979350068933095,"0x1456688345527bE1f37E9e627DA0837D6f08C925":3.343815305058219,"0x1830c553dC76d3447B69b7B0dC19CF9e3c739C78":186.91887680457455,"0x196f4727526eA7FB1e17b2071B3d8eAA38486988":0.02193996715872722,"0x1c48f86ae57291F7686349F12601910BD8D470bb":0.7311426646694084,"0x1ce0D1E19c9514230FF8CD1DAbaC2555fb92122b":0,"0x2260FAC5E5542a773Aa44fBCfeDf7C193bc2C599":345.0213408677603,"0x2570f1bD5D2735314FC102eb12Fc1aFe9e6E7193":133.68662043777783,"0x25eC98773D7b4ceD4cAFaB96A2A1c0945f145e10":5.529842205410171,"0x2889302a794dA87fBF1D6Db415C1492194663D13":1077.3387068623877,"0x29059568bB40344487d62f7450E78b8E6C74e0e5":582.3045045987784,"0x2b01d4FdB87eb7F2399E5D68631d8A939a323786":19.937826011268285,"0x3175Df0976dFA876431C2E9eE6Bc45b65d3473CC":2088.2122397689973,"0x32bd822d615A3658A68b6fDD30c2fcb2C996D678":35.94797268412843,"0x35282d87011f87508D457F08252Bc5bFa52E10A0":122.91360361520229,"0x35fA164735182de50811E8e2E824cFb9B6118ac2":374.65514012775094,"0x383E6b4437b59fff47B619CBA855CA29342A8559":1361.031051065714,"0x38D64ce1Bdf1A9f24E0Ec469C9cAde61236fB4a0":487.98284211318264,"0x3A283D9c08E8b55966afb64C515f5143cf907611":10177.943203494537,"0x3Ed3B47Dd13EC9a98b44e6204A523E766B225811":426.6340102127115,"0x3f0e7916681452D23Cd36B1281457DA721F2E5dF":80.458986098085,"0x40D16FC0246aD3160Ccc09B8D0D3A2cD28aE6C2f":1180.0397685520786,"0x4591DBfF62656E7859Afe5e45f6f47D3669fBB28":323.97443695751383,"0x4647B6D835f3B393C7A955df51EEfcf0db961606":475.79893824345464,"0x466a756E9A7401B5e2444a3fCB3c2C12FBEa0a54":505.7552725535609,"0x48759F220ED983dB51fA7A8C0D2AAb8f3ce4166a":53.355257079651686,"0x49446A0874197839D15395B908328a74ccc96Bc0":9.051846681286657,"0x4AE86d8732390d852A13cb918463BC6e5775FaDD":28.075528782244277,"0x4c9EDD5852cd905f086C759E8383e09bff1E68B3":6422.604114292475,"0x4de2ab8177fC5fFAFB7aD11FB8BeB1e5fB95F71C":66.28590848780063,"0x4eBdF703948ddCEA3B11f675B4D1Fba9d2414A14":4011.8544401135437,"0x514910771AF9Ca656af840dff83E8264EcF986CA":116.77815479177924,"0x5228a22e72ccC52d415EcFd199F99D0665E7733b":55.50532743808788,"0x527331F3F550f6f85ACFEcAB9Cc0889180C6f1d5":505.2481225553426,"0x5426178799ee0a0181A89b4f57eFddfAb49941Ec":187.24293975908412,"0x57a5a0567187FF4A8dcC1A9bBa86155E355878F2":1.1950226623533975,"0x58efE15C0404aB22F87E4495D71f6f2077e862bE":0.001247099530213104,"0x59D9356E565Ab3A36dD77763Fc0d87fEaf85508C":2005.2848782205963,"0x5BC25f649fc4e26069dDF4cF4010F9f706c23831":1.387604607793014,"0x5Be6C45e2d074fAa20700C49aDA3E88a1cc0025d":337.8684974571268,"0x5Ca135cB8527d76e932f34B5145575F9d8cbE08E":53.58817708574912,"0x5E8422345238F34275888049021821E8E08CAa1f":16560.77920860353,"0x5b6C539b224014A09B3388e51CaAA8e354c959C8":28.46578121982826,"0x5ca0313D44551e32e0d7a298EC024321c4BC59B4":10.130009537859342,"0x5e74C9036fb86BD7eCdcb084a0673EFc32eA31cb":196.25970217755574,"0x63a0964A36c34E81959da5894ad888800e17405b":16.40747213601552,"0x65D72AA8DA931F047169112fcf34f52DbaAE7D18":93.92379021481634,"0x661c70333AA1850CcDBAe82776Bb436A0fCfeEfB":0.0013260960389501607,"0x6663b6D50992ef4fc0380199397c87C2f5256075":21.027695049437153,"0x668308d77be3533c909a692302Cb4D135Bf8041C":0.05852276984008688,"0x66a1E37c9b0eAddca17d3662D6c05F4DECf3e110":0.10858831110323947,"0x674C6Ad92Fd080e4004b2312b45f796a192D27a0":1.8172850239547649,"0x68749665FF8D2d112Fa859AA293F07A622782F38":18.175351419671788,"0x6B175474E89094C44Da98b954EedeAC495271d0F":6665.591580797558,"0x6C5024Cd4F8A59110119C56f8933403A539555EB":107.92427679909738,"0x6ade6971Ca3d90990C30d39c78b0534C7166e07b":83.67654342954157,"0x6b5204B0Be36771253Cc38e88012E02B752f0f36":294.9430688715713,"0x6c38cE8984a890F5e46e6dF6117C26b3F1EcfC9C":0.000003690248897818,"0x6c3F90f043a72FA612cbac8115EE7e52BDe6E490":2731.333307265644,"0x6c3ea9036406852006290770BEdFcAbA0e23A0e8":2058.125514942783,"0x6e52cCe4EaFDf77091dD1c82183b2D97b776b397":1584.7376179128585,"0x6ef3D766Dfe02Dc4bF04aAe9122EB9A0Ded25615":0.030330363788732693,"0x73968b9a57c6E53d41345FD57a6E6ae27d6CDB2F":80.03457720477003,"0x73A15FeD60Bf67631dC6cd7Bc5B6e8da8190aCF5":0.012580265090216095,"0x76237BCfDbe8e06FB774663add96216961df4ff3":14.578365286688662,"0x76Eb2FE28b36B3ee97F3Adae0C69606eeDB2A37c":189.97145407942273,"0x78da5799CF427Fee11e9996982F4150eCe7a99A7":253.03105275852647,"0x7988292D0FB141085c092132e2a70B30aA1eccAB":3.5606645351603405,"0x7F17A6C77C3938D235b014818092eb6305BdA110":29.264297269614314,"0x7F86Bf177Dd4F3494b841a37e810A34dD56c829B":3635.0216137715124,"0x7FA768E035F956c41d6aeaa3Bd857e7E5141CAd5":0.041135163687426334,"0x7ea4aD8C803653498bF6AC1D2dEbc04DCe8Fd2aD":69.26491520818651,"0x7f39C581F595B53c5cb19bD0b3f8dA6c935E2Ca0":9472.514177158308,"0x8064d9Ae6cDf087b1bcd5BDf3531bD5d8C537a68":76.39626467803227,"0x808507121B80c02388fAd14726482e061B8da827":1814.8248136240659,"0x826180541412D574cf1336d22c0C0a287822678A":188.81615627287349,"0x830614aE209FF9d8706d386fcdBc7a55206fcffC":41.188990609758555,"0x83F20F44975D03b1b09e64809B757c47f942BEeA":9090.109374112277,"0x84CeCB5525c6B1C20070E742da870062E84Da178":6.407757486805155,"0x853d955aCEf822Db058eb8505911ED77F175b99e":5383.538164810568,"0x856c4Efb76C1D1AE02e20CEB03A2A6a08b0b8dC3":1.8715541029852776,"0x865377367054516e17014CcdED1e7d814EDC9ce4":342.01754240253484,"0x8C0D76C9B18779665475F3E212D9Ca1Ed6A1A0e6":306.4337906481184,"0x8C88538688aca3b733aD08b12BEe4574c0C00907":165.11572157607634,"0x8Cd52ee292313C4D851e71A7064F096504aB3eE9":65.65084660645917,"0x8E870D67F660D95d5be530380D0eC0bd388289E1":671.0612288149961,"0x8dAEBADE922dF735c38C80C7eBD708Af50815fAa":17.516858633446912,"0x8e595470Ed749b85C6F7669de83EAe304C2ec68F":15.029756002996253,"0x917ceE801a67f933F2e6b33fC0cD1ED2d5909D88":254.30875837117438,"0x9181f633E9B9F15A32d5e37094F4C93b333e0E92":0.4751597965731583,"0x922406EAFC3CcEb32b0256F287fB977c426EDbd8":0.02907146825506188,"0x9559Aaa82d9649C7A7b220E7c461d2E74c9a3593":200.24140588956945,"0x95710BDE45C8D384A976Cc58Cc7a7e489576b098":0.639910396547411,"0x961D4921e1718E633BAC8Ded88c4a1cAe44b785a":223.17484662935044,"0x9961BdBE8B7091E584c2bF9D0a160C583f564A8c":378.6540991818147,"0x99D8a9C45b2ecA8864373A26D1459e3Dff1e17F3":3954.102201356354,"0x9BE89D2a4cd102D8Fecc6BF9dA793be995C22541":237.66927398788906,"0x9D39A5DE30e57443BfF2A8307A4256c8797A3497":8696.061881717033,"0x9EEAD9ce15383CaEED975427340b3A369410CFBF":0.000003993693886304001,"0x9FeE65D5A627e73212989c8BbEdC5Fa5Cae3821F":14.924155519349963,"0x9b77bd0a665F05995b68e36fC1053AFFfAf0d4B5":4.908583511459496,"0x9de1c3D446237ab9BaFF74127eb4F303802a2683":100.09390981915755,"0xA0b86991c6218b36c1d19D4a2e9Eb0cE3606eB48":13026.199855889206,"0xA0d69E286B938e21CBf7E51D71F6A4c8918f482F":886.7852254660993,"0xA1290d69c65A6Fe4DF752f95823fae25cB99e5A7":5766.802118127091,"0xA35b1B31Ce002FBF2058D22F30f95D405200A15b":527.414498445098,"0xA5588F7cdf560811710A2D82D3C9c99769DB1Dcb":4616.693571838822,"0xA663B02CF0a4b149d2aD41910CB81e23e1c41c32":60.84267161769187,"0xAB846Fb6C81370327e784Ae7CbB6d6a6af6Ff4BF":50.95956796862482,"0xBC6DA0FE9aD5f3b0d58160288917AA56653660E9":0.47149357473224957,"0xBcca60bB61934080951369a648Fb03DF4F96263C":547.0282619674089,