{"0x0000000000085d4780B73119b644AE5ecd22b376":0.00846161815392981,"0x005F893EcD7bF9667195642f7649DA8163e23658":88.00186246937062,"0x0100546F2cD4C9D97f798fFC9755E47865FF7Ee6":156.31988310513057,"0x028171bCA77440897B824Ca71D1c56caC55b68A3":745.5432685430196,"0x0316EB71485b0Ab14103307bf65a021042c6d380":62.61930090900058,"0x03ab458634910AaD20eF5f1C8ee96F1D6ac54919":175.04166774364782,"0x04C154b66CB340F3Ae24111CC767e0184Ed00Cc6":230.45917896520388,"0x056Fd409E1d7A124BD7017459dFEa2F387b6d5Cd":297.34119407795237,"0x067079c14B85169e6a29703769dadDef90816f4C":112.4307357695421,"0x075b1bb99792c9E1041bA13afEf80C91a1e70fB3":747.7478610137076,"0x085780639CC2cACd35E474e71f4d000e2405d8f6":964.7304215932746,"0x09b2E090531228d1b8E3d948C73b990Cb6e60720":495.82026918481597,"0x0E2EC54fC0B509F445631Bf4b91AB8168230C752":0.4715760983136608,"0x0E573Ce2736Dd9637A0b21058352e1667925C7a8":143.10334325686756,"0x0a5E677a6A24b2F1A2Bf4F3bFfC443231d2fDEc8":0.007512486939683426,"0x0bc529c00C6401aEF6D220BE8C6Ea1667F6Ad93e":7.834327391173894,"0x0d86883FAf4FfD7aEb116390af37746F45b6f378":170.1412130035303,"0x0dE54CFdfeD8005176f8b7A9D5438B45c4F1df1e":3.6877198723826248,"0x1456688345527bE1f37E9e627DA0837D6f08C925":4.617806688264038,"0x16eAd9a10b1A77007E6E329B076aD1Fe97a6F7C0":60.99432096162047,"0x18084fbA666a33d37592fA2633fD49a74DD93a88":14.827978523933728,"0x1830c553dC76d3447B69b7B0dC19CF9e3c739C78":99.30862077836964,"0x183395DbD0B5e93323a7286D1973150697FFFCB3":316.9637477326545,"0x196f4727526eA7FB1e17b2071B3d8eAA38486988":0.604043860833568,"0x1c48f86ae57291F7686349F12601910BD8D470bb":0.103678920054406,"0x1ce0D1E19c9514230FF8CD1DAbaC2555fb92122b":0,"0x2260FAC5E5542a773Aa44fBCfeDf7C193bc2C599":316.68418579398684,"0x2570f1bD5D2735314FC102eb12Fc1aFe9e6E7193":359.92981549054963,"0x25eC98773D7b4ceD4cAFaB96A2A1c0945f145e10":0,"0x2b01d4FdB87eb7F2399E5D68631d8A939a323786":18.8881312249345,"0x31429d1856aD1377A8A0079410B297e1a9e214c2":468.0964128306534,"0x32bd822d615A3658A68b6fDD30c2fcb2C996D678":53.98160449228309,"0x34635280737b5BFe6c7DC2FC3065D60d66e78185":449.1965268284108,"0x35282d87011f87508D457F08252Bc5bFa52E10A0":73.53699999650195,"0x35D8949372D46B7a3D5A56006AE77B215fc69bC0":621.5043284987089,"0x35fA164735182de50811E8e2E824cFb9B6118ac2":943.0502485621774,"0x383E6b4437b59fff47B619CBA855CA29342A8559":40.340824238769784,"0x38D64ce1Bdf1A9f24E0Ec469C9cAde61236fB4a0":159.0970467457348,"0x3A283D9c08E8b55966afb64C515f5143cf907611":1133.1211727635678,"0x3Ed3B47Dd13EC9a98b44e6204A523E766B225811":1006.6734273211318,"0x40D16FC0246aD3160Ccc09B8D0D3A2cD28aE6C2f":180.78573494784433,"0x4591DBfF62656E7859Afe5e45f6f47D3669fBB28":309.75679302937925,"0x4647B6D835f3B393C7A955df51EEfcf0db961606":232.60619751249908,"0x48759F220ED983dB51fA7A8C0D2AAb8f3ce4166a":996.4565896245476,"0x49446A0874197839D15395B908328a74ccc96Bc0":18.480666878824543,"0x4AE86d8732390d852A13cb918463BC6e5775FaDD":74.1284437309546,"0x4D1941a887eC788F059b3bfcC8eE1E97b968825B":13.089506261776155,"0x4Fabb145d64652a948d72533023f6E7A623C7C53":0.029050750807710284,"0x4c9EDD5852cd905f086C759E8383e09bff1E68B3":1504.2494722581334,"0x4de2ab8177fC5fFAFB7aD11FB8BeB1e5fB95F71C":157.66837469194732,"0x4eBdF703948ddCEA3B11f675B4D1Fba9d2414A14":49.365738963265834,"0x514910771AF9Ca656af840dff83E8264EcF986CA":104.25226842127934,"0x5228a22e72ccC52d415EcFd199F99D0665E7733b":51.43112005153135,"0x5426178799ee0a0181A89b4f57eFddfAb49941Ec":227.111064865218,"0x5555f75e3d5278082200Fb451D1b6bA946D8e13b":56.920580137802624,"0x57a5a0567187FF4A8dcC1A9bBa86155E355878F2":1.0646558872191838,"0x58efE15C0404aB22F87E4495D71f6f2077e862bE":0.001248567846,"0x5905c0290e59aFBDc42a5480add9bD7B20CB3759":0.14125317038373997,"0x59D9356E565Ab3A36dD77763Fc0d87fEaf85508C":538.9243001519911,"0x5BC25f649fc4e26069dDF4cF4010F9f706c23831":1.8939223799564069,"0x5Be6C45e2d074fAa20700C49aDA3E88a1cc0025d":75.1329455063097,"0x5Ca135cB8527d76e932f34B5145575F9d8cbE08E":54.62326501317927,"0x5E8422345238F34275888049021821E8E08CAa1f":15430.820623498006,"0x5e74C9036fb86BD7eCdcb084a0673EFc32eA31cb":189.25855705420946,"0x63a0964A36c34E81959da5894ad888800e17405b":22.842754560899532,"0x65D72AA8DA931F047169112fcf34f52DbaAE7D18":131.03395416303192,"0x661c70333AA1850CcDBAe82776Bb436A0fCfeEfB":45.40259715533609,"0x668308d77be3533c909a692302Cb4D135Bf8041C":0.05209738226477547,"0x66a1E37c9b0eAddca17d3662D6c05F4DECf3e110":0.10862144064263547,"0x674C6Ad92Fd080e4004b2312b45f796a192D27a0":1.8563227552611832,"0x68749665FF8D2d112Fa859AA293F07A622782F38":19.31384690423949,"0x6B175474E89094C44Da98b954EedeAC495271d0F":1036.0021854809368,"0x6C280dB098dB673d30d5B34eC04B6387185D3620":60.67792511121118,"0x6C5024Cd4F8A59110119C56f8933403A539555EB":112.68428062004286,"0x6ade6971Ca3d90990C30d39c78b0534C7166e07b":127.96873986521106,"0x6b5204B0Be36771253Cc38e88012E02B752f0f36":46.15810127302592,"0x6c3F90f043a72FA612cbac8115EE7e52BDe6E490":1177.1254542094412,"0x6c3ea9036406852006290770BEdFcAbA0e23A0e8":490.2450266776169,"0x6e52cCe4EaFDf77091dD1c82183b2D97b776b397":46.06253837557296,"0x6ef3D766Dfe02Dc4bF04aAe9122EB9A0Ded25615":0.0269691514847083,"0x73968b9a57c6E53d41345FD57a6E6ae27d6CDB2F":83.64701189131702,"0x73A15FeD60Bf67631dC6cd7Bc5B6e8da8190aCF5":1707.881641179226,"0x76237BCfDbe8e06FB774663add96216961df4ff3":21.212568739688162,"0x76Eb2FE28b36B3ee97F3Adae0C69606eeDB2A37c":731.0267160289214,"0x77E06c9eCCf2E797fd462A92B6D7642EF85b0A44":0.67695273282,"0x78da5799CF427Fee11e9996982F4150eCe7a99A7":53.45659716545389,"0x7F17A6C77C3938D235b014818092eb6305BdA110":55.453663578532215,"0x7F86Bf177Dd4F3494b841a37e810A34dD56c829B":2146.298656353473,"0x7FA768E035F956c41d6aeaa3Bd857e7E5141CAd5":0.03660933142096256,"0x7ea4aD8C803653498bF6AC1D2dEbc04DCe8Fd2aD":118.48065949394109,"0x7f39C581F595B53c5cb19bD0b3f8dA6c935E2Ca0":507.89080415407125,"0x8064d9Ae6cDf087b1bcd5BDf3531bD5d8C537a68":70.29569133182838,"0x80d69e79258FE9D056c822461c4eb0B4ca8802E2":0.024945461043373595,"0x826180541412D574cf1336d22c0C0a287822678A":195.60658412416308,"0x830614aE209FF9d8706d386fcdBc7a55206fcffC":53.36014934065573,"0x83F20F44975D03b1b09e64809B757c47f942BEeA":1202.9883203442555,"0x853d955aCEf822Db058eb8505911ED77F175b99e":719.2652369873634,"0x856c4Efb76C1D1AE02e20CEB03A2A6a08b0b8dC3":1.66364324402394,"0x865377367054516e17014CcdED1e7d814EDC9ce4":508.67138252136965,"0x8682Fbf0CbF312C891532BA9F1A91e44f81ad7DF":486.02092852708756,"0x8C0D76C9B18779665475F3E212D9Ca1Ed6A1A0e6":408.7807297584453,"0x8C88538688aca3b733aD08b12BEe4574c0C00907":268.9801746127711,"0x8Cd52ee292313C4D851e71A7064F096504aB3eE9":4.985382215203343,"0x8c9532a60E0E7C6BbD2B2c1303F63aCE1c3E9811":0.04402261041966746,"0x8dAEBADE922dF735c38C80C7eBD708Af50815fAa":17.138134759336616,"0x8e595470Ed749b85C6F7669de83EAe304C2ec68F":19.68518592071643,"0x917ceE801a67f933F2e6b33fC0cD1ED2d5909D88":393.18419465313445,"0x9181f633E9B9F15A32d5e37094F4C93b333e0E92":0.4225038624648641,"0x922406EAFC3CcEb32b0256F287fB977c426EDbd8":0.029080337758078095,"0x954313005C56b555bdC41B84D6c63B69049d7847":444.3328960992094,"0x9559Aaa82d9649C7A7b220E7c461d2E74c9a3593":181.64074041040857,"0x95710BDE45C8D384A976Cc58Cc7a7e489576b098":2.3830118571167107,"0x961D4921e1718E633BAC8Ded88c4a1cAe44b785a":859.5648862617687,"0x9961BdBE8B7091E584c2bF9D0a160C583f564A8c":394.63362673537654,"0x99D8a9C45b2ecA8864373A26D1459e3Dff1e17F3":39.50079218044188,"0x9BE89D2a4cd102D8Fecc6BF9dA793be995C22541":672.718649112419,"0x9D39A5DE30e57443BfF2A8307A4256c8797A3497":1081.5925238920022,"0x9EEAD9ce15383CaEED975427340b3A369410CFBF":0.002910902176,"0x9FeE65D5A627e73212989c8BbEdC5Fa5Cae3821F":16.158438407026654,"0x9b77bd0a665F05995b68e36fC1053AFFfAf0d4B5":10.962186725191188,"0x9de1c3D446237ab9BaFF74127eb4F303802a2683":435.27880290680656,"0xA0b86991c6218b36c1d19D4a2e9Eb0cE3606eB48":3115.8629474815716,"0xA0d69E286B938e21CBf7E51D71F6A4c8918f482F":902.9104996542429,"0xA1290d69c65A6Fe4DF752f95823fae25cB99e5A7":76.78386563904627,"0xA35b1B31Ce002FBF2058D22F30f95D405200A15b":0.020103138911288385,"0xA5588F7cdf560811710A2D82D3C9c99769DB1Dcb":111.53233406244107,