{"0x0000000000085d4780B73119b644AE5ecd22b376":0.008477472127779164,"0x005F893EcD7bF9667195642f7649DA8163e23658":199.2223871797266,"0x0100546F2cD4C9D97f798fFC9755E47865FF7Ee6":194.44290494928987,"0x028171bCA77440897B824Ca71D1c56caC55b68A3":796.1186087837219,"0x0316EB71485b0Ab14103307bf65a021042c6d380":46.80190682058934,"0x03ab458634910AaD20eF5f1C8ee96F1D6ac54919":182.70040433038574,"0x04C154b66CB340F3Ae24111CC767e0184Ed00Cc6":434.42163987969127,"0x056Fd409E1d7A124BD7017459dFEa2F387b6d5Cd":424.9371339960571,"0x075b1bb99792c9E1041bA13afEf80C91a1e70fB3":325.51859152908446,"0x085780639CC2cACd35E474e71f4d000e2405d8f6":893.3204733566804,"0x0E2EC54fC0B509F445631Bf4b91AB8168230C752":0.47151880898789744,"0x0E573Ce2736Dd9637A0b21058352e1667925C7a8":142.9623785778238,"0x0a5E677a6A24b2F1A2Bf4F3bFfC443231d2fDEc8":0.05092414737686978,"0x0bc529c00C6401aEF6D220BE8C6Ea1667F6Ad93e":11.978085024018124,"0x0d86883FAf4FfD7aEb116390af37746F45b6f378":240.41864471934593,"0x0dE54CFdfeD8005176f8b7A9D5438B45c4F1df1e":5.832000092299883,"0x1456688345527bE1f37E9e627DA0837D6f08C925":1.9251207830164931,"0x18084fbA666a33d37592fA2633fD49a74DD93a88":12.417245587579226,"0x183395DbD0B5e93323a7286D1973150697FFFCB3":389.7499119909717,"0x196f4727526eA7FB1e17b2071B3d8eAA38486988":2.5320815106412162,"0x1c48f86ae57291F7686349F12601910BD8D470bb":0.2163531633288226,"0x1ce0D1E19c9514230FF8CD1DAbaC2555fb92122b":0,"0x2191DF768ad71140F9F3E96c1e4407A4aA31d082":5.893096084603424,"0x2260FAC5E5542a773Aa44fBCfeDf7C193bc2C599":373.1589325937416,"0x2570f1bD5D2735314FC102eb12Fc1aFe9e6E7193":912.2534338649452,"0x25eC98773D7b4ceD4cAFaB96A2A1c0945f145e10":0,"0x2889302a794dA87fBF1D6Db415C1492194663D13":570.7168622281815,"0x29059568bB40344487d62f7450E78b8E6C74e0e5":291.4026804709774,"0x2b01d4FdB87eb7F2399E5D68631d8A939a323786":14.86981723442949,"0x31429d1856aD1377A8A0079410B297e1a9e214c2":485.9108282672734,"0x3175Df0976dFA876431C2E9eE6Bc45b65d3473CC":1598.5434671176245,"0x32bd822d615A3658A68b6fDD30c2fcb2C996D678":78.61603401536603,"0x34635280737b5BFe6c7DC2FC3065D60d66e78185":350.28335538331737,"0x35282d87011f87508D457F08252Bc5bFa52E10A0":116.95811429736976,"0x35D8949372D46B7a3D5A56006AE77B215fc69bC0":1081.6369272443221,"0x35fA164735182de50811E8e2E824cFb9B6118ac2":1164.0723128640298,"0x383E6b4437b59fff47B619CBA855CA29342A8559":164.38658955932442,"0x38D64ce1Bdf1A9f24E0Ec469C9cAde61236fB4a0":250.97245621133126,"0x3A283D9c08E8b55966afb64C515f5143cf907611":4192.105009506755,"0x3Ed3B47Dd13EC9a98b44e6204A523E766B225811":362.4657526229912,"0x3f0e7916681452D23Cd36B1281457DA721F2E5dF":20.12555598354991,"0x401322B9FDdba8c0a8D40fbCECE1D1752C12316B":388.91216536862123,"0x40D16FC0246aD3160Ccc09B8D0D3A2cD28aE6C2f":824.6696618782041,"0x4591DBfF62656E7859Afe5e45f6f47D3669fBB28":293.9612528129537,"0x4647B6D835f3B393C7A955df51EEfcf0db961606":418.657034369825,"0x466a756E9A7401B5e2444a3fCB3c2C12FBEa0a54":0.25186240181050346,"0x48759F220ED983dB51fA7A8C0D2AAb8f3ce4166a":1557.828343492703,"0x49446A0874197839D15395B908328a74ccc96Bc0":25.85252102190933,"0x4AE86d8732390d852A13cb918463BC6e5775FaDD":130.76886279187391,"0x4D1941a887eC788F059b3bfcC8eE1E97b968825B":8.703441495526633,"0x4Fabb145d64652a948d72533023f6E7A623C7C53":0.029473279034905434,"0x4c9EDD5852cd905f086C759E8383e09bff1E68B3":7176.222109890067,"0x4eBdF703948ddCEA3B11f675B4D1Fba9d2414A14":2057.1968175281518,"0x514910771AF9Ca656af840dff83E8264EcF986CA":115.42906682468117,"0x5228a22e72ccC52d415EcFd199F99D0665E7733b":56.190261381999214,"0x5426178799ee0a0181A89b4f57eFddfAb49941Ec":863.9655444664327,"0x5555f75e3d5278082200Fb451D1b6bA946D8e13b":88.76178946891567,"0x57Ab1ec28D129707052df4dF418D58a2D46d5f51":2294.8335494860194,"0x57a5a0567187FF4A8dcC1A9bBa86155E355878F2":1.2061234504096376,"0x58efE15C0404aB22F87E4495D71f6f2077e862bE":0.001246309186766586,"0x5905c0290e59aFBDc42a5480add9bD7B20CB3759":0.17857189307972995,"0x59D9356E565Ab3A36dD77763Fc0d87fEaf85508C":583.6104564989311,"0x5BC25f649fc4e26069dDF4cF4010F9f706c23831":4.25235761802449,"0x5Ca135cB8527d76e932f34B5145575F9d8cbE08E":51.30148886911208,"0x5E8422345238F34275888049021821E8E08CAa1f":18090.15106298324,"0x5e74C9036fb86BD7eCdcb084a0673EFc32eA31cb":209.4611294407949,"0x6359B6d3e327c497453d4376561eE276c6933323":291.21759366276444,"0x63a0964A36c34E81959da5894ad888800e17405b":126.26639355427844,"0x65D72AA8DA931F047169112fcf34f52DbaAE7D18":128.49055424693643,"0x65f228ED6a6001eD6485535e0Dc33E525734f54c":53.27212250698398,"0x661c70333AA1850CcDBAe82776Bb436A0fCfeEfB":57.973978148123564,"0x668308d77be3533c909a692302Cb4D135Bf8041C":0.05879028838048205,"0x66a1E37c9b0eAddca17d3662D6c05F4DECf3e110":4.195313369392858,"0x674C6Ad92Fd080e4004b2312b45f796a192D27a0":5.617185203602569,"0x68749665FF8D2d112Fa859AA293F07A622782F38":16.255654841885935,"0x6B175474E89094C44Da98b954EedeAC495271d0F":6951.254656375908,"0x6C280dB098dB673d30d5B34eC04B6387185D3620":67.08974164727591,"0x6C5024Cd4F8A59110119C56f8933403A539555EB":130.17438065830464,"0x6C9815826FdF8c7a45cCfEd2064dbaB33a078712":10.32984609063204,"0x6ade6971Ca3d90990C30d39c78b0534C7166e07b":198.4033683745515,"0x6b5204B0Be36771253Cc38e88012E02B752f0f36":179.72638217971863,"0x6c3F90f043a72FA612cbac8115EE7e52BDe6E490":2374.3528256441673,"0x6c3ea9036406852006290770BEdFcAbA0e23A0e8":949.0674288860105,"0x6ef3D766Dfe02Dc4bF04aAe9122EB9A0Ded25615":0.08920530012134295,"0x7223442cad8e9cA474fC40109ab981608F8c4273":2.060144116474145,"0x73968b9a57c6E53d41345FD57a6E6ae27d6CDB2F":111.82607859930899,"0x73A15FeD60Bf67631dC6cd7Bc5B6e8da8190aCF5":4305.13058611043,"0x76237BCfDbe8e06FB774663add96216961df4ff3":17.647979540667997,"0x76Eb2FE28b36B3ee97F3Adae0C69606eeDB2A37c":797.1876526381433,"0x77E06c9eCCf2E797fd462A92B6D7642EF85b0A44":1.02657114978,"0x78da5799CF427Fee11e9996982F4150eCe7a99A7":84.89432776015153,"0x7988292D0FB141085c092132e2a70B30aA1eccAB":468.78654121968424,"0x7F17A6C77C3938D235b014818092eb6305BdA110":49.566425689869966,"0x7F86Bf177Dd4F3494b841a37e810A34dD56c829B":4337.601838766023,"0x7FA768E035F956c41d6aeaa3Bd857e7E5141CAd5":0.5050025197792665,"0x7f39C581F595B53c5cb19bD0b3f8dA6c935E2Ca0":2082.7132092524885,"0x8064d9Ae6cDf087b1bcd5BDf3531bD5d8C537a68":78.34547358418578,"0x80d69e79258FE9D056c822461c4eb0B4ca8802E2":0.26385721889159636,"0x826180541412D574cf1336d22c0C0a287822678A":264.4541733720258,"0x830614aE209FF9d8706d386fcdBc7a55206fcffC":59.59267448323044,"0x83F20F44975D03b1b09e64809B757c47f942BEeA":5251.333337541832,"0x853d955aCEf822Db058eb8505911ED77F175b99e":2152.87730361103,"0x856c4Efb76C1D1AE02e20CEB03A2A6a08b0b8dC3":1.9707070611334097,"0x865377367054516e17014CcdED1e7d814EDC9ce4":674.2965973058706,"0x8C0D76C9B18779665475F3E212D9Ca1Ed6A1A0e6":917.1021386225358,"0x8C88538688aca3b733aD08b12BEe4574c0C00907":620.5042479469852,"0x8Cd52ee292313C4D851e71A7064F096504aB3eE9":68.39463043412947,"0x8E870D67F660D95d5be530380D0eC0bd388289E1":0.00764993815392671,"0x8c9532a60E0E7C6BbD2B2c1303F63aCE1c3E9811":1.2049418319422591,"0x8dAEBADE922dF735c38C80C7eBD708Af50815fAa":16.249330018432843,"0x8e595470Ed749b85C6F7669de83EAe304C2ec68F":48.826140417423105,"0x917ceE801a67f933F2e6b33fC0cD1ED2d5909D88":587.7096909048186,"0x9181f633E9B9F15A32d5e37094F4C93b333e0E92":1.2010551795421391,"0x922406EAFC3CcEb32b0256F287fB977c426EDbd8":0.029059428995230036,"0x954313005C56b555bdC41B84D6c63B69049d7847":485.85120755415096,"0x9559Aaa82d9649C7A7b220E7c461d2E74c9a3593":214.35615644973245,"0x95710BDE45C8D384A976Cc58Cc7a7e489576b098":2.4431887660456146,"0x961D4921e1718E633BAC8Ded88c4a1cAe44b785a":1139.8810141320987,"0x9961BdBE8B7091E584c2bF9D0a160C583f564A8c":400.3029554736588,"0x99D8a9C45b2ecA8864373A26D1459e3Dff1e17F3":4206.1782745106975,"0x9BE89D2a4cd102D8Fecc6BF9dA793be995C22541":272.00851685406286,"0x9D39A5DE30e57443BfF2A8307A4256c8797A3497":4926.150416006848,"0x9EEAD9ce15383CaEED975427340b3A369410CFBF":14.17729010762387,"0x9FeE65D5A627e73212989c8BbEdC5Fa5Cae3821F":16.733619821588597,"0x9de1c3D446237ab9BaFF74127eb4F303802a2683":655.4491493547168,"0xA0b86991c6218b36c1d19D4a2e9Eb0cE3606eB48":14253.669690091017,