{"0x0000000000085d4780B73119b644AE5ecd22b376":0.00846900312465451,"0x005F893EcD7bF9667195642f7649DA8163e23658":199.8448377106159,"0x0100546F2cD4C9D97f798fFC9755E47865FF7Ee6":192.2230471213613,"0x028171bCA77440897B824Ca71D1c56caC55b68A3":795.0917511295777,"0x0316EB71485b0Ab14103307bf65a021042c6d380":75.64338010139191,"0x03ab458634910AaD20eF5f1C8ee96F1D6ac54919":181.7665391517678,"0x04C154b66CB340F3Ae24111CC767e0184Ed00Cc6":423.7070496680775,"0x056Fd409E1d7A124BD7017459dFEa2F387b6d5Cd":390.5369884991892,"0x067079c14B85169e6a29703769dadDef90816f4C":349.8023459837378,"0x075b1bb99792c9E1041bA13afEf80C91a1e70fB3":324.2106960784202,"0x085780639CC2cACd35E474e71f4d000e2405d8f6":758.7666413369675,"0x0E2EC54fC0B509F445631Bf4b91AB8168230C752":0.47152669285697696,"0x0E573Ce2736Dd9637A0b21058352e1667925C7a8":144.21517954082395,"0x0a5E677a6A24b2F1A2Bf4F3bFfC443231d2fDEc8":0.04905581083152837,"0x0bc529c00C6401aEF6D220BE8C6Ea1667F6Ad93e":13.029135074942474,"0x0d86883FAf4FfD7aEb116390af37746F45b6f378":243.38517459771933,"0x0dE54CFdfeD8005176f8b7A9D5438B45c4F1df1e":0.16472465979349707,"0x1456688345527bE1f37E9e627DA0837D6f08C925":3.10504647003788,"0x16eAd9a10b1A77007E6E329B076aD1Fe97a6F7C0":129.01115174552308,"0x18084fbA666a33d37592fA2633fD49a74DD93a88":12.166771372412764,"0x1830c553dC76d3447B69b7B0dC19CF9e3c739C78":113.26206166883853,"0x183395DbD0B5e93323a7286D1973150697FFFCB3":386.9459813818653,"0x196f4727526eA7FB1e17b2071B3d8eAA38486988":2.5278246843059513,"0x1c48f86ae57291F7686349F12601910BD8D470bb":0.04086536172154202,"0x1ce0D1E19c9514230FF8CD1DAbaC2555fb92122b":0,"0x2191DF768ad71140F9F3E96c1e4407A4aA31d082":6.242889504276597,"0x2260FAC5E5542a773Aa44fBCfeDf7C193bc2C599":365.614242273944,"0x2570f1bD5D2735314FC102eb12Fc1aFe9e6E7193":827.8818066878583,"0x25eC98773D7b4ceD4cAFaB96A2A1c0945f145e10":0,"0x2889302a794dA87fBF1D6Db415C1492194663D13":563.5671343073678,"0x29059568bB40344487d62f7450E78b8E6C74e0e5":271.64110358089897,"0x2b01d4FdB87eb7F2399E5D68631d8A939a323786":19.19583003967863,"0x31429d1856aD1377A8A0079410B297e1a9e214c2":486.99556607423983,"0x32bd822d615A3658A68b6fDD30c2fcb2C996D678":73.67198695509492,"0x34635280737b5BFe6c7DC2FC3065D60d66e78185":341.84814366621487,"0x35282d87011f87508D457F08252Bc5bFa52E10A0":118.27810873443224,"0x35D8949372D46B7a3D5A56006AE77B215fc69bC0":675.6839928623176,"0x35fA164735182de50811E8e2E824cFb9B6118ac2":1146.9420572780311,"0x383E6b4437b59fff47B619CBA855CA29342A8559":162.64774838364704,"0x38D64ce1Bdf1A9f24E0Ec469C9cAde61236fB4a0":246.350730503336,"0x3A283D9c08E8b55966afb64C515f5143cf907611":3201.452243717004,"0x3Ed3B47Dd13EC9a98b44e6204A523E766B225811":345.99389801575455,"0x3f0e7916681452D23Cd36B1281457DA721F2E5dF":12.502294072377182,"0x401322B9FDdba8c0a8D40fbCECE1D1752C12316B":470.48900022661223,"0x40D16FC0246aD3160Ccc09B8D0D3A2cD28aE6C2f":633.0715742051154,"0x4591DBfF62656E7859Afe5e45f6f47D3669fBB28":245.13251813707114,"0x4647B6D835f3B393C7A955df51EEfcf0db961606":412.509797095452,"0x466a756E9A7401B5e2444a3fCB3c2C12FBEa0a54":2.1125484136397485,"0x48759F220ED983dB51fA7A8C0D2AAb8f3ce4166a":1554.3370569545484,"0x49446A0874197839D15395B908328a74ccc96Bc0":21.361595616502502,"0x4AE86d8732390d852A13cb918463BC6e5775FaDD":130.9804927428866,"0x4D1941a887eC788F059b3bfcC8eE1E97b968825B":11.109364649904514,"0x4Fabb145d64652a948d72533023f6E7A623C7C53":0.02884081576665591,"0x4c9EDD5852cd905f086C759E8383e09bff1E68B3":5110.858302967618,"0x4de2ab8177fC5fFAFB7aD11FB8BeB1e5fB95F71C":217.58587606240687,"0x4eBdF703948ddCEA3B11f675B4D1Fba9d2414A14":1566.9209315938874,"0x514910771AF9Ca656af840dff83E8264EcF986CA":116.56240953607832,"0x5228a22e72ccC52d415EcFd199F99D0665E7733b":57.33811741893372,"0x5426178799ee0a0181A89b4f57eFddfAb49941Ec":274.21400044290067,"0x5555f75e3d5278082200Fb451D1b6bA946D8e13b":84.37601686826397,"0x57a5a0567187FF4A8dcC1A9bBa86155E355878F2":1.204050592357707,"0x58efE15C0404aB22F87E4495D71f6f2077e862bE":0.001248567846,"0x5905c0290e59aFBDc42a5480add9bD7B20CB3759":0.1788955150664852,"0x59D9356E565Ab3A36dD77763Fc0d87fEaf85508C":581.4341098978633,"0x5BC25f649fc4e26069dDF4cF4010F9f706c23831":1.2480117766225414,"0x5Be6C45e2d074fAa20700C49aDA3E88a1cc0025d":620.1146261993464,"0x5Ca135cB8527d76e932f34B5145575F9d8cbE08E":56.575733537195866,"0x5E8422345238F34275888049021821E8E08CAa1f":18045.01941161955,"0x5b6C539b224014A09B3388e51CaAA8e354c959C8":1255.7054430643207,"0x5e74C9036fb86BD7eCdcb084a0673EFc32eA31cb":203.8859737041774,"0x63a0964A36c34E81959da5894ad888800e17405b":76.00842030830931,"0x65D72AA8DA931F047169112fcf34f52DbaAE7D18":132.1115820909705,"0x661c70333AA1850CcDBAe82776Bb436A0fCfeEfB":56.99773139285005,"0x668308d77be3533c909a692302Cb4D135Bf8041C":0.05882967477066726,"0x66a1E37c9b0eAddca17d3662D6c05F4DECf3e110":4.735537319413513,"0x674C6Ad92Fd080e4004b2312b45f796a192D27a0":1.5866697723446028,"0x68749665FF8D2d112Fa859AA293F07A622782F38":17.550081589677067,"0x6B175474E89094C44Da98b954EedeAC495271d0F":3794.4448238781197,"0x6C5024Cd4F8A59110119C56f8933403A539555EB":130.14365727148154,"0x6C9815826FdF8c7a45cCfEd2064dbaB33a078712":11.018502496674177,"0x6ade6971Ca3d90990C30d39c78b0534C7166e07b":194.4791935484827,"0x6b5204B0Be36771253Cc38e88012E02B752f0f36":185.87955000999156,"0x6c3F90f043a72FA612cbac8115EE7e52BDe6E490":1280.8223602242465,"0x6c3ea9036406852006290770BEdFcAbA0e23A0e8":889.7906509439068,"0x6e52cCe4EaFDf77091dD1c82183b2D97b776b397":512.7157138164105,"0x6ef3D766Dfe02Dc4bF04aAe9122EB9A0Ded25615":0.08937110860419485,"0x7223442cad8e9cA474fC40109ab981608F8c4273":1.8962512340307751,"0x73968b9a57c6E53d41345FD57a6E6ae27d6CDB2F":110.87327242954456,"0x73A15FeD60Bf67631dC6cd7Bc5B6e8da8190aCF5":3195.4177429811725,"0x76237BCfDbe8e06FB774663add96216961df4ff3":19.304176546955375,"0x76Eb2FE28b36B3ee97F3Adae0C69606eeDB2A37c":770.9983300346937,"0x77E06c9eCCf2E797fd462A92B6D7642EF85b0A44":1.0833922035999999,"0x78da5799CF427Fee11e9996982F4150eCe7a99A7":67.11586723155166,"0x7988292D0FB141085c092132e2a70B30aA1eccAB":472.43746087478746,"0x7F17A6C77C3938D235b014818092eb6305BdA110":58.58910544930203,"0x7F86Bf177Dd4F3494b841a37e810A34dD56c829B":2989.5061834931294,"0x7FA768E035F956c41d6aeaa3Bd857e7E5141CAd5":0.5051265219940535,"0x7ea4aD8C803653498bF6AC1D2dEbc04DCe8Fd2aD":407.061558377487,"0x7f39C581F595B53c5cb19bD0b3f8dA6c935E2Ca0":1577.7505120877217,"0x8064d9Ae6cDf087b1bcd5BDf3531bD5d8C537a68":78.94077512924459,"0x80d69e79258FE9D056c822461c4eb0B4ca8802E2":0.26438776018297794,"0x826180541412D574cf1336d22c0C0a287822678A":254.6266241234146,"0x830614aE209FF9d8706d386fcdBc7a55206fcffC":61.103810534603085,"0x83F20F44975D03b1b09e64809B757c47f942BEeA":3075.876230641838,"0x853d955aCEf822Db058eb8505911ED77F175b99e":2314.9336504952075,"0x856c4Efb76C1D1AE02e20CEB03A2A6a08b0b8dC3":1.980000442017169,"0x865377367054516e17014CcdED1e7d814EDC9ce4":661.8245669949113,"0x8C0D76C9B18779665475F3E212D9Ca1Ed6A1A0e6":872.78236645303,"0x8C88538688aca3b733aD08b12BEe4574c0C00907":623.9807484345026,"0x8E870D67F660D95d5be530380D0eC0bd388289E1":0.007669264700973163,"0x8c9532a60E0E7C6BbD2B2c1303F63aCE1c3E9811":1.2137355047051845,"0x8dAEBADE922dF735c38C80C7eBD708Af50815fAa":17.356041388819516,"0x8e595470Ed749b85C6F7669de83EAe304C2ec68F":44.5122234114188,"0x917ceE801a67f933F2e6b33fC0cD1ED2d5909D88":562.4281450546457,"0x9181f633E9B9F15A32d5e37094F4C93b333e0E92":1.2032740226958694,"0x922406EAFC3CcEb32b0256F287fB977c426EDbd8":0.029072602388234448,"0x954313005C56b555bdC41B84D6c63B69049d7847":486.39966724670245,"0x9559Aaa82d9649C7A7b220E7c461d2E74c9a3593":203.7351387580427,"0x95710BDE45C8D384A976Cc58Cc7a7e489576b098":2.391297007725969,"0x961D4921e1718E633BAC8Ded88c4a1cAe44b785a":1100.353211678274,"0x9961BdBE8B7091E584c2bF9D0a160C583f564A8c":402.08838726657535,"0x99D8a9C45b2ecA8864373A26D1459e3Dff1e17F3":23.93360253958083,"0x9BE89D2a4cd102D8Fecc6BF9dA793be995C22541":267.75920166826586,"0x9D39A5DE30e57443BfF2A8307A4256c8797A3497":2792.0038982792744,"0x9EEAD9ce15383CaEED975427340b3A369410CFBF":16.02139336483953,"0x9FeE65D5A627e73212989c8BbEdC5Fa5Cae3821F":14.016075301212958,