{"0x0000000000085d4780B73119b644AE5ecd22b376":214.10548275369615,"0x0000000016E6Cb3038203c1129c8B4aEE7af7a11":1.8575848075881392,"0x005F893EcD7bF9667195642f7649DA8163e23658":0.18847064692139262,"0x0100546F2cD4C9D97f798fFC9755E47865FF7Ee6":374.95834840893735,"0x028171bCA77440897B824Ca71D1c56caC55b68A3":1192.3133604000705,"0x0316EB71485b0Ab14103307bf65a021042c6d380":0.026702109698695773,"0x03ab458634910AaD20eF5f1C8ee96F1D6ac54919":247.1019416970844,"0x04C154b66CB340F3Ae24111CC767e0184Ed00Cc6":301.4743530404767,"0x051d7e5609917Bd9b73f04BAc0DED8Dd46a74301":375.9921016880854,"0x056Fd409E1d7A124BD7017459dFEa2F387b6d5Cd":338.76145929116063,"0x075b1bb99792c9E1041bA13afEf80C91a1e70fB3":605.479371051095,"0x085780639CC2cACd35E474e71f4d000e2405d8f6":477.90873879956496,"0x09db87A538BD693E9d08544577d5cCfAA6373A48":102.76293406972052,"0x0E2EC54fC0B509F445631Bf4b91AB8168230C752":0.4715127153481529,"0x0E573Ce2736Dd9637A0b21058352e1667925C7a8":137.21770075691816,"0x0a5E677a6A24b2F1A2Bf4F3bFfC443231d2fDEc8":0.12788673152405053,"0x0bc529c00C6401aEF6D220BE8C6Ea1667F6Ad93e":19.926843487273597,"0x0d86883FAf4FfD7aEb116390af37746F45b6f378":303.9982809502526,"0x0dE54CFdfeD8005176f8b7A9D5438B45c4F1df1e":5.843286778817611,"0x137469B55D1f15651BA46A89D0588e97dD0B6562":222.35185684071007,"0x1456688345527bE1f37E9e627DA0837D6f08C925":2.489169383629432,"0x15700B564Ca08D9439C58cA5053166E8317aa138":248.7137389074123,"0x18084fbA666a33d37592fA2633fD49a74DD93a88":18.290331013245744,"0x183395DbD0B5e93323a7286D1973150697FFFCB3":523.5686076339823,"0x196f4727526eA7FB1e17b2071B3d8eAA38486988":0.09442856361440342,"0x1BED97CBC3c24A4fb5C069C6E311a967386131f7":266.83539076021077,"0x1aBaEA1f7C830bD89Acc67eC4af516284b1bC33c":115.9620354849778,"0x1c48f86ae57291F7686349F12601910BD8D470bb":0.8669006531930872,"0x1ce0D1E19c9514230FF8CD1DAbaC2555fb92122b":0,"0x2191DF768ad71140F9F3E96c1e4407A4aA31d082":24.92634076259048,"0x2260FAC5E5542a773Aa44fBCfeDf7C193bc2C599":24.171501766878908,"0x25eC98773D7b4ceD4cAFaB96A2A1c0945f145e10":0,"0x2889302a794dA87fBF1D6Db415C1492194663D13":1396.6544937272158,"0x2b01d4FdB87eb7F2399E5D68631d8A939a323786":250.16192921907344,"0x3175Df0976dFA876431C2E9eE6Bc45b65d3473CC":0.00003879209178562744,"0x3231Cb76718CDeF2155FC47b5286d82e6eDA273f":335.31958382336205,"0x32bd822d615A3658A68b6fDD30c2fcb2C996D678":296.428817385327,"0x3432B6A60D23Ca0dFCa7761B7ab56459D9C964D0":300.59709346609003,"0x34635280737b5BFe6c7DC2FC3065D60d66e78185":278.303648023111,"0x35282d87011f87508D457F08252Bc5bFa52E10A0":158.94362205730224,"0x35D8949372D46B7a3D5A56006AE77B215fc69bC0":1717.1635696383282,"0x35fA164735182de50811E8e2E824cFb9B6118ac2":974.2410891214929,"0x365AccFCa291e7D3914637ABf1F7635dB165Bb09":524.4948425495135,"0x383E6b4437b59fff47B619CBA855CA29342A8559":197.00776333443562,"0x38D64ce1Bdf1A9f24E0Ec469C9cAde61236fB4a0":234.46715539341622,"0x393DaD6c76D962Abba489a77dBf37ae948A4A6ee":139.48848808798724,"0x3A2725556Dde7B21fBe3dD64A4913ff29faba6A1":0.030026816833916597,"0x3Ed3B47Dd13EC9a98b44e6204A523E766B225811":1.0385238715802603,"0x3f0e7916681452D23Cd36B1281457DA721F2E5dF":59.93998180807128,"0x40D16FC0246aD3160Ccc09B8D0D3A2cD28aE6C2f":299.6127769452711,"0x4591DBfF62656E7859Afe5e45f6f47D3669fBB28":225.1509691826599,"0x4647B6D835f3B393C7A955df51EEfcf0db961606":297.54625183903727,"0x466a756E9A7401B5e2444a3fCB3c2C12FBEa0a54":56.37285444434416,"0x48759F220ED983dB51fA7A8C0D2AAb8f3ce4166a":2405.281073915231,"0x49446A0874197839D15395B908328a74ccc96Bc0":38.207744031587886,"0x4D1941a887eC788F059b3bfcC8eE1E97b968825B":316.7124349918828,"0x4DEcE678ceceb27446b35C672dC7d61F30bAD69E":443.0183224086632,"0x4Fabb145d64652a948d72533023f6E7A623C7C53":0.039660710496115754,"0x4c9EDD5852cd905f086C759E8383e09bff1E68B3":3121.2135516376557,"0x4de2ab8177fC5fFAFB7aD11FB8BeB1e5fB95F71C":465.20617838182676,"0x514910771AF9Ca656af840dff83E8264EcF986CA":85.2334579358888,"0x5228a22e72ccC52d415EcFd199F99D0665E7733b":61.32135675272009,"0x5555f75e3d5278082200Fb451D1b6bA946D8e13b":118.45179340665125,"0x57Ab1ec28D129707052df4dF418D58a2D46d5f51":155.74516619676982,"0x57a5a0567187FF4A8dcC1A9bBa86155E355878F2":0.8517716555671411,"0x58efE15C0404aB22F87E4495D71f6f2077e862bE":0.0012498164138459997,"0x5905c0290e59aFBDc42a5480add9bD7B20CB3759":0.1780907818744321,"0x59D9356E565Ab3A36dD77763Fc0d87fEaf85508C":201.72513038397022,"0x5BC25f649fc4e26069dDF4cF4010F9f706c23831":0.39307349001078534,"0x5Be6C45e2d074fAa20700C49aDA3E88a1cc0025d":497.1706255572089,"0x5Ca135cB8527d76e932f34B5145575F9d8cbE08E":55.472147931360105,"0x5E8422345238F34275888049021821E8E08CAa1f":14363.563858389374,"0x5Ea630e00D6eE438d3deA1556A110359ACdc10A9":323.76993540348144,"0x5e74C9036fb86BD7eCdcb084a0673EFc32eA31cb":5.695629900765698,"0x63a0964A36c34E81959da5894ad888800e17405b":293.2588347907725,"0x65D72AA8DA931F047169112fcf34f52DbaAE7D18":359.0375080690015,"0x65f228ED6a6001eD6485535e0Dc33E525734f54c":52.627545626061334,"0x661c70333AA1850CcDBAe82776Bb436A0fCfeEfB":86.27607410039722,"0x6663b6D50992ef4fc0380199397c87C2f5256075":121.34930819988129,"0x668308d77be3533c909a692302Cb4D135Bf8041C":0.04444854529080922,"0x66a1E37c9b0eAddca17d3662D6c05F4DECf3e110":33.03066635094995,"0x674C6Ad92Fd080e4004b2312b45f796a192D27a0":2.448958171039445,"0x677ddbd918637E5F2c79e164D402454dE7dA8619":2.045695677664184,"0x68749665FF8D2d112Fa859AA293F07A622782F38":17.937767185182743,"0x69000405f9DcE69BD4Cbf4f2865b79144A69BFE0":0.00004485729771669509,"0x6B175474E89094C44Da98b954EedeAC495271d0F":6013.30231009972,"0x6C5024Cd4F8A59110119C56f8933403A539555EB":122.83381541456878,"0x6C9815826FdF8c7a45cCfEd2064dbaB33a078712":60.83119726118269,"0x6ade6971Ca3d90990C30d39c78b0534C7166e07b":209.49736923333398,"0x6b5204B0Be36771253Cc38e88012E02B752f0f36":174.46064329310784,"0x6c3F90f043a72FA612cbac8115EE7e52BDe6E490":895.3269615056928,"0x6c3ea9036406852006290770BEdFcAbA0e23A0e8":391.50160740969255,"0x6e52cCe4EaFDf77091dD1c82183b2D97b776b397":257.7080284010573,"0x6ef3D766Dfe02Dc4bF04aAe9122EB9A0Ded25615":0.042538231356786846,"0x7223442cad8e9cA474fC40109ab981608F8c4273":109.15966403774942,"0x73968b9a57c6E53d41345FD57a6E6ae27d6CDB2F":145.74391162230864,"0x73A15FeD60Bf67631dC6cd7Bc5B6e8da8190aCF5":1545.8355300670557,"0x752B4c6e92d96467fE9b9a2522EF07228E00F87c":46.823462451400914,"0x76237BCfDbe8e06FB774663add96216961df4ff3":34.568724116290035,"0x76Eb2FE28b36B3ee97F3Adae0C69606eeDB2A37c":1186.634649071213,"0x77E06c9eCCf2E797fd462A92B6D7642EF85b0A44":0.9659887456799999,"0x78da5799CF427Fee11e9996982F4150eCe7a99A7":93.450901081856,"0x7988292D0FB141085c092132e2a70B30aA1eccAB":462.09976680824377,"0x7F86Bf177Dd4F3494b841a37e810A34dD56c829B":7177.328659653664,"0x7FA768E035F956c41d6aeaa3Bd857e7E5141CAd5":0.38248454894460127,"0x7ea4aD8C803653498bF6AC1D2dEbc04DCe8Fd2aD":120.48299273336228,"0x7f39C581F595B53c5cb19bD0b3f8dA6c935E2Ca0":1063.3685811834607,"0x8064d9Ae6cDf087b1bcd5BDf3531bD5d8C537a68":79.53288819727983,"0x808507121B80c02388fAd14726482e061B8da827":215.948046449502,"0x80d69e79258FE9D056c822461c4eb0B4ca8802E2":0.19853179118179223,"0x826180541412D574cf1336d22c0C0a287822678A":207.24428231021326,"0x8282BD15dcA2EA2bDf24163E8f2781B30C43A2ef":267.68468072813715,"0x830614aE209FF9d8706d386fcdBc7a55206fcffC":47.37444231711921,"0x83F20F44975D03b1b09e64809B757c47f942BEeA":2931.9334515021847,"0x853d955aCEf822Db058eb8505911ED77F175b99e":1435.3656454208578,"0x856c4Efb76C1D1AE02e20CEB03A2A6a08b0b8dC3":296.08433102339626,"0x865377367054516e17014CcdED1e7d814EDC9ce4":13.75891918870903,"0x893DA8A02b487FEF2F7e3F35DF49d7625aE549a3":340.0870426477321,"0x8C0D76C9B18779665475F3E212D9Ca1Ed6A1A0e6":653.2077702109206,"0x8C88538688aca3b733aD08b12BEe4574c0C00907":334.62832913580576,"0x8E870D67F660D95d5be530380D0eC0bd388289E1":170.79690248488083,"0x8c9532a60E0E7C6BbD2B2c1303F63aCE1c3E9811":179.21846609111603,"0x8dAEBADE922dF735c38C80C7eBD708Af50815fAa":18.639442286558975,"0x8e595470Ed749b85C6F7669de83EAe304C2ec68F":458.47258246247617,"0x917ceE801a67f933F2e6b33fC0cD1ED2d5909D88":320.0239862404449,