{"0x0000000000085d4780B73119b644AE5ecd22b376":0.00846900312465451,"0x005F893EcD7bF9667195642f7649DA8163e23658":194.48613639844578,"0x0100546F2cD4C9D97f798fFC9755E47865FF7Ee6":457.75553534119393,"0x028171bCA77440897B824Ca71D1c56caC55b68A3":815.5181275079625,"0x0316EB71485b0Ab14103307bf65a021042c6d380":0.022658298985698256,"0x03ab458634910AaD20eF5f1C8ee96F1D6ac54919":195.48564216012144,"0x04C154b66CB340F3Ae24111CC767e0184Ed00Cc6":423.6116885359049,"0x056Fd409E1d7A124BD7017459dFEa2F387b6d5Cd":288.06685495427655,"0x067079c14B85169e6a29703769dadDef90816f4C":407.18233988389375,"0x075b1bb99792c9E1041bA13afEf80C91a1e70fB3":341.33963919106344,"0x085780639CC2cACd35E474e71f4d000e2405d8f6":661.5754764396913,"0x0E2EC54fC0B509F445631Bf4b91AB8168230C752":0.47149535009948657,"0x0E573Ce2736Dd9637A0b21058352e1667925C7a8":146.89597957416748,"0x0a5E677a6A24b2F1A2Bf4F3bFfC443231d2fDEc8":0.061973410942864196,"0x0bc529c00C6401aEF6D220BE8C6Ea1667F6Ad93e":23.352410410123976,"0x0d86883FAf4FfD7aEb116390af37746F45b6f378":267.8842296622515,"0x0dE54CFdfeD8005176f8b7A9D5438B45c4F1df1e":4.064959737813075,"0x137469B55D1f15651BA46A89D0588e97dD0B6562":2.756171039218286,"0x1456688345527bE1f37E9e627DA0837D6f08C925":5.348253875707491,"0x15700B564Ca08D9439C58cA5053166E8317aa138":26.758384923631613,"0x16eAd9a10b1A77007E6E329B076aD1Fe97a6F7C0":130.37855426981525,"0x18084fbA666a33d37592fA2633fD49a74DD93a88":2.7746947363820893,"0x1830c553dC76d3447B69b7B0dC19CF9e3c739C78":116.26487882481092,"0x183395DbD0B5e93323a7286D1973150697FFFCB3":351.18823561482236,"0x196f4727526eA7FB1e17b2071B3d8eAA38486988":1.5791902871659882,"0x1aBaEA1f7C830bD89Acc67eC4af516284b1bC33c":493.25888441818955,"0x1bEFB9B02f7Fc821B96aC1FE2cAF881FdF72b771":4.536027483271698,"0x1c48f86ae57291F7686349F12601910BD8D470bb":0.14496252077408633,"0x1ce0D1E19c9514230FF8CD1DAbaC2555fb92122b":0,"0x2191DF768ad71140F9F3E96c1e4407A4aA31d082":14.276521022191934,"0x2260FAC5E5542a773Aa44fBCfeDf7C193bc2C599":13.374470630431839,"0x2302aaBe69e6E7A1b0Aa23aAC68fcCB8A4D2B460":173.933441148611,"0x2570f1bD5D2735314FC102eb12Fc1aFe9e6E7193":111.80955642927354,"0x25eC98773D7b4ceD4cAFaB96A2A1c0945f145e10":0,"0x2889302a794dA87fBF1D6Db415C1492194663D13":988.599509152449,"0x2b01d4FdB87eb7F2399E5D68631d8A939a323786":21.01061292820634,"0x31429d1856aD1377A8A0079410B297e1a9e214c2":448.18523375605827,"0x32bd822d615A3658A68b6fDD30c2fcb2C996D678":76.4277606727708,"0x34635280737b5BFe6c7DC2FC3065D60d66e78185":299.976262985482,"0x35282d87011f87508D457F08252Bc5bFa52E10A0":157.8277228848507,"0x3570E17b1F2DdFD73FBE437F34A34d1D54219138":0.02161737793390991,"0x35D8949372D46B7a3D5A56006AE77B215fc69bC0":804.7946650937288,"0x35fA164735182de50811E8e2E824cFb9B6118ac2":1124.8148082027094,"0x365AccFCa291e7D3914637ABf1F7635dB165Bb09":347.0936503782218,"0x383E6b4437b59fff47B619CBA855CA29342A8559":172.51517885865934,"0x38D64ce1Bdf1A9f24E0Ec469C9cAde61236fB4a0":273.0288718062896,"0x393DaD6c76D962Abba489a77dBf37ae948A4A6ee":174.21622162630283,"0x3A2725556Dde7B21fBe3dD64A4913ff29faba6A1":0.036916605506248784,"0x3A283D9c08E8b55966afb64C515f5143cf907611":6409.359092276923,"0x3Ed3B47Dd13EC9a98b44e6204A523E766B225811":0.00009162602000000001,"0x3f0e7916681452D23Cd36B1281457DA721F2E5dF":29.072556463652724,"0x40D16FC0246aD3160Ccc09B8D0D3A2cD28aE6C2f":829.0981540193877,"0x4591DBfF62656E7859Afe5e45f6f47D3669fBB28":367.3219804163364,"0x4647B6D835f3B393C7A955df51EEfcf0db961606":527.2440466544164,"0x466a756E9A7401B5e2444a3fCB3c2C12FBEa0a54":7.673479680881206,"0x48759F220ED983dB51fA7A8C0D2AAb8f3ce4166a":1575.5458583193986,"0x49446A0874197839D15395B908328a74ccc96Bc0":29.02373424275076,"0x4D1941a887eC788F059b3bfcC8eE1E97b968825B":15.407921972237467,"0x4Fabb145d64652a948d72533023f6E7A623C7C53":0.03506247854597889,"0x4c9EDD5852cd905f086C759E8383e09bff1E68B3":8244.13111561859,"0x4de2ab8177fC5fFAFB7aD11FB8BeB1e5fB95F71C":323.47468539891554,"0x4eBdF703948ddCEA3B11f675B4D1Fba9d2414A14":3580.5028621976335,"0x514910771AF9Ca656af840dff83E8264EcF986CA":113.84634537286914,"0x5228a22e72ccC52d415EcFd199F99D0665E7733b":61.00036483901897,"0x5555f75e3d5278082200Fb451D1b6bA946D8e13b":96.76593184455153,"0x57a5a0567187FF4A8dcC1A9bBa86155E355878F2":1.1258451905817262,"0x58efE15C0404aB22F87E4495D71f6f2077e862bE":0.001248567846,"0x5905c0290e59aFBDc42a5480add9bD7B20CB3759":0.2010895399495039,"0x59D9356E565Ab3A36dD77763Fc0d87fEaf85508C":620.8314054765505,"0x5BC25f649fc4e26069dDF4cF4010F9f706c23831":2.8978788181953834,"0x5Be6C45e2d074fAa20700C49aDA3E88a1cc0025d":212.40846984373746,"0x5Ca135cB8527d76e932f34B5145575F9d8cbE08E":55.96698066244129,"0x5E8422345238F34275888049021821E8E08CAa1f":16680.310662633583,"0x5Ea630e00D6eE438d3deA1556A110359ACdc10A9":427.71534465813517,"0x5e74C9036fb86BD7eCdcb084a0673EFc32eA31cb":206.8362332692144,"0x62B9c7356A2Dc64a1969e19C23e4f579F9810Aa7":265.097014876937,"0x63a0964A36c34E81959da5894ad888800e17405b":171.18942045885888,"0x65D72AA8DA931F047169112fcf34f52DbaAE7D18":148.22583717195528,"0x661c70333AA1850CcDBAe82776Bb436A0fCfeEfB":66.512297720722,"0x6663b6D50992ef4fc0380199397c87C2f5256075":41.7617057925259,"0x668308d77be3533c909a692302Cb4D135Bf8041C":0.05503236338751748,"0x66a1E37c9b0eAddca17d3662D6c05F4DECf3e110":19.14709289653419,"0x674C6Ad92Fd080e4004b2312b45f796a192D27a0":3.4268958446549997,"0x677ddbd918637E5F2c79e164D402454dE7dA8619":0.19225126034220033,"0x68749665FF8D2d112Fa859AA293F07A622782F38":20.26445413899877,"0x6B175474E89094C44Da98b954EedeAC495271d0F":4740.440131860769,"0x6C280dB098dB673d30d5B34eC04B6387185D3620":66.50737681044345,"0x6C5024Cd4F8A59110119C56f8933403A539555EB":129.7838596734905,"0x6C9815826FdF8c7a45cCfEd2064dbaB33a078712":18.93319535902664,"0x6ade6971Ca3d90990C30d39c78b0534C7166e07b":219.882991574181,"0x6b5204B0Be36771253Cc38e88012E02B752f0f36":238.1712055963209,"0x6c3F90f043a72FA612cbac8115EE7e52BDe6E490":1121.7862267518817,"0x6c3ea9036406852006290770BEdFcAbA0e23A0e8":839.1072356250947,"0x6e52cCe4EaFDf77091dD1c82183b2D97b776b397":806.729509958436,"0x6ef3D766Dfe02Dc4bF04aAe9122EB9A0Ded25615":0.0834888832935273,"0x7223442cad8e9cA474fC40109ab981608F8c4273":63.797196488817804,"0x73968b9a57c6E53d41345FD57a6E6ae27d6CDB2F":112.75680974995001,"0x73A15FeD60Bf67631dC6cd7Bc5B6e8da8190aCF5":1650.450516542811,"0x76237BCfDbe8e06FB774663add96216961df4ff3":26.34925764809385,"0x76Eb2FE28b36B3ee97F3Adae0C69606eeDB2A37c":833.423206791364,"0x77E06c9eCCf2E797fd462A92B6D7642EF85b0A44":0.18860164252111591,"0x78da5799CF427Fee11e9996982F4150eCe7a99A7":92.25161505138206,"0x7988292D0FB141085c092132e2a70B30aA1eccAB":476.0542564293244,"0x7F17A6C77C3938D235b014818092eb6305BdA110":105.06338120273973,"0x7F86Bf177Dd4F3494b841a37e810A34dD56c829B":3370.9255805024386,"0x7FA768E035F956c41d6aeaa3Bd857e7E5141CAd5":0.4728085139767549,"0x7ea4aD8C803653498bF6AC1D2dEbc04DCe8Fd2aD":483.16240330225696,"0x7f39C581F595B53c5cb19bD0b3f8dA6c935E2Ca0":2339.0085041460684,"0x8064d9Ae6cDf087b1bcd5BDf3531bD5d8C537a68":83.86824633624612,"0x808507121B80c02388fAd14726482e061B8da827":317.8703210316483,"0x80d69e79258FE9D056c822461c4eb0B4ca8802E2":0.24684142319892793,"0x826180541412D574cf1336d22c0C0a287822678A":234.12725963090435,"0x830614aE209FF9d8706d386fcdBc7a55206fcffC":63.64764829971923,"0x83F20F44975D03b1b09e64809B757c47f942BEeA":6766.978675021088,"0x84CeCB5525c6B1C20070E742da870062E84Da178":25.49452671524698,"0x853d955aCEf822Db058eb8505911ED77F175b99e":2731.5518891405463,"0x856c4Efb76C1D1AE02e20CEB03A2A6a08b0b8dC3":0.829451438453189,"0x865377367054516e17014CcdED1e7d814EDC9ce4":293.1101332132641,"0x8C0D76C9B18779665475F3E212D9Ca1Ed6A1A0e6":409.8456950918814,"0x8C88538688aca3b733aD08b12BEe4574c0C00907":449.2321697356506,"0x8Cd52ee292313C4D851e71A7064F096504aB3eE9":74.17790481482966,"0x8E870D67F660D95d5be530380D0eC0bd388289E1":0.10376408974050703,"0x8c9532a60E0E7C6BbD2B2c1303F63aCE1c3E9811":17.106126687584972,"0x8dAEBADE922dF735c38C80C7eBD708Af50815fAa":20.253726496262544,"0x8e595470Ed749b85C6F7669de83EAe304C2ec68F":11.539264494396502,"0x917ceE801a67f933F2e6b33fC0cD1ED2d5909D88":115.88148409831578,