{"0x0000000000085d4780B73119b644AE5ecd22b376":215.9413534125944,"0x0000000016E6Cb3038203c1129c8B4aEE7af7a11":1.0746125031814673,"0x005F893EcD7bF9667195642f7649DA8163e23658":202.27516387186483,"0x0100546F2cD4C9D97f798fFC9755E47865FF7Ee6":450.0833751759107,"0x028171bCA77440897B824Ca71D1c56caC55b68A3":1108.47034183664,"0x0316EB71485b0Ab14103307bf65a021042c6d380":0.02124769450574869,"0x03ab458634910AaD20eF5f1C8ee96F1D6ac54919":0.735104318971026,"0x04C154b66CB340F3Ae24111CC767e0184Ed00Cc6":466.30649555470967,"0x051d7e5609917Bd9b73f04BAc0DED8Dd46a74301":404.1560749931393,"0x056Fd409E1d7A124BD7017459dFEa2F387b6d5Cd":647.4795093513654,"0x067079c14B85169e6a29703769dadDef90816f4C":475.90157320298124,"0x075b1bb99792c9E1041bA13afEf80C91a1e70fB3":807.5032780070119,"0x085780639CC2cACd35E474e71f4d000e2405d8f6":998.4514724232104,"0x0E2EC54fC0B509F445631Bf4b91AB8168230C752":0.4714597751802227,"0x0E573Ce2736Dd9637A0b21058352e1667925C7a8":146.5858830621061,"0x0a5E677a6A24b2F1A2Bf4F3bFfC443231d2fDEc8":0.08150538789753144,"0x0bc529c00C6401aEF6D220BE8C6Ea1667F6Ad93e":22.885199231709812,"0x0d86883FAf4FfD7aEb116390af37746F45b6f378":271.7688746545771,"0x0dE54CFdfeD8005176f8b7A9D5438B45c4F1df1e":4.061453498268566,"0x137469B55D1f15651BA46A89D0588e97dD0B6562":251.75847929159312,"0x1456688345527bE1f37E9e627DA0837D6f08C925":4.8632220356136875,"0x15700B564Ca08D9439C58cA5053166E8317aa138":1561.3638844685206,"0x16eAd9a10b1A77007E6E329B076aD1Fe97a6F7C0":122.98098225846722,"0x18084fbA666a33d37592fA2633fD49a74DD93a88":435.4929014261623,"0x183395DbD0B5e93323a7286D1973150697FFFCB3":320.97400864804774,"0x196f4727526eA7FB1e17b2071B3d8eAA38486988":1.341941827013818,"0x1BED97CBC3c24A4fb5C069C6E311a967386131f7":327.5653122262019,"0x1a7e4e63778B4f12a199C062f3eFdD288afCBce8":329.37227179821156,"0x1aBaEA1f7C830bD89Acc67eC4af516284b1bC33c":490.42122525059665,"0x1c48f86ae57291F7686349F12601910BD8D470bb":0.14596584669540602,"0x1ce0D1E19c9514230FF8CD1DAbaC2555fb92122b":0,"0x2191DF768ad71140F9F3E96c1e4407A4aA31d082":19.192551436676517,"0x2260FAC5E5542a773Aa44fBCfeDf7C193bc2C599":434.3364151533351,"0x22CF19EB64226e0E1A79c69b345b31466fD273A7":2.1882983730441414,"0x2302aaBe69e6E7A1b0Aa23aAC68fcCB8A4D2B460":153.35794600048604,"0x2570f1bD5D2735314FC102eb12Fc1aFe9e6E7193":207.94296489722547,"0x25eC98773D7b4ceD4cAFaB96A2A1c0945f145e10":0,"0x2889302a794dA87fBF1D6Db415C1492194663D13":665.2634322313646,"0x2b01d4FdB87eb7F2399E5D68631d8A939a323786":304.1975200650807,"0x3175Df0976dFA876431C2E9eE6Bc45b65d3473CC":9.265369002234453e-7,"0x3231Cb76718CDeF2155FC47b5286d82e6eDA273f":332.26716912721423,"0x32bd822d615A3658A68b6fDD30c2fcb2C996D678":345.5641413235558,"0x3432B6A60D23Ca0dFCa7761B7ab56459D9C964D0":386.3232266327871,"0x34635280737b5BFe6c7DC2FC3065D60d66e78185":282.66848404266034,"0x35282d87011f87508D457F08252Bc5bFa52E10A0":157.33357266202486,"0x35D8949372D46B7a3D5A56006AE77B215fc69bC0":291.039249416071,"0x35fA164735182de50811E8e2E824cFb9B6118ac2":1115.586989543467,"0x365AccFCa291e7D3914637ABf1F7635dB165Bb09":317.797585401085,"0x383E6b4437b59fff47B619CBA855CA29342A8559":182.74147886854269,"0x38D64ce1Bdf1A9f24E0Ec469C9cAde61236fB4a0":269.1006602526085,"0x393DaD6c76D962Abba489a77dBf37ae948A4A6ee":172.90305259757164,"0x3A2725556Dde7B21fBe3dD64A4913ff29faba6A1":0.03550172763312576,"0x3A283D9c08E8b55966afb64C515f5143cf907611":4452.036589143144,"0x3Ed3B47Dd13EC9a98b44e6204A523E766B225811":361.05064058451177,"0x3f0e7916681452D23Cd36B1281457DA721F2E5dF":27.66004521103616,"0x40D16FC0246aD3160Ccc09B8D0D3A2cD28aE6C2f":648.6738458210889,"0x4591DBfF62656E7859Afe5e45f6f47D3669fBB28":119.20151407052496,"0x4647B6D835f3B393C7A955df51EEfcf0db961606":43.438126894267796,"0x466a756E9A7401B5e2444a3fCB3c2C12FBEa0a54":328.5028530559154,"0x48759F220ED983dB51fA7A8C0D2AAb8f3ce4166a":1660.3881115348531,"0x49446A0874197839D15395B908328a74ccc96Bc0":35.782764911858465,"0x4AE86d8732390d852A13cb918463BC6e5775FaDD":156.86691962338614,"0x4D1941a887eC788F059b3bfcC8eE1E97b968825B":347.2131037976871,"0x4DEcE678ceceb27446b35C672dC7d61F30bAD69E":444.92240017213834,"0x4Fabb145d64652a948d72533023f6E7A623C7C53":0.03506874673319246,"0x4c9EDD5852cd905f086C759E8383e09bff1E68B3":3528.7025906080653,"0x4de2ab8177fC5fFAFB7aD11FB8BeB1e5fB95F71C":435.39596519399805,"0x4eBdF703948ddCEA3B11f675B4D1Fba9d2414A14":1773.6648688699847,"0x514910771AF9Ca656af840dff83E8264EcF986CA":106.78653969664903,"0x5228a22e72ccC52d415EcFd199F99D0665E7733b":67.05264841899901,"0x527331F3F550f6f85ACFEcAB9Cc0889180C6f1d5":224.01998748584595,"0x5555f75e3d5278082200Fb451D1b6bA946D8e13b":96.23242082524067,"0x57a5a0567187FF4A8dcC1A9bBa86155E355878F2":1.093272659071161,"0x58efE15C0404aB22F87E4495D71f6f2077e862bE":0.001247648900065344,"0x5905c0290e59aFBDc42a5480add9bD7B20CB3759":0.19222446500638873,"0x59D9356E565Ab3A36dD77763Fc0d87fEaf85508C":127.69397615588846,"0x5BC25f649fc4e26069dDF4cF4010F9f706c23831":2.4051895458411563,"0x5Be6C45e2d074fAa20700C49aDA3E88a1cc0025d":444.07982731565596,"0x5Ca135cB8527d76e932f34B5145575F9d8cbE08E":56.282792860270355,"0x5E8422345238F34275888049021821E8E08CAa1f":16186.753085248058,"0x5Ea630e00D6eE438d3deA1556A110359ACdc10A9":362.86188023686833,"0x5e74C9036fb86BD7eCdcb084a0673EFc32eA31cb":8.97128971341747,"0x6359B6d3e327c497453d4376561eE276c6933323":314.7868743359586,"0x63a0964A36c34E81959da5894ad888800e17405b":315.3064673041034,"0x65D72AA8DA931F047169112fcf34f52DbaAE7D18":153.04635425003787,"0x65f228ED6a6001eD6485535e0Dc33E525734f54c":59.23767374776794,"0x661c70333AA1850CcDBAe82776Bb436A0fCfeEfB":65.95587740970343,"0x6663b6D50992ef4fc0380199397c87C2f5256075":90.87416798128169,"0x668308d77be3533c909a692302Cb4D135Bf8041C":0.0533770538047143,"0x66a1E37c9b0eAddca17d3662D6c05F4DECf3e110":26.08943680930835,"0x674C6Ad92Fd080e4004b2312b45f796a192D27a0":3.2167064553141436,"0x677ddbd918637E5F2c79e164D402454dE7dA8619":0.2519388019818287,"0x68749665FF8D2d112Fa859AA293F07A622782F38":20.39921891216324,"0x69000405f9DcE69BD4Cbf4f2865b79144A69BFE0":0,"0x6B175474E89094C44Da98b954EedeAC495271d0F":4545.0274247682255,"0x6C280dB098dB673d30d5B34eC04B6387185D3620":325.91279300105765,"0x6C5024Cd4F8A59110119C56f8933403A539555EB":125.35411774522117,"0x6C9815826FdF8c7a45cCfEd2064dbaB33a078712":73.10608218867607,"0x6b5204B0Be36771253Cc38e88012E02B752f0f36":205.73051257154475,"0x6c3F90f043a72FA612cbac8115EE7e52BDe6E490":506.68862893959357,"0x6c3ea9036406852006290770BEdFcAbA0e23A0e8":812.0277608881489,"0x6e52cCe4EaFDf77091dD1c82183b2D97b776b397":490.95541892617746,"0x6ef3D766Dfe02Dc4bF04aAe9122EB9A0Ded25615":0.08098288283108863,"0x7223442cad8e9cA474fC40109ab981608F8c4273":89.30525378116124,"0x73968b9a57c6E53d41345FD57a6E6ae27d6CDB2F":118.70323178472059,"0x73A15FeD60Bf67631dC6cd7Bc5B6e8da8190aCF5":932.9878486719634,"0x752B4c6e92d96467fE9b9a2522EF07228E00F87c":62.09038629178511,"0x76237BCfDbe8e06FB774663add96216961df4ff3":29.712468441173687,"0x76Eb2FE28b36B3ee97F3Adae0C69606eeDB2A37c":1171.4403182401493,"0x77E06c9eCCf2E797fd462A92B6D7642EF85b0A44":0.90808861596,"0x78da5799CF427Fee11e9996982F4150eCe7a99A7":91.31049614283853,"0x7988292D0FB141085c092132e2a70B30aA1eccAB":483.831354447531,"0x7F17A6C77C3938D235b014818092eb6305BdA110":142.6663241474411,"0x7F86Bf177Dd4F3494b841a37e810A34dD56c829B":1959.0953044392768,"0x7FA768E035F956c41d6aeaa3Bd857e7E5141CAd5":0.459128301759213,"0x7ea4aD8C803653498bF6AC1D2dEbc04DCe8Fd2aD":21.324849407120862,"0x7f39C581F595B53c5cb19bD0b3f8dA6c935E2Ca0":987.7149406896517,"0x8064d9Ae6cDf087b1bcd5BDf3531bD5d8C537a68":79.49466749620427,"0x808507121B80c02388fAd14726482e061B8da827":270.3297762081215,"0x80d69e79258FE9D056c822461c4eb0B4ca8802E2":0.23916679917474448,"0x826180541412D574cf1336d22c0C0a287822678A":203.0296898295029,"0x8282BD15dcA2EA2bDf24163E8f2781B30C43A2ef":331.5687957769639,"0x830614aE209FF9d8706d386fcdBc7a55206fcffC":57.02449930587187,"0x83F20F44975D03b1b09e64809B757c47f942BEeA":3203.4792551353908,"0x853d955aCEf822Db058eb8505911ED77F175b99e":1730.5657888614955,"0x856c4Efb76C1D1AE02e20CEB03A2A6a08b0b8dC3":311.5514997710094,