{"0x0000000000085d4780B73119b644AE5ecd22b376":210.77607804627007,"0x0000000016E6Cb3038203c1129c8B4aEE7af7a11":2.0548357857402286,"0x005F893EcD7bF9667195642f7649DA8163e23658":177.97659550778027,"0x0100546F2cD4C9D97f798fFC9755E47865FF7Ee6":412.9504859954734,"0x028171bCA77440897B824Ca71D1c56caC55b68A3":1142.664242874339,"0x0316EB71485b0Ab14103307bf65a021042c6d380":0.02003920905506635,"0x03ab458634910AaD20eF5f1C8ee96F1D6ac54919":4.197246642613457,"0x04C154b66CB340F3Ae24111CC767e0184Ed00Cc6":542.8002652480636,"0x051d7e5609917Bd9b73f04BAc0DED8Dd46a74301":371.7947337318076,"0x056Fd409E1d7A124BD7017459dFEa2F387b6d5Cd":770.4079332548396,"0x075b1bb99792c9E1041bA13afEf80C91a1e70fB3":748.4313463517311,"0x085780639CC2cACd35E474e71f4d000e2405d8f6":1030.3536907203372,"0x09db87A538BD693E9d08544577d5cCfAA6373A48":80.09577548830029,"0x0E2EC54fC0B509F445631Bf4b91AB8168230C752":0.47143903285199945,"0x0E573Ce2736Dd9637A0b21058352e1667925C7a8":141.72700100813267,"0x0a5E677a6A24b2F1A2Bf4F3bFfC443231d2fDEc8":0.07761475315687173,"0x0bc529c00C6401aEF6D220BE8C6Ea1667F6Ad93e":18.111501183155443,"0x0d86883FAf4FfD7aEb116390af37746F45b6f378":271.03956971174546,"0x0dE54CFdfeD8005176f8b7A9D5438B45c4F1df1e":2.928660539137704,"0x1456688345527bE1f37E9e627DA0837D6f08C925":0.7473039639364693,"0x15700B564Ca08D9439C58cA5053166E8317aa138":1892.6511047627907,"0x18084fbA666a33d37592fA2633fD49a74DD93a88":420.81153344835906,"0x1830c553dC76d3447B69b7B0dC19CF9e3c739C78":97.13920017476568,"0x183395DbD0B5e93323a7286D1973150697FFFCB3":287.5032348711487,"0x196f4727526eA7FB1e17b2071B3d8eAA38486988":2.565873297220553,"0x1BED97CBC3c24A4fb5C069C6E311a967386131f7":298.1111258741116,"0x1a7e4e63778B4f12a199C062f3eFdD288afCBce8":326.57208847217726,"0x1aBaEA1f7C830bD89Acc67eC4af516284b1bC33c":488.499918995362,"0x1c48f86ae57291F7686349F12601910BD8D470bb":0.029204336410827154,"0x1ce0D1E19c9514230FF8CD1DAbaC2555fb92122b":0,"0x2191DF768ad71140F9F3E96c1e4407A4aA31d082":34.74334598717723,"0x2260FAC5E5542a773Aa44fBCfeDf7C193bc2C599":403.67117331499645,"0x22CF19EB64226e0E1A79c69b345b31466fD273A7":5.346559764318329,"0x2302aaBe69e6E7A1b0Aa23aAC68fcCB8A4D2B460":137.83162224615063,"0x2570f1bD5D2735314FC102eb12Fc1aFe9e6E7193":234.44191604087933,"0x25eC98773D7b4ceD4cAFaB96A2A1c0945f145e10":0,"0x2b01d4FdB87eb7F2399E5D68631d8A939a323786":275.2855386111663,"0x3175Df0976dFA876431C2E9eE6Bc45b65d3473CC":9.246436914579599e-7,"0x3231Cb76718CDeF2155FC47b5286d82e6eDA273f":328.8235546969811,"0x32bd822d615A3658A68b6fDD30c2fcb2C996D678":316.8575838489231,"0x3432B6A60D23Ca0dFCa7761B7ab56459D9C964D0":359.0031297691087,"0x34635280737b5BFe6c7DC2FC3065D60d66e78185":239.67927580888846,"0x35282d87011f87508D457F08252Bc5bFa52E10A0":162.17468000171021,"0x35D8949372D46B7a3D5A56006AE77B215fc69bC0":413.08696263007124,"0x35fA164735182de50811E8e2E824cFb9B6118ac2":1041.3169442093827,"0x365AccFCa291e7D3914637ABf1F7635dB165Bb09":291.35044853154693,"0x383E6b4437b59fff47B619CBA855CA29342A8559":176.543699391259,"0x38D64ce1Bdf1A9f24E0Ec469C9cAde61236fB4a0":244.94326977030514,"0x3A2725556Dde7B21fBe3dD64A4913ff29faba6A1":0.03308025417972867,"0x3A283D9c08E8b55966afb64C515f5143cf907611":5229.27747086493,"0x3Ed3B47Dd13EC9a98b44e6204A523E766B225811":355.4925873032934,"0x3f0e7916681452D23Cd36B1281457DA721F2E5dF":13.248158434455721,"0x40D16FC0246aD3160Ccc09B8D0D3A2cD28aE6C2f":788.0228944435231,"0x4591DBfF62656E7859Afe5e45f6f47D3669fBB28":127.35798917782981,"0x4647B6D835f3B393C7A955df51EEfcf0db961606":53.103907110401515,"0x466a756E9A7401B5e2444a3fCB3c2C12FBEa0a54":401.88050430244317,"0x48759F220ED983dB51fA7A8C0D2AAb8f3ce4166a":1664.730973646496,"0x49446A0874197839D15395B908328a74ccc96Bc0":29.2271419389019,"0x4AE86d8732390d852A13cb918463BC6e5775FaDD":145.80848569640216,"0x4D1941a887eC788F059b3bfcC8eE1E97b968825B":327.99284920658135,"0x4DEcE678ceceb27446b35C672dC7d61F30bAD69E":442.44497321132445,"0x4Fabb145d64652a948d72533023f6E7A623C7C53":0.035047019365154405,"0x4c9EDD5852cd905f086C759E8383e09bff1E68B3":5301.41590847615,"0x4de2ab8177fC5fFAFB7aD11FB8BeB1e5fB95F71C":369.45071441228276,"0x4eBdF703948ddCEA3B11f675B4D1Fba9d2414A14":2643.1977830035335,"0x514910771AF9Ca656af840dff83E8264EcF986CA":93.96878881761639,"0x5228a22e72ccC52d415EcFd199F99D0665E7733b":59.17726403311281,"0x5555f75e3d5278082200Fb451D1b6bA946D8e13b":87.94664038654774,"0x57a5a0567187FF4A8dcC1A9bBa86155E355878F2":1.014787321481093,"0x58efE15C0404aB22F87E4495D71f6f2077e862bE":0.0012476264258441158,"0x5905c0290e59aFBDc42a5480add9bD7B20CB3759":0.19222100241755322,"0x59D9356E565Ab3A36dD77763Fc0d87fEaf85508C":139.52231203276187,"0x5BC25f649fc4e26069dDF4cF4010F9f706c23831":3.8897526391427206,"0x5Be6C45e2d074fAa20700C49aDA3E88a1cc0025d":492.34277946919,"0x5Ca135cB8527d76e932f34B5145575F9d8cbE08E":51.02755898406541,"0x5E8422345238F34275888049021821E8E08CAa1f":15039.023892992005,"0x5Ea630e00D6eE438d3deA1556A110359ACdc10A9":280.2308366585118,"0x5b6C539b224014A09B3388e51CaAA8e354c959C8":608.0879999161102,"0x5e74C9036fb86BD7eCdcb084a0673EFc32eA31cb":3.316002333280725,"0x63a0964A36c34E81959da5894ad888800e17405b":293.3930017881092,"0x65D72AA8DA931F047169112fcf34f52DbaAE7D18":147.53803892149503,"0x65f228ED6a6001eD6485535e0Dc33E525734f54c":51.99466565543097,"0x661c70333AA1850CcDBAe82776Bb436A0fCfeEfB":74.18997996388163,"0x6663b6D50992ef4fc0380199397c87C2f5256075":76.49996625932957,"0x668308d77be3533c909a692302Cb4D135Bf8041C":0.04947919128426818,"0x66a1E37c9b0eAddca17d3662D6c05F4DECf3e110":25.369258338154,"0x674C6Ad92Fd080e4004b2312b45f796a192D27a0":0.014628455405793208,"0x677ddbd918637E5F2c79e164D402454dE7dA8619":1.5175148875944007,"0x68749665FF8D2d112Fa859AA293F07A622782F38":16.271826677771354,"0x69000405f9DcE69BD4Cbf4f2865b79144A69BFE0":0,"0x6B175474E89094C44Da98b954EedeAC495271d0F":8268.588896082852,"0x6C280dB098dB673d30d5B34eC04B6387185D3620":334.1486289171838,"0x6C5024Cd4F8A59110119C56f8933403A539555EB":120.48556297083714,"0x6C9815826FdF8c7a45cCfEd2064dbaB33a078712":63.54080040698013,"0x6ade6971Ca3d90990C30d39c78b0534C7166e07b":91.13497022300903,"0x6b5204B0Be36771253Cc38e88012E02B752f0f36":224.40165237601911,"0x6c3F90f043a72FA612cbac8115EE7e52BDe6E490":593.9821533624948,"0x6c3ea9036406852006290770BEdFcAbA0e23A0e8":876.7562471399424,"0x6e52cCe4EaFDf77091dD1c82183b2D97b776b397":601.040360164554,"0x6ef3D766Dfe02Dc4bF04aAe9122EB9A0Ded25615":0.0841689821233469,"0x7223442cad8e9cA474fC40109ab981608F8c4273":80.55117961923688,"0x73968b9a57c6E53d41345FD57a6E6ae27d6CDB2F":106.40985747722169,"0x73A15FeD60Bf67631dC6cd7Bc5B6e8da8190aCF5":1527.5143947214306,"0x752B4c6e92d96467fE9b9a2522EF07228E00F87c":33.76002900331615,"0x76237BCfDbe8e06FB774663add96216961df4ff3":29.307008477581924,"0x76Eb2FE28b36B3ee97F3Adae0C69606eeDB2A37c":1172.43140627948,"0x77E06c9eCCf2E797fd462A92B6D7642EF85b0A44":0.81319159824,"0x78da5799CF427Fee11e9996982F4150eCe7a99A7":87.10415436090462,"0x7F17A6C77C3938D235b014818092eb6305BdA110":136.51026052619912,"0x7F86Bf177Dd4F3494b841a37e810A34dD56c829B":2644.942361249012,"0x7FA768E035F956c41d6aeaa3Bd857e7E5141CAd5":0.4250498970066927,"0x7ea4aD8C803653498bF6AC1D2dEbc04DCe8Fd2aD":13.87578830267972,"0x7f39C581F595B53c5cb19bD0b3f8dA6c935E2Ca0":1253.9162082914427,"0x8064d9Ae6cDf087b1bcd5BDf3531bD5d8C537a68":70.80071722581046,"0x808507121B80c02388fAd14726482e061B8da827":224.52838969540394,"0x80d69e79258FE9D056c822461c4eb0B4ca8802E2":0.2221584283601997,"0x826180541412D574cf1336d22c0C0a287822678A":182.10507257790962,"0x8282BD15dcA2EA2bDf24163E8f2781B30C43A2ef":291.6764615579326,"0x830614aE209FF9d8706d386fcdBc7a55206fcffC":46.474737903074974,"0x83F20F44975D03b1b09e64809B757c47f942BEeA":4788.840340895942,"0x84CeCB5525c6B1C20070E742da870062E84Da178":48.78225219754143,"0x853d955aCEf822Db058eb8505911ED77F175b99e":2169.5107055092258,"0x856c4Efb76C1D1AE02e20CEB03A2A6a08b0b8dC3":282.64895059486764,"0x865377367054516e17014CcdED1e7d814EDC9ce4":746.4210350446526,"0x893DA8A02b487FEF2F7e3F35DF49d7625aE549a3":346.2145384420181,"0x8Bc3F1e82Ca3d63987dc12F90538c6bF818FcD0f":315.32158679646807,