{"0x0000000000085d4780B73119b644AE5ecd22b376":0.008465124321223419,"0x005F893EcD7bF9667195642f7649DA8163e23658":95.61834078405673,"0x0100546F2cD4C9D97f798fFC9755E47865FF7Ee6":155.39319980735775,"0x028171bCA77440897B824Ca71D1c56caC55b68A3":745.4262258418747,"0x0316EB71485b0Ab14103307bf65a021042c6d380":61.605883473256874,"0x03ab458634910AaD20eF5f1C8ee96F1D6ac54919":174.0353338129726,"0x04C154b66CB340F3Ae24111CC767e0184Ed00Cc6":230.25263488031933,"0x056Fd409E1d7A124BD7017459dFEa2F387b6d5Cd":447.42601512892196,"0x067079c14B85169e6a29703769dadDef90816f4C":149.41799519143527,"0x075b1bb99792c9E1041bA13afEf80C91a1e70fB3":743.4852680691104,"0x085780639CC2cACd35E474e71f4d000e2405d8f6":1070.0588639826467,"0x09b2E090531228d1b8E3d948C73b990Cb6e60720":494.6157999975311,"0x0E2EC54fC0B509F445631Bf4b91AB8168230C752":0.4715705266809332,"0x0E573Ce2736Dd9637A0b21058352e1667925C7a8":142.62861353549343,"0x0a5E677a6A24b2F1A2Bf4F3bFfC443231d2fDEc8":0.008909253163192743,"0x0bc529c00C6401aEF6D220BE8C6Ea1667F6Ad93e":7.956047814290346,"0x0d86883FAf4FfD7aEb116390af37746F45b6f378":183.2278395782277,"0x0dE54CFdfeD8005176f8b7A9D5438B45c4F1df1e":3.3971996237282425,"0x1456688345527bE1f37E9e627DA0837D6f08C925":3.9426267817362333,"0x16eAd9a10b1A77007E6E329B076aD1Fe97a6F7C0":61.34985333938484,"0x18084fbA666a33d37592fA2633fD49a74DD93a88":23.553323253443985,"0x1830c553dC76d3447B69b7B0dC19CF9e3c739C78":96.97853696153808,"0x183395DbD0B5e93323a7286D1973150697FFFCB3":316.8308847806542,"0x196f4727526eA7FB1e17b2071B3d8eAA38486988":0.18574605654299553,"0x1c48f86ae57291F7686349F12601910BD8D470bb":0.08472235640147563,"0x1ce0D1E19c9514230FF8CD1DAbaC2555fb92122b":0,"0x2260FAC5E5542a773Aa44fBCfeDf7C193bc2C599":314.53273136379636,"0x2570f1bD5D2735314FC102eb12Fc1aFe9e6E7193":571.9630835607231,"0x25eC98773D7b4ceD4cAFaB96A2A1c0945f145e10":0,"0x2889302a794dA87fBF1D6Db415C1492194663D13":955.8732826225947,"0x29059568bB40344487d62f7450E78b8E6C74e0e5":91.94760000978513,"0x2b01d4FdB87eb7F2399E5D68631d8A939a323786":17.707040899808085,"0x31429d1856aD1377A8A0079410B297e1a9e214c2":468.8015512191633,"0x32bd822d615A3658A68b6fDD30c2fcb2C996D678":54.558294621002126,"0x34635280737b5BFe6c7DC2FC3065D60d66e78185":410.44636989043624,"0x35282d87011f87508D457F08252Bc5bFa52E10A0":94.91658040885632,"0x35D8949372D46B7a3D5A56006AE77B215fc69bC0":1355.0043384959847,"0x35fA164735182de50811E8e2E824cFb9B6118ac2":949.9956699279148,"0x383E6b4437b59fff47B619CBA855CA29342A8559":43.86540786756612,"0x38D64ce1Bdf1A9f24E0Ec469C9cAde61236fB4a0":163.71539050161957,"0x3A283D9c08E8b55966afb64C515f5143cf907611":1810.81915084426,"0x3Ed3B47Dd13EC9a98b44e6204A523E766B225811":1006.1839268582535,"0x40D16FC0246aD3160Ccc09B8D0D3A2cD28aE6C2f":196.37628063790515,"0x4591DBfF62656E7859Afe5e45f6f47D3669fBB28":378.11359075632186,"0x4647B6D835f3B393C7A955df51EEfcf0db961606":258.1321567240576,"0x466a756E9A7401B5e2444a3fCB3c2C12FBEa0a54":1.7803399498962116,"0x48759F220ED983dB51fA7A8C0D2AAb8f3ce4166a":1004.5668205521379,"0x49446A0874197839D15395B908328a74ccc96Bc0":17.962492833708268,"0x4AE86d8732390d852A13cb918463BC6e5775FaDD":82.59607867068262,"0x4D1941a887eC788F059b3bfcC8eE1E97b968825B":12.580834553338372,"0x4Fabb145d64652a948d72533023f6E7A623C7C53":0.02883111791864839,"0x4c9EDD5852cd905f086C759E8383e09bff1E68B3":2735.9522924002495,"0x4de2ab8177fC5fFAFB7aD11FB8BeB1e5fB95F71C":149.04981410016276,"0x4eBdF703948ddCEA3B11f675B4D1Fba9d2414A14":1523.304756042735,"0x514910771AF9Ca656af840dff83E8264EcF986CA":100.98785780969523,"0x5228a22e72ccC52d415EcFd199F99D0665E7733b":50.1312954137963,"0x5426178799ee0a0181A89b4f57eFddfAb49941Ec":222.89461931309006,"0x5555f75e3d5278082200Fb451D1b6bA946D8e13b":81.86458700504274,"0x57a5a0567187FF4A8dcC1A9bBa86155E355878F2":1.0577441386666042,"0x58efE15C0404aB22F87E4495D71f6f2077e862bE":0.0012498164138459997,"0x5905c0290e59aFBDc42a5480add9bD7B20CB3759":0.17907441058155169,"0x59D9356E565Ab3A36dD77763Fc0d87fEaf85508C":546.6531801364052,"0x5BC25f649fc4e26069dDF4cF4010F9f706c23831":1.2640993713794169,"0x5Be6C45e2d074fAa20700C49aDA3E88a1cc0025d":119.55328888478809,"0x5Ca135cB8527d76e932f34B5145575F9d8cbE08E":54.06149810880233,"0x5E8422345238F34275888049021821E8E08CAa1f":15431.752929844375,"0x5b6C539b224014A09B3388e51CaAA8e354c959C8":831.3153287664444,"0x5e74C9036fb86BD7eCdcb084a0673EFc32eA31cb":187.64085671991867,"0x63a0964A36c34E81959da5894ad888800e17405b":25.217055324499295,"0x65D72AA8DA931F047169112fcf34f52DbaAE7D18":132.95004597732594,"0x661c70333AA1850CcDBAe82776Bb436A0fCfeEfB":49.0117079284122,"0x668308d77be3533c909a692302Cb4D135Bf8041C":0.05175634246270125,"0x66a1E37c9b0eAddca17d3662D6c05F4DECf3e110":0.1087300620832781,"0x674C6Ad92Fd080e4004b2312b45f796a192D27a0":1.5674829274278095,"0x68749665FF8D2d112Fa859AA293F07A622782F38":19.217156114505855,"0x6B175474E89094C44Da98b954EedeAC495271d0F":2208.1729656479847,"0x6C280dB098dB673d30d5B34eC04B6387185D3620":59.91764615359945,"0x6C5024Cd4F8A59110119C56f8933403A539555EB":111.82341061458968,"0x6ade6971Ca3d90990C30d39c78b0534C7166e07b":131.88670730020343,"0x6b5204B0Be36771253Cc38e88012E02B752f0f36":68.6002051818854,"0x6c3F90f043a72FA612cbac8115EE7e52BDe6E490":1332.260326768335,"0x6c3ea9036406852006290770BEdFcAbA0e23A0e8":645.746662935963,"0x6e52cCe4EaFDf77091dD1c82183b2D97b776b397":129.872792726726,"0x6ef3D766Dfe02Dc4bF04aAe9122EB9A0Ded25615":0.02680434276449659,"0x73968b9a57c6E53d41345FD57a6E6ae27d6CDB2F":81.65619521684246,"0x73A15FeD60Bf67631dC6cd7Bc5B6e8da8190aCF5":4346.7888741529405,"0x76237BCfDbe8e06FB774663add96216961df4ff3":20.81896869693343,"0x76Eb2FE28b36B3ee97F3Adae0C69606eeDB2A37c":731.1512078629646,"0x77E06c9eCCf2E797fd462A92B6D7642EF85b0A44":0.64056605522,"0x78da5799CF427Fee11e9996982F4150eCe7a99A7":58.55085479819789,"0x7988292D0FB141085c092132e2a70B30aA1eccAB":470.6203169223535,"0x7F17A6C77C3938D235b014818092eb6305BdA110":53.733476451198484,"0x7F86Bf177Dd4F3494b841a37e810A34dD56c829B":2971.9460259171815,"0x7FA768E035F956c41d6aeaa3Bd857e7E5141CAd5":0.036391943095581164,"0x7ea4aD8C803653498bF6AC1D2dEbc04DCe8Fd2aD":115.54215840431064,"0x7f39C581F595B53c5cb19bD0b3f8dA6c935E2Ca0":730.3864189028135,"0x8064d9Ae6cDf087b1bcd5BDf3531bD5d8C537a68":69.21245681024634,"0x80d69e79258FE9D056c822461c4eb0B4ca8802E2":0.024791356082877504,"0x826180541412D574cf1336d22c0C0a287822678A":201.30145775831036,"0x830614aE209FF9d8706d386fcdBc7a55206fcffC":53.29166056259808,"0x83F20F44975D03b1b09e64809B757c47f942BEeA":2173.8434132647585,"0x84CeCB5525c6B1C20070E742da870062E84Da178":21.336614643167003,"0x853d955aCEf822Db058eb8505911ED77F175b99e":952.1265447283808,"0x856c4Efb76C1D1AE02e20CEB03A2A6a08b0b8dC3":1.6525795029510462,"0x865377367054516e17014CcdED1e7d814EDC9ce4":689.9961606831255,"0x8C0D76C9B18779665475F3E212D9Ca1Ed6A1A0e6":442.2646076462216,"0x8C88538688aca3b733aD08b12BEe4574c0C00907":284.48684567024964,"0x8Cd52ee292313C4D851e71A7064F096504aB3eE9":4.466969274357318,"0x8c9532a60E0E7C6BbD2B2c1303F63aCE1c3E9811":0.04381825126855737,"0x8dAEBADE922dF735c38C80C7eBD708Af50815fAa":15.931189427216493,"0x8e595470Ed749b85C6F7669de83EAe304C2ec68F":19.699063222582883,"0x917ceE801a67f933F2e6b33fC0cD1ED2d5909D88":421.2864416160678,"0x9181f633E9B9F15A32d5e37094F4C93b333e0E92":0.4199220676976856,"0x922406EAFC3CcEb32b0256F287fB977c426EDbd8":0.02910941809583617,"0x954313005C56b555bdC41B84D6c63B69049d7847":443.6141205868086,"0x9559Aaa82d9649C7A7b220E7c461d2E74c9a3593":179.89598744892436,"0x95710BDE45C8D384A976Cc58Cc7a7e489576b098":2.3532790295384394,"0x961D4921e1718E633BAC8Ded88c4a1cAe44b785a":878.9975261389243,"0x9961BdBE8B7091E584c2bF9D0a160C583f564A8c":394.36603186722857,"0x99D8a9C45b2ecA8864373A26D1459e3Dff1e17F3":42.429560623662276,"0x9BE89D2a4cd102D8Fecc6BF9dA793be995C22541":663.348333177193,"0x9D39A5DE30e57443BfF2A8307A4256c8797A3497":1909.0817311774954,"0x9EEAD9ce15383CaEED975427340b3A369410CFBF":6.403438813567351,"0x9FeE65D5A627e73212989c8BbEdC5Fa5Cae3821F":16.290484703760004,"0x9b77bd0a665F05995b68e36fC1053AFFfAf0d4B5":9.71622030524079,"0x9de1c3D446237ab9BaFF74127eb4F303802a2683":439.0630771997858,