{"0x0000000000085d4780B73119b644AE5ecd22b376":0.008477472127779164,"0x005F893EcD7bF9667195642f7649DA8163e23658":150.40487129526443,"0x0100546F2cD4C9D97f798fFC9755E47865FF7Ee6":172.59147675896946,"0x028171bCA77440897B824Ca71D1c56caC55b68A3":746.584189743883,"0x0316EB71485b0Ab14103307bf65a021042c6d380":64.10988429511144,"0x03ab458634910AaD20eF5f1C8ee96F1D6ac54919":177.30835953137634,"0x04C154b66CB340F3Ae24111CC767e0184Ed00Cc6":281.99784809048964,"0x056Fd409E1d7A124BD7017459dFEa2F387b6d5Cd":605.2469007932265,"0x067079c14B85169e6a29703769dadDef90816f4C":279.4914664542691,"0x075b1bb99792c9E1041bA13afEf80C91a1e70fB3":820.6418660403662,"0x085780639CC2cACd35E474e71f4d000e2405d8f6":1274.4360409888263,"0x09b2E090531228d1b8E3d948C73b990Cb6e60720":496.6500459718431,"0x0E2EC54fC0B509F445631Bf4b91AB8168230C752":0.4715609820832114,"0x0E573Ce2736Dd9637A0b21058352e1667925C7a8":142.2839173056892,"0x0a5E677a6A24b2F1A2Bf4F3bFfC443231d2fDEc8":0.03458346404750876,"0x0bc529c00C6401aEF6D220BE8C6Ea1667F6Ad93e":13.95710373138594,"0x0d86883FAf4FfD7aEb116390af37746F45b6f378":190.50295665493528,"0x0dE54CFdfeD8005176f8b7A9D5438B45c4F1df1e":1.411234996577398,"0x1456688345527bE1f37E9e627DA0837D6f08C925":3.445837598640628,"0x18084fbA666a33d37592fA2633fD49a74DD93a88":29.364843344850502,"0x1830c553dC76d3447B69b7B0dC19CF9e3c739C78":98.4331270690587,"0x183395DbD0B5e93323a7286D1973150697FFFCB3":367.84560402078006,"0x196f4727526eA7FB1e17b2071B3d8eAA38486988":2.5142996540729845,"0x1c48f86ae57291F7686349F12601910BD8D470bb":0.6953502807393173,"0x1ce0D1E19c9514230FF8CD1DAbaC2555fb92122b":0,"0x2260FAC5E5542a773Aa44fBCfeDf7C193bc2C599":347.27550792958436,"0x2302aaBe69e6E7A1b0Aa23aAC68fcCB8A4D2B460":134.86961478878294,"0x2570f1bD5D2735314FC102eb12Fc1aFe9e6E7193":631.3922490611604,"0x25eC98773D7b4ceD4cAFaB96A2A1c0945f145e10":0,"0x2889302a794dA87fBF1D6Db415C1492194663D13":1519.5739504882445,"0x2b01d4FdB87eb7F2399E5D68631d8A939a323786":18.333427087865797,"0x31429d1856aD1377A8A0079410B297e1a9e214c2":479.2484373556761,"0x32bd822d615A3658A68b6fDD30c2fcb2C996D678":66.79019917458537,"0x34635280737b5BFe6c7DC2FC3065D60d66e78185":448.5804117040682,"0x35282d87011f87508D457F08252Bc5bFa52E10A0":96.89127695450928,"0x35D8949372D46B7a3D5A56006AE77B215fc69bC0":2306.2769303283653,"0x35fA164735182de50811E8e2E824cFb9B6118ac2":1067.0406541297803,"0x383E6b4437b59fff47B619CBA855CA29342A8559":120.05499865275588,"0x38D64ce1Bdf1A9f24E0Ec469C9cAde61236fB4a0":201.8310012178548,"0x3A283D9c08E8b55966afb64C515f5143cf907611":3336.870906022791,"0x3Ed3B47Dd13EC9a98b44e6204A523E766B225811":1194.2087836139265,"0x3f0e7916681452D23Cd36B1281457DA721F2E5dF":10.563602409122733,"0x401322B9FDdba8c0a8D40fbCECE1D1752C12316B":454.72436444803037,"0x40D16FC0246aD3160Ccc09B8D0D3A2cD28aE6C2f":416.11482901755215,"0x4591DBfF62656E7859Afe5e45f6f47D3669fBB28":485.83132334494667,"0x466a756E9A7401B5e2444a3fCB3c2C12FBEa0a54":1.7808735754081586,"0x48759F220ED983dB51fA7A8C0D2AAb8f3ce4166a":1173.1748504665654,"0x49446A0874197839D15395B908328a74ccc96Bc0":19.570642356887312,"0x4D1941a887eC788F059b3bfcC8eE1E97b968825B":11.406944842426702,"0x4Fabb145d64652a948d72533023f6E7A623C7C53":0.029414858263775788,"0x4c9EDD5852cd905f086C759E8383e09bff1E68B3":4594.296390468869,"0x4eBdF703948ddCEA3B11f675B4D1Fba9d2414A14":2258.9024487252736,"0x514910771AF9Ca656af840dff83E8264EcF986CA":112.34039184261299,"0x5228a22e72ccC52d415EcFd199F99D0665E7733b":54.71764857817838,"0x5426178799ee0a0181A89b4f57eFddfAb49941Ec":280.851404811983,"0x5555f75e3d5278082200Fb451D1b6bA946D8e13b":80.33273022401667,"0x57a5a0567187FF4A8dcC1A9bBa86155E355878F2":1.155944955734522,"0x58efE15C0404aB22F87E4495D71f6f2077e862bE":0.0012498164138459997,"0x5905c0290e59aFBDc42a5480add9bD7B20CB3759":0.17907441058155169,"0x59D9356E565Ab3A36dD77763Fc0d87fEaf85508C":564.3973714390837,"0x5BC25f649fc4e26069dDF4cF4010F9f706c23831":1.0837774288721296,"0x5Ca135cB8527d76e932f34B5145575F9d8cbE08E":51.64243367940367,"0x5E8422345238F34275888049021821E8E08CAa1f":16988.044484989925,"0x5b6C539b224014A09B3388e51CaAA8e354c959C8":1025.14825131665,"0x5e74C9036fb86BD7eCdcb084a0673EFc32eA31cb":205.42054326142593,"0x6359B6d3e327c497453d4376561eE276c6933323":229.5964543150704,"0x63a0964A36c34E81959da5894ad888800e17405b":28.091261336482194,"0x65D72AA8DA931F047169112fcf34f52DbaAE7D18":132.2332453949975,"0x661c70333AA1850CcDBAe82776Bb436A0fCfeEfB":54.57421789014155,"0x668308d77be3533c909a692302Cb4D135Bf8041C":0.05660751008206136,"0x66a1E37c9b0eAddca17d3662D6c05F4DECf3e110":0.10862057047777059,"0x674C6Ad92Fd080e4004b2312b45f796a192D27a0":1.7254612502639952,"0x68749665FF8D2d112Fa859AA293F07A622782F38":17.757966058151315,"0x6B175474E89094C44Da98b954EedeAC495271d0F":3321.520848218352,"0x6C280dB098dB673d30d5B34eC04B6387185D3620":68.08643214455374,"0x6C5024Cd4F8A59110119C56f8933403A539555EB":121.87662242789085,"0x6ade6971Ca3d90990C30d39c78b0534C7166e07b":170.1059784431884,"0x6b5204B0Be36771253Cc38e88012E02B752f0f36":162.27501475173145,"0x6c3F90f043a72FA612cbac8115EE7e52BDe6E490":1453.2319814578746,"0x6c3ea9036406852006290770BEdFcAbA0e23A0e8":852.0863924574116,"0x6ef3D766Dfe02Dc4bF04aAe9122EB9A0Ded25615":0.029297346967234697,"0x73968b9a57c6E53d41345FD57a6E6ae27d6CDB2F":84.86693452388513,"0x73A15FeD60Bf67631dC6cd7Bc5B6e8da8190aCF5":6922.4533800632435,"0x76237BCfDbe8e06FB774663add96216961df4ff3":18.58530075454716,"0x76Eb2FE28b36B3ee97F3Adae0C69606eeDB2A37c":739.0690316468853,"0x77E06c9eCCf2E797fd462A92B6D7642EF85b0A44":0.7463014595399999,"0x78da5799CF427Fee11e9996982F4150eCe7a99A7":57.665487031246265,"0x7988292D0FB141085c092132e2a70B30aA1eccAB":469.238675424776,"0x7F17A6C77C3938D235b014818092eb6305BdA110":55.403835256984095,"0x7F86Bf177Dd4F3494b841a37e810A34dD56c829B":5356.065199296,"0x7FA768E035F956c41d6aeaa3Bd857e7E5141CAd5":0.4862012463234802,"0x7ea4aD8C803653498bF6AC1D2dEbc04DCe8Fd2aD":134.23486238152844,"0x7f39C581F595B53c5cb19bD0b3f8dA6c935E2Ca0":1372.9581693641487,"0x8064d9Ae6cDf087b1bcd5BDf3531bD5d8C537a68":75.28887551366472,"0x80d69e79258FE9D056c822461c4eb0B4ca8802E2":0.2758315474032896,"0x826180541412D574cf1336d22c0C0a287822678A":231.54984869620048,"0x830614aE209FF9d8706d386fcdBc7a55206fcffC":54.46304088554555,"0x83F20F44975D03b1b09e64809B757c47f942BEeA":3275.113708058227,"0x853d955aCEf822Db058eb8505911ED77F175b99e":1470.9896613483713,"0x856c4Efb76C1D1AE02e20CEB03A2A6a08b0b8dC3":1.79954529334735,"0x865377367054516e17014CcdED1e7d814EDC9ce4":702.0774097983432,"0x8C0D76C9B18779665475F3E212D9Ca1Ed6A1A0e6":577.1009031840622,"0x8C88538688aca3b733aD08b12BEe4574c0C00907":435.78109798073467,"0x8Cd52ee292313C4D851e71A7064F096504aB3eE9":4.003091653869458,"0x8E870D67F660D95d5be530380D0eC0bd388289E1":0.007676933965674135,"0x8c9532a60E0E7C6BbD2B2c1303F63aCE1c3E9811":1.1724439944977127,"0x8dAEBADE922dF735c38C80C7eBD708Af50815fAa":17.150252829920383,"0x8e595470Ed749b85C6F7669de83EAe304C2ec68F":31.602249160619373,"0x917ceE801a67f933F2e6b33fC0cD1ED2d5909D88":483.76780693219985,"0x9181f633E9B9F15A32d5e37094F4C93b333e0E92":1.1555257894989799,"0x922406EAFC3CcEb32b0256F287fB977c426EDbd8":0.029080308677740335,"0x9559Aaa82d9649C7A7b220E7c461d2E74c9a3593":196.8502451873221,"0x95710BDE45C8D384A976Cc58Cc7a7e489576b098":2.3757260586887194,"0x961D4921e1718E633BAC8Ded88c4a1cAe44b785a":980.7150086779768,"0x9961BdBE8B7091E584c2bF9D0a160C583f564A8c":393.8478261141547,"0x99D8a9C45b2ecA8864373A26D1459e3Dff1e17F3":4892.401170421831,"0x9BE89D2a4cd102D8Fecc6BF9dA793be995C22541":737.0784842102875,"0x9D39A5DE30e57443BfF2A8307A4256c8797A3497":3560.5116759076386,"0x9EEAD9ce15383CaEED975427340b3A369410CFBF":13.260223475625887,"0x9FeE65D5A627e73212989c8BbEdC5Fa5Cae3821F":14.71523315915137,"0x9b77bd0a665F05995b68e36fC1053AFFfAf0d4B5":8.923151254065365,"0x9de1c3D446237ab9BaFF74127eb4F303802a2683":465.2413603534709,"0xA0b86991c6218b36c1d19D4a2e9Eb0cE3606eB48":41423.48571102777,"0xA0d69E286B938e21CBf7E51D71F6A4c8918f482F":1076.6563093971954,"0xA1290d69c65A6Fe4DF752f95823fae25cB99e5A7":572.2995017514686,"0xA35b1B31Ce002FBF2058D22F30f95D405200A15b":1.8904066500000032,