{"0x0000000000085d4780B73119b644AE5ecd22b376":0.008465962752532759,"0x005F893EcD7bF9667195642f7649DA8163e23658":198.642037434862,"0x0100546F2cD4C9D97f798fFC9755E47865FF7Ee6":477.90123055370725,"0x028171bCA77440897B824Ca71D1c56caC55b68A3":820.6538228249539,"0x0316EB71485b0Ab14103307bf65a021042c6d380":0.022180133320677562,"0x04C154b66CB340F3Ae24111CC767e0184Ed00Cc6":452.2683029182249,"0x051d7e5609917Bd9b73f04BAc0DED8Dd46a74301":437.3648377838314,"0x056Fd409E1d7A124BD7017459dFEa2F387b6d5Cd":500.2773111579731,"0x067079c14B85169e6a29703769dadDef90816f4C":435.76697061715817,"0x075b1bb99792c9E1041bA13afEf80C91a1e70fB3":350.3288124296824,"0x085780639CC2cACd35E474e71f4d000e2405d8f6":898.0439817952554,"0x0E2EC54fC0B509F445631Bf4b91AB8168230C752":0.47148651525209884,"0x0E573Ce2736Dd9637A0b21058352e1667925C7a8":146.18616852409414,"0x0a5E677a6A24b2F1A2Bf4F3bFfC443231d2fDEc8":0.08419847165702228,"0x0bc529c00C6401aEF6D220BE8C6Ea1667F6Ad93e":23.104368015951398,"0x0d86883FAf4FfD7aEb116390af37746F45b6f378":270.3444954741062,"0x0dE54CFdfeD8005176f8b7A9D5438B45c4F1df1e":1.8403819520781863,"0x1456688345527bE1f37E9e627DA0837D6f08C925":3.96868818753681,"0x15700B564Ca08D9439C58cA5053166E8317aa138":981.6637047983445,"0x16eAd9a10b1A77007E6E329B076aD1Fe97a6F7C0":131.95424176435122,"0x18084fbA666a33d37592fA2633fD49a74DD93a88":467.71862348736727,"0x1830c553dC76d3447B69b7B0dC19CF9e3c739C78":115.27623929039939,"0x183395DbD0B5e93323a7286D1973150697FFFCB3":358.2549165900148,"0x196f4727526eA7FB1e17b2071B3d8eAA38486988":0.5661535402784335,"0x1aBaEA1f7C830bD89Acc67eC4af516284b1bC33c":491.26726145671745,"0x1bEFB9B02f7Fc821B96aC1FE2cAF881FdF72b771":1.9537906546834027,"0x1c48f86ae57291F7686349F12601910BD8D470bb":0.11919575205078163,"0x1ce0D1E19c9514230FF8CD1DAbaC2555fb92122b":0,"0x2191DF768ad71140F9F3E96c1e4407A4aA31d082":16.597369760596838,"0x2260FAC5E5542a773Aa44fBCfeDf7C193bc2C599":468.4053217754274,"0x2302aaBe69e6E7A1b0Aa23aAC68fcCB8A4D2B460":177.95968858429146,"0x2570f1bD5D2735314FC102eb12Fc1aFe9e6E7193":184.26574680425315,"0x25eC98773D7b4ceD4cAFaB96A2A1c0945f145e10":0,"0x2b01d4FdB87eb7F2399E5D68631d8A939a323786":19.34895425702101,"0x31429d1856aD1377A8A0079410B297e1a9e214c2":451.5341950758146,"0x3175Df0976dFA876431C2E9eE6Bc45b65d3473CC":2675.552346410991,"0x32bd822d615A3658A68b6fDD30c2fcb2C996D678":87.03792650676763,"0x34635280737b5BFe6c7DC2FC3065D60d66e78185":267.5073033395943,"0x35282d87011f87508D457F08252Bc5bFa52E10A0":155.892550574928,"0x35D8949372D46B7a3D5A56006AE77B215fc69bC0":1066.7000332175899,"0x35fA164735182de50811E8e2E824cFb9B6118ac2":1154.7704901665552,"0x365AccFCa291e7D3914637ABf1F7635dB165Bb09":364.5435564689632,"0x383E6b4437b59fff47B619CBA855CA29342A8559":176.4356859491256,"0x38D64ce1Bdf1A9f24E0Ec469C9cAde61236fB4a0":280.9109352171865,"0x390f3595bCa2Df7d23783dFd126427CCeb997BF4":739.9919336008409,"0x393DaD6c76D962Abba489a77dBf37ae948A4A6ee":178.09898440540053,"0x3A2725556Dde7B21fBe3dD64A4913ff29faba6A1":0.037303763723891256,"0x3A283D9c08E8b55966afb64C515f5143cf907611":8945.964815506983,"0x3D229E1B4faab62F621eF2F6A610961f7BD7b23B":5234.5560168732645,"0x3Ed3B47Dd13EC9a98b44e6204A523E766B225811":363.8047157448613,"0x3f0e7916681452D23Cd36B1281457DA721F2E5dF":27.39355756239644,"0x401322B9FDdba8c0a8D40fbCECE1D1752C12316B":381.1246560374355,"0x40D16FC0246aD3160Ccc09B8D0D3A2cD28aE6C2f":1035.5249754699773,"0x4591DBfF62656E7859Afe5e45f6f47D3669fBB28":443.3539152084417,"0x4647B6D835f3B393C7A955df51EEfcf0db961606":619.6593094825786,"0x466a756E9A7401B5e2444a3fCB3c2C12FBEa0a54":5.130836995828187,"0x48759F220ED983dB51fA7A8C0D2AAb8f3ce4166a":1654.5094022523772,"0x49446A0874197839D15395B908328a74ccc96Bc0":29.821169047327544,"0x4D1941a887eC788F059b3bfcC8eE1E97b968825B":13.590664055457257,"0x4DEcE678ceceb27446b35C672dC7d61F30bAD69E":443.8126102922145,"0x4Fabb145d64652a948d72533023f6E7A623C7C53":0.035077656010524115,"0x4c9EDD5852cd905f086C759E8383e09bff1E68B3":10324.811485398215,"0x4de2ab8177fC5fFAFB7aD11FB8BeB1e5fB95F71C":353.972898926204,"0x4eBdF703948ddCEA3B11f675B4D1Fba9d2414A14":4109.776041634105,"0x514910771AF9Ca656af840dff83E8264EcF986CA":113.32494289740175,"0x5228a22e72ccC52d415EcFd199F99D0665E7733b":68.99716208020673,"0x5426178799ee0a0181A89b4f57eFddfAb49941Ec":88.90747951392277,"0x5555f75e3d5278082200Fb451D1b6bA946D8e13b":95.2425087492765,"0x57a5a0567187FF4A8dcC1A9bBa86155E355878F2":1.1402285593150594,"0x58efE15C0404aB22F87E4495D71f6f2077e862bE":0.0012482544554706539,"0x5905c0290e59aFBDc42a5480add9bD7B20CB3759":0.19231776253890076,"0x59D9356E565Ab3A36dD77763Fc0d87fEaf85508C":662.5147467537382,"0x5BC25f649fc4e26069dDF4cF4010F9f706c23831":1.5349849335414054,"0x5Be6C45e2d074fAa20700C49aDA3E88a1cc0025d":389.15551197304757,"0x5Ca135cB8527d76e932f34B5145575F9d8cbE08E":55.38807698065613,"0x5E8422345238F34275888049021821E8E08CAa1f":17666.826108430934,"0x5Ea630e00D6eE438d3deA1556A110359ACdc10A9":432.53181173077513,"0x5e74C9036fb86BD7eCdcb084a0673EFc32eA31cb":193.91414403577247,"0x62B9c7356A2Dc64a1969e19C23e4f579F9810Aa7":1369.4085404033062,"0x6359B6d3e327c497453d4376561eE276c6933323":312.00093227911657,"0x63a0964A36c34E81959da5894ad888800e17405b":241.65815759340194,"0x64351fC9810aDAd17A690E4e1717Df5e7e085160":3292.2682219295316,"0x65D72AA8DA931F047169112fcf34f52DbaAE7D18":151.05183555577358,"0x65f228ED6a6001eD6485535e0Dc33E525734f54c":60.299144030972286,"0x661c70333AA1850CcDBAe82776Bb436A0fCfeEfB":66.69343848870382,"0x6663b6D50992ef4fc0380199397c87C2f5256075":60.533170923628454,"0x668308d77be3533c909a692302Cb4D135Bf8041C":0.055900871905209204,"0x66a1E37c9b0eAddca17d3662D6c05F4DECf3e110":23.516002136410382,"0x674C6Ad92Fd080e4004b2312b45f796a192D27a0":2.388587584931539,"0x677ddbd918637E5F2c79e164D402454dE7dA8619":0.9512115337432383,"0x68749665FF8D2d112Fa859AA293F07A622782F38":19.40582014496874,"0x6B175474E89094C44Da98b954EedeAC495271d0F":6331.872906138988,"0x6C5024Cd4F8A59110119C56f8933403A539555EB":125.58023726450746,"0x6C9815826FdF8c7a45cCfEd2064dbaB33a078712":22.558700853308338,"0x6c3F90f043a72FA612cbac8115EE7e52BDe6E490":3553.5811726364036,"0x6c3ea9036406852006290770BEdFcAbA0e23A0e8":1054.6674789363865,"0x6e52cCe4EaFDf77091dD1c82183b2D97b776b397":1216.206470423815,"0x6ef3D766Dfe02Dc4bF04aAe9122EB9A0Ded25615":0.08453993010610839,"0x7223442cad8e9cA474fC40109ab981608F8c4273":81.70592341454109,"0x73968b9a57c6E53d41345FD57a6E6ae27d6CDB2F":112.54925896046846,"0x73A15FeD60Bf67631dC6cd7Bc5B6e8da8190aCF5":2672.146200539742,"0x76237BCfDbe8e06FB774663add96216961df4ff3":27.882486093721642,"0x76Eb2FE28b36B3ee97F3Adae0C69606eeDB2A37c":842.5898591339605,"0x77E06c9eCCf2E797fd462A92B6D7642EF85b0A44":1.0229639531999999,"0x78da5799CF427Fee11e9996982F4150eCe7a99A7":89.60368238704902,"0x7F17A6C77C3938D235b014818092eb6305BdA110":116.33006683769705,"0x7F86Bf177Dd4F3494b841a37e810A34dD56c829B":5256.348351409452,"0x7FA768E035F956c41d6aeaa3Bd857e7E5141CAd5":0.4791149166834815,"0x7ea4aD8C803653498bF6AC1D2dEbc04DCe8Fd2aD":874.281894948255,"0x7f39C581F595B53c5cb19bD0b3f8dA6c935E2Ca0":2988.553379796495,"0x8064d9Ae6cDf087b1bcd5BDf3531bD5d8C537a68":83.00091787338846,"0x808507121B80c02388fAd14726482e061B8da827":323.6557926060814,"0x80d69e79258FE9D056c822461c4eb0B4ca8802E2":0.2501488689085584,"0x826180541412D574cf1336d22c0C0a287822678A":233.2127763453007,"0x8282BD15dcA2EA2bDf24163E8f2781B30C43A2ef":353.75662300129744,"0x830614aE209FF9d8706d386fcdBc7a55206fcffC":62.54608389968081,"0x83F20F44975D03b1b09e64809B757c47f942BEeA":9288.430602930597,"0x853d955aCEf822Db058eb8505911ED77F175b99e":3298.5330697179497,"0x856c4Efb76C1D1AE02e20CEB03A2A6a08b0b8dC3":1.8699824619759342,"0x865377367054516e17014CcdED1e7d814EDC9ce4":400.1054549827889,"0x893DA8A02b487FEF2F7e3F35DF49d7625aE549a3":379.7621925649714,"0x8C0D76C9B18779665475F3E212D9Ca1Ed6A1A0e6":468.18800113787904,"0x8Cd52ee292313C4D851e71A7064F096504aB3eE9":73.76928347235689,"0x8E870D67F660D95d5be530380D0eC0bd388289E1":0.10397161791998805,"0x8c9532a60E0E7C6BbD2B2c1303F63aCE1c3E9811":16.309465544550914,"0x8dAEBADE922dF735c38C80C7eBD708Af50815fAa":19.296529216466908,