{"0x0000000000085d4780B73119b644AE5ecd22b376":0.008460932164676714,"0x005F893EcD7bF9667195642f7649DA8163e23658":94.95518372697435,"0x0100546F2cD4C9D97f798fFC9755E47865FF7Ee6":154.1324964479067,"0x028171bCA77440897B824Ca71D1c56caC55b68A3":742.1409169213607,"0x0316EB71485b0Ab14103307bf65a021042c6d380":59.61607546584628,"0x03ab458634910AaD20eF5f1C8ee96F1D6ac54919":173.70172720377818,"0x04C154b66CB340F3Ae24111CC767e0184Ed00Cc6":230.10652732323885,"0x056Fd409E1d7A124BD7017459dFEa2F387b6d5Cd":353.89691235637105,"0x075b1bb99792c9E1041bA13afEf80C91a1e70fB3":743.6050522845202,"0x085780639CC2cACd35E474e71f4d000e2405d8f6":1039.4372453748645,"0x09b2E090531228d1b8E3d948C73b990Cb6e60720":493.2150654234939,"0x0E2EC54fC0B509F445631Bf4b91AB8168230C752":0.47157322092311127,"0x0E573Ce2736Dd9637A0b21058352e1667925C7a8":140.4601901518006,"0x0a5E677a6A24b2F1A2Bf4F3bFfC443231d2fDEc8":0.008718375299236171,"0x0bc529c00C6401aEF6D220BE8C6Ea1667F6Ad93e":5.519530644546111,"0x0d86883FAf4FfD7aEb116390af37746F45b6f378":180.57469035944834,"0x0dE54CFdfeD8005176f8b7A9D5438B45c4F1df1e":1.095745393995667,"0x1456688345527bE1f37E9e627DA0837D6f08C925":2.0066019996951843,"0x16eAd9a10b1A77007E6E329B076aD1Fe97a6F7C0":57.8129921043452,"0x18084fbA666a33d37592fA2633fD49a74DD93a88":12.964782802460537,"0x183395DbD0B5e93323a7286D1973150697FFFCB3":317.48207834316975,"0x196f4727526eA7FB1e17b2071B3d8eAA38486988":2.4980004034898013,"0x1c48f86ae57291F7686349F12601910BD8D470bb":1.2641171851941622,"0x1ce0D1E19c9514230FF8CD1DAbaC2555fb92122b":0,"0x2260FAC5E5542a773Aa44fBCfeDf7C193bc2C599":313.56307139548153,"0x2570f1bD5D2735314FC102eb12Fc1aFe9e6E7193":571.1623625690822,"0x25eC98773D7b4ceD4cAFaB96A2A1c0945f145e10":0,"0x2889302a794dA87fBF1D6Db415C1492194663D13":957.7384467673419,"0x2b01d4FdB87eb7F2399E5D68631d8A939a323786":17.151604671835425,"0x31429d1856aD1377A8A0079410B297e1a9e214c2":469.45507101823745,"0x32bd822d615A3658A68b6fDD30c2fcb2C996D678":51.929393729420845,"0x34635280737b5BFe6c7DC2FC3065D60d66e78185":413.0970623849373,"0x35282d87011f87508D457F08252Bc5bFa52E10A0":93.80014395929781,"0x35D8949372D46B7a3D5A56006AE77B215fc69bC0":999.455425917671,"0x35fA164735182de50811E8e2E824cFb9B6118ac2":959.002141003442,"0x383E6b4437b59fff47B619CBA855CA29342A8559":39.98724246905897,"0x38D64ce1Bdf1A9f24E0Ec469C9cAde61236fB4a0":163.79029698657376,"0x3A283D9c08E8b55966afb64C515f5143cf907611":1667.2814874039311,"0x3Ed3B47Dd13EC9a98b44e6204A523E766B225811":1003.7607310275116,"0x401322B9FDdba8c0a8D40fbCECE1D1752C12316B":417.4283404374068,"0x40D16FC0246aD3160Ccc09B8D0D3A2cD28aE6C2f":195.629644187287,"0x4591DBfF62656E7859Afe5e45f6f47D3669fBB28":342.7732560815123,"0x4647B6D835f3B393C7A955df51EEfcf0db961606":252.69677136109001,"0x466a756E9A7401B5e2444a3fCB3c2C12FBEa0a54":1.7797309221374624,"0x48759F220ED983dB51fA7A8C0D2AAb8f3ce4166a":1003.900962407597,"0x49446A0874197839D15395B908328a74ccc96Bc0":16.040974148068447,"0x4AE86d8732390d852A13cb918463BC6e5775FaDD":73.25056586159059,"0x4D1941a887eC788F059b3bfcC8eE1E97b968825B":7.298282335055241,"0x4Fabb145d64652a948d72533023f6E7A623C7C53":0.029133445409244296,"0x4c9EDD5852cd905f086C759E8383e09bff1E68B3":2573.8463561553,"0x4de2ab8177fC5fFAFB7aD11FB8BeB1e5fB95F71C":143.76578071184838,"0x4eBdF703948ddCEA3B11f675B4D1Fba9d2414A14":1224.9892120337738,"0x514910771AF9Ca656af840dff83E8264EcF986CA":100.40789205717168,"0x5228a22e72ccC52d415EcFd199F99D0665E7733b":50.354025326433195,"0x5426178799ee0a0181A89b4f57eFddfAb49941Ec":222.8673711390258,"0x5555f75e3d5278082200Fb451D1b6bA946D8e13b":51.82914510010909,"0x57a5a0567187FF4A8dcC1A9bBa86155E355878F2":1.0700313213634995,"0x58efE15C0404aB22F87E4495D71f6f2077e862bE":0.001248389300798022,"0x5905c0290e59aFBDc42a5480add9bD7B20CB3759":0.14725774574383266,"0x59D9356E565Ab3A36dD77763Fc0d87fEaf85508C":541.9875049104288,"0x5BC25f649fc4e26069dDF4cF4010F9f706c23831":3.275520168598154,"0x5Ca135cB8527d76e932f34B5145575F9d8cbE08E":51.97666127197059,"0x5E8422345238F34275888049021821E8E08CAa1f":15531.335310695677,"0x5b6C539b224014A09B3388e51CaAA8e354c959C8":835.263749796544,"0x5e74C9036fb86BD7eCdcb084a0673EFc32eA31cb":178.62612894133363,"0x63a0964A36c34E81959da5894ad888800e17405b":22.309422837725606,"0x65D72AA8DA931F047169112fcf34f52DbaAE7D18":131.42864893086005,"0x661c70333AA1850CcDBAe82776Bb436A0fCfeEfB":44.12065310925404,"0x668308d77be3533c909a692302Cb4D135Bf8041C":0.05242961805022006,"0x66a1E37c9b0eAddca17d3662D6c05F4DECf3e110":0.1087300620832781,"0x674C6Ad92Fd080e4004b2312b45f796a192D27a0":3.9893353158864007,"0x68749665FF8D2d112Fa859AA293F07A622782F38":17.957227571558736,"0x6B175474E89094C44Da98b954EedeAC495271d0F":1781.3531087042477,"0x6C280dB098dB673d30d5B34eC04B6387185D3620":54.89472818345696,"0x6C5024Cd4F8A59110119C56f8933403A539555EB":109.17096240537315,"0x6ade6971Ca3d90990C30d39c78b0534C7166e07b":129.76266907540221,"0x6b5204B0Be36771253Cc38e88012E02B752f0f36":72.33931259251376,"0x6c3F90f043a72FA612cbac8115EE7e52BDe6E490":1266.1054663626599,"0x6c3ea9036406852006290770BEdFcAbA0e23A0e8":641.1443258401601,"0x6e52cCe4EaFDf77091dD1c82183b2D97b776b397":107.18570880264505,"0x6ef3D766Dfe02Dc4bF04aAe9122EB9A0Ded25615":0.027166055539560623,"0x73968b9a57c6E53d41345FD57a6E6ae27d6CDB2F":80.60726330534851,"0x73A15FeD60Bf67631dC6cd7Bc5B6e8da8190aCF5":3169.911192873591,"0x76237BCfDbe8e06FB774663add96216961df4ff3":18.289388206195703,"0x76Eb2FE28b36B3ee97F3Adae0C69606eeDB2A37c":731.8848985912165,"0x77E06c9eCCf2E797fd462A92B6D7642EF85b0A44":0.66373580728,"0x78da5799CF427Fee11e9996982F4150eCe7a99A7":56.173464572228305,"0x7988292D0FB141085c092132e2a70B30aA1eccAB":464.92718310413295,"0x7F17A6C77C3938D235b014818092eb6305BdA110":47.84581558935848,"0x7F86Bf177Dd4F3494b841a37e810A34dD56c829B":2986.139834550484,"0x7FA768E035F956c41d6aeaa3Bd857e7E5141CAd5":0.03688222934331042,"0x7ea4aD8C803653498bF6AC1D2dEbc04DCe8Fd2aD":111.64890050799833,"0x7f39C581F595B53c5cb19bD0b3f8dA6c935E2Ca0":701.8331556414952,"0x8064d9Ae6cDf087b1bcd5BDf3531bD5d8C537a68":69.6526021346851,"0x80d69e79258FE9D056c822461c4eb0B4ca8802E2":0.025142689432216276,"0x826180541412D574cf1336d22c0C0a287822678A":198.2802412191995,"0x830614aE209FF9d8706d386fcdBc7a55206fcffC":50.98724580080802,"0x83F20F44975D03b1b09e64809B757c47f942BEeA":1935.645091073973,"0x853d955aCEf822Db058eb8505911ED77F175b99e":898.312738910597,"0x856c4Efb76C1D1AE02e20CEB03A2A6a08b0b8dC3":1.6797393944086627,"0x865377367054516e17014CcdED1e7d814EDC9ce4":506.2027413707306,"0x8682Fbf0CbF312C891532BA9F1A91e44f81ad7DF":479.2589475071434,"0x8C0D76C9B18779665475F3E212D9Ca1Ed6A1A0e6":422.94142067412685,"0x8C88538688aca3b733aD08b12BEe4574c0C00907":264.1461500886841,"0x8Cd52ee292313C4D851e71A7064F096504aB3eE9":0.8634764284240132,"0x8c9532a60E0E7C6BbD2B2c1303F63aCE1c3E9811":0.04446952442036892,"0x8dAEBADE922dF735c38C80C7eBD708Af50815fAa":15.014358403319706,"0x8e595470Ed749b85C6F7669de83EAe304C2ec68F":19.684179091302695,"0x917ceE801a67f933F2e6b33fC0cD1ED2d5909D88":411.98716016789575,"0x9181f633E9B9F15A32d5e37094F4C93b333e0E92":0.4255886601045743,"0x922406EAFC3CcEb32b0256F287fB977c426EDbd8":0.02910941809583617,"0x9559Aaa82d9649C7A7b220E7c461d2E74c9a3593":179.95141712866754,"0x95710BDE45C8D384A976Cc58Cc7a7e489576b098":2.3646794249572918,"0x961D4921e1718E633BAC8Ded88c4a1cAe44b785a":878.9261971704497,"0x9961BdBE8B7091E584c2bF9D0a160C583f564A8c":391.46648970478526,"0x99D8a9C45b2ecA8864373A26D1459e3Dff1e17F3":41.58275945320584,"0x9BE89D2a4cd102D8Fecc6BF9dA793be995C22541":665.3556637061945,"0x9D39A5DE30e57443BfF2A8307A4256c8797A3497":1906.0923878762283,"0x9EEAD9ce15383CaEED975427340b3A369410CFBF":4.190068657626994,"0x9FeE65D5A627e73212989c8BbEdC5Fa5Cae3821F":12.271368973564678,"0x9b77bd0a665F05995b68e36fC1053AFFfAf0d4B5":4.061656715995306,"0xA0b86991c6218b36c1d19D4a2e9Eb0cE3606eB48":4736.043961682049,"0xA0d69E286B938e21CBf7E51D71F6A4c8918f482F":947.319298900271,"0xA1290d69c65A6Fe4DF752f95823fae25cB99e5A7":130.44808956027777,"0xA35b1B31Ce002FBF2058D22F30f95D405200A15b":1.7480730394765973,"0xA5588F7cdf560811710A2D82D3C9c99769DB1Dcb":168.6532648837817,