{"0x0000000000085d4780B73119b644AE5ecd22b376":215.944699881771,"0x0000000016E6Cb3038203c1129c8B4aEE7af7a11":1.222564807453284,"0x00000000eFE302BEAA2b3e6e1b18d08D69a9012a":136.14703948826494,"0x005F893EcD7bF9667195642f7649DA8163e23658":164.1776467847203,"0x0100546F2cD4C9D97f798fFC9755E47865FF7Ee6":389.84065912119235,"0x028171bCA77440897B824Ca71D1c56caC55b68A3":1207.1141893657295,"0x0316EB71485b0Ab14103307bf65a021042c6d380":0.42754873894933504,"0x03ab458634910AaD20eF5f1C8ee96F1D6ac54919":269.0367391645367,"0x04C154b66CB340F3Ae24111CC767e0184Ed00Cc6":447.8486445053023,"0x051d7e5609917Bd9b73f04BAc0DED8Dd46a74301":372.2418644462184,"0x056Fd409E1d7A124BD7017459dFEa2F387b6d5Cd":352.3999036936319,"0x067079c14B85169e6a29703769dadDef90816f4C":652.4343756675725,"0x075b1bb99792c9E1041bA13afEf80C91a1e70fB3":601.8737821111425,"0x085780639CC2cACd35E474e71f4d000e2405d8f6":870.9421816837015,"0x08ceA8E5B4551722dEB97113C139Dd83C26c5398":0.20563617930768702,"0x09db87A538BD693E9d08544577d5cCfAA6373A48":180.1634958638993,"0x0E2EC54fC0B509F445631Bf4b91AB8168230C752":0.4714817838503045,"0x0E573Ce2736Dd9637A0b21058352e1667925C7a8":143.57625937827032,"0x0F83287FF768D1c1e17a42F44d644D7F22e8ee1d":61.349412080671996,"0x0a5E677a6A24b2F1A2Bf4F3bFfC443231d2fDEc8":0.17582394328264475,"0x0bc529c00C6401aEF6D220BE8C6Ea1667F6Ad93e":22.142966396271998,"0x0d86883FAf4FfD7aEb116390af37746F45b6f378":710.3445523213531,"0x0dE54CFdfeD8005176f8b7A9D5438B45c4F1df1e":5.8337096636815025,"0x127091edE112aEd7Bae281747771b3150Bb047bB":2.517650818208002,"0x137469B55D1f15651BA46A89D0588e97dD0B6562":224.85277214148329,"0x1456688345527bE1f37E9e627DA0837D6f08C925":5.810420290145829,"0x15700B564Ca08D9439C58cA5053166E8317aa138":1065.902969592165,"0x16eAd9a10b1A77007E6E329B076aD1Fe97a6F7C0":198.65612768555098,"0x18084fbA666a33d37592fA2633fD49a74DD93a88":100.029043560476,"0x196f4727526eA7FB1e17b2071B3d8eAA38486988":2.120615717566664,"0x1BED97CBC3c24A4fb5C069C6E311a967386131f7":269.67467930174604,"0x1CC481cE2BD2EC7Bf67d1Be64d4878b16078F309":128.44201650946297,"0x1a7e4e63778B4f12a199C062f3eFdD288afCBce8":84.69088177951657,"0x1aBaEA1f7C830bD89Acc67eC4af516284b1bC33c":283.23989148696194,"0x1c48f86ae57291F7686349F12601910BD8D470bb":1.2104983998063097,"0x1ce0D1E19c9514230FF8CD1DAbaC2555fb92122b":0,"0x2191DF768ad71140F9F3E96c1e4407A4aA31d082":25.08435724098352,"0x2260FAC5E5542a773Aa44fBCfeDf7C193bc2C599":31.68885586962652,"0x22CF19EB64226e0E1A79c69b345b31466fD273A7":5.415837221968836,"0x2302aaBe69e6E7A1b0Aa23aAC68fcCB8A4D2B460":139.65271061187994,"0x2570f1bD5D2735314FC102eb12Fc1aFe9e6E7193":69.0755266482573,"0x25eC98773D7b4ceD4cAFaB96A2A1c0945f145e10":0,"0x29059568bB40344487d62f7450E78b8E6C74e0e5":1100.6184400894126,"0x2b01d4FdB87eb7F2399E5D68631d8A939a323786":251.70554128830727,"0x2bd1F344a2398340C2b1119Da98816eA723F5F0f":0.33304678427715345,"0x3175Df0976dFA876431C2E9eE6Bc45b65d3473CC":0.000038736934193902624,"0x3231Cb76718CDeF2155FC47b5286d82e6eDA273f":337.06076909710913,"0x32bd822d615A3658A68b6fDD30c2fcb2C996D678":304.5857580739441,"0x3432B6A60D23Ca0dFCa7761B7ab56459D9C964D0":30.881404729181998,"0x34635280737b5BFe6c7DC2FC3065D60d66e78185":380.36829320842884,"0x35282d87011f87508D457F08252Bc5bFa52E10A0":160.96990071288218,"0x3570E17b1F2DdFD73FBE437F34A34d1D54219138":0.9340132614914631,"0x35D8949372D46B7a3D5A56006AE77B215fc69bC0":657.899275449368,"0x35fA164735182de50811E8e2E824cFb9B6118ac2":992.5108882163521,"0x383E6b4437b59fff47B619CBA855CA29342A8559":198.84331479494304,"0x38D64ce1Bdf1A9f24E0Ec469C9cAde61236fB4a0":265.356778901512,"0x390f3595bCa2Df7d23783dFd126427CCeb997BF4":24267.305866379196,"0x393DaD6c76D962Abba489a77dBf37ae948A4A6ee":153.61137698719793,"0x3A2725556Dde7B21fBe3dD64A4913ff29faba6A1":0.0294252274710087,"0x3Ed3B47Dd13EC9a98b44e6204A523E766B225811":3.748487914226403,"0x3f0e7916681452D23Cd36B1281457DA721F2E5dF":81.3890215752558,"0x401322B9FDdba8c0a8D40fbCECE1D1752C12316B":295.5878643005986,"0x40D16FC0246aD3160Ccc09B8D0D3A2cD28aE6C2f":275.20983842718897,"0x4591DBfF62656E7859Afe5e45f6f47D3669fBB28":271.2517947382199,"0x4647B6D835f3B393C7A955df51EEfcf0db961606":645.7656226790173,"0x466a756E9A7401B5e2444a3fCB3c2C12FBEa0a54":63.46875400471763,"0x4704aB1fb693ce163F7c9D3A31b3FF4eaF797714":0.4399097352837474,"0x48759F220ED983dB51fA7A8C0D2AAb8f3ce4166a":2418.408792913404,"0x49446A0874197839D15395B908328a74ccc96Bc0":69.36754483815616,"0x4AE86d8732390d852A13cb918463BC6e5775FaDD":387.0511446294367,"0x4D1941a887eC788F059b3bfcC8eE1E97b968825B":377.6062669238127,"0x4D55a36902a6546A79ec4c9c315241De746D5fC3":0,"0x4DEcE678ceceb27446b35C672dC7d61F30bAD69E":31273.076292534737,"0x4Fabb145d64652a948d72533023f6E7A623C7C53":0.03966951712891838,"0x4c9EDD5852cd905f086C759E8383e09bff1E68B3":3282.4716999661855,"0x4de2ab8177fC5fFAFB7aD11FB8BeB1e5fB95F71C":610.3201330090487,"0x4e3FBD56CD56c3e72c1403e103b45Db9da5B9D2B":2.06612816802891,"0x4eBdF703948ddCEA3B11f675B4D1Fba9d2414A14":6207.401411100693,"0x514910771AF9Ca656af840dff83E8264EcF986CA":85.17620696747359,"0x5228a22e72ccC52d415EcFd199F99D0665E7733b":62.01031514153936,"0x5271045F7B73c17825A7A7aee6917eE46b0B7520":386.3678421135235,"0x527331F3F550f6f85ACFEcAB9Cc0889180C6f1d5":419.4804003541981,"0x5426178799ee0a0181A89b4f57eFddfAb49941Ec":293.90420838248457,"0x5555f75e3d5278082200Fb451D1b6bA946D8e13b":121.11130479744668,"0x57Ab1ec28D129707052df4dF418D58a2D46d5f51":157.71940044925103,"0x57a5a0567187FF4A8dcC1A9bBa86155E355878F2":0.302158951765785,"0x58efE15C0404aB22F87E4495D71f6f2077e862bE":0.001248567846,"0x5905c0290e59aFBDc42a5480add9bD7B20CB3759":0.17791286900542672,"0x59D9356E565Ab3A36dD77763Fc0d87fEaf85508C":456.90029415304025,"0x5BC25f649fc4e26069dDF4cF4010F9f706c23831":0.825158289736018,"0x5Be6C45e2d074fAa20700C49aDA3E88a1cc0025d":759.6590511407817,"0x5Ca135cB8527d76e932f34B5145575F9d8cbE08E":58.14055474539047,"0x5E8422345238F34275888049021821E8E08CAa1f":14480.873039117989,"0x5Ea630e00D6eE438d3deA1556A110359ACdc10A9":382.8474153993757,"0x5b6C539b224014A09B3388e51CaAA8e354c959C8":289.36066421716754,"0x5ca0313D44551e32e0d7a298EC024321c4BC59B4":6.703781249548764,"0x5e74C9036fb86BD7eCdcb084a0673EFc32eA31cb":8.288114140452082,"0x5f98805A4E8be255a32880FDeC7F6728C6568bA0":198.12240831997536,"0x625E92624Bc2D88619ACCc1788365A69767f6200":3581.0715855527556,"0x62B9c7356A2Dc64a1969e19C23e4f579F9810Aa7":103.84013512110309,"0x6359B6d3e327c497453d4376561eE276c6933323":360.7402862056293,"0x63a0964A36c34E81959da5894ad888800e17405b":312.0235251381281,"0x65D72AA8DA931F047169112fcf34f52DbaAE7D18":376.3962438250211,"0x65f228ED6a6001eD6485535e0Dc33E525734f54c":75.97576710493175,"0x661c70333AA1850CcDBAe82776Bb436A0fCfeEfB":189.450891012028,"0x6663b6D50992ef4fc0380199397c87C2f5256075":176.5184008600241,"0x668308d77be3533c909a692302Cb4D135Bf8041C":0.04417762870890787,"0x66a1E37c9b0eAddca17d3662D6c05F4DECf3e110":47.587543272520975,"0x674C6Ad92Fd080e4004b2312b45f796a192D27a0":4.172104481817635,"0x677ddbd918637E5F2c79e164D402454dE7dA8619":4.619128814852423,"0x68749665FF8D2d112Fa859AA293F07A622782F38":22.095642322043254,"0x69000405f9DcE69BD4Cbf4f2865b79144A69BFE0":2.619620668400027,"0x6B175474E89094C44Da98b954EedeAC495271d0F":3150.8006653618277,"0x6C280dB098dB673d30d5B34eC04B6387185D3620":350.74204732239326,"0x6C5024Cd4F8A59110119C56f8933403A539555EB":124.46754041192347,"0x6C9815826FdF8c7a45cCfEd2064dbaB33a078712":61.403201413040385,"0x6ade6971Ca3d90990C30d39c78b0534C7166e07b":237.68003391684124,"0x6b5204B0Be36771253Cc38e88012E02B752f0f36":216.51774879368344,"0x6c3F90f043a72FA612cbac8115EE7e52BDe6E490":887.0918931362967,"0x6c3ea9036406852006290770BEdFcAbA0e23A0e8":623.7436664192899,"0x6ef3D766Dfe02Dc4bF04aAe9122EB9A0Ded25615":0.059341103260947346,"0x7223442cad8e9cA474fC40109ab981608F8c4273":220.27243929412558,"0x73968b9a57c6E53d41345FD57a6E6ae27d6CDB2F":159.55595854383796,"0x73A15FeD60Bf67631dC6cd7Bc5B6e8da8190aCF5":1680.7456731412246,"0x752B4c6e92d96467fE9b9a2522EF07228E00F87c":35.71468968493583,"0x76237BCfDbe8e06FB774663add96216961df4ff3":41.18906596351751,