{"0x0000000000085d4780B73119b644AE5ecd22b376":0.00846900312465451,"0x005F893EcD7bF9667195642f7649DA8163e23658":195.6615601128796,"0x0100546F2cD4C9D97f798fFC9755E47865FF7Ee6":459.8663268507487,"0x028171bCA77440897B824Ca71D1c56caC55b68A3":823.0718367415772,"0x0316EB71485b0Ab14103307bf65a021042c6d380":0.022564441335793307,"0x03ab458634910AaD20eF5f1C8ee96F1D6ac54919":200.22491621460188,"0x04C154b66CB340F3Ae24111CC767e0184Ed00Cc6":427.6757645512348,"0x056Fd409E1d7A124BD7017459dFEa2F387b6d5Cd":288.8864381076173,"0x075b1bb99792c9E1041bA13afEf80C91a1e70fB3":342.30817018262564,"0x085780639CC2cACd35E474e71f4d000e2405d8f6":834.8398459616267,"0x0E2EC54fC0B509F445631Bf4b91AB8168230C752":0.4714890550284476,"0x0E573Ce2736Dd9637A0b21058352e1667925C7a8":147.0462154872895,"0x0a5E677a6A24b2F1A2Bf4F3bFfC443231d2fDEc8":0.08617868030370673,"0x0bc529c00C6401aEF6D220BE8C6Ea1667F6Ad93e":23.407758906718986,"0x0d86883FAf4FfD7aEb116390af37746F45b6f378":269.9248333781212,"0x0dE54CFdfeD8005176f8b7A9D5438B45c4F1df1e":5.830991281764499,"0x127091edE112aEd7Bae281747771b3150Bb047bB":0.7499785699688233,"0x137469B55D1f15651BA46A89D0588e97dD0B6562":4.769532232229843,"0x1456688345527bE1f37E9e627DA0837D6f08C925":5.6003160743407525,"0x15700B564Ca08D9439C58cA5053166E8317aa138":782.7965397569346,"0x16eAd9a10b1A77007E6E329B076aD1Fe97a6F7C0":132.5351681539372,"0x18084fbA666a33d37592fA2633fD49a74DD93a88":2.8747980775291104,"0x183395DbD0B5e93323a7286D1973150697FFFCB3":363.80615180313157,"0x196f4727526eA7FB1e17b2071B3d8eAA38486988":1.649512659524456,"0x1aBaEA1f7C830bD89Acc67eC4af516284b1bC33c":493.76150014435393,"0x1c48f86ae57291F7686349F12601910BD8D470bb":1.0853000092971095,"0x1ce0D1E19c9514230FF8CD1DAbaC2555fb92122b":0,"0x2191DF768ad71140F9F3E96c1e4407A4aA31d082":14.982866287780592,"0x2260FAC5E5542a773Aa44fBCfeDf7C193bc2C599":18.10895451526739,"0x22CF19EB64226e0E1A79c69b345b31466fD273A7":2.975380889710469,"0x2302aaBe69e6E7A1b0Aa23aAC68fcCB8A4D2B460":177.6593736611418,"0x2570f1bD5D2735314FC102eb12Fc1aFe9e6E7193":121.22548352571995,"0x25eC98773D7b4ceD4cAFaB96A2A1c0945f145e10":0,"0x2889302a794dA87fBF1D6Db415C1492194663D13":1333.8462674069215,"0x2b01d4FdB87eb7F2399E5D68631d8A939a323786":21.39299313490504,"0x31429d1856aD1377A8A0079410B297e1a9e214c2":449.73198119402616,"0x32bd822d615A3658A68b6fDD30c2fcb2C996D678":88.23722419173164,"0x34635280737b5BFe6c7DC2FC3065D60d66e78185":310.73423906411165,"0x35282d87011f87508D457F08252Bc5bFa52E10A0":157.8636969966239,"0x35D8949372D46B7a3D5A56006AE77B215fc69bC0":976.791016806168,"0x35fA164735182de50811E8e2E824cFb9B6118ac2":1136.3302473092162,"0x365AccFCa291e7D3914637ABf1F7635dB165Bb09":358.60351866260305,"0x383E6b4437b59fff47B619CBA855CA29342A8559":176.37402202732898,"0x38D64ce1Bdf1A9f24E0Ec469C9cAde61236fB4a0":275.0313535149963,"0x393DaD6c76D962Abba489a77dBf37ae948A4A6ee":179.2069451447136,"0x3A2725556Dde7B21fBe3dD64A4913ff29faba6A1":0.03681548203606523,"0x3A283D9c08E8b55966afb64C515f5143cf907611":7872.781595490284,"0x3Ed3B47Dd13EC9a98b44e6204A523E766B225811":0.00009193127599999999,"0x401322B9FDdba8c0a8D40fbCECE1D1752C12316B":371.2428862413565,"0x40D16FC0246aD3160Ccc09B8D0D3A2cD28aE6C2f":990.5366737655718,"0x4591DBfF62656E7859Afe5e45f6f47D3669fBB28":435.0720092085754,"0x466a756E9A7401B5e2444a3fCB3c2C12FBEa0a54":8.005046765388064,"0x48759F220ED983dB51fA7A8C0D2AAb8f3ce4166a":1585.807515318431,"0x49446A0874197839D15395B908328a74ccc96Bc0":30.535387808012025,"0x4AE86d8732390d852A13cb918463BC6e5775FaDD":135.81542504402333,"0x4D1941a887eC788F059b3bfcC8eE1E97b968825B":15.900012624837185,"0x4Fabb145d64652a948d72533023f6E7A623C7C53":0.03532017851243351,"0x4c9EDD5852cd905f086C759E8383e09bff1E68B3":10034.23613055084,"0x4de2ab8177fC5fFAFB7aD11FB8BeB1e5fB95F71C":353.98257683509047,"0x4eBdF703948ddCEA3B11f675B4D1Fba9d2414A14":3749.8655368939462,"0x514910771AF9Ca656af840dff83E8264EcF986CA":112.39081498626962,"0x5228a22e72ccC52d415EcFd199F99D0665E7733b":72.22747955684453,"0x5426178799ee0a0181A89b4f57eFddfAb49941Ec":90.0309859837468,"0x5555f75e3d5278082200Fb451D1b6bA946D8e13b":96.84928279045114,"0x57a5a0567187FF4A8dcC1A9bBa86155E355878F2":0.06497076142560608,"0x58efE15C0404aB22F87E4495D71f6f2077e862bE":0.0012481645585857419,"0x5905c0290e59aFBDc42a5480add9bD7B20CB3759":0.1915719637842689,"0x59D9356E565Ab3A36dD77763Fc0d87fEaf85508C":651.3679992914803,"0x5BC25f649fc4e26069dDF4cF4010F9f706c23831":2.917258113117386,"0x5Ca135cB8527d76e932f34B5145575F9d8cbE08E":56.180603642347975,"0x5E8422345238F34275888049021821E8E08CAa1f":16813.2169639136,"0x5Ea630e00D6eE438d3deA1556A110359ACdc10A9":424.13035259733414,"0x5e74C9036fb86BD7eCdcb084a0673EFc32eA31cb":207.9390039095614,"0x62B9c7356A2Dc64a1969e19C23e4f579F9810Aa7":264.4083861034678,"0x6359B6d3e327c497453d4376561eE276c6933323":306.2056259274228,"0x63a0964A36c34E81959da5894ad888800e17405b":175.67717245824147,"0x65D72AA8DA931F047169112fcf34f52DbaAE7D18":151.99733826782744,"0x65f228ED6a6001eD6485535e0Dc33E525734f54c":61.895718660960675,"0x661c70333AA1850CcDBAe82776Bb436A0fCfeEfB":68.19272870387609,"0x6663b6D50992ef4fc0380199397c87C2f5256075":65.31146434317462,"0x668308d77be3533c909a692302Cb4D135Bf8041C":0.05516751276560395,"0x66a1E37c9b0eAddca17d3662D6c05F4DECf3e110":21.576241520748,"0x674C6Ad92Fd080e4004b2312b45f796a192D27a0":3.469184980323303,"0x677ddbd918637E5F2c79e164D402454dE7dA8619":0.6453009991533044,"0x68749665FF8D2d112Fa859AA293F07A622782F38":20.311890751149246,"0x6B175474E89094C44Da98b954EedeAC495271d0F":5626.725963369841,"0x6C280dB098dB673d30d5B34eC04B6387185D3620":67.63295220945108,"0x6C5024Cd4F8A59110119C56f8933403A539555EB":126.34471926384408,"0x6C9815826FdF8c7a45cCfEd2064dbaB33a078712":19.738863246644794,"0x6ade6971Ca3d90990C30d39c78b0534C7166e07b":221.08026813940216,"0x6b5204B0Be36771253Cc38e88012E02B752f0f36":238.8355792966806,"0x6c3F90f043a72FA612cbac8115EE7e52BDe6E490":1168.0412928267112,"0x6c3ea9036406852006290770BEdFcAbA0e23A0e8":956.8201096500336,"0x6ef3D766Dfe02Dc4bF04aAe9122EB9A0Ded25615":0.08368156752537763,"0x7223442cad8e9cA474fC40109ab981608F8c4273":71.07274254516778,"0x73968b9a57c6E53d41345FD57a6E6ae27d6CDB2F":112.54810976561382,"0x73A15FeD60Bf67631dC6cd7Bc5B6e8da8190aCF5":2244.1802215298794,"0x76237BCfDbe8e06FB774663add96216961df4ff3":29.097374607835683,"0x76Eb2FE28b36B3ee97F3Adae0C69606eeDB2A37c":840.3033972874144,"0x77E06c9eCCf2E797fd462A92B6D7642EF85b0A44":0.23918592792587565,"0x78da5799CF427Fee11e9996982F4150eCe7a99A7":92.53290724099502,"0x7988292D0FB141085c092132e2a70B30aA1eccAB":477.39744878480747,"0x7F17A6C77C3938D235b014818092eb6305BdA110":114.36248593689085,"0x7F86Bf177Dd4F3494b841a37e810A34dD56c829B":4449.867328218904,"0x7FA768E035F956c41d6aeaa3Bd857e7E5141CAd5":0.47395730770732347,"0x7ea4aD8C803653498bF6AC1D2dEbc04DCe8Fd2aD":490.2395320152005,"0x7f39C581F595B53c5cb19bD0b3f8dA6c935E2Ca0":2669.034117223929,"0x8064d9Ae6cDf087b1bcd5BDf3531bD5d8C537a68":84.78796645833168,"0x808507121B80c02388fAd14726482e061B8da827":315.15957734637635,"0x80d69e79258FE9D056c822461c4eb0B4ca8802E2":0.2472794910082239,"0x826180541412D574cf1336d22c0C0a287822678A":234.34730156647026,"0x830614aE209FF9d8706d386fcdBc7a55206fcffC":63.6073687152043,"0x83F20F44975D03b1b09e64809B757c47f942BEeA":8762.102071353687,"0x84CeCB5525c6B1C20070E742da870062E84Da178":25.34552956109561,"0x853d955aCEf822Db058eb8505911ED77F175b99e":3069.9277342484943,"0x856c4Efb76C1D1AE02e20CEB03A2A6a08b0b8dC3":0.982920384740226,"0x865377367054516e17014CcdED1e7d814EDC9ce4":316.20354862988825,"0x8C0D76C9B18779665475F3E212D9Ca1Ed6A1A0e6":453.40682448465293,"0x8C88538688aca3b733aD08b12BEe4574c0C00907":536.1938915837862,"0x8Cd52ee292313C4D851e71A7064F096504aB3eE9":74.48918503793749,"0x8E870D67F660D95d5be530380D0eC0bd388289E1":0.10376408974050703,"0x8c9532a60E0E7C6BbD2B2c1303F63aCE1c3E9811":17.207935313473225,"0x8dAEBADE922dF735c38C80C7eBD708Af50815fAa":20.718048684819287,"0x8e595470Ed749b85C6F7669de83EAe304C2ec68F":11.54175617864552,"0x917ceE801a67f933F2e6b33fC0cD1ED2d5909D88":136.16920766632376,"0x9181f633E9B9F15A32d5e37094F4C93b333e0E92":1.1267368416611923,