{"0x0000000000085d4780B73119b644AE5ecd22b376":0.008455969328845667,"0x005F893EcD7bF9667195642f7649DA8163e23658":8.952797307464323,"0x0100546F2cD4C9D97f798fFC9755E47865FF7Ee6":159.54383213775134,"0x028171bCA77440897B824Ca71D1c56caC55b68A3":747.4089582066583,"0x0316EB71485b0Ab14103307bf65a021042c6d380":61.65011339918648,"0x03ab458634910AaD20eF5f1C8ee96F1D6ac54919":175.81867356764454,"0x04C154b66CB340F3Ae24111CC767e0184Ed00Cc6":256.63776465150147,"0x056Fd409E1d7A124BD7017459dFEa2F387b6d5Cd":498.4472969999673,"0x067079c14B85169e6a29703769dadDef90816f4C":189.77024267276045,"0x075b1bb99792c9E1041bA13afEf80C91a1e70fB3":757.0862428258291,"0x085780639CC2cACd35E474e71f4d000e2405d8f6":1182.4622408424964,"0x09b2E090531228d1b8E3d948C73b990Cb6e60720":498.18218080347776,"0x0E2EC54fC0B509F445631Bf4b91AB8168230C752":0.471365150695713,"0x0E573Ce2736Dd9637A0b21058352e1667925C7a8":144.0709180828927,"0x0a5E677a6A24b2F1A2Bf4F3bFfC443231d2fDEc8":0.02063511288169238,"0x0bc529c00C6401aEF6D220BE8C6Ea1667F6Ad93e":15.044818780128555,"0x0d86883FAf4FfD7aEb116390af37746F45b6f378":186.78180569657093,"0x0dE54CFdfeD8005176f8b7A9D5438B45c4F1df1e":4.828636748981216,"0x137469B55D1f15651BA46A89D0588e97dD0B6562":1.347184276219846,"0x1456688345527bE1f37E9e627DA0837D6f08C925":5.55148881583688,"0x16eAd9a10b1A77007E6E329B076aD1Fe97a6F7C0":65.32042776999154,"0x18084fbA666a33d37592fA2633fD49a74DD93a88":25.92098114779691,"0x1830c553dC76d3447B69b7B0dC19CF9e3c739C78":101.16181143096937,"0x183395DbD0B5e93323a7286D1973150697FFFCB3":331.6118721368498,"0x196f4727526eA7FB1e17b2071B3d8eAA38486988":1.5891407015387453,"0x1c48f86ae57291F7686349F12601910BD8D470bb":1.0514311058893786,"0x1ce0D1E19c9514230FF8CD1DAbaC2555fb92122b":0,"0x2260FAC5E5542a773Aa44fBCfeDf7C193bc2C599":319.91386213875455,"0x2570f1bD5D2735314FC102eb12Fc1aFe9e6E7193":585.0587556365954,"0x25eC98773D7b4ceD4cAFaB96A2A1c0945f145e10":0,"0x2889302a794dA87fBF1D6Db415C1492194663D13":970.4204478648595,"0x29059568bB40344487d62f7450E78b8E6C74e0e5":104.48826010619952,"0x2b01d4FdB87eb7F2399E5D68631d8A939a323786":19.388077281010755,"0x31429d1856aD1377A8A0079410B297e1a9e214c2":469.9385044981823,"0x32bd822d615A3658A68b6fDD30c2fcb2C996D678":65.0451500741938,"0x34635280737b5BFe6c7DC2FC3065D60d66e78185":389.8560726212336,"0x35282d87011f87508D457F08252Bc5bFa52E10A0":99.07785450938668,"0x35D8949372D46B7a3D5A56006AE77B215fc69bC0":1697.0562211456897,"0x35fA164735182de50811E8e2E824cFb9B6118ac2":971.8877217050548,"0x383E6b4437b59fff47B619CBA855CA29342A8559":120.19834983981589,"0x38D64ce1Bdf1A9f24E0Ec469C9cAde61236fB4a0":177.3924712689162,"0x3A283D9c08E8b55966afb64C515f5143cf907611":2086.0142847062893,"0x3Ed3B47Dd13EC9a98b44e6204A523E766B225811":1009.4827296798152,"0x401322B9FDdba8c0a8D40fbCECE1D1752C12316B":424.5095551307838,"0x40D16FC0246aD3160Ccc09B8D0D3A2cD28aE6C2f":242.44930444736116,"0x4591DBfF62656E7859Afe5e45f6f47D3669fBB28":462.85417565367953,"0x4647B6D835f3B393C7A955df51EEfcf0db961606":282.0937100029671,"0x466a756E9A7401B5e2444a3fCB3c2C12FBEa0a54":0.4966671565726469,"0x48759F220ED983dB51fA7A8C0D2AAb8f3ce4166a":1006.6833325038348,"0x49446A0874197839D15395B908328a74ccc96Bc0":19.77473869587533,"0x4AE86d8732390d852A13cb918463BC6e5775FaDD":88.02177367163794,"0x4D1941a887eC788F059b3bfcC8eE1E97b968825B":14.429557676571118,"0x4Fabb145d64652a948d72533023f6E7A623C7C53":0.029197649836715776,"0x4c9EDD5852cd905f086C759E8383e09bff1E68B3":3399.727189497837,"0x4de2ab8177fC5fFAFB7aD11FB8BeB1e5fB95F71C":167.67122464620334,"0x4eBdF703948ddCEA3B11f675B4D1Fba9d2414A14":1729.0589896719728,"0x514910771AF9Ca656af840dff83E8264EcF986CA":105.62278945102796,"0x5228a22e72ccC52d415EcFd199F99D0665E7733b":52.47357132572422,"0x5426178799ee0a0181A89b4f57eFddfAb49941Ec":261.95237479252194,"0x5555f75e3d5278082200Fb451D1b6bA946D8e13b":85.20719521363661,"0x57a5a0567187FF4A8dcC1A9bBa86155E355878F2":0.0720470718959578,"0x58efE15C0404aB22F87E4495D71f6f2077e862bE":0.0012484979262006241,"0x5905c0290e59aFBDc42a5480add9bD7B20CB3759":0.17888549691764152,"0x59D9356E565Ab3A36dD77763Fc0d87fEaf85508C":554.6801052149323,"0x5BC25f649fc4e26069dDF4cF4010F9f706c23831":2.679203587120768,"0x5Be6C45e2d074fAa20700C49aDA3E88a1cc0025d":133.76462414260558,"0x5Ca135cB8527d76e932f34B5145575F9d8cbE08E":55.56402349858261,"0x5E8422345238F34275888049021821E8E08CAa1f":15659.3285179628,"0x5b6C539b224014A09B3388e51CaAA8e354c959C8":884.8467806158029,"0x5e74C9036fb86BD7eCdcb084a0673EFc32eA31cb":192.4505480383932,"0x63a0964A36c34E81959da5894ad888800e17405b":27.072718630514643,"0x65D72AA8DA931F047169112fcf34f52DbaAE7D18":135.74765424470186,"0x661c70333AA1850CcDBAe82776Bb436A0fCfeEfB":51.18281369908591,"0x668308d77be3533c909a692302Cb4D135Bf8041C":0.05257496155282506,"0x66a1E37c9b0eAddca17d3662D6c05F4DECf3e110":0.1085641971434168,"0x674C6Ad92Fd080e4004b2312b45f796a192D27a0":3.2688993194699107,"0x68749665FF8D2d112Fa859AA293F07A622782F38":20.549982423754102,"0x6B175474E89094C44Da98b954EedeAC495271d0F":2536.1340061423,"0x6C280dB098dB673d30d5B34eC04B6387185D3620":64.05590185160356,"0x6C5024Cd4F8A59110119C56f8933403A539555EB":113.55815488511152,"0x6ade6971Ca3d90990C30d39c78b0534C7166e07b":135.98824389405848,"0x6b5204B0Be36771253Cc38e88012E02B752f0f36":163.81365435935388,"0x6c3F90f043a72FA612cbac8115EE7e52BDe6E490":1398.7656202941762,"0x6c3ea9036406852006290770BEdFcAbA0e23A0e8":664.2042120160853,"0x6e52cCe4EaFDf77091dD1c82183b2D97b776b397":162.62357621189454,"0x6ef3D766Dfe02Dc4bF04aAe9122EB9A0Ded25615":0.027226625406368648,"0x73968b9a57c6E53d41345FD57a6E6ae27d6CDB2F":84.47817539465738,"0x73A15FeD60Bf67631dC6cd7Bc5B6e8da8190aCF5":5304.608330935806,"0x76237BCfDbe8e06FB774663add96216961df4ff3":22.146438778813096,"0x76Eb2FE28b36B3ee97F3Adae0C69606eeDB2A37c":732.1108062172331,"0x77E06c9eCCf2E797fd462A92B6D7642EF85b0A44":0.6509469603,"0x78da5799CF427Fee11e9996982F4150eCe7a99A7":60.43564409997465,"0x7988292D0FB141085c092132e2a70B30aA1eccAB":474.22030320862416,"0x7F17A6C77C3938D235b014818092eb6305BdA110":57.13653899435384,"0x7F86Bf177Dd4F3494b841a37e810A34dD56c829B":4017.9654238519165,"0x7FA768E035F956c41d6aeaa3Bd857e7E5141CAd5":0.45131674477221934,"0x7ea4aD8C803653498bF6AC1D2dEbc04DCe8Fd2aD":121.40422225437175,"0x7f39C581F595B53c5cb19bD0b3f8dA6c935E2Ca0":937.3458329232623,"0x8064d9Ae6cDf087b1bcd5BDf3531bD5d8C537a68":71.68005048764698,"0x80d69e79258FE9D056c822461c4eb0B4ca8802E2":0.2565725160772786,"0x826180541412D574cf1336d22c0C0a287822678A":210.1658862597556,"0x830614aE209FF9d8706d386fcdBc7a55206fcffC":56.17802586016444,"0x83F20F44975D03b1b09e64809B757c47f942BEeA":2533.6905040224556,"0x84CeCB5525c6B1C20070E742da870062E84Da178":25.14186051257988,"0x853d955aCEf822Db058eb8505911ED77F175b99e":1059.9320344594719,"0x856c4Efb76C1D1AE02e20CEB03A2A6a08b0b8dC3":0.6190045656331002,"0x865377367054516e17014CcdED1e7d814EDC9ce4":701.9807912284645,"0x8682Fbf0CbF312C891532BA9F1A91e44f81ad7DF":489.14916890188925,"0x8C0D76C9B18779665475F3E212D9Ca1Ed6A1A0e6":527.342095729497,"0x8C88538688aca3b733aD08b12BEe4574c0C00907":289.3233450128284,"0x8Cd52ee292313C4D851e71A7064F096504aB3eE9":6.655841258451614,"0x8c9532a60E0E7C6BbD2B2c1303F63aCE1c3E9811":0.04452049256579458,"0x8dAEBADE922dF735c38C80C7eBD708Af50815fAa":17.40710897460804,"0x8e595470Ed749b85C6F7669de83EAe304C2ec68F":20.47683229376982,"0x917ceE801a67f933F2e6b33fC0cD1ED2d5909D88":433.28848275169133,"0x9181f633E9B9F15A32d5e37094F4C93b333e0E92":1.0737934442482122,"0x922406EAFC3CcEb32b0256F287fB977c426EDbd8":0.029065012420079587,"0x954313005C56b555bdC41B84D6c63B69049d7847":447.7403326547721,"0x9559Aaa82d9649C7A7b220E7c461d2E74c9a3593":184.3727475250134,"0x95710BDE45C8D384A976Cc58Cc7a7e489576b098":0.8204132835736218,"0x961D4921e1718E633BAC8Ded88c4a1cAe44b785a":904.7357697394483,"0x9961BdBE8B7091E584c2bF9D0a160C583f564A8c":395.43057996588465,"0x99D8a9C45b2ecA8864373A26D1459e3Dff1e17F3":62.17614369007465,"0x9BE89D2a4cd102D8Fecc6BF9dA793be995C22541":676.367594994266,"0x9D39A5DE30e57443BfF2A8307A4256c8797A3497":2593.8473484931806,"0x9EEAD9ce15383CaEED975427340b3A369410CFBF":8.329514445452856,