{"0x0000000000085d4780B73119b644AE5ecd22b376":0.008455368029623817,"0x005F893EcD7bF9667195642f7649DA8163e23658":190.78152361235442,"0x0100546F2cD4C9D97f798fFC9755E47865FF7Ee6":182.83976124754113,"0x028171bCA77440897B824Ca71D1c56caC55b68A3":769.5901969871956,"0x0316EB71485b0Ab14103307bf65a021042c6d380":61.94249709698812,"0x03ab458634910AaD20eF5f1C8ee96F1D6ac54919":177.63103941500086,"0x04C154b66CB340F3Ae24111CC767e0184Ed00Cc6":375.26681404881856,"0x056Fd409E1d7A124BD7017459dFEa2F387b6d5Cd":356.27700343075884,"0x067079c14B85169e6a29703769dadDef90816f4C":314.81950704044533,"0x075b1bb99792c9E1041bA13afEf80C91a1e70fB3":303.1981529300099,"0x085780639CC2cACd35E474e71f4d000e2405d8f6":703.4466111055063,"0x0E2EC54fC0B509F445631Bf4b91AB8168230C752":0.4715325413509901,"0x0E573Ce2736Dd9637A0b21058352e1667925C7a8":142.25364681951345,"0x0a5E677a6A24b2F1A2Bf4F3bFfC443231d2fDEc8":0.049439059353649686,"0x0bc529c00C6401aEF6D220BE8C6Ea1667F6Ad93e":10.027190041891602,"0x0d86883FAf4FfD7aEb116390af37746F45b6f378":188.32630559934196,"0x0dE54CFdfeD8005176f8b7A9D5438B45c4F1df1e":5.833738248375741,"0x1456688345527bE1f37E9e627DA0837D6f08C925":0.9841032932462578,"0x16eAd9a10b1A77007E6E329B076aD1Fe97a6F7C0":71.62736948007914,"0x18084fbA666a33d37592fA2633fD49a74DD93a88":9.11177553751036,"0x1830c553dC76d3447B69b7B0dC19CF9e3c739C78":108.94705069212021,"0x183395DbD0B5e93323a7286D1973150697FFFCB3":368.23642769356155,"0x196f4727526eA7FB1e17b2071B3d8eAA38486988":2.5274240290634693,"0x1c48f86ae57291F7686349F12601910BD8D470bb":1.2896012078857393,"0x1ce0D1E19c9514230FF8CD1DAbaC2555fb92122b":0,"0x2191DF768ad71140F9F3E96c1e4407A4aA31d082":5.7797740953771735,"0x2260FAC5E5542a773Aa44fBCfeDf7C193bc2C599":346.73175094745653,"0x2570f1bD5D2735314FC102eb12Fc1aFe9e6E7193":801.3818487548406,"0x25eC98773D7b4ceD4cAFaB96A2A1c0945f145e10":5.917456586491891,"0x2889302a794dA87fBF1D6Db415C1492194663D13":398.17567912672087,"0x2b01d4FdB87eb7F2399E5D68631d8A939a323786":12.981479042970202,"0x31429d1856aD1377A8A0079410B297e1a9e214c2":477.17942683001127,"0x32bd822d615A3658A68b6fDD30c2fcb2C996D678":67.75938185958486,"0x34635280737b5BFe6c7DC2FC3065D60d66e78185":407.13169501374546,"0x35282d87011f87508D457F08252Bc5bFa52E10A0":99.29532821692088,"0x35D8949372D46B7a3D5A56006AE77B215fc69bC0":481.78030534574987,"0x35fA164735182de50811E8e2E824cFb9B6118ac2":1104.3533620772405,"0x383E6b4437b59fff47B619CBA855CA29342A8559":142.83438017550742,"0x38D64ce1Bdf1A9f24E0Ec469C9cAde61236fB4a0":234.47244829793462,"0x3A283D9c08E8b55966afb64C515f5143cf907611":2549.6847403681495,"0x3Ed3B47Dd13EC9a98b44e6204A523E766B225811":338.0541519022184,"0x3f0e7916681452D23Cd36B1281457DA721F2E5dF":7.462173597234434,"0x401322B9FDdba8c0a8D40fbCECE1D1752C12316B":451.49246818447637,"0x40D16FC0246aD3160Ccc09B8D0D3A2cD28aE6C2f":585.1847915146544,"0x4591DBfF62656E7859Afe5e45f6f47D3669fBB28":215.69048152332124,"0x4647B6D835f3B393C7A955df51EEfcf0db961606":391.5293204444184,"0x466a756E9A7401B5e2444a3fCB3c2C12FBEa0a54":6.429205838363783,"0x48759F220ED983dB51fA7A8C0D2AAb8f3ce4166a":1524.523494792266,"0x49446A0874197839D15395B908328a74ccc96Bc0":16.711226847581493,"0x4AE86d8732390d852A13cb918463BC6e5775FaDD":105.88801778316935,"0x4D1941a887eC788F059b3bfcC8eE1E97b968825B":4.459188755850851,"0x4Fabb145d64652a948d72533023f6E7A623C7C53":0.027322372293839766,"0x4c9EDD5852cd905f086C759E8383e09bff1E68B3":1932.7184678245555,"0x4de2ab8177fC5fFAFB7aD11FB8BeB1e5fB95F71C":188.79162098297925,"0x4eBdF703948ddCEA3B11f675B4D1Fba9d2414A14":955.1339090153142,"0x514910771AF9Ca656af840dff83E8264EcF986CA":108.01899015966492,"0x5228a22e72ccC52d415EcFd199F99D0665E7733b":52.99391597632644,"0x5426178799ee0a0181A89b4f57eFddfAb49941Ec":266.50264712577905,"0x5555f75e3d5278082200Fb451D1b6bA946D8e13b":79.67825238535124,"0x57a5a0567187FF4A8dcC1A9bBa86155E355878F2":1.1768368321453808,"0x58efE15C0404aB22F87E4495D71f6f2077e862bE":0.0012480659217259079,"0x5905c0290e59aFBDc42a5480add9bD7B20CB3759":0.1788235990694285,"0x59D9356E565Ab3A36dD77763Fc0d87fEaf85508C":576.5129214668837,"0x5BC25f649fc4e26069dDF4cF4010F9f706c23831":4.252269221711245,"0x5Be6C45e2d074fAa20700C49aDA3E88a1cc0025d":563.8762970375597,"0x5Ca135cB8527d76e932f34B5145575F9d8cbE08E":50.95136400963754,"0x5E8422345238F34275888049021821E8E08CAa1f":17291.483415688876,"0x5e74C9036fb86BD7eCdcb084a0673EFc32eA31cb":203.93458404093388,"0x6359B6d3e327c497453d4376561eE276c6933323":266.74482456056904,"0x63a0964A36c34E81959da5894ad888800e17405b":36.397173753007756,"0x65D72AA8DA931F047169112fcf34f52DbaAE7D18":126.63376320926547,"0x661c70333AA1850CcDBAe82776Bb436A0fCfeEfB":51.97653714107016,"0x668308d77be3533c909a692302Cb4D135Bf8041C":0.05743786786102468,"0x66a1E37c9b0eAddca17d3662D6c05F4DECf3e110":0.8613152365050982,"0x674C6Ad92Fd080e4004b2312b45f796a192D27a0":5.535761000066624,"0x68749665FF8D2d112Fa859AA293F07A622782F38":15.871811731618255,"0x6B175474E89094C44Da98b954EedeAC495271d0F":2825.879100046213,"0x6C5024Cd4F8A59110119C56f8933403A539555EB":120.27241926630423,"0x6C9815826FdF8c7a45cCfEd2064dbaB33a078712":10.372887116009675,"0x6ade6971Ca3d90990C30d39c78b0534C7166e07b":180.14427596799118,"0x6b5204B0Be36771253Cc38e88012E02B752f0f36":146.30826281797783,"0x6c3F90f043a72FA612cbac8115EE7e52BDe6E490":1199.8547995916297,"0x6c3ea9036406852006290770BEdFcAbA0e23A0e8":836.0124616064883,"0x6e52cCe4EaFDf77091dD1c82183b2D97b776b397":412.73153492536096,"0x6ef3D766Dfe02Dc4bF04aAe9122EB9A0Ded25615":0.08704707519183932,"0x7223442cad8e9cA474fC40109ab981608F8c4273":0.5693377466186795,"0x73968b9a57c6E53d41345FD57a6E6ae27d6CDB2F":107.2592970384075,"0x73A15FeD60Bf67631dC6cd7Bc5B6e8da8190aCF5":2315.4034208172106,"0x76237BCfDbe8e06FB774663add96216961df4ff3":17.582020824994267,"0x76Eb2FE28b36B3ee97F3Adae0C69606eeDB2A37c":759.0891906514953,"0x77E06c9eCCf2E797fd462A92B6D7642EF85b0A44":1.02447465946,"0x78da5799CF427Fee11e9996982F4150eCe7a99A7":55.82098981100786,"0x7988292D0FB141085c092132e2a70B30aA1eccAB":465.3472351768246,"0x7F17A6C77C3938D235b014818092eb6305BdA110":50.20235007704532,"0x7F86Bf177Dd4F3494b841a37e810A34dD56c829B":2914.5610262632285,"0x7FA768E035F956c41d6aeaa3Bd857e7E5141CAd5":0.4926284557565679,"0x7ea4aD8C803653498bF6AC1D2dEbc04DCe8Fd2aD":294.52308767944123,"0x7f39C581F595B53c5cb19bD0b3f8dA6c935E2Ca0":1200.718385323414,"0x8064d9Ae6cDf087b1bcd5BDf3531bD5d8C537a68":75.76118772824937,"0x80d69e79258FE9D056c822461c4eb0B4ca8802E2":0.2578140430878572,"0x826180541412D574cf1336d22c0C0a287822678A":250.07280135749292,"0x830614aE209FF9d8706d386fcdBc7a55206fcffC":56.689678155172345,"0x83F20F44975D03b1b09e64809B757c47f942BEeA":2046.308041170449,"0x84CeCB5525c6B1C20070E742da870062E84Da178":13.457374056327106,"0x853d955aCEf822Db058eb8505911ED77F175b99e":1763.2145909726637,"0x856c4Efb76C1D1AE02e20CEB03A2A6a08b0b8dC3":1.9314696018804414,"0x865377367054516e17014CcdED1e7d814EDC9ce4":589.6221081876567,"0x8C0D76C9B18779665475F3E212D9Ca1Ed6A1A0e6":766.015070661104,"0x8Cd52ee292313C4D851e71A7064F096504aB3eE9":45.50702854207618,"0x8E870D67F660D95d5be530380D0eC0bd388289E1":0.007669264700973163,"0x8c9532a60E0E7C6BbD2B2c1303F63aCE1c3E9811":1.210638343349022,"0x8dAEBADE922dF735c38C80C7eBD708Af50815fAa":13.89494833257309,"0x8e595470Ed749b85C6F7669de83EAe304C2ec68F":42.47337788039521,"0x917ceE801a67f933F2e6b33fC0cD1ED2d5909D88":529.221224757244,"0x9181f633E9B9F15A32d5e37094F4C93b333e0E92":1.1719708227093477,"0x922406EAFC3CcEb32b0256F287fB977c426EDbd8":0.029069868836485185,"0x954313005C56b555bdC41B84D6c63B69049d7847":474.8389782541466,"0x9559Aaa82d9649C7A7b220E7c461d2E74c9a3593":195.5318016213108,"0x95710BDE45C8D384A976Cc58Cc7a7e489576b098":2.3364771326671585,"0x961D4921e1718E633BAC8Ded88c4a1cAe44b785a":1091.7862673256602,"0x9961BdBE8B7091E584c2bF9D0a160C583f564A8c":399.42611030136044,"0x99D8a9C45b2ecA8864373A26D1459e3Dff1e17F3":16.001479927691086,"0x9BE89D2a4cd102D8Fecc6BF9dA793be995C22541":246.11652483211992,"0x9D39A5DE30e57443BfF2A8307A4256c8797A3497":1439.4035549160128,"0x9EEAD9ce15383CaEED975427340b3A369410CFBF":12.442222901732812,