{"0x0000000000085d4780B73119b644AE5ecd22b376":0.00846900312465451,"0x005F893EcD7bF9667195642f7649DA8163e23658":204.73348535993063,"0x0100546F2cD4C9D97f798fFC9755E47865FF7Ee6":198.91749445539358,"0x028171bCA77440897B824Ca71D1c56caC55b68A3":796.33757404956,"0x0316EB71485b0Ab14103307bf65a021042c6d380":70.79750763890794,"0x03ab458634910AaD20eF5f1C8ee96F1D6ac54919":183.4152448620915,"0x04C154b66CB340F3Ae24111CC767e0184Ed00Cc6":438.14270214397925,"0x056Fd409E1d7A124BD7017459dFEa2F387b6d5Cd":394.31849214653096,"0x067079c14B85169e6a29703769dadDef90816f4C":372.50761904358666,"0x075b1bb99792c9E1041bA13afEf80C91a1e70fB3":331.7428627674739,"0x085780639CC2cACd35E474e71f4d000e2405d8f6":774.8474324962759,"0x0E2EC54fC0B509F445631Bf4b91AB8168230C752":0.47152483686717866,"0x0E573Ce2736Dd9637A0b21058352e1667925C7a8":145.83169973232407,"0x0a5E677a6A24b2F1A2Bf4F3bFfC443231d2fDEc8":0.04872046837467221,"0x0bc529c00C6401aEF6D220BE8C6Ea1667F6Ad93e":14.873996510158388,"0x0d86883FAf4FfD7aEb116390af37746F45b6f378":246.18433350622084,"0x0dE54CFdfeD8005176f8b7A9D5438B45c4F1df1e":5.837314659970237,"0x1456688345527bE1f37E9e627DA0837D6f08C925":4.642686168311255,"0x16eAd9a10b1A77007E6E329B076aD1Fe97a6F7C0":133.2905123176579,"0x18084fbA666a33d37592fA2633fD49a74DD93a88":14.981647720147146,"0x1830c553dC76d3447B69b7B0dC19CF9e3c739C78":116.81407398375481,"0x183395DbD0B5e93323a7286D1973150697FFFCB3":393.28971473286424,"0x196f4727526eA7FB1e17b2071B3d8eAA38486988":0.888482493888995,"0x1c48f86ae57291F7686349F12601910BD8D470bb":0.11525263774890053,"0x1ce0D1E19c9514230FF8CD1DAbaC2555fb92122b":0,"0x2191DF768ad71140F9F3E96c1e4407A4aA31d082":6.122347030137839,"0x2260FAC5E5542a773Aa44fBCfeDf7C193bc2C599":370.69723330100044,"0x22CF19EB64226e0E1A79c69b345b31466fD273A7":2.25504756125448,"0x25eC98773D7b4ceD4cAFaB96A2A1c0945f145e10":0,"0x2889302a794dA87fBF1D6Db415C1492194663D13":577.527549252034,"0x2b01d4FdB87eb7F2399E5D68631d8A939a323786":21.700172763774567,"0x31429d1856aD1377A8A0079410B297e1a9e214c2":492.3014302556325,"0x32bd822d615A3658A68b6fDD30c2fcb2C996D678":77.68431135363528,"0x34635280737b5BFe6c7DC2FC3065D60d66e78185":370.7065031902388,"0x35282d87011f87508D457F08252Bc5bFa52E10A0":120.29858924485734,"0x35D8949372D46B7a3D5A56006AE77B215fc69bC0":879.5496010391247,"0x35fA164735182de50811E8e2E824cFb9B6118ac2":1163.2492837103962,"0x383E6b4437b59fff47B619CBA855CA29342A8559":168.48695101760543,"0x38D64ce1Bdf1A9f24E0Ec469C9cAde61236fB4a0":252.03669689458337,"0x3A283D9c08E8b55966afb64C515f5143cf907611":3642.4551805850238,"0x3Ed3B47Dd13EC9a98b44e6204A523E766B225811":366.5080701421253,"0x3f0e7916681452D23Cd36B1281457DA721F2E5dF":16.3896399878833,"0x401322B9FDdba8c0a8D40fbCECE1D1752C12316B":477.29702672822987,"0x40D16FC0246aD3160Ccc09B8D0D3A2cD28aE6C2f":644.7859684856954,"0x4591DBfF62656E7859Afe5e45f6f47D3669fBB28":268.45230483150755,"0x4647B6D835f3B393C7A955df51EEfcf0db961606":422.64440791507633,"0x466a756E9A7401B5e2444a3fCB3c2C12FBEa0a54":4.042574494093376,"0x48759F220ED983dB51fA7A8C0D2AAb8f3ce4166a":1557.3780692145597,"0x49446A0874197839D15395B908328a74ccc96Bc0":23.078926527368,"0x4AE86d8732390d852A13cb918463BC6e5775FaDD":135.5352117502898,"0x4D1941a887eC788F059b3bfcC8eE1E97b968825B":14.382332526043449,"0x4Fabb145d64652a948d72533023f6E7A623C7C53":0.029100466883941613,"0x4c9EDD5852cd905f086C759E8383e09bff1E68B3":6411.794543806998,"0x4de2ab8177fC5fFAFB7aD11FB8BeB1e5fB95F71C":223.99789815805147,"0x4eBdF703948ddCEA3B11f675B4D1Fba9d2414A14":1631.2826574749356,"0x514910771AF9Ca656af840dff83E8264EcF986CA":118.72226505700485,"0x5228a22e72ccC52d415EcFd199F99D0665E7733b":59.54000165593422,"0x5426178799ee0a0181A89b4f57eFddfAb49941Ec":287.7055990744769,"0x5555f75e3d5278082200Fb451D1b6bA946D8e13b":87.53101160219896,"0x57a5a0567187FF4A8dcC1A9bBa86155E355878F2":1.2077597418943613,"0x58efE15C0404aB22F87E4495D71f6f2077e862bE":0.001248567846,"0x5905c0290e59aFBDc42a5480add9bD7B20CB3759":0.1788955150664852,"0x59D9356E565Ab3A36dD77763Fc0d87fEaf85508C":590.2899679360713,"0x5BC25f649fc4e26069dDF4cF4010F9f706c23831":2.6574809030364532,"0x5Be6C45e2d074fAa20700C49aDA3E88a1cc0025d":639.7476756285382,"0x5Ca135cB8527d76e932f34B5145575F9d8cbE08E":55.03661855616412,"0x5E8422345238F34275888049021821E8E08CAa1f":18189.80805865518,"0x5e74C9036fb86BD7eCdcb084a0673EFc32eA31cb":214.84777313691544,"0x6359B6d3e327c497453d4376561eE276c6933323":285.6025777833184,"0x63a0964A36c34E81959da5894ad888800e17405b":81.66891110017993,"0x65D72AA8DA931F047169112fcf34f52DbaAE7D18":135.02713933978558,"0x65f228ED6a6001eD6485535e0Dc33E525734f54c":61.20146795664685,"0x661c70333AA1850CcDBAe82776Bb436A0fCfeEfB":60.84817326424275,"0x6663b6D50992ef4fc0380199397c87C2f5256075":7.207782691856297,"0x668308d77be3533c909a692302Cb4D135Bf8041C":0.059487041345679885,"0x66a1E37c9b0eAddca17d3662D6c05F4DECf3e110":6.482061397023858,"0x674C6Ad92Fd080e4004b2312b45f796a192D27a0":3.1642287373718476,"0x68749665FF8D2d112Fa859AA293F07A622782F38":19.522204399204533,"0x6B175474E89094C44Da98b954EedeAC495271d0F":4111.622599316844,"0x6C280dB098dB673d30d5B34eC04B6387185D3620":75.67072187793704,"0x6C5024Cd4F8A59110119C56f8933403A539555EB":130.21804440124495,"0x6C9815826FdF8c7a45cCfEd2064dbaB33a078712":10.932420445918911,"0x6ade6971Ca3d90990C30d39c78b0534C7166e07b":197.73833274346862,"0x6b5204B0Be36771253Cc38e88012E02B752f0f36":185.9298838005988,"0x6c3F90f043a72FA612cbac8115EE7e52BDe6E490":1295.7215050045622,"0x6c3ea9036406852006290770BEdFcAbA0e23A0e8":908.2501449944276,"0x6e52cCe4EaFDf77091dD1c82183b2D97b776b397":579.953954803513,"0x6ef3D766Dfe02Dc4bF04aAe9122EB9A0Ded25615":0.08974780411823788,"0x7223442cad8e9cA474fC40109ab981608F8c4273":1.8971579789188353,"0x73968b9a57c6E53d41345FD57a6E6ae27d6CDB2F":113.23266484105673,"0x73A15FeD60Bf67631dC6cd7Bc5B6e8da8190aCF5":3612.0631420507298,"0x76237BCfDbe8e06FB774663add96216961df4ff3":21.279112898720506,"0x76Eb2FE28b36B3ee97F3Adae0C69606eeDB2A37c":797.2271153266757,"0x77E06c9eCCf2E797fd462A92B6D7642EF85b0A44":1.046703623,"0x78da5799CF427Fee11e9996982F4150eCe7a99A7":89.55249019540724,"0x7988292D0FB141085c092132e2a70B30aA1eccAB":477.0493176293438,"0x7F17A6C77C3938D235b014818092eb6305BdA110":64.53838204552338,"0x7F86Bf177Dd4F3494b841a37e810A34dD56c829B":3823.8633878801725,"0x7FA768E035F956c41d6aeaa3Bd857e7E5141CAd5":0.5080055830541556,"0x7ea4aD8C803653498bF6AC1D2dEbc04DCe8Fd2aD":423.3523587817901,"0x7f39C581F595B53c5cb19bD0b3f8dA6c935E2Ca0":1639.5166640879809,"0x8064d9Ae6cDf087b1bcd5BDf3531bD5d8C537a68":82.12244305824566,"0x80d69e79258FE9D056c822461c4eb0B4ca8802E2":0.26540361850807875,"0x826180541412D574cf1336d22c0C0a287822678A":267.5241974941165,"0x830614aE209FF9d8706d386fcdBc7a55206fcffC":63.68388746298169,"0x83F20F44975D03b1b09e64809B757c47f942BEeA":4000.4413688540785,"0x84CeCB5525c6B1C20070E742da870062E84Da178":25.35765715787456,"0x853d955aCEf822Db058eb8505911ED77F175b99e":2462.6330974338557,"0x856c4Efb76C1D1AE02e20CEB03A2A6a08b0b8dC3":0.2970196994389719,"0x865377367054516e17014CcdED1e7d814EDC9ce4":663.2328278114908,"0x8C0D76C9B18779665475F3E212D9Ca1Ed6A1A0e6":902.9526217684582,"0x8C88538688aca3b733aD08b12BEe4574c0C00907":634.9513964908348,"0x8Cd52ee292313C4D851e71A7064F096504aB3eE9":53.42388804354364,"0x8E870D67F660D95d5be530380D0eC0bd388289E1":0.007676933965674135,"0x8c9532a60E0E7C6BbD2B2c1303F63aCE1c3E9811":1.229537287524258,"0x8dAEBADE922dF735c38C80C7eBD708Af50815fAa":19.349370435411384,"0x8e595470Ed749b85C6F7669de83EAe304C2ec68F":48.818516089769865,"0x917ceE801a67f933F2e6b33fC0cD1ED2d5909D88":585.4108561215355,"0x9181f633E9B9F15A32d5e37094F4C93b333e0E92":1.2083457727680482,"0x922406EAFC3CcEb32b0256F287fB977c426EDbd8":0.029080337758078095,"0x954313005C56b555bdC41B84D6c63B69049d7847":489.2186450382414,"0x9559Aaa82d9649C7A7b220E7c461d2E74c9a3593":220.00826799311605,"0x95710BDE45C8D384A976Cc58Cc7a7e489576b098":2.4583026864485698,"0x961D4921e1718E633BAC8Ded88c4a1cAe44b785a":1139.573487829368,"0x9961BdBE8B7091E584c2bF9D0a160C583f564A8c":403.0374764539343,"0x99D8a9C45b2ecA8864373A26D1459e3Dff1e17F3":25.726167601651287,