{"0x0000000000085d4780B73119b644AE5ecd22b376":0.005451785662773866,"0x005F893EcD7bF9667195642f7649DA8163e23658":18.82294637775456,"0x0100546F2cD4C9D97f798fFC9755E47865FF7Ee6":140.11122608892697,"0x028171bCA77440897B824Ca71D1c56caC55b68A3":118.63608910880309,"0x0316EB71485b0Ab14103307bf65a021042c6d380":54.966455474382165,"0x03ab458634910AaD20eF5f1C8ee96F1D6ac54919":169.7119642937544,"0x04C154b66CB340F3Ae24111CC767e0184Ed00Cc6":195.60982869160074,"0x056Fd409E1d7A124BD7017459dFEa2F387b6d5Cd":102.45315598619982,"0x067079c14B85169e6a29703769dadDef90816f4C":486.93086454936855,"0x075b1bb99792c9E1041bA13afEf80C91a1e70fB3":739.6011195541832,"0x085780639CC2cACd35E474e71f4d000e2405d8f6":800.7441852409042,"0x09b2E090531228d1b8E3d948C73b990Cb6e60720":485.22458808999875,"0x0E2EC54fC0B509F445631Bf4b91AB8168230C752":0.4500178527369252,"0x0E573Ce2736Dd9637A0b21058352e1667925C7a8":143.61901065371222,"0x0bc529c00C6401aEF6D220BE8C6Ea1667F6Ad93e":7.874933367754183,"0x0d86883FAf4FfD7aEb116390af37746F45b6f378":142.45318526545216,"0x0dE54CFdfeD8005176f8b7A9D5438B45c4F1df1e":3.932298389908357,"0x1456688345527bE1f37E9e627DA0837D6f08C925":5.225139398491862,"0x16eAd9a10b1A77007E6E329B076aD1Fe97a6F7C0":49.242967205626094,"0x18084fbA666a33d37592fA2633fD49a74DD93a88":8.221089324015152,"0x1830c553dC76d3447B69b7B0dC19CF9e3c739C78":92.27173974283221,"0x196f4727526eA7FB1e17b2071B3d8eAA38486988":1.2616438668111734,"0x1c48f86ae57291F7686349F12601910BD8D470bb":0.9766803979950283,"0x1ce0D1E19c9514230FF8CD1DAbaC2555fb92122b":0,"0x2260FAC5E5542a773Aa44fBCfeDf7C193bc2C599":309.6151421675882,"0x22CF19EB64226e0E1A79c69b345b31466fD273A7":3.05598739938852,"0x2570f1bD5D2735314FC102eb12Fc1aFe9e6E7193":291.9866776320945,"0x25eC98773D7b4ceD4cAFaB96A2A1c0945f145e10":5.925556644181466,"0x2889302a794dA87fBF1D6Db415C1492194663D13":1689.4977333960007,"0x2b01d4FdB87eb7F2399E5D68631d8A939a323786":17.01936418068108,"0x31429d1856aD1377A8A0079410B297e1a9e214c2":479.8351281596969,"0x32bd822d615A3658A68b6fDD30c2fcb2C996D678":42.35257693336117,"0x35282d87011f87508D457F08252Bc5bFa52E10A0":707.7980393225941,"0x35fA164735182de50811E8e2E824cFb9B6118ac2":874.9142933696302,"0x365AccFCa291e7D3914637ABf1F7635dB165Bb09":489.5652743374829,"0x383E6b4437b59fff47B619CBA855CA29342A8559":34.44024210053881,"0x38D64ce1Bdf1A9f24E0Ec469C9cAde61236fB4a0":1198.997722292294,"0x3A283D9c08E8b55966afb64C515f5143cf907611":7871.365558305991,"0x3Ed3B47Dd13EC9a98b44e6204A523E766B225811":529.6817757551929,"0x3f0e7916681452D23Cd36B1281457DA721F2E5dF":466.57032641540474,"0x40D16FC0246aD3160Ccc09B8D0D3A2cD28aE6C2f":1061.9512455464755,"0x4591DBfF62656E7859Afe5e45f6f47D3669fBB28":288.3804824863346,"0x4647B6D835f3B393C7A955df51EEfcf0db961606":155.95030530113323,"0x466a756E9A7401B5e2444a3fCB3c2C12FBEa0a54":527.288236611163,"0x48759F220ED983dB51fA7A8C0D2AAb8f3ce4166a":916.191836953672,"0x49446A0874197839D15395B908328a74ccc96Bc0":16.29052451460862,"0x4AE86d8732390d852A13cb918463BC6e5775FaDD":31.580166598956747,"0x4D1941a887eC788F059b3bfcC8eE1E97b968825B":13.599194718328752,"0x4DEcE678ceceb27446b35C672dC7d61F30bAD69E":608.1439429995692,"0x4Fabb145d64652a948d72533023f6E7A623C7C53":0.003817474122339384,"0x4c9EDD5852cd905f086C759E8383e09bff1E68B3":9408.077628050643,"0x4de2ab8177fC5fFAFB7aD11FB8BeB1e5fB95F71C":57.14547361400394,"0x4eBdF703948ddCEA3B11f675B4D1Fba9d2414A14":3093.9031561984452,"0x514910771AF9Ca656af840dff83E8264EcF986CA":100.97504419097912,"0x5228a22e72ccC52d415EcFd199F99D0665E7733b":50.095435785134036,"0x5426178799ee0a0181A89b4f57eFddfAb49941Ec":32.65029927193441,"0x5555f75e3d5278082200Fb451D1b6bA946D8e13b":48.127625524504865,"0x57a5a0567187FF4A8dcC1A9bBa86155E355878F2":1.0267612426717476,"0x58efE15C0404aB22F87E4495D71f6f2077e862bE":0.00124829940391311,"0x5905c0290e59aFBDc42a5480add9bD7B20CB3759":0.060168677445658084,"0x59D9356E565Ab3A36dD77763Fc0d87fEaf85508C":471.51048485372354,"0x5BC25f649fc4e26069dDF4cF4010F9f706c23831":2.22135150390921,"0x5Be6C45e2d074fAa20700C49aDA3E88a1cc0025d":465.90010559936684,"0x5Ca135cB8527d76e932f34B5145575F9d8cbE08E":54.33213062161268,"0x5E8422345238F34275888049021821E8E08CAa1f":14483.016076271302,"0x5b6C539b224014A09B3388e51CaAA8e354c959C8":215.1184308313828,"0x5e74C9036fb86BD7eCdcb084a0673EFc32eA31cb":182.93996079825195,"0x6359B6d3e327c497453d4376561eE276c6933323":1.6510296653808358,"0x63a0964A36c34E81959da5894ad888800e17405b":20.800006386934005,"0x65D72AA8DA931F047169112fcf34f52DbaAE7D18":118.87077302810731,"0x661c70333AA1850CcDBAe82776Bb436A0fCfeEfB":24.487037104491876,"0x6663b6D50992ef4fc0380199397c87C2f5256075":523.3249385239178,"0x668308d77be3533c909a692302Cb4D135Bf8041C":0.0501360944899845,"0x66a1E37c9b0eAddca17d3662D6c05F4DECf3e110":0.10862144064263547,"0x674C6Ad92Fd080e4004b2312b45f796a192D27a0":2.2868118440980783,"0x68749665FF8D2d112Fa859AA293F07A622782F38":19.98351468009255,"0x6B175474E89094C44Da98b954EedeAC495271d0F":6636.2846585114385,"0x6C280dB098dB673d30d5B34eC04B6387185D3620":58.97787421068375,"0x6C5024Cd4F8A59110119C56f8933403A539555EB":109.59065176412577,"0x6ade6971Ca3d90990C30d39c78b0534C7166e07b":107.9711291871838,"0x6b5204B0Be36771253Cc38e88012E02B752f0f36":19.918534660221702,"0x6c38cE8984a890F5e46e6dF6117C26b3F1EcfC9C":1.1707905284850622,"0x6c3F90f043a72FA612cbac8115EE7e52BDe6E490":1272.3688403789665,"0x6c3ea9036406852006290770BEdFcAbA0e23A0e8":2034.2605347823073,"0x6e52cCe4EaFDf77091dD1c82183b2D97b776b397":887.3243792898197,"0x6ef3D766Dfe02Dc4bF04aAe9122EB9A0Ded25615":0.026007961864960516,"0x73968b9a57c6E53d41345FD57a6E6ae27d6CDB2F":70.36611580580504,"0x73A15FeD60Bf67631dC6cd7Bc5B6e8da8190aCF5":0.012578151571183015,"0x76237BCfDbe8e06FB774663add96216961df4ff3":19.653278132756423,"0x76Eb2FE28b36B3ee97F3Adae0C69606eeDB2A37c":724.2666339584114,"0x77E06c9eCCf2E797fd462A92B6D7642EF85b0A44":0.45610028574,"0x78da5799CF427Fee11e9996982F4150eCe7a99A7":288.5239954893767,"0x7988292D0FB141085c092132e2a70B30aA1eccAB":481.92947118480197,"0x7F17A6C77C3938D235b014818092eb6305BdA110":48.655929147706786,"0x7F86Bf177Dd4F3494b841a37e810A34dD56c829B":10050.291770882222,"0x7FA768E035F956c41d6aeaa3Bd857e7E5141CAd5":0.035274117248819646,"0x7ea4aD8C803653498bF6AC1D2dEbc04DCe8Fd2aD":104.67004867170404,"0x7f39C581F595B53c5cb19bD0b3f8dA6c935E2Ca0":4735.196180752209,"0x8064d9Ae6cDf087b1bcd5BDf3531bD5d8C537a68":68.42888751993415,"0x80d69e79258FE9D056c822461c4eb0B4ca8802E2":0.023969198546791432,"0x826180541412D574cf1336d22c0C0a287822678A":808.2451122808486,"0x830614aE209FF9d8706d386fcdBc7a55206fcffC":37.58219056254304,"0x83F20F44975D03b1b09e64809B757c47f942BEeA":7928.404445319769,"0x84CeCB5525c6B1C20070E742da870062E84Da178":8.446933029625276,"0x853d955aCEf822Db058eb8505911ED77F175b99e":3429.3290916804244,"0x856c4Efb76C1D1AE02e20CEB03A2A6a08b0b8dC3":0.45053095400848475,"0x865377367054516e17014CcdED1e7d814EDC9ce4":476.6122822338414,"0x8C0D76C9B18779665475F3E212D9Ca1Ed6A1A0e6":323.9170844368606,"0x8C88538688aca3b733aD08b12BEe4574c0C00907":151.3520948962086,"0x8Cd52ee292313C4D851e71A7064F096504aB3eE9":64.71131902127551,"0x8E870D67F660D95d5be530380D0eC0bd388289E1":668.4056925766632,"0x8dAEBADE922dF735c38C80C7eBD708Af50815fAa":16.808720799404924,"0x8e595470Ed749b85C6F7669de83EAe304C2ec68F":15.833198129658594,"0x917ceE801a67f933F2e6b33fC0cD1ED2d5909D88":305.03915058689415,"0x9181f633E9B9F15A32d5e37094F4C93b333e0E92":0.407445034886599,"0x922406EAFC3CcEb32b0256F287fB977c426EDbd8":0.029080337758078095,"0x9559Aaa82d9649C7A7b220E7c461d2E74c9a3593":171.7553899448192,"0x95710BDE45C8D384A976Cc58Cc7a7e489576b098":0.6257622811757345,"0x961D4921e1718E633BAC8Ded88c4a1cAe44b785a":216.6073078837843,"0x96E61422b6A9bA0e068B6c5ADd4fFaBC6a4aae27":544.5483154872725,"0x9961BdBE8B7091E584c2bF9D0a160C583f564A8c":392.2264021925832,"0x99D8a9C45b2ecA8864373A26D1459e3Dff1e17F3":50.37825270137547,"0x9BE89D2a4cd102D8Fecc6BF9dA793be995C22541":216.5683839178375,"0x9D39A5DE30e57443BfF2A8307A4256c8797A3497":7568.200365829015,"0x9EEAD9ce15383CaEED975427340b3A369410CFBF":0.00000399753634486,"0x9FeE65D5A627e73212989c8BbEdC5Fa5Cae3821F":14.835790558183893,