{"0x0000000000085d4780B73119b644AE5ecd22b376":0.005441122943461031,"0x005F893EcD7bF9667195642f7649DA8163e23658":1.2145755972174546,"0x0100546F2cD4C9D97f798fFC9755E47865FF7Ee6":142.6751417869689,"0x028171bCA77440897B824Ca71D1c56caC55b68A3":110.62535418752209,"0x0316EB71485b0Ab14103307bf65a021042c6d380":63.316102857040825,"0x03ab458634910AaD20eF5f1C8ee96F1D6ac54919":150.8265125041145,"0x04C154b66CB340F3Ae24111CC767e0184Ed00Cc6":179.05561661507465,"0x056Fd409E1d7A124BD7017459dFEa2F387b6d5Cd":71.02596819669446,"0x075b1bb99792c9E1041bA13afEf80C91a1e70fB3":757.4205535378254,"0x085780639CC2cACd35E474e71f4d000e2405d8f6":576.727674940628,"0x09b2E090531228d1b8E3d948C73b990Cb6e60720":542.5417538434701,"0x0E2EC54fC0B509F445631Bf4b91AB8168230C752":0.45004996197079095,"0x0E573Ce2736Dd9637A0b21058352e1667925C7a8":135.69669924104994,"0x0bc529c00C6401aEF6D220BE8C6Ea1667F6Ad93e":3.103616579190451,"0x0d86883FAf4FfD7aEb116390af37746F45b6f378":0.07437806490729632,"0x0dE54CFdfeD8005176f8b7A9D5438B45c4F1df1e":5.821969231948128,"0x1456688345527bE1f37E9e627DA0837D6f08C925":6.777816776578271,"0x196f4727526eA7FB1e17b2071B3d8eAA38486988":2.480013885353964,"0x1c48f86ae57291F7686349F12601910BD8D470bb":1.2485878701037036,"0x1ce0D1E19c9514230FF8CD1DAbaC2555fb92122b":0,"0x2260FAC5E5542a773Aa44fBCfeDf7C193bc2C599":324.06846988496164,"0x2570f1bD5D2735314FC102eb12Fc1aFe9e6E7193":28.476491222859128,"0x25eC98773D7b4ceD4cAFaB96A2A1c0945f145e10":5.900602975360957,"0x2889302a794dA87fBF1D6Db415C1492194663D13":88.28765626114851,"0x29059568bB40344487d62f7450E78b8E6C74e0e5":0.000580800129345585,"0x2b01d4FdB87eb7F2399E5D68631d8A939a323786":22.62210732266975,"0x31429d1856aD1377A8A0079410B297e1a9e214c2":546.987445112519,"0x32bd822d615A3658A68b6fDD30c2fcb2C996D678":0.5344945647406745,"0x35282d87011f87508D457F08252Bc5bFa52E10A0":698.4214117730792,"0x35fA164735182de50811E8e2E824cFb9B6118ac2":932.4205042107071,"0x365AccFCa291e7D3914637ABf1F7635dB165Bb09":607.643391518673,"0x383E6b4437b59fff47B619CBA855CA29342A8559":16.912520138103343,"0x38D64ce1Bdf1A9f24E0Ec469C9cAde61236fB4a0":1025.3431228832194,"0x3A283D9c08E8b55966afb64C515f5143cf907611":3086.4471612455345,"0x3Ed3B47Dd13EC9a98b44e6204A523E766B225811":10.439886498616378,"0x40D16FC0246aD3160Ccc09B8D0D3A2cD28aE6C2f":768.3786504120449,"0x4591DBfF62656E7859Afe5e45f6f47D3669fBB28":146.05140901825158,"0x466a756E9A7401B5e2444a3fCB3c2C12FBEa0a54":499.63654308218497,"0x48759F220ED983dB51fA7A8C0D2AAb8f3ce4166a":804.97974104111,"0x49446A0874197839D15395B908328a74ccc96Bc0":3.883076032299564,"0x4DEcE678ceceb27446b35C672dC7d61F30bAD69E":604.9835959233426,"0x4Fabb145d64652a948d72533023f6E7A623C7C53":0.003875065885758392,"0x4c9EDD5852cd905f086C759E8383e09bff1E68B3":3695.464541494123,"0x4eBdF703948ddCEA3B11f675B4D1Fba9d2414A14":464.4274230860726,"0x514910771AF9Ca656af840dff83E8264EcF986CA":105.9310474638179,"0x5228a22e72ccC52d415EcFd199F99D0665E7733b":47.53616151571388,"0x5426178799ee0a0181A89b4f57eFddfAb49941Ec":24.15984123581339,"0x5555f75e3d5278082200Fb451D1b6bA946D8e13b":132.77229793562893,"0x57a5a0567187FF4A8dcC1A9bBa86155E355878F2":1.1273281838825449,"0x58efE15C0404aB22F87E4495D71f6f2077e862bE":0.0012469746734285038,"0x5905c0290e59aFBDc42a5480add9bD7B20CB3759":0.000009788520150353895,"0x59D9356E565Ab3A36dD77763Fc0d87fEaf85508C":378.6023888126021,"0x5BC25f649fc4e26069dDF4cF4010F9f706c23831":4.334622930473787,"0x5Ca135cB8527d76e932f34B5145575F9d8cbE08E":46.479013944897815,"0x5E8422345238F34275888049021821E8E08CAa1f":15863.346332948982,"0x5e74C9036fb86BD7eCdcb084a0673EFc32eA31cb":182.49403667995426,"0x63a0964A36c34E81959da5894ad888800e17405b":14.473838428536133,"0x65D72AA8DA931F047169112fcf34f52DbaAE7D18":96.11458031877179,"0x661c70333AA1850CcDBAe82776Bb436A0fCfeEfB":0.0012537529160745451,"0x668308d77be3533c909a692302Cb4D135Bf8041C":0.05516843950419655,"0x66a1E37c9b0eAddca17d3662D6c05F4DECf3e110":0.10854507976986369,"0x674C6Ad92Fd080e4004b2312b45f796a192D27a0":3.639335630274012,"0x68749665FF8D2d112Fa859AA293F07A622782F38":12.41821145703488,"0x6B175474E89094C44Da98b954EedeAC495271d0F":2073.2458960090594,"0x6C280dB098dB673d30d5B34eC04B6387185D3620":54.05232832470577,"0x6C5024Cd4F8A59110119C56f8933403A539555EB":110.69481186626616,"0x6ade6971Ca3d90990C30d39c78b0534C7166e07b":0.001400699920437731,"0x6c3F90f043a72FA612cbac8115EE7e52BDe6E490":1173.616146263724,"0x6c3ea9036406852006290770BEdFcAbA0e23A0e8":1627.900275197184,"0x6e52cCe4EaFDf77091dD1c82183b2D97b776b397":2.7515416776113115,"0x6ef3D766Dfe02Dc4bF04aAe9122EB9A0Ded25615":0.02853681777159361,"0x73968b9a57c6E53d41345FD57a6E6ae27d6CDB2F":66.54610300852644,"0x73A15FeD60Bf67631dC6cd7Bc5B6e8da8190aCF5":0.01257661673582787,"0x76237BCfDbe8e06FB774663add96216961df4ff3":11.4254051573418,"0x76Eb2FE28b36B3ee97F3Adae0C69606eeDB2A37c":722.0352324039427,"0x77E06c9eCCf2E797fd462A92B6D7642EF85b0A44":0.47889184452,"0x78da5799CF427Fee11e9996982F4150eCe7a99A7":257.66357253598227,"0x7F17A6C77C3938D235b014818092eb6305BdA110":27.82543585031704,"0x7F86Bf177Dd4F3494b841a37e810A34dD56c829B":3213.9680861158117,"0x7FA768E035F956c41d6aeaa3Bd857e7E5141CAd5":0.038714584739958556,"0x7ea4aD8C803653498bF6AC1D2dEbc04DCe8Fd2aD":60.37895184716793,"0x7f39C581F595B53c5cb19bD0b3f8dA6c935E2Ca0":2494.420208322921,"0x8064d9Ae6cDf087b1bcd5BDf3531bD5d8C537a68":66.82478357472388,"0x80d69e79258FE9D056c822461c4eb0B4ca8802E2":0.026223010636330427,"0x826180541412D574cf1336d22c0C0a287822678A":968.3395266979362,"0x830614aE209FF9d8706d386fcdBc7a55206fcffC":44.087975652859754,"0x83F20F44975D03b1b09e64809B757c47f942BEeA":2317.021983045938,"0x853d955aCEf822Db058eb8505911ED77F175b99e":1748.9717776317987,"0x856c4Efb76C1D1AE02e20CEB03A2A6a08b0b8dC3":1.7618616188975078,"0x865377367054516e17014CcdED1e7d814EDC9ce4":350.11519814837965,"0x8C0D76C9B18779665475F3E212D9Ca1Ed6A1A0e6":305.99552419769753,"0x8Cd52ee292313C4D851e71A7064F096504aB3eE9":59.84395280255917,"0x8E870D67F660D95d5be530380D0eC0bd388289E1":664.2781021598594,"0x8dAEBADE922dF735c38C80C7eBD708Af50815fAa":10.46621648234487,"0x8e595470Ed749b85C6F7669de83EAe304C2ec68F":15.036566525652724,"0x917ceE801a67f933F2e6b33fC0cD1ED2d5909D88":267.6151971919811,"0x9181f633E9B9F15A32d5e37094F4C93b333e0E92":0.4470621388745666,"0x922406EAFC3CcEb32b0256F287fB977c426EDbd8":0.029059894280634165,"0x9559Aaa82d9649C7A7b220E7c461d2E74c9a3593":183.6395342456388,"0x95710BDE45C8D384A976Cc58Cc7a7e489576b098":0.6542881310222687,"0x961D4921e1718E633BAC8Ded88c4a1cAe44b785a":224.8511127729692,"0x96E61422b6A9bA0e068B6c5ADd4fFaBC6a4aae27":528.6787002122005,"0x9961BdBE8B7091E584c2bF9D0a160C583f564A8c":387.7217461552302,"0x99D8a9C45b2ecA8864373A26D1459e3Dff1e17F3":5.527920909891057,"0x9BE89D2a4cd102D8Fecc6BF9dA793be995C22541":218.6520673528912,"0x9D39A5DE30e57443BfF2A8307A4256c8797A3497":2059.5681392187116,"0x9EEAD9ce15383CaEED975427340b3A369410CFBF":0.000003993294046704,"0x9FeE65D5A627e73212989c8BbEdC5Fa5Cae3821F":13.378817605225677,"0x9de1c3D446237ab9BaFF74127eb4F303802a2683":137.26436195232293,"0xA0b86991c6218b36c1d19D4a2e9Eb0cE3606eB48":4911.645415989727,"0xA0d69E286B938e21CBf7E51D71F6A4c8918f482F":475.21579644388976,"0xA1290d69c65A6Fe4DF752f95823fae25cB99e5A7":64.81155936816464,"0xA35b1B31Ce002FBF2058D22F30f95D405200A15b":1.786239353976714,"0xA5588F7cdf560811710A2D82D3C9c99769DB1Dcb":475.7750884063299,"0xA663B02CF0a4b149d2aD41910CB81e23e1c41c32":25.62952764742197,"0xAB846Fb6C81370327e784Ae7CbB6d6a6af6Ff4BF":43.535366508098285,"0xBC6DA0FE9aD5f3b0d58160288917AA56653660E9":0.47138759278312026,"0xC02aaA39b223FE8D0A0e5C4F27eAD9083C756Cc2":4319.039211917216,"0xC272B96bCcdaf1BF98F2197D355066Da3C15982a":87.19074320082775,"0xC3ADe5aCe1bBb033CcAE8177C12Ecbfa16bD6A9D":0.33285487611977704,"0xC975342A95cCb75378ddc646B8620fa3Cd5bc051":84.25435438993739,"0xCFC5bD99915aAa815401C5a41A927aB7a38d29cf":24.68376930186919,"0xCb08717451aaE9EF950a2524E33B6DCaBA60147B":59.5045653283136,"0xCd5fE23C85820F7B72D0926FC9b05b43E359b7ee":1570.9526307047784,"0xCeA18a8752bb7e7817F9AE7565328FE415C0f2cA":0.3412879174721803,