{"0x0000000000085d4780B73119b644AE5ecd22b376":0.008457612315451848,"0x005F893EcD7bF9667195642f7649DA8163e23658":137.5925613389207,"0x0100546F2cD4C9D97f798fFC9755E47865FF7Ee6":156.06991828108957,"0x028171bCA77440897B824Ca71D1c56caC55b68A3":746.4472232559252,"0x0316EB71485b0Ab14103307bf65a021042c6d380":60.89542141981551,"0x03ab458634910AaD20eF5f1C8ee96F1D6ac54919":174.86641684695357,"0x04C154b66CB340F3Ae24111CC767e0184Ed00Cc6":256.77544548893724,"0x056Fd409E1d7A124BD7017459dFEa2F387b6d5Cd":498.04611602930447,"0x067079c14B85169e6a29703769dadDef90816f4C":187.58297095075716,"0x075b1bb99792c9E1041bA13afEf80C91a1e70fB3":748.8774127711365,"0x085780639CC2cACd35E474e71f4d000e2405d8f6":1177.11744675525,"0x09b2E090531228d1b8E3d948C73b990Cb6e60720":493.326667244155,"0x0E2EC54fC0B509F445631Bf4b91AB8168230C752":0.47156793352384313,"0x0E573Ce2736Dd9637A0b21058352e1667925C7a8":142.44691241433927,"0x0a5E677a6A24b2F1A2Bf4F3bFfC443231d2fDEc8":0.020643979550371273,"0x0bc529c00C6401aEF6D220BE8C6Ea1667F6Ad93e":10.00652962805327,"0x0d86883FAf4FfD7aEb116390af37746F45b6f378":186.86281925588978,"0x0dE54CFdfeD8005176f8b7A9D5438B45c4F1df1e":3.245188355597571,"0x1456688345527bE1f37E9e627DA0837D6f08C925":4.816003526403171,"0x16eAd9a10b1A77007E6E329B076aD1Fe97a6F7C0":64.00209909112749,"0x18084fbA666a33d37592fA2633fD49a74DD93a88":23.87067183567253,"0x1830c553dC76d3447B69b7B0dC19CF9e3c739C78":97.39301000351965,"0x183395DbD0B5e93323a7286D1973150697FFFCB3":325.4690298077305,"0x196f4727526eA7FB1e17b2071B3d8eAA38486988":0.978041573193438,"0x1c48f86ae57291F7686349F12601910BD8D470bb":1.2650829265532881,"0x1ce0D1E19c9514230FF8CD1DAbaC2555fb92122b":0,"0x2260FAC5E5542a773Aa44fBCfeDf7C193bc2C599":319.2216573538901,"0x2570f1bD5D2735314FC102eb12Fc1aFe9e6E7193":576.8773731281647,"0x25eC98773D7b4ceD4cAFaB96A2A1c0945f145e10":0,"0x2889302a794dA87fBF1D6Db415C1492194663D13":969.666503022526,"0x29059568bB40344487d62f7450E78b8E6C74e0e5":101.41351575053979,"0x2b01d4FdB87eb7F2399E5D68631d8A939a323786":13.132200962881946,"0x31429d1856aD1377A8A0079410B297e1a9e214c2":470.4614121124276,"0x32bd822d615A3658A68b6fDD30c2fcb2C996D678":62.90498505795895,"0x34635280737b5BFe6c7DC2FC3065D60d66e78185":385.2861686314069,"0x35282d87011f87508D457F08252Bc5bFa52E10A0":97.80732499790943,"0x35D8949372D46B7a3D5A56006AE77B215fc69bC0":1689.6658263927031,"0x35fA164735182de50811E8e2E824cFb9B6118ac2":975.7453143018589,"0x383E6b4437b59fff47B619CBA855CA29342A8559":118.83124675039683,"0x38D64ce1Bdf1A9f24E0Ec469C9cAde61236fB4a0":175.24279936667085,"0x3A283D9c08E8b55966afb64C515f5143cf907611":2089.1518215499696,"0x3Ed3B47Dd13EC9a98b44e6204A523E766B225811":1008.8249660539655,"0x401322B9FDdba8c0a8D40fbCECE1D1752C12316B":425.5254957855119,"0x40D16FC0246aD3160Ccc09B8D0D3A2cD28aE6C2f":241.97415679359835,"0x4591DBfF62656E7859Afe5e45f6f47D3669fBB28":461.6843262540932,"0x4647B6D835f3B393C7A955df51EEfcf0db961606":267.85167074890586,"0x466a756E9A7401B5e2444a3fCB3c2C12FBEa0a54":1.7810905542901287,"0x48759F220ED983dB51fA7A8C0D2AAb8f3ce4166a":1006.6833325038348,"0x49446A0874197839D15395B908328a74ccc96Bc0":19.347787353001817,"0x4AE86d8732390d852A13cb918463BC6e5775FaDD":86.11477151992246,"0x4D1941a887eC788F059b3bfcC8eE1E97b968825B":12.489237238488865,"0x4Fabb145d64652a948d72533023f6E7A623C7C53":0.029444068649340616,"0x4c9EDD5852cd905f086C759E8383e09bff1E68B3":3362.338368539984,"0x4de2ab8177fC5fFAFB7aD11FB8BeB1e5fB95F71C":168.29349491384718,"0x514910771AF9Ca656af840dff83E8264EcF986CA":104.66385287700322,"0x5228a22e72ccC52d415EcFd199F99D0665E7733b":47.166477768641776,"0x5426178799ee0a0181A89b4f57eFddfAb49941Ec":257.13565469041686,"0x5555f75e3d5278082200Fb451D1b6bA946D8e13b":82.17928864495448,"0x57a5a0567187FF4A8dcC1A9bBa86155E355878F2":1.0780028269265516,"0x58efE15C0404aB22F87E4495D71f6f2077e862bE":0.001248567846,"0x5905c0290e59aFBDc42a5480add9bD7B20CB3759":0.1788955150664852,"0x59D9356E565Ab3A36dD77763Fc0d87fEaf85508C":549.5027554593742,"0x5BC25f649fc4e26069dDF4cF4010F9f706c23831":0.9262364321130396,"0x5Be6C45e2d074fAa20700C49aDA3E88a1cc0025d":122.54532030173533,"0x5Ca135cB8527d76e932f34B5145575F9d8cbE08E":54.95556418929647,"0x5E8422345238F34275888049021821E8E08CAa1f":15748.017364688056,"0x5b6C539b224014A09B3388e51CaAA8e354c959C8":887.7309505229218,"0x5e74C9036fb86BD7eCdcb084a0673EFc32eA31cb":187.02666978337513,"0x63a0964A36c34E81959da5894ad888800e17405b":25.18022572520645,"0x65D72AA8DA931F047169112fcf34f52DbaAE7D18":134.77777816412882,"0x661c70333AA1850CcDBAe82776Bb436A0fCfeEfB":49.49352904637342,"0x668308d77be3533c909a692302Cb4D135Bf8041C":0.05270115245784981,"0x66a1E37c9b0eAddca17d3662D6c05F4DECf3e110":0.10862144064263547,"0x674C6Ad92Fd080e4004b2312b45f796a192D27a0":4.068553133541407,"0x68749665FF8D2d112Fa859AA293F07A622782F38":17.611500861968146,"0x6B175474E89094C44Da98b954EedeAC495271d0F":2533.686226295146,"0x6C280dB098dB673d30d5B34eC04B6387185D3620":62.758947118696554,"0x6C5024Cd4F8A59110119C56f8933403A539555EB":114.36763272555287,"0x6ade6971Ca3d90990C30d39c78b0534C7166e07b":132.2450243474032,"0x6b5204B0Be36771253Cc38e88012E02B752f0f36":88.15696055403738,"0x6c3F90f043a72FA612cbac8115EE7e52BDe6E490":1396.532797134483,"0x6c3ea9036406852006290770BEdFcAbA0e23A0e8":660.8320942368119,"0x6e52cCe4EaFDf77091dD1c82183b2D97b776b397":152.69365304968576,"0x6ef3D766Dfe02Dc4bF04aAe9122EB9A0Ded25615":0.027312989355722555,"0x73968b9a57c6E53d41345FD57a6E6ae27d6CDB2F":81.14155600994837,"0x73A15FeD60Bf67631dC6cd7Bc5B6e8da8190aCF5":5268.693108028083,"0x76237BCfDbe8e06FB774663add96216961df4ff3":18.685166394862105,"0x76Eb2FE28b36B3ee97F3Adae0C69606eeDB2A37c":732.2799628886604,"0x77E06c9eCCf2E797fd462A92B6D7642EF85b0A44":0.6435358502299999,"0x78da5799CF427Fee11e9996982F4150eCe7a99A7":58.66178495088981,"0x7988292D0FB141085c092132e2a70B30aA1eccAB":468.952707536168,"0x7F17A6C77C3938D235b014818092eb6305BdA110":45.80786369760517,"0x7F86Bf177Dd4F3494b841a37e810A34dD56c829B":3005.3556006476683,"0x7FA768E035F956c41d6aeaa3Bd857e7E5141CAd5":0.4527696105929377,"0x7ea4aD8C803653498bF6AC1D2dEbc04DCe8Fd2aD":120.0371768290826,"0x7f39C581F595B53c5cb19bD0b3f8dA6c935E2Ca0":934.4273887813148,"0x8064d9Ae6cDf087b1bcd5BDf3531bD5d8C537a68":71.37376107462201,"0x80d69e79258FE9D056c822461c4eb0B4ca8802E2":0.025254752655712264,"0x826180541412D574cf1336d22c0C0a287822678A":208.74146553629407,"0x830614aE209FF9d8706d386fcdBc7a55206fcffC":51.539284369778144,"0x83F20F44975D03b1b09e64809B757c47f942BEeA":2527.078278787665,"0x853d955aCEf822Db058eb8505911ED77F175b99e":1055.1379180131862,"0x856c4Efb76C1D1AE02e20CEB03A2A6a08b0b8dC3":0.17449382876776953,"0x865377367054516e17014CcdED1e7d814EDC9ce4":701.5782034401007,"0x8682Fbf0CbF312C891532BA9F1A91e44f81ad7DF":487.8336075045017,"0x8C0D76C9B18779665475F3E212D9Ca1Ed6A1A0e6":525.8526521575052,"0x8c9532a60E0E7C6BbD2B2c1303F63aCE1c3E9811":0.044549930014942576,"0x8dAEBADE922dF735c38C80C7eBD708Af50815fAa":12.903946243011998,"0x8e595470Ed749b85C6F7669de83EAe304C2ec68F":20.479044315906794,"0x917ceE801a67f933F2e6b33fC0cD1ED2d5909D88":436.07586609829417,"0x9181f633E9B9F15A32d5e37094F4C93b333e0E92":0.4278906574556462,"0x922406EAFC3CcEb32b0256F287fB977c426EDbd8":0.029080337758078095,"0x954313005C56b555bdC41B84D6c63B69049d7847":447.9296987350455,"0x9559Aaa82d9649C7A7b220E7c461d2E74c9a3593":183.2165515217246,"0x95710BDE45C8D384A976Cc58Cc7a7e489576b098":2.282103449424545,"0x961D4921e1718E633BAC8Ded88c4a1cAe44b785a":885.4657951808886,"0x9961BdBE8B7091E584c2bF9D0a160C583f564A8c":391.8928774489422,"0x99D8a9C45b2ecA8864373A26D1459e3Dff1e17F3":61.41356332949282,"0x9BE89D2a4cd102D8Fecc6BF9dA793be995C22541":676.1480953106372,"0x9D39A5DE30e57443BfF2A8307A4256c8797A3497":2583.5439992139572,"0x9EEAD9ce15383CaEED975427340b3A369410CFBF":4.170505534484295,"0x9FeE65D5A627e73212989c8BbEdC5Fa5Cae3821F":15.330074739227513,"0x9b77bd0a665F05995b68e36fC1053AFFfAf0d4B5":11.5297154582704,"0x9de1c3D446237ab9BaFF74127eb4F303802a2683":453.33470995658604,"0xA0b86991c6218b36c1d19D4a2e9Eb0cE3606eB48":6274.399892908784,"0xA0d69E286B938e21CBf7E51D71F6A4c8918f482F":1054.2531396121606,