{"0x0000000000085d4780B73119b644AE5ecd22b376":215.91194594224112,"0x0000000016E6Cb3038203c1129c8B4aEE7af7a11":1.1285198381471842,"0x00000000eFE302BEAA2b3e6e1b18d08D69a9012a":136.16874058029433,"0x005F893EcD7bF9667195642f7649DA8163e23658":163.0794305826291,"0x0100546F2cD4C9D97f798fFC9755E47865FF7Ee6":387.2586378081522,"0x028171bCA77440897B824Ca71D1c56caC55b68A3":1210.235257225686,"0x0316EB71485b0Ab14103307bf65a021042c6d380":0.4334952535134052,"0x03ab458634910AaD20eF5f1C8ee96F1D6ac54919":268.8427361916461,"0x04C154b66CB340F3Ae24111CC767e0184Ed00Cc6":422.9675711307312,"0x051d7e5609917Bd9b73f04BAc0DED8Dd46a74301":370.37843949002166,"0x056Fd409E1d7A124BD7017459dFEa2F387b6d5Cd":266.5716729492699,"0x075b1bb99792c9E1041bA13afEf80C91a1e70fB3":588.773504486422,"0x085780639CC2cACd35E474e71f4d000e2405d8f6":861.2364164084001,"0x08ceA8E5B4551722dEB97113C139Dd83C26c5398":0.08288589841252178,"0x09db87A538BD693E9d08544577d5cCfAA6373A48":179.13729585028747,"0x0E2EC54fC0B509F445631Bf4b91AB8168230C752":0.4715599067568902,"0x0E573Ce2736Dd9637A0b21058352e1667925C7a8":143.536746616037,"0x0F83287FF768D1c1e17a42F44d644D7F22e8ee1d":61.26592840247019,"0x0a5E677a6A24b2F1A2Bf4F3bFfC443231d2fDEc8":0.17512484211651097,"0x0bc529c00C6401aEF6D220BE8C6Ea1667F6Ad93e":21.786379082050725,"0x0d86883FAf4FfD7aEb116390af37746F45b6f378":678.7562607660753,"0x0dE54CFdfeD8005176f8b7A9D5438B45c4F1df1e":5.439252812779738,"0x127091edE112aEd7Bae281747771b3150Bb047bB":2.864394101614165,"0x137469B55D1f15651BA46A89D0588e97dD0B6562":224.0286015336271,"0x1456688345527bE1f37E9e627DA0837D6f08C925":5.928816905581794,"0x15700B564Ca08D9439C58cA5053166E8317aa138":1054.5795965438142,"0x16eAd9a10b1A77007E6E329B076aD1Fe97a6F7C0":197.12630842705275,"0x18084fbA666a33d37592fA2633fD49a74DD93a88":99.64637421183377,"0x1830c553dC76d3447B69b7B0dC19CF9e3c739C78":99.22287565737419,"0x196f4727526eA7FB1e17b2071B3d8eAA38486988":2.06509605384795,"0x1BED97CBC3c24A4fb5C069C6E311a967386131f7":268.03340276551916,"0x1CC481cE2BD2EC7Bf67d1Be64d4878b16078F309":128.2239767867485,"0x1a7e4e63778B4f12a199C062f3eFdD288afCBce8":84.74703227279137,"0x1aBaEA1f7C830bD89Acc67eC4af516284b1bC33c":283.0781257616603,"0x1c48f86ae57291F7686349F12601910BD8D470bb":1.1944470671160996,"0x1ce0D1E19c9514230FF8CD1DAbaC2555fb92122b":0,"0x2191DF768ad71140F9F3E96c1e4407A4aA31d082":25.39791170649582,"0x2260FAC5E5542a773Aa44fBCfeDf7C193bc2C599":31.301127988048155,"0x22CF19EB64226e0E1A79c69b345b31466fD273A7":5.241495712428363,"0x2302aaBe69e6E7A1b0Aa23aAC68fcCB8A4D2B460":139.5936080228582,"0x2570f1bD5D2735314FC102eb12Fc1aFe9e6E7193":68.38949253283322,"0x25eC98773D7b4ceD4cAFaB96A2A1c0945f145e10":0,"0x2889302a794dA87fBF1D6Db415C1492194663D13":2783.4300561310374,"0x29059568bB40344487d62f7450E78b8E6C74e0e5":1083.1295319734147,"0x2b01d4FdB87eb7F2399E5D68631d8A939a323786":250.04507120632874,"0x2bd1F344a2398340C2b1119Da98816eA723F5F0f":0.30404127444935447,"0x3175Df0976dFA876431C2E9eE6Bc45b65d3473CC":0.0000387456838724885,"0x3231Cb76718CDeF2155FC47b5286d82e6eDA273f":337.4225377611804,"0x32bd822d615A3658A68b6fDD30c2fcb2C996D678":302.5299287762978,"0x3432B6A60D23Ca0dFCa7761B7ab56459D9C964D0":29.845213134323075,"0x34635280737b5BFe6c7DC2FC3065D60d66e78185":378.6824198280953,"0x35282d87011f87508D457F08252Bc5bFa52E10A0":160.96190744081724,"0x35D8949372D46B7a3D5A56006AE77B215fc69bC0":586.7054341286247,"0x35fA164735182de50811E8e2E824cFb9B6118ac2":985.222391427414,"0x383E6b4437b59fff47B619CBA855CA29342A8559":198.84657398815966,"0x38D64ce1Bdf1A9f24E0Ec469C9cAde61236fB4a0":263.70027030897035,"0x390f3595bCa2Df7d23783dFd126427CCeb997BF4":24263.23041515182,"0x393DaD6c76D962Abba489a77dBf37ae948A4A6ee":154.82558244994578,"0x3A2725556Dde7B21fBe3dD64A4913ff29faba6A1":0.029257203793874413,"0x3A283D9c08E8b55966afb64C515f5143cf907611":9598.99829008604,"0x3Ed3B47Dd13EC9a98b44e6204A523E766B225811":3.7414942266447007,"0x3f0e7916681452D23Cd36B1281457DA721F2E5dF":80.35722628141968,"0x401322B9FDdba8c0a8D40fbCECE1D1752C12316B":294.144767650196,"0x40D16FC0246aD3160Ccc09B8D0D3A2cD28aE6C2f":275.2231063915192,"0x4591DBfF62656E7859Afe5e45f6f47D3669fBB28":271.245870258824,"0x4647B6D835f3B393C7A955df51EEfcf0db961606":640.8118268613277,"0x466a756E9A7401B5e2444a3fCB3c2C12FBEa0a54":63.477719965861255,"0x4704aB1fb693ce163F7c9D3A31b3FF4eaF797714":0.8776769350649133,"0x48759F220ED983dB51fA7A8C0D2AAb8f3ce4166a":2417.913557359077,"0x49446A0874197839D15395B908328a74ccc96Bc0":59.58933597985434,"0x4AE86d8732390d852A13cb918463BC6e5775FaDD":386.8383727528376,"0x4D1941a887eC788F059b3bfcC8eE1E97b968825B":376.670305953472,"0x4D55a36902a6546A79ec4c9c315241De746D5fC3":0,"0x4DEcE678ceceb27446b35C672dC7d61F30bAD69E":31283.459414393958,"0x4Fabb145d64652a948d72533023f6E7A623C7C53":0.039654522051443646,"0x4c9EDD5852cd905f086C759E8383e09bff1E68B3":3174.9020150453375,"0x4de2ab8177fC5fFAFB7aD11FB8BeB1e5fB95F71C":617.1931590671381,"0x4e3FBD56CD56c3e72c1403e103b45Db9da5B9D2B":2.09616260368824,"0x4eBdF703948ddCEA3B11f675B4D1Fba9d2414A14":5043.660541021027,"0x514910771AF9Ca656af840dff83E8264EcF986CA":84.8303109250368,"0x5228a22e72ccC52d415EcFd199F99D0665E7733b":62.043773670471204,"0x5271045F7B73c17825A7A7aee6917eE46b0B7520":386.54410355032036,"0x527331F3F550f6f85ACFEcAB9Cc0889180C6f1d5":422.79174247938226,"0x5426178799ee0a0181A89b4f57eFddfAb49941Ec":291.43831351796814,"0x5555f75e3d5278082200Fb451D1b6bA946D8e13b":120.79011234631369,"0x57Ab1ec28D129707052df4dF418D58a2D46d5f51":157.7859939006107,"0x57a5a0567187FF4A8dcC1A9bBa86155E355878F2":0.2997195240923783,"0x58efE15C0404aB22F87E4495D71f6f2077e862bE":0.001248567846,"0x5905c0290e59aFBDc42a5480add9bD7B20CB3759":0.17791286900542672,"0x59D9356E565Ab3A36dD77763Fc0d87fEaf85508C":424.01396121738236,"0x5BC25f649fc4e26069dDF4cF4010F9f706c23831":0.8862964142612177,"0x5Be6C45e2d074fAa20700C49aDA3E88a1cc0025d":741.3342682048108,"0x5Ca135cB8527d76e932f34B5145575F9d8cbE08E":58.11559206132188,"0x5E8422345238F34275888049021821E8E08CAa1f":14372.376635905384,"0x5Ea630e00D6eE438d3deA1556A110359ACdc10A9":370.90522512514286,"0x5ca0313D44551e32e0d7a298EC024321c4BC59B4":6.989208707064752,"0x5e74C9036fb86BD7eCdcb084a0673EFc32eA31cb":8.133113671795222,"0x5f98805A4E8be255a32880FDeC7F6728C6568bA0":198.06316786940613,"0x625E92624Bc2D88619ACCc1788365A69767f6200":3580.991617343195,"0x62B9c7356A2Dc64a1969e19C23e4f579F9810Aa7":105.45694186294371,"0x6359B6d3e327c497453d4376561eE276c6933323":356.9733403157582,"0x63a0964A36c34E81959da5894ad888800e17405b":309.8263699562839,"0x65D72AA8DA931F047169112fcf34f52DbaAE7D18":375.4822244137679,"0x65f228ED6a6001eD6485535e0Dc33E525734f54c":75.6975014058332,"0x661c70333AA1850CcDBAe82776Bb436A0fCfeEfB":186.2414824650703,"0x6663b6D50992ef4fc0380199397c87C2f5256075":174.75298268227206,"0x668308d77be3533c909a692302Cb4D135Bf8041C":0.04391845081584603,"0x66a1E37c9b0eAddca17d3662D6c05F4DECf3e110":41.94730379850306,"0x674C6Ad92Fd080e4004b2312b45f796a192D27a0":3.8991737138651934,"0x677ddbd918637E5F2c79e164D402454dE7dA8619":4.690714218665853,"0x68749665FF8D2d112Fa859AA293F07A622782F38":22.07750209331368,"0x69000405f9DcE69BD4Cbf4f2865b79144A69BFE0":2.5777856895667184,"0x6B175474E89094C44Da98b954EedeAC495271d0F":2940.3609911756625,"0x6C280dB098dB673d30d5B34eC04B6387185D3620":348.04381668491715,"0x6C5024Cd4F8A59110119C56f8933403A539555EB":125.98562585864278,"0x6C9815826FdF8c7a45cCfEd2064dbaB33a078712":62.170741430703394,"0x6ade6971Ca3d90990C30d39c78b0534C7166e07b":237.0339894411998,"0x6b5204B0Be36771253Cc38e88012E02B752f0f36":204.9507092703098,"0x6c3F90f043a72FA612cbac8115EE7e52BDe6E490":791.7896872689716,"0x6c3ea9036406852006290770BEdFcAbA0e23A0e8":597.6694676676121,"0x6e52cCe4EaFDf77091dD1c82183b2D97b776b397":1156.2905889362223,"0x6ef3D766Dfe02Dc4bF04aAe9122EB9A0Ded25615":0.14983877817083374,"0x7223442cad8e9cA474fC40109ab981608F8c4273":218.01398209348076,"0x73968b9a57c6E53d41345FD57a6E6ae27d6CDB2F":157.354834687823,"0x73A15FeD60Bf67631dC6cd7Bc5B6e8da8190aCF5":1536.2254350283456,"0x752B4c6e92d96467fE9b9a2522EF07228E00F87c":35.32664978833541,