{"0x0000000000085d4780B73119b644AE5ecd22b376":0.008468571205495152,"0x005F893EcD7bF9667195642f7649DA8163e23658":193.11625223445597,"0x0100546F2cD4C9D97f798fFC9755E47865FF7Ee6":452.8655689463944,"0x028171bCA77440897B824Ca71D1c56caC55b68A3":819.8777938479992,"0x0316EB71485b0Ab14103307bf65a021042c6d380":0.022339860370511708,"0x03ab458634910AaD20eF5f1C8ee96F1D6ac54919":198.7606112173563,"0x04C154b66CB340F3Ae24111CC767e0184Ed00Cc6":421.07210099568005,"0x056Fd409E1d7A124BD7017459dFEa2F387b6d5Cd":288.3155417171746,"0x075b1bb99792c9E1041bA13afEf80C91a1e70fB3":338.2672454724922,"0x085780639CC2cACd35E474e71f4d000e2405d8f6":723.1001331330881,"0x0E2EC54fC0B509F445631Bf4b91AB8168230C752":0.47149046724534716,"0x0E573Ce2736Dd9637A0b21058352e1667925C7a8":146.89157249194022,"0x0a5E677a6A24b2F1A2Bf4F3bFfC443231d2fDEc8":0.06157247390349261,"0x0bc529c00C6401aEF6D220BE8C6Ea1667F6Ad93e":23.465425769084046,"0x0d86883FAf4FfD7aEb116390af37746F45b6f378":268.33243391002765,"0x0dE54CFdfeD8005176f8b7A9D5438B45c4F1df1e":5.832829579504958,"0x137469B55D1f15651BA46A89D0588e97dD0B6562":4.277017533394439,"0x1456688345527bE1f37E9e627DA0837D6f08C925":5.009683317971189,"0x15700B564Ca08D9439C58cA5053166E8317aa138":513.5372176541672,"0x18084fbA666a33d37592fA2633fD49a74DD93a88":2.9580682820469666,"0x1830c553dC76d3447B69b7B0dC19CF9e3c739C78":115.35618959307013,"0x183395DbD0B5e93323a7286D1973150697FFFCB3":354.62528872443767,"0x196f4727526eA7FB1e17b2071B3d8eAA38486988":1.6564212530955398,"0x1aBaEA1f7C830bD89Acc67eC4af516284b1bC33c":493.1275389262707,"0x1c48f86ae57291F7686349F12601910BD8D470bb":1.0905713893371345,"0x1ce0D1E19c9514230FF8CD1DAbaC2555fb92122b":0,"0x2191DF768ad71140F9F3E96c1e4407A4aA31d082":14.93241305429287,"0x2260FAC5E5542a773Aa44fBCfeDf7C193bc2C599":17.86558563014245,"0x2302aaBe69e6E7A1b0Aa23aAC68fcCB8A4D2B460":175.02636213607772,"0x2570f1bD5D2735314FC102eb12Fc1aFe9e6E7193":119.27627447408418,"0x25eC98773D7b4ceD4cAFaB96A2A1c0945f145e10":5.8627368164981535,"0x2889302a794dA87fBF1D6Db415C1492194663D13":1143.431682672116,"0x2b01d4FdB87eb7F2399E5D68631d8A939a323786":20.979494423340704,"0x31429d1856aD1377A8A0079410B297e1a9e214c2":448.1107389095012,"0x32bd822d615A3658A68b6fDD30c2fcb2C996D678":86.6715815781069,"0x34635280737b5BFe6c7DC2FC3065D60d66e78185":307.4041021783751,"0x35282d87011f87508D457F08252Bc5bFa52E10A0":157.89473882322804,"0x35D8949372D46B7a3D5A56006AE77B215fc69bC0":918.5831052335733,"0x35fA164735182de50811E8e2E824cFb9B6118ac2":1116.9816805030578,"0x365AccFCa291e7D3914637ABf1F7635dB165Bb09":348.30289221447566,"0x383E6b4437b59fff47B619CBA855CA29342A8559":176.22624034699035,"0x38D64ce1Bdf1A9f24E0Ec469C9cAde61236fB4a0":270.06440603153163,"0x393DaD6c76D962Abba489a77dBf37ae948A4A6ee":175.44852726462034,"0x3A2725556Dde7B21fBe3dD64A4913ff29faba6A1":0.03630542934968367,"0x3A283D9c08E8b55966afb64C515f5143cf907611":7669.794012612997,"0x3Ed3B47Dd13EC9a98b44e6204A523E766B225811":0.00009190432,"0x3f0e7916681452D23Cd36B1281457DA721F2E5dF":28.49747022670309,"0x40D16FC0246aD3160Ccc09B8D0D3A2cD28aE6C2f":944.2647566998195,"0x4591DBfF62656E7859Afe5e45f6f47D3669fBB28":433.9940276840916,"0x4647B6D835f3B393C7A955df51EEfcf0db961606":519.371351705345,"0x466a756E9A7401B5e2444a3fCB3c2C12FBEa0a54":7.831829625470815,"0x48759F220ED983dB51fA7A8C0D2AAb8f3ce4166a":1585.6421368588756,"0x49446A0874197839D15395B908328a74ccc96Bc0":28.87218739241178,"0x4AE86d8732390d852A13cb918463BC6e5775FaDD":133.2271271676439,"0x4D1941a887eC788F059b3bfcC8eE1E97b968825B":15.477310604592354,"0x4Fabb145d64652a948d72533023f6E7A623C7C53":0.03507994495529312,"0x4c9EDD5852cd905f086C759E8383e09bff1E68B3":9524.641913986503,"0x4eBdF703948ddCEA3B11f675B4D1Fba9d2414A14":3742.525356169605,"0x514910771AF9Ca656af840dff83E8264EcF986CA":112.86548699211494,"0x5228a22e72ccC52d415EcFd199F99D0665E7733b":70.54549683866091,"0x5426178799ee0a0181A89b4f57eFddfAb49941Ec":87.56868940182122,"0x5555f75e3d5278082200Fb451D1b6bA946D8e13b":96.93656884882724,"0x57a5a0567187FF4A8dcC1A9bBa86155E355878F2":1.1122616384600703,"0x58efE15C0404aB22F87E4495D71f6f2077e862bE":0.001248567846,"0x5905c0290e59aFBDc42a5480add9bD7B20CB3759":0.2010895399495039,"0x59D9356E565Ab3A36dD77763Fc0d87fEaf85508C":635.7540012023267,"0x5BC25f649fc4e26069dDF4cF4010F9f706c23831":2.866483942813516,"0x5Be6C45e2d074fAa20700C49aDA3E88a1cc0025d":211.19634288370628,"0x5Ca135cB8527d76e932f34B5145575F9d8cbE08E":56.12734972470049,"0x5E8422345238F34275888049021821E8E08CAa1f":16556.363256327546,"0x5Ea630e00D6eE438d3deA1556A110359ACdc10A9":431.6477786328737,"0x5e74C9036fb86BD7eCdcb084a0673EFc32eA31cb":204.9833930249634,"0x62B9c7356A2Dc64a1969e19C23e4f579F9810Aa7":266.5538291086372,"0x6359B6d3e327c497453d4376561eE276c6933323":299.65591789361656,"0x63a0964A36c34E81959da5894ad888800e17405b":171.74301938994032,"0x65D72AA8DA931F047169112fcf34f52DbaAE7D18":151.89107227716568,"0x661c70333AA1850CcDBAe82776Bb436A0fCfeEfB":67.38779357269229,"0x6663b6D50992ef4fc0380199397c87C2f5256075":62.26201079075267,"0x668308d77be3533c909a692302Cb4D135Bf8041C":0.05437267996602337,"0x66a1E37c9b0eAddca17d3662D6c05F4DECf3e110":21.354708658930964,"0x674C6Ad92Fd080e4004b2312b45f796a192D27a0":3.4255628744140623,"0x677ddbd918637E5F2c79e164D402454dE7dA8619":0.528296187588695,"0x68749665FF8D2d112Fa859AA293F07A622782F38":20.44306312246476,"0x6B175474E89094C44Da98b954EedeAC495271d0F":5296.239349807873,"0x6C5024Cd4F8A59110119C56f8933403A539555EB":130.14849188510192,"0x6C9815826FdF8c7a45cCfEd2064dbaB33a078712":20.141697190453872,"0x6ade6971Ca3d90990C30d39c78b0534C7166e07b":219.23938276748092,"0x6b5204B0Be36771253Cc38e88012E02B752f0f36":248.22189335528438,"0x6c3F90f043a72FA612cbac8115EE7e52BDe6E490":1149.5939638888735,"0x6c3ea9036406852006290770BEdFcAbA0e23A0e8":910.5848033877288,"0x6e52cCe4EaFDf77091dD1c82183b2D97b776b397":949.773787928509,"0x6ef3D766Dfe02Dc4bF04aAe9122EB9A0Ded25615":0.08250985560147832,"0x7223442cad8e9cA474fC40109ab981608F8c4273":67.53143582686587,"0x73968b9a57c6E53d41345FD57a6E6ae27d6CDB2F":110.65728446022551,"0x73A15FeD60Bf67631dC6cd7Bc5B6e8da8190aCF5":2012.461501044453,"0x76237BCfDbe8e06FB774663add96216961df4ff3":29.545981137809957,"0x76Eb2FE28b36B3ee97F3Adae0C69606eeDB2A37c":840.4311577713722,"0x77E06c9eCCf2E797fd462A92B6D7642EF85b0A44":0.3827159662461147,"0x78da5799CF427Fee11e9996982F4150eCe7a99A7":92.32462519536175,"0x7988292D0FB141085c092132e2a70B30aA1eccAB":476.8977811236204,"0x7F17A6C77C3938D235b014818092eb6305BdA110":113.29129103753442,"0x7F86Bf177Dd4F3494b841a37e810A34dD56c829B":3580.097484669211,"0x7FA768E035F956c41d6aeaa3Bd857e7E5141CAd5":0.46729842551683615,"0x7f39C581F595B53c5cb19bD0b3f8dA6c935E2Ca0":2583.0524231454474,"0x8064d9Ae6cDf087b1bcd5BDf3531bD5d8C537a68":81.8269637760033,"0x808507121B80c02388fAd14726482e061B8da827":317.5378211758608,"0x80d69e79258FE9D056c822461c4eb0B4ca8802E2":0.24367235021796563,"0x826180541412D574cf1336d22c0C0a287822678A":232.33028850601275,"0x830614aE209FF9d8706d386fcdBc7a55206fcffC":62.32780449447596,"0x83F20F44975D03b1b09e64809B757c47f942BEeA":8456.4506266287,"0x84CeCB5525c6B1C20070E742da870062E84Da178":24.56614477570994,"0x853d955aCEf822Db058eb8505911ED77F175b99e":3021.248446469866,"0x856c4Efb76C1D1AE02e20CEB03A2A6a08b0b8dC3":0.8915112517616431,"0x865377367054516e17014CcdED1e7d814EDC9ce4":296.2097530915476,"0x8C0D76C9B18779665475F3E212D9Ca1Ed6A1A0e6":440.2936354176571,"0x8C88538688aca3b733aD08b12BEe4574c0C00907":520.3019104324921,"0x8Cd52ee292313C4D851e71A7064F096504aB3eE9":73.79799315065152,"0x8E870D67F660D95d5be530380D0eC0bd388289E1":0.10386785383024753,"0x8c9532a60E0E7C6BbD2B2c1303F63aCE1c3E9811":16.862227535761413,"0x8dAEBADE922dF735c38C80C7eBD708Af50815fAa":20.0927184401573,"0x8e595470Ed749b85C6F7669de83EAe304C2ec68F":11.53143784862181,"0x917ceE801a67f933F2e6b33fC0cD1ED2d5909D88":126.21349862050583,"0x9181f633E9B9F15A32d5e37094F4C93b333e0E92":1.110960237188879,"0x922406EAFC3CcEb32b0256F287fB977c426EDbd8":0.007288783142279762,"0x954313005C56b555bdC41B84D6c63B69049d7847":471.10989382968444,"0x9559Aaa82d9649C7A7b220E7c461d2E74c9a3593":203.18018715544358,