{"0x0000000000085d4780B73119b644AE5ecd22b376":0.005441477458425397,"0x005F893EcD7bF9667195642f7649DA8163e23658":7.668492168497751,"0x0100546F2cD4C9D97f798fFC9755E47865FF7Ee6":157.79675492941493,"0x028171bCA77440897B824Ca71D1c56caC55b68A3":117.958844442375,"0x0316EB71485b0Ab14103307bf65a021042c6d380":72.85509025204324,"0x03ab458634910AaD20eF5f1C8ee96F1D6ac54919":154.9120541412909,"0x04C154b66CB340F3Ae24111CC767e0184Ed00Cc6":191.32145764426338,"0x056Fd409E1d7A124BD7017459dFEa2F387b6d5Cd":39.193120548995104,"0x067079c14B85169e6a29703769dadDef90816f4C":109.33824656826214,"0x075b1bb99792c9E1041bA13afEf80C91a1e70fB3":798.5505717906736,"0x085780639CC2cACd35E474e71f4d000e2405d8f6":534.3486892948118,"0x09b2E090531228d1b8E3d948C73b990Cb6e60720":550.9507274342932,"0x0E2EC54fC0B509F445631Bf4b91AB8168230C752":0.45005432981341853,"0x0E573Ce2736Dd9637A0b21058352e1667925C7a8":142.98321321338804,"0x0bc529c00C6401aEF6D220BE8C6Ea1667F6Ad93e":7.678741883940237,"0x0d86883FAf4FfD7aEb116390af37746F45b6f378":47.68622381937523,"0x0dE54CFdfeD8005176f8b7A9D5438B45c4F1df1e":3.3866141628772084,"0x1456688345527bE1f37E9e627DA0837D6f08C925":3.9320872983332875,"0x1830c553dC76d3447B69b7B0dC19CF9e3c739C78":185.43371325432346,"0x196f4727526eA7FB1e17b2071B3d8eAA38486988":0.1332740586678132,"0x1c48f86ae57291F7686349F12601910BD8D470bb":0.7485832249201331,"0x1ce0D1E19c9514230FF8CD1DAbaC2555fb92122b":0,"0x2260FAC5E5542a773Aa44fBCfeDf7C193bc2C599":336.35544238052296,"0x2570f1bD5D2735314FC102eb12Fc1aFe9e6E7193":37.57846642477019,"0x25eC98773D7b4ceD4cAFaB96A2A1c0945f145e10":5.917483102669191,"0x2889302a794dA87fBF1D6Db415C1492194663D13":92.61723973262004,"0x29059568bB40344487d62f7450E78b8E6C74e0e5":179.55906952270826,"0x2b01d4FdB87eb7F2399E5D68631d8A939a323786":19.644173891429848,"0x31429d1856aD1377A8A0079410B297e1a9e214c2":566.2961212959262,"0x32bd822d615A3658A68b6fDD30c2fcb2C996D678":45.867657740233874,"0x35282d87011f87508D457F08252Bc5bFa52E10A0":699.5805082351436,"0x35fA164735182de50811E8e2E824cFb9B6118ac2":954.0754075822272,"0x365AccFCa291e7D3914637ABf1F7635dB165Bb09":633.7136534559324,"0x383E6b4437b59fff47B619CBA855CA29342A8559":22.198854965568422,"0x38D64ce1Bdf1A9f24E0Ec469C9cAde61236fB4a0":1072.9434939294504,"0x3A283D9c08E8b55966afb64C515f5143cf907611":2502.3874288490038,"0x3Ed3B47Dd13EC9a98b44e6204A523E766B225811":16.287977762192224,"0x3f0e7916681452D23Cd36B1281457DA721F2E5dF":553.8719970385189,"0x40D16FC0246aD3160Ccc09B8D0D3A2cD28aE6C2f":768.4610426641249,"0x4591DBfF62656E7859Afe5e45f6f47D3669fBB28":130.93240673687595,"0x4647B6D835f3B393C7A955df51EEfcf0db961606":39.82502230956419,"0x466a756E9A7401B5e2444a3fCB3c2C12FBEa0a54":506.8511815598808,"0x48759F220ED983dB51fA7A8C0D2AAb8f3ce4166a":804.2121831560509,"0x49446A0874197839D15395B908328a74ccc96Bc0":9.096369560605535,"0x4AE86d8732390d852A13cb918463BC6e5775FaDD":27.18820480136975,"0x4Fabb145d64652a948d72533023f6E7A623C7C53":0.003871194691067325,"0x4c9EDD5852cd905f086C759E8383e09bff1E68B3":3034.8861244107165,"0x4de2ab8177fC5fFAFB7aD11FB8BeB1e5fB95F71C":58.85421836216205,"0x4eBdF703948ddCEA3B11f675B4D1Fba9d2414A14":481.9567302674184,"0x514910771AF9Ca656af840dff83E8264EcF986CA":115.89104578049214,"0x5228a22e72ccC52d415EcFd199F99D0665E7733b":54.137594216849706,"0x5426178799ee0a0181A89b4f57eFddfAb49941Ec":32.54706149313677,"0x5555f75e3d5278082200Fb451D1b6bA946D8e13b":45.781928115788716,"0x57a5a0567187FF4A8dcC1A9bBa86155E355878F2":1.1555883708284824,"0x58efE15C0404aB22F87E4495D71f6f2077e862bE":0.001246465257747336,"0x5905c0290e59aFBDc42a5480add9bD7B20CB3759":0.000009784521331639872,"0x59D9356E565Ab3A36dD77763Fc0d87fEaf85508C":363.1295572183801,"0x5BC25f649fc4e26069dDF4cF4010F9f706c23831":1.4558958172532885,"0x5Be6C45e2d074fAa20700C49aDA3E88a1cc0025d":183.3670352313517,"0x5Ca135cB8527d76e932f34B5145575F9d8cbE08E":54.06745860188248,"0x5E8422345238F34275888049021821E8E08CAa1f":16125.509335968658,"0x5b6C539b224014A09B3388e51CaAA8e354c959C8":80.18542204163673,"0x5e74C9036fb86BD7eCdcb084a0673EFc32eA31cb":199.21852789745304,"0x63a0964A36c34E81959da5894ad888800e17405b":19.194825438429813,"0x65D72AA8DA931F047169112fcf34f52DbaAE7D18":99.75772974697938,"0x661c70333AA1850CcDBAe82776Bb436A0fCfeEfB":0.0012799610073321258,"0x6663b6D50992ef4fc0380199397c87C2f5256075":512.3530983890922,"0x668308d77be3533c909a692302Cb4D135Bf8041C":0.05642803170796252,"0x66a1E37c9b0eAddca17d3662D6c05F4DECf3e110":0.10857277823722757,"0x674C6Ad92Fd080e4004b2312b45f796a192D27a0":1.81207075930937,"0x68749665FF8D2d112Fa859AA293F07A622782F38":18.381241484034298,"0x6B175474E89094C44Da98b954EedeAC495271d0F":1582.0231745762696,"0x6C280dB098dB673d30d5B34eC04B6387185D3620":67.48910859561407,"0x6C5024Cd4F8A59110119C56f8933403A539555EB":110.43098941255633,"0x6ade6971Ca3d90990C30d39c78b0534C7166e07b":82.77712669434203,"0x6c38cE8984a890F5e46e6dF6117C26b3F1EcfC9C":0.043369607062321965,"0x6c3F90f043a72FA612cbac8115EE7e52BDe6E490":1134.1625983215877,"0x6c3ea9036406852006290770BEdFcAbA0e23A0e8":1615.8252571964326,"0x6e52cCe4EaFDf77091dD1c82183b2D97b776b397":532.821126034864,"0x6ef3D766Dfe02Dc4bF04aAe9122EB9A0Ded25615":0.029300094671879166,"0x73968b9a57c6E53d41345FD57a6E6ae27d6CDB2F":77.95314402956944,"0x73A15FeD60Bf67631dC6cd7Bc5B6e8da8190aCF5":0.012527515015385801,"0x76237BCfDbe8e06FB774663add96216961df4ff3":19.198835122913167,"0x76Eb2FE28b36B3ee97F3Adae0C69606eeDB2A37c":722.1703932894012,"0x78da5799CF427Fee11e9996982F4150eCe7a99A7":265.77228480745026,"0x7988292D0FB141085c092132e2a70B30aA1eccAB":486.5736899328325,"0x7F17A6C77C3938D235b014818092eb6305BdA110":37.78715592999814,"0x7F86Bf177Dd4F3494b841a37e810A34dD56c829B":2470.4904073074686,"0x7FA768E035F956c41d6aeaa3Bd857e7E5141CAd5":0.039721687569234276,"0x7ea4aD8C803653498bF6AC1D2dEbc04DCe8Fd2aD":70.6830052800565,"0x7f39C581F595B53c5cb19bD0b3f8dA6c935E2Ca0":1569.5457173683917,"0x8064d9Ae6cDf087b1bcd5BDf3531bD5d8C537a68":75.12357268076296,"0x80d69e79258FE9D056c822461c4eb0B4ca8802E2":0.02686697755127198,"0x826180541412D574cf1336d22c0C0a287822678A":828.801204764952,"0x830614aE209FF9d8706d386fcdBc7a55206fcffC":42.02038372295492,"0x83F20F44975D03b1b09e64809B757c47f942BEeA":1727.1538891605535,"0x84CeCB5525c6B1C20070E742da870062E84Da178":6.108892846351559,"0x853d955aCEf822Db058eb8505911ED77F175b99e":1252.3405333400185,"0x856c4Efb76C1D1AE02e20CEB03A2A6a08b0b8dC3":1.8048746796035462,"0x865377367054516e17014CcdED1e7d814EDC9ce4":346.9815323070318,"0x8C0D76C9B18779665475F3E212D9Ca1Ed6A1A0e6":310.48345463013055,"0x8C88538688aca3b733aD08b12BEe4574c0C00907":42.83942619084529,"0x8Cd52ee292313C4D851e71A7064F096504aB3eE9":67.80022746193166,"0x8E870D67F660D95d5be530380D0eC0bd388289E1":671.7321825991828,"0x8dAEBADE922dF735c38C80C7eBD708Af50815fAa":16.998635183587545,"0x8e595470Ed749b85C6F7669de83EAe304C2ec68F":15.020342070371544,"0x917ceE801a67f933F2e6b33fC0cD1ED2d5909D88":261.7436376554349,"0x9181f633E9B9F15A32d5e37094F4C93b333e0E92":0.4590196350582671,"0x922406EAFC3CcEb32b0256F287fB977c426EDbd8":0.029067309766762476,"0x9559Aaa82d9649C7A7b220E7c461d2E74c9a3593":194.68707394120855,"0x95710BDE45C8D384A976Cc58Cc7a7e489576b098":0.6894395416707155,"0x961D4921e1718E633BAC8Ded88c4a1cAe44b785a":221.49537137073474,"0x96E61422b6A9bA0e068B6c5ADd4fFaBC6a4aae27":540.7577538974002,"0x9961BdBE8B7091E584c2bF9D0a160C583f564A8c":391.59058823015755,"0x99D8a9C45b2ecA8864373A26D1459e3Dff1e17F3":11.88044993026228,"0x9BE89D2a4cd102D8Fecc6BF9dA793be995C22541":231.0634238780822,"0x9D39A5DE30e57443BfF2A8307A4256c8797A3497":1346.51665427088,"0x9EEAD9ce15383CaEED975427340b3A369410CFBF":0.000003991662701136,"0x9FeE65D5A627e73212989c8BbEdC5Fa5Cae3821F":15.067459485670199,"0x9b77bd0a665F05995b68e36fC1053AFFfAf0d4B5":4.874966727819373,"0x9de1c3D446237ab9BaFF74127eb4F303802a2683":140.74131271497765,"0xA0b86991c6218b36c1d19D4a2e9Eb0cE3606eB48":3615.974118967181,"0xA0d69E286B938e21CBf7E51D71F6A4c8918f482F":478.83355315245984,"0xA1290d69c65A6Fe4DF752f95823fae25cB99e5A7":79.04472912474606,"0xA35b1B31Ce002FBF2058D22F30f95D405200A15b":1.827457221672443,