{"0x0000000000085d4780B73119b644AE5ecd22b376":213.96971053425813,"0x0000000016E6Cb3038203c1129c8B4aEE7af7a11":1.7321971343998959,"0x005F893EcD7bF9667195642f7649DA8163e23658":155.8621283031296,"0x0100546F2cD4C9D97f798fFC9755E47865FF7Ee6":358.6128487456144,"0x028171bCA77440897B824Ca71D1c56caC55b68A3":1192.948750504259,"0x0316EB71485b0Ab14103307bf65a021042c6d380":0.025772912549393175,"0x03ab458634910AaD20eF5f1C8ee96F1D6ac54919":241.38136961823463,"0x04C154b66CB340F3Ae24111CC767e0184Ed00Cc6":191.82913308124418,"0x051d7e5609917Bd9b73f04BAc0DED8Dd46a74301":344.5203208932997,"0x056Fd409E1d7A124BD7017459dFEa2F387b6d5Cd":167.73484623627505,"0x067079c14B85169e6a29703769dadDef90816f4C":461.94368903697796,"0x075b1bb99792c9E1041bA13afEf80C91a1e70fB3":546.9215765694262,"0x085780639CC2cACd35E474e71f4d000e2405d8f6":374.0467904694603,"0x09db87A538BD693E9d08544577d5cCfAA6373A48":69.60271571576632,"0x0E2EC54fC0B509F445631Bf4b91AB8168230C752":0.4713709563145979,"0x0E573Ce2736Dd9637A0b21058352e1667925C7a8":140.0113951417376,"0x0a5E677a6A24b2F1A2Bf4F3bFfC443231d2fDEc8":0.07944597090497962,"0x0bc529c00C6401aEF6D220BE8C6Ea1667F6Ad93e":19.47780762066189,"0x0d86883FAf4FfD7aEb116390af37746F45b6f378":284.9010864714556,"0x0dE54CFdfeD8005176f8b7A9D5438B45c4F1df1e":3.9521005714726267,"0x137469B55D1f15651BA46A89D0588e97dD0B6562":209.43503851873692,"0x1456688345527bE1f37E9e627DA0837D6f08C925":2.974683371549334,"0x15700B564Ca08D9439C58cA5053166E8317aa138":34.50068057136199,"0x16eAd9a10b1A77007E6E329B076aD1Fe97a6F7C0":157.71024990244237,"0x18084fbA666a33d37592fA2633fD49a74DD93a88":15.134717111645777,"0x1830c553dC76d3447B69b7B0dC19CF9e3c739C78":83.63836728999385,"0x183395DbD0B5e93323a7286D1973150697FFFCB3":435.75476885494265,"0x196f4727526eA7FB1e17b2071B3d8eAA38486988":0.1583882320623869,"0x1BED97CBC3c24A4fb5C069C6E311a967386131f7":253.34104487323924,"0x1aBaEA1f7C830bD89Acc67eC4af516284b1bC33c":114.37968381203746,"0x1c48f86ae57291F7686349F12601910BD8D470bb":0.793749588654398,"0x1ce0D1E19c9514230FF8CD1DAbaC2555fb92122b":0,"0x2191DF768ad71140F9F3E96c1e4407A4aA31d082":26.083051865768635,"0x2260FAC5E5542a773Aa44fBCfeDf7C193bc2C599":14.467897901075174,"0x2302aaBe69e6E7A1b0Aa23aAC68fcCB8A4D2B460":112.09109743268262,"0x25eC98773D7b4ceD4cAFaB96A2A1c0945f145e10":0,"0x2889302a794dA87fBF1D6Db415C1492194663D13":204.8996652429431,"0x29059568bB40344487d62f7450E78b8E6C74e0e5":426.3381567220145,"0x2b01d4FdB87eb7F2399E5D68631d8A939a323786":235.08826678857565,"0x3175Df0976dFA876431C2E9eE6Bc45b65d3473CC":0.000038724181303782673,"0x3231Cb76718CDeF2155FC47b5286d82e6eDA273f":331.69860830349074,"0x32bd822d615A3658A68b6fDD30c2fcb2C996D678":279.293390482185,"0x3432B6A60D23Ca0dFCa7761B7ab56459D9C964D0":281.1537976784738,"0x34635280737b5BFe6c7DC2FC3065D60d66e78185":217.36262246317986,"0x35282d87011f87508D457F08252Bc5bFa52E10A0":158.98829934393945,"0x35D8949372D46B7a3D5A56006AE77B215fc69bC0":516.4191582636379,"0x35fA164735182de50811E8e2E824cFb9B6118ac2":912.4761245005911,"0x365AccFCa291e7D3914637ABf1F7635dB165Bb09":437.92732283211745,"0x383E6b4437b59fff47B619CBA855CA29342A8559":195.03900308697962,"0x38D64ce1Bdf1A9f24E0Ec469C9cAde61236fB4a0":222.78351411896858,"0x393DaD6c76D962Abba489a77dBf37ae948A4A6ee":129.46250480580156,"0x3A2725556Dde7B21fBe3dD64A4913ff29faba6A1":0.02835295991600039,"0x3A283D9c08E8b55966afb64C515f5143cf907611":638.8936757895162,"0x3Ed3B47Dd13EC9a98b44e6204A523E766B225811":3.398299009137,"0x3f0e7916681452D23Cd36B1281457DA721F2E5dF":14.352956063030542,"0x401322B9FDdba8c0a8D40fbCECE1D1752C12316B":275.0674377891172,"0x40D16FC0246aD3160Ccc09B8D0D3A2cD28aE6C2f":135.59695863499257,"0x4591DBfF62656E7859Afe5e45f6f47D3669fBB28":205.7813335956731,"0x466a756E9A7401B5e2444a3fCB3c2C12FBEa0a54":49.15117416329904,"0x48759F220ED983dB51fA7A8C0D2AAb8f3ce4166a":2389.019411072868,"0x49446A0874197839D15395B908328a74ccc96Bc0":30.746410542973507,"0x4AE86d8732390d852A13cb918463BC6e5775FaDD":149.62684625758126,"0x4D1941a887eC788F059b3bfcC8eE1E97b968825B":301.8747235670991,"0x4DEcE678ceceb27446b35C672dC7d61F30bAD69E":441.96836253467455,"0x4Fabb145d64652a948d72533023f6E7A623C7C53":0.03982819519743405,"0x4c9EDD5852cd905f086C759E8383e09bff1E68B3":229.3374496322089,"0x4de2ab8177fC5fFAFB7aD11FB8BeB1e5fB95F71C":407.7791491530661,"0x4eBdF703948ddCEA3B11f675B4D1Fba9d2414A14":169.0060758203543,"0x514910771AF9Ca656af840dff83E8264EcF986CA":82.45349037093709,"0x5228a22e72ccC52d415EcFd199F99D0665E7733b":56.051124602288375,"0x5271045F7B73c17825A7A7aee6917eE46b0B7520":191.62663920884472,"0x527331F3F550f6f85ACFEcAB9Cc0889180C6f1d5":267.52817867575226,"0x5555f75e3d5278082200Fb451D1b6bA946D8e13b":116.05756894774657,"0x57Ab1ec28D129707052df4dF418D58a2D46d5f51":155.7639067257764,"0x57a5a0567187FF4A8dcC1A9bBa86155E355878F2":0.8042280345643817,"0x58efE15C0404aB22F87E4495D71f6f2077e862bE":0.001248567846,"0x5905c0290e59aFBDc42a5480add9bD7B20CB3759":0.1799307740933782,"0x59D9356E565Ab3A36dD77763Fc0d87fEaf85508C":174.69333184911432,"0x5BC25f649fc4e26069dDF4cF4010F9f706c23831":0.08642434225911567,"0x5Be6C45e2d074fAa20700C49aDA3E88a1cc0025d":57.80887269052071,"0x5Ca135cB8527d76e932f34B5145575F9d8cbE08E":54.527512083012304,"0x5E8422345238F34275888049021821E8E08CAa1f":13464.28939387208,"0x5Ea630e00D6eE438d3deA1556A110359ACdc10A9":277.4400565266162,"0x5e74C9036fb86BD7eCdcb084a0673EFc32eA31cb":5.250162847211269,"0x6359B6d3e327c497453d4376561eE276c6933323":247.77426850145548,"0x63a0964A36c34E81959da5894ad888800e17405b":254.1130818594285,"0x65D72AA8DA931F047169112fcf34f52DbaAE7D18":347.5890065652977,"0x65f228ED6a6001eD6485535e0Dc33E525734f54c":47.67166619994942,"0x661c70333AA1850CcDBAe82776Bb436A0fCfeEfB":78.16133449443291,"0x6663b6D50992ef4fc0380199397c87C2f5256075":74.06863296865464,"0x668308d77be3533c909a692302Cb4D135Bf8041C":0.04241697983941329,"0x66a1E37c9b0eAddca17d3662D6c05F4DECf3e110":29.00990935601048,"0x674C6Ad92Fd080e4004b2312b45f796a192D27a0":1.6536060231825234,"0x677ddbd918637E5F2c79e164D402454dE7dA8619":0.8254394213327297,"0x68749665FF8D2d112Fa859AA293F07A622782F38":18.481337777495753,"0x69000405f9DcE69BD4Cbf4f2865b79144A69BFE0":0.00003909674690258708,"0x6B175474E89094C44Da98b954EedeAC495271d0F":153.5320003197603,"0x6C280dB098dB673d30d5B34eC04B6387185D3620":286.4172317081443,"0x6C5024Cd4F8A59110119C56f8933403A539555EB":123.63076636267081,"0x6C9815826FdF8c7a45cCfEd2064dbaB33a078712":62.06025331008588,"0x6ade6971Ca3d90990C30d39c78b0534C7166e07b":177.395909194906,"0x6b5204B0Be36771253Cc38e88012E02B752f0f36":171.96375629912728,"0x6c3F90f043a72FA612cbac8115EE7e52BDe6E490":574.6019545293201,"0x6c3ea9036406852006290770BEdFcAbA0e23A0e8":85.7637083161864,"0x6e52cCe4EaFDf77091dD1c82183b2D97b776b397":70.34736312825076,"0x6ef3D766Dfe02Dc4bF04aAe9122EB9A0Ded25615":0.04070433005140179,"0x7223442cad8e9cA474fC40109ab981608F8c4273":82.66133059272627,"0x73968b9a57c6E53d41345FD57a6E6ae27d6CDB2F":95.63548434059877,"0x73A15FeD60Bf67631dC6cd7Bc5B6e8da8190aCF5":195.73201182258708,"0x752B4c6e92d96467fE9b9a2522EF07228E00F87c":40.667342994134565,"0x76237BCfDbe8e06FB774663add96216961df4ff3":33.5240854836868,"0x76Eb2FE28b36B3ee97F3Adae0C69606eeDB2A37c":1178.4114379409389,"0x77E06c9eCCf2E797fd462A92B6D7642EF85b0A44":0.798516166,"0x78da5799CF427Fee11e9996982F4150eCe7a99A7":92.79134926353436,"0x7988292D0FB141085c092132e2a70B30aA1eccAB":450.49619869188456,"0x7F17A6C77C3938D235b014818092eb6305BdA110":143.22298369268523,"0x7F86Bf177Dd4F3494b841a37e810A34dD56c829B":317.18094563272945,"0x7FA768E035F956c41d6aeaa3Bd857e7E5141CAd5":0.36532119361701776,"0x7f39C581F595B53c5cb19bD0b3f8dA6c935E2Ca0":188.99717940568135,"0x8064d9Ae6cDf087b1bcd5BDf3531bD5d8C537a68":72.62225735075145,"0x808507121B80c02388fAd14726482e061B8da827":217.73496415290074,"0x80d69e79258FE9D056c822461c4eb0B4ca8802E2":0.1897771848850764,"0x826180541412D574cf1336d22c0C0a287822678A":165.42406390732984,"0x8282BD15dcA2EA2bDf24163E8f2781B30C43A2ef":247.72617203913848,"0x830614aE209FF9d8706d386fcdBc7a55206fcffC":43.40948626684376,"0x83F20F44975D03b1b09e64809B757c47f942BEeA":360.37758542423404,