{"0x0000000000085d4780B73119b644AE5ecd22b376":216.6299771935033,"0x0000000016E6Cb3038203c1129c8B4aEE7af7a11":0.7009014986692161,"0x005F893EcD7bF9667195642f7649DA8163e23658":198.642037434862,"0x0100546F2cD4C9D97f798fFC9755E47865FF7Ee6":474.2511780501492,"0x028171bCA77440897B824Ca71D1c56caC55b68A3":822.9036714100658,"0x0316EB71485b0Ab14103307bf65a021042c6d380":0.021929750138545995,"0x03ab458634910AaD20eF5f1C8ee96F1D6ac54919":0.46010027379941065,"0x04C154b66CB340F3Ae24111CC767e0184Ed00Cc6":460.73903498891576,"0x051d7e5609917Bd9b73f04BAc0DED8Dd46a74301":440.28901841817003,"0x056Fd409E1d7A124BD7017459dFEa2F387b6d5Cd":501.75773485467494,"0x067079c14B85169e6a29703769dadDef90816f4C":441.83617370923923,"0x075b1bb99792c9E1041bA13afEf80C91a1e70fB3":846.2588851158364,"0x085780639CC2cACd35E474e71f4d000e2405d8f6":901.2644465778843,"0x0E2EC54fC0B509F445631Bf4b91AB8168230C752":0.4714857420701002,"0x0E573Ce2736Dd9637A0b21058352e1667925C7a8":146.5358970221361,"0x0a5E677a6A24b2F1A2Bf4F3bFfC443231d2fDEc8":0.0834063881983485,"0x0bc529c00C6401aEF6D220BE8C6Ea1667F6Ad93e":23.6306615732433,"0x0d86883FAf4FfD7aEb116390af37746F45b6f378":271.19434655798455,"0x0dE54CFdfeD8005176f8b7A9D5438B45c4F1df1e":3.4511326860902214,"0x1456688345527bE1f37E9e627DA0837D6f08C925":5.1524267068959855,"0x15700B564Ca08D9439C58cA5053166E8317aa138":218.09425914303486,"0x16eAd9a10b1A77007E6E329B076aD1Fe97a6F7C0":131.98358666084096,"0x18084fbA666a33d37592fA2633fD49a74DD93a88":469.4618670383136,"0x183395DbD0B5e93323a7286D1973150697FFFCB3":361.28687125430565,"0x196f4727526eA7FB1e17b2071B3d8eAA38486988":1.0797490670317853,"0x1BED97CBC3c24A4fb5C069C6E311a967386131f7":349.01152613883863,"0x1a7e4e63778B4f12a199C062f3eFdD288afCBce8":331.06986972831766,"0x1aBaEA1f7C830bD89Acc67eC4af516284b1bC33c":492.2411677735069,"0x1bEFB9B02f7Fc821B96aC1FE2cAF881FdF72b771":4.378909164611944,"0x1c48f86ae57291F7686349F12601910BD8D470bb":1.045308994772249,"0x1ce0D1E19c9514230FF8CD1DAbaC2555fb92122b":0,"0x2191DF768ad71140F9F3E96c1e4407A4aA31d082":16.597369760596838,"0x2260FAC5E5542a773Aa44fBCfeDf7C193bc2C599":468.79576546429854,"0x2302aaBe69e6E7A1b0Aa23aAC68fcCB8A4D2B460":180.61081540891604,"0x2570f1bD5D2735314FC102eb12Fc1aFe9e6E7193":199.49764894771386,"0x25eC98773D7b4ceD4cAFaB96A2A1c0945f145e10":0,"0x2889302a794dA87fBF1D6Db415C1492194663D13":266.5359828865441,"0x29059568bB40344487d62f7450E78b8E6C74e0e5":657.4988137465041,"0x2b01d4FdB87eb7F2399E5D68631d8A939a323786":324.80131285131205,"0x3231Cb76718CDeF2155FC47b5286d82e6eDA273f":334.76128148541744,"0x32bd822d615A3658A68b6fDD30c2fcb2C996D678":358.50390507967217,"0x3432B6A60D23Ca0dFCa7761B7ab56459D9C964D0":366.4332369269123,"0x34635280737b5BFe6c7DC2FC3065D60d66e78185":283.39961766941616,"0x35282d87011f87508D457F08252Bc5bFa52E10A0":156.90651108219,"0x35D8949372D46B7a3D5A56006AE77B215fc69bC0":84.67504406204132,"0x35fA164735182de50811E8e2E824cFb9B6118ac2":1162.149271838518,"0x365AccFCa291e7D3914637ABf1F7635dB165Bb09":366.40978424931103,"0x383E6b4437b59fff47B619CBA855CA29342A8559":177.7258229675078,"0x38D64ce1Bdf1A9f24E0Ec469C9cAde61236fB4a0":282.2363754247292,"0x393DaD6c76D962Abba489a77dBf37ae948A4A6ee":176.28781704920982,"0x3A2725556Dde7B21fBe3dD64A4913ff29faba6A1":0.037303763723891256,"0x3A283D9c08E8b55966afb64C515f5143cf907611":262.4600265452451,"0x3Ed3B47Dd13EC9a98b44e6204A523E766B225811":359.7333417596267,"0x3f0e7916681452D23Cd36B1281457DA721F2E5dF":29.13695117326686,"0x401322B9FDdba8c0a8D40fbCECE1D1752C12316B":381.8772608715226,"0x40D16FC0246aD3160Ccc09B8D0D3A2cD28aE6C2f":197.99786776339423,"0x4591DBfF62656E7859Afe5e45f6f47D3669fBB28":84.06790987448177,"0x4647B6D835f3B393C7A955df51EEfcf0db961606":638.8045141925734,"0x466a756E9A7401B5e2444a3fCB3c2C12FBEa0a54":321.2308371747559,"0x48759F220ED983dB51fA7A8C0D2AAb8f3ce4166a":1654.5094022523772,"0x49446A0874197839D15395B908328a74ccc96Bc0":35.72763922728586,"0x4AE86d8732390d852A13cb918463BC6e5775FaDD":171.20926023443005,"0x4D1941a887eC788F059b3bfcC8eE1E97b968825B":366.1235819681429,"0x4DEcE678ceceb27446b35C672dC7d61F30bAD69E":444.95230249716815,"0x4Fabb145d64652a948d72533023f6E7A623C7C53":0.03515121917394632,"0x4c9EDD5852cd905f086C759E8383e09bff1E68B3":247.48341273472548,"0x4de2ab8177fC5fFAFB7aD11FB8BeB1e5fB95F71C":377.3083311114303,"0x4eBdF703948ddCEA3B11f675B4D1Fba9d2414A14":374.4881773279237,"0x514910771AF9Ca656af840dff83E8264EcF986CA":114.94393866347956,"0x5228a22e72ccC52d415EcFd199F99D0665E7733b":70.00489743173044,"0x5426178799ee0a0181A89b4f57eFddfAb49941Ec":90.81715216324973,"0x5555f75e3d5278082200Fb451D1b6bA946D8e13b":94.45021825529301,"0x57a5a0567187FF4A8dcC1A9bBa86155E355878F2":1.1484433424308302,"0x58efE15C0404aB22F87E4495D71f6f2077e862bE":0.001247640160090422,"0x5905c0290e59aFBDc42a5480add9bD7B20CB3759":0.1922231184440638,"0x59D9356E565Ab3A36dD77763Fc0d87fEaf85508C":78.13442719907819,"0x5BC25f649fc4e26069dDF4cF4010F9f706c23831":2.8629799444004274,"0x5Be6C45e2d074fAa20700C49aDA3E88a1cc0025d":395.69271105825806,"0x5Ca135cB8527d76e932f34B5145575F9d8cbE08E":55.109736009032616,"0x5E8422345238F34275888049021821E8E08CAa1f":17221.46326443832,"0x5Ea630e00D6eE438d3deA1556A110359ACdc10A9":434.58617535938663,"0x5b6C539b224014A09B3388e51CaAA8e354c959C8":436.5611546396154,"0x6359B6d3e327c497453d4376561eE276c6933323":315.00314650193224,"0x63a0964A36c34E81959da5894ad888800e17405b":238.5418668250256,"0x65D72AA8DA931F047169112fcf34f52DbaAE7D18":152.244507180829,"0x661c70333AA1850CcDBAe82776Bb436A0fCfeEfB":67.38569642395564,"0x668308d77be3533c909a692302Cb4D135Bf8041C":0.056071237349814215,"0x66a1E37c9b0eAddca17d3662D6c05F4DECf3e110":25.13504232768415,"0x674C6Ad92Fd080e4004b2312b45f796a192D27a0":3.2926520037011127,"0x677ddbd918637E5F2c79e164D402454dE7dA8619":0.12456394172833345,"0x68749665FF8D2d112Fa859AA293F07A622782F38":20.1066381951136,"0x6B175474E89094C44Da98b954EedeAC495271d0F":194.47543052712348,"0x6C280dB098dB673d30d5B34eC04B6387185D3620":66.14259434571703,"0x6C5024Cd4F8A59110119C56f8933403A539555EB":126.62001485725052,"0x6C9815826FdF8c7a45cCfEd2064dbaB33a078712":27.711272150804064,"0x6ade6971Ca3d90990C30d39c78b0534C7166e07b":571.9627859224352,"0x6b5204B0Be36771253Cc38e88012E02B752f0f36":255.24711755848594,"0x6c3F90f043a72FA612cbac8115EE7e52BDe6E490":298.28695487465455,"0x6c3ea9036406852006290770BEdFcAbA0e23A0e8":462.74144023183175,"0x6e52cCe4EaFDf77091dD1c82183b2D97b776b397":1356.2708351209237,"0x6ef3D766Dfe02Dc4bF04aAe9122EB9A0Ded25615":0.0849717090979629,"0x7223442cad8e9cA474fC40109ab981608F8c4273":83.4820279419064,"0x73968b9a57c6E53d41345FD57a6E6ae27d6CDB2F":113.64069897828348,"0x73A15FeD60Bf67631dC6cd7Bc5B6e8da8190aCF5":55.851297805010844,"0x752B4c6e92d96467fE9b9a2522EF07228E00F87c":66.03400777190119,"0x76237BCfDbe8e06FB774663add96216961df4ff3":29.784426407605284,"0x76Eb2FE28b36B3ee97F3Adae0C69606eeDB2A37c":843.4324489930945,"0x77E06c9eCCf2E797fd462A92B6D7642EF85b0A44":0.15445347059875741,"0x78da5799CF427Fee11e9996982F4150eCe7a99A7":91.31235326636575,"0x7988292D0FB141085c092132e2a70B30aA1eccAB":477.7382190414498,"0x7F17A6C77C3938D235b014818092eb6305BdA110":122.50903515336468,"0x7F86Bf177Dd4F3494b841a37e810A34dD56c829B":261.8989365444235,"0x7FA768E035F956c41d6aeaa3Bd857e7E5141CAd5":0.4813366662415266,"0x7ea4aD8C803653498bF6AC1D2dEbc04DCe8Fd2aD":875.0885940313246,"0x7f39C581F595B53c5cb19bD0b3f8dA6c935E2Ca0":367.2216022008233,"0x8064d9Ae6cDf087b1bcd5BDf3531bD5d8C537a68":83.63309881732144,"0x808507121B80c02388fAd14726482e061B8da827":324.50634041165625,"0x80d69e79258FE9D056c822461c4eb0B4ca8802E2":0.2509163313109768,"0x826180541412D574cf1336d22c0C0a287822678A":224.61126847615176,"0x8282BD15dcA2EA2bDf24163E8f2781B30C43A2ef":354.88117947551,"0x830614aE209FF9d8706d386fcdBc7a55206fcffC":64.29445088935547,"0x83F20F44975D03b1b09e64809B757c47f942BEeA":267.4815637709474,"0x853d955aCEf822Db058eb8505911ED77F175b99e":484.63645997628527,"0x856c4Efb76C1D1AE02e20CEB03A2A6a08b0b8dC3":331.9957977857524,"0x865377367054516e17014CcdED1e7d814EDC9ce4":634.6607564860094,"0x893DA8A02b487FEF2F7e3F35DF49d7625aE549a3":382.26865252944737,