{"0x0000000000085d4780B73119b644AE5ecd22b376":215.60180199275527,"0x0000000016E6Cb3038203c1129c8B4aEE7af7a11":0.9819920765672605,"0x005F893EcD7bF9667195642f7649DA8163e23658":155.51275297305463,"0x0100546F2cD4C9D97f798fFC9755E47865FF7Ee6":353.0904945724794,"0x028171bCA77440897B824Ca71D1c56caC55b68A3":1193.4224733020972,"0x0316EB71485b0Ab14103307bf65a021042c6d380":0.02593124317867011,"0x03ab458634910AaD20eF5f1C8ee96F1D6ac54919":244.00382444860506,"0x04C154b66CB340F3Ae24111CC767e0184Ed00Cc6":230.3365093601308,"0x051d7e5609917Bd9b73f04BAc0DED8Dd46a74301":352.1904723133704,"0x056Fd409E1d7A124BD7017459dFEa2F387b6d5Cd":285.83326102410456,"0x067079c14B85169e6a29703769dadDef90816f4C":497.415568750028,"0x075b1bb99792c9E1041bA13afEf80C91a1e70fB3":557.7883050907259,"0x085780639CC2cACd35E474e71f4d000e2405d8f6":378.4458941423535,"0x09db87A538BD693E9d08544577d5cCfAA6373A48":70.11732390093655,"0x0E2EC54fC0B509F445631Bf4b91AB8168230C752":0.4713505364940096,"0x0E573Ce2736Dd9637A0b21058352e1667925C7a8":143.0115176041823,"0x0a5E677a6A24b2F1A2Bf4F3bFfC443231d2fDEc8":0.08055488774712291,"0x0bc529c00C6401aEF6D220BE8C6Ea1667F6Ad93e":21.70486980699788,"0x0d86883FAf4FfD7aEb116390af37746F45b6f378":288.11002125843436,"0x0dE54CFdfeD8005176f8b7A9D5438B45c4F1df1e":4.708002274279295,"0x137469B55D1f15651BA46A89D0588e97dD0B6562":214.97722275106815,"0x1456688345527bE1f37E9e627DA0837D6f08C925":5.24721793190361,"0x15700B564Ca08D9439C58cA5053166E8317aa138":63.90914888212803,"0x16eAd9a10b1A77007E6E329B076aD1Fe97a6F7C0":159.16526968109304,"0x18084fbA666a33d37592fA2633fD49a74DD93a88":17.40941050053606,"0x1830c553dC76d3447B69b7B0dC19CF9e3c739C78":86.27477274860964,"0x183395DbD0B5e93323a7286D1973150697FFFCB3":420.9255400990282,"0x196f4727526eA7FB1e17b2071B3d8eAA38486988":2.0785894268232523,"0x1BED97CBC3c24A4fb5C069C6E311a967386131f7":251.9144903360217,"0x1aBaEA1f7C830bD89Acc67eC4af516284b1bC33c":116.22509435386704,"0x1bEFB9B02f7Fc821B96aC1FE2cAF881FdF72b771":3.4260166972318595,"0x1c48f86ae57291F7686349F12601910BD8D470bb":1.1397302644097491,"0x1ce0D1E19c9514230FF8CD1DAbaC2555fb92122b":0,"0x2191DF768ad71140F9F3E96c1e4407A4aA31d082":24.699053195340092,"0x2260FAC5E5542a773Aa44fBCfeDf7C193bc2C599":16.33198815616477,"0x22CF19EB64226e0E1A79c69b345b31466fD273A7":3.625706069685552,"0x2302aaBe69e6E7A1b0Aa23aAC68fcCB8A4D2B460":114.85870934357598,"0x2570f1bD5D2735314FC102eb12Fc1aFe9e6E7193":5.433691309606929,"0x25eC98773D7b4ceD4cAFaB96A2A1c0945f145e10":0,"0x2889302a794dA87fBF1D6Db415C1492194663D13":367.0167140457235,"0x29059568bB40344487d62f7450E78b8E6C74e0e5":472.42043011243004,"0x2b01d4FdB87eb7F2399E5D68631d8A939a323786":235.89015702559158,"0x3175Df0976dFA876431C2E9eE6Bc45b65d3473CC":0.000038736118777009905,"0x3231Cb76718CDeF2155FC47b5286d82e6eDA273f":334.88753773252495,"0x32bd822d615A3658A68b6fDD30c2fcb2C996D678":277.457016438688,"0x3432B6A60D23Ca0dFCa7761B7ab56459D9C964D0":285.58431584825854,"0x34635280737b5BFe6c7DC2FC3065D60d66e78185":236.57967901100756,"0x35282d87011f87508D457F08252Bc5bFa52E10A0":160.86508384446628,"0x35D8949372D46B7a3D5A56006AE77B215fc69bC0":613.1764558584143,"0x35fA164735182de50811E8e2E824cFb9B6118ac2":896.7565132777404,"0x365AccFCa291e7D3914637ABf1F7635dB165Bb09":420.0009471847533,"0x383E6b4437b59fff47B619CBA855CA29342A8559":198.62936627559333,"0x38D64ce1Bdf1A9f24E0Ec469C9cAde61236fB4a0":221.0149153029721,"0x393DaD6c76D962Abba489a77dBf37ae948A4A6ee":133.49512804328918,"0x3A2725556Dde7B21fBe3dD64A4913ff29faba6A1":0.027970304971992228,"0x3A283D9c08E8b55966afb64C515f5143cf907611":1252.108697977098,"0x3Ed3B47Dd13EC9a98b44e6204A523E766B225811":3.3845930778059516,"0x3f0e7916681452D23Cd36B1281457DA721F2E5dF":58.5079613708826,"0x401322B9FDdba8c0a8D40fbCECE1D1752C12316B":275.9245771958402,"0x40D16FC0246aD3160Ccc09B8D0D3A2cD28aE6C2f":148.04006598163178,"0x4591DBfF62656E7859Afe5e45f6f47D3669fBB28":216.37204528602737,"0x4647B6D835f3B393C7A955df51EEfcf0db961606":126.94207121690786,"0x466a756E9A7401B5e2444a3fCB3c2C12FBEa0a54":51.83301726470109,"0x48759F220ED983dB51fA7A8C0D2AAb8f3ce4166a":2394.4773075998064,"0x49446A0874197839D15395B908328a74ccc96Bc0":33.98007906285737,"0x4AE86d8732390d852A13cb918463BC6e5775FaDD":154.07443139415224,"0x4D1941a887eC788F059b3bfcC8eE1E97b968825B":304.4817969104172,"0x4DEcE678ceceb27446b35C672dC7d61F30bAD69E":444.8774475617259,"0x4Fabb145d64652a948d72533023f6E7A623C7C53":0.039635083988050476,"0x4c9EDD5852cd905f086C759E8383e09bff1E68B3":790.7260623169647,"0x4de2ab8177fC5fFAFB7aD11FB8BeB1e5fB95F71C":397.976038154314,"0x4eBdF703948ddCEA3B11f675B4D1Fba9d2414A14":173.61386041163632,"0x514910771AF9Ca656af840dff83E8264EcF986CA":84.20249596521901,"0x5228a22e72ccC52d415EcFd199F99D0665E7733b":58.60330045225672,"0x5271045F7B73c17825A7A7aee6917eE46b0B7520":200.17638148177406,"0x527331F3F550f6f85ACFEcAB9Cc0889180C6f1d5":274.6308237504327,"0x5426178799ee0a0181A89b4f57eFddfAb49941Ec":27.787354832001935,"0x5555f75e3d5278082200Fb451D1b6bA946D8e13b":118.92883713088841,"0x57Ab1ec28D129707052df4dF418D58a2D46d5f51":157.6690900582781,"0x57a5a0567187FF4A8dcC1A9bBa86155E355878F2":0.7921997785354581,"0x58efE15C0404aB22F87E4495D71f6f2077e862bE":0.0012498164138459997,"0x5905c0290e59aFBDc42a5480add9bD7B20CB3759":0.1780907818744321,"0x59D9356E565Ab3A36dD77763Fc0d87fEaf85508C":178.07082453792404,"0x5BC25f649fc4e26069dDF4cF4010F9f706c23831":1.969326034268719,"0x5Be6C45e2d074fAa20700C49aDA3E88a1cc0025d":244.4194332908155,"0x5Ca135cB8527d76e932f34B5145575F9d8cbE08E":57.36660520432573,"0x5E8422345238F34275888049021821E8E08CAa1f":13284.974993447722,"0x5Ea630e00D6eE438d3deA1556A110359ACdc10A9":269.8311828369734,"0x5b6C539b224014A09B3388e51CaAA8e354c959C8":40.637248728943554,"0x5e74C9036fb86BD7eCdcb084a0673EFc32eA31cb":7.015024898936823,"0x6359B6d3e327c497453d4376561eE276c6933323":247.68910675104786,"0x63a0964A36c34E81959da5894ad888800e17405b":253.4949289119949,"0x65D72AA8DA931F047169112fcf34f52DbaAE7D18":350.9970593244449,"0x65f228ED6a6001eD6485535e0Dc33E525734f54c":52.9670888103369,"0x661c70333AA1850CcDBAe82776Bb436A0fCfeEfB":81.53561282595726,"0x6663b6D50992ef4fc0380199397c87C2f5256075":99.87196319487428,"0x668308d77be3533c909a692302Cb4D135Bf8041C":0.04188997449309208,"0x66a1E37c9b0eAddca17d3662D6c05F4DECf3e110":31.602591932896956,"0x674C6Ad92Fd080e4004b2312b45f796a192D27a0":3.973086830719771,"0x677ddbd918637E5F2c79e164D402454dE7dA8619":2.7166662429981,"0x68749665FF8D2d112Fa859AA293F07A622782F38":20.659965124992194,"0x69000405f9DcE69BD4Cbf4f2865b79144A69BFE0":0.00003890706585100782,"0x6B175474E89094C44Da98b954EedeAC495271d0F":4588.544926240222,"0x6C280dB098dB673d30d5B34eC04B6387185D3620":286.58480164515953,"0x6C5024Cd4F8A59110119C56f8933403A539555EB":125.5281342500082,"0x6C9815826FdF8c7a45cCfEd2064dbaB33a078712":58.76726027730581,"0x6ade6971Ca3d90990C30d39c78b0534C7166e07b":183.4079861338227,"0x6b5204B0Be36771253Cc38e88012E02B752f0f36":154.6585474652499,"0x6c3F90f043a72FA612cbac8115EE7e52BDe6E490":725.4819351051068,"0x6c3ea9036406852006290770BEdFcAbA0e23A0e8":103.28398224919147,"0x6e52cCe4EaFDf77091dD1c82183b2D97b776b397":107.30460916715732,"0x6ef3D766Dfe02Dc4bF04aAe9122EB9A0Ded25615":0.03956328298688521,"0x7223442cad8e9cA474fC40109ab981608F8c4273":86.53598193777624,"0x73968b9a57c6E53d41345FD57a6E6ae27d6CDB2F":96.48195519870876,"0x73A15FeD60Bf67631dC6cd7Bc5B6e8da8190aCF5":350.2057166583078,"0x752B4c6e92d96467fE9b9a2522EF07228E00F87c":54.31766990950873,"0x76237BCfDbe8e06FB774663add96216961df4ff3":35.50285358565065,"0x76Eb2FE28b36B3ee97F3Adae0C69606eeDB2A37c":1179.6895948509793,"0x77E06c9eCCf2E797fd462A92B6D7642EF85b0A44":0.16220239252989502,"0x78da5799CF427Fee11e9996982F4150eCe7a99A7":95.25735707430144,"0x7988292D0FB141085c092132e2a70B30aA1eccAB":455.21125730305397,"0x7F17A6C77C3938D235b014818092eb6305BdA110":147.61206336924343,"0x7F86Bf177Dd4F3494b841a37e810A34dD56c829B":3014.8194136697884,"0x7FA768E035F956c41d6aeaa3Bd857e7E5141CAd5":0.356245090851479,"0x7ea4aD8C803653498bF6AC1D2dEbc04DCe8Fd2aD":108.74619086913401,"0x7f39C581F595B53c5cb19bD0b3f8dA6c935E2Ca0":336.0542928724544,