{"0x0000000000085d4780B73119b644AE5ecd22b376":0.008461364083836072,"0x005F893EcD7bF9667195642f7649DA8163e23658":144.53272926140303,"0x0100546F2cD4C9D97f798fFC9755E47865FF7Ee6":161.6100308757815,"0x028171bCA77440897B824Ca71D1c56caC55b68A3":747.6039791130769,"0x0316EB71485b0Ab14103307bf65a021042c6d380":62.085108353311156,"0x03ab458634910AaD20eF5f1C8ee96F1D6ac54919":175.9682464180182,"0x04C154b66CB340F3Ae24111CC767e0184Ed00Cc6":262.5833238322649,"0x056Fd409E1d7A124BD7017459dFEa2F387b6d5Cd":498.4673560485004,"0x067079c14B85169e6a29703769dadDef90816f4C":189.55704676539008,"0x075b1bb99792c9E1041bA13afEf80C91a1e70fB3":767.5082680968252,"0x085780639CC2cACd35E474e71f4d000e2405d8f6":1219.7100293740227,"0x09b2E090531228d1b8E3d948C73b990Cb6e60720":498.6320162048996,"0x0E2EC54fC0B509F445631Bf4b91AB8168230C752":0.47137285377670807,"0x0E573Ce2736Dd9637A0b21058352e1667925C7a8":143.99851660727825,"0x0a5E677a6A24b2F1A2Bf4F3bFfC443231d2fDEc8":0.021093512300489985,"0x0bc529c00C6401aEF6D220BE8C6Ea1667F6Ad93e":15.041314227374713,"0x0d86883FAf4FfD7aEb116390af37746F45b6f378":188.37819715572584,"0x0dE54CFdfeD8005176f8b7A9D5438B45c4F1df1e":4.126904978990853,"0x137469B55D1f15651BA46A89D0588e97dD0B6562":0.2658448811188393,"0x1456688345527bE1f37E9e627DA0837D6f08C925":4.867434995267032,"0x18084fbA666a33d37592fA2633fD49a74DD93a88":26.08557886227149,"0x1830c553dC76d3447B69b7B0dC19CF9e3c739C78":100.58447018259515,"0x183395DbD0B5e93323a7286D1973150697FFFCB3":362.8691162946872,"0x196f4727526eA7FB1e17b2071B3d8eAA38486988":1.449191895515953,"0x1c48f86ae57291F7686349F12601910BD8D470bb":0.1411275305128241,"0x1ce0D1E19c9514230FF8CD1DAbaC2555fb92122b":0,"0x2260FAC5E5542a773Aa44fBCfeDf7C193bc2C599":324.4624414690467,"0x22CF19EB64226e0E1A79c69b345b31466fD273A7":2.0238409048250006,"0x2570f1bD5D2735314FC102eb12Fc1aFe9e6E7193":596.2933004336354,"0x25eC98773D7b4ceD4cAFaB96A2A1c0945f145e10":6.037244816859655,"0x2b01d4FdB87eb7F2399E5D68631d8A939a323786":20.27542756906309,"0x31429d1856aD1377A8A0079410B297e1a9e214c2":471.2565151130419,"0x32bd822d615A3658A68b6fDD30c2fcb2C996D678":66.16802630677769,"0x34635280737b5BFe6c7DC2FC3065D60d66e78185":389.51719031094655,"0x35282d87011f87508D457F08252Bc5bFa52E10A0":99.21411884750987,"0x35D8949372D46B7a3D5A56006AE77B215fc69bC0":1947.1016556998513,"0x35fA164735182de50811E8e2E824cFb9B6118ac2":989.7147648215255,"0x383E6b4437b59fff47B619CBA855CA29342A8559":121.04345906514776,"0x38D64ce1Bdf1A9f24E0Ec469C9cAde61236fB4a0":185.50862879121294,"0x3A283D9c08E8b55966afb64C515f5143cf907611":2475.4891122805584,"0x3Ed3B47Dd13EC9a98b44e6204A523E766B225811":1009.6464445666672,"0x40D16FC0246aD3160Ccc09B8D0D3A2cD28aE6C2f":244.4850583366812,"0x4591DBfF62656E7859Afe5e45f6f47D3669fBB28":466.33776700057064,"0x466a756E9A7401B5e2444a3fCB3c2C12FBEa0a54":0.33962523977587294,"0x48759F220ED983dB51fA7A8C0D2AAb8f3ce4166a":1067.1079828984768,"0x49446A0874197839D15395B908328a74ccc96Bc0":19.89563836355505,"0x4AE86d8732390d852A13cb918463BC6e5775FaDD":88.52563700502448,"0x4D1941a887eC788F059b3bfcC8eE1E97b968825B":14.38996851643054,"0x4Fabb145d64652a948d72533023f6E7A623C7C53":0.029473279034905434,"0x4c9EDD5852cd905f086C759E8383e09bff1E68B3":3627.4427465928734,"0x4de2ab8177fC5fFAFB7aD11FB8BeB1e5fB95F71C":173.12639205642523,"0x4eBdF703948ddCEA3B11f675B4D1Fba9d2414A14":1855.2349949637464,"0x514910771AF9Ca656af840dff83E8264EcF986CA":107.27971957714719,"0x5228a22e72ccC52d415EcFd199F99D0665E7733b":52.945842536667335,"0x5426178799ee0a0181A89b4f57eFddfAb49941Ec":273.46426705784205,"0x5555f75e3d5278082200Fb451D1b6bA946D8e13b":83.2864648546505,"0x57a5a0567187FF4A8dcC1A9bBa86155E355878F2":1.0900900554705275,"0x58efE15C0404aB22F87E4495D71f6f2077e862bE":0.001248567846,"0x5905c0290e59aFBDc42a5480add9bD7B20CB3759":0.1788955150664852,"0x59D9356E565Ab3A36dD77763Fc0d87fEaf85508C":555.7499467340798,"0x5BC25f649fc4e26069dDF4cF4010F9f706c23831":2.5946994416489093,"0x5Ca135cB8527d76e932f34B5145575F9d8cbE08E":54.907890877500755,"0x5E8422345238F34275888049021821E8E08CAa1f":15909.757998801524,"0x5b6C539b224014A09B3388e51CaAA8e354c959C8":966.7688958985622,"0x5e74C9036fb86BD7eCdcb084a0673EFc32eA31cb":195.09611139696835,"0x63a0964A36c34E81959da5894ad888800e17405b":27.880197112962012,"0x65D72AA8DA931F047169112fcf34f52DbaAE7D18":135.49144386022434,"0x661c70333AA1850CcDBAe82776Bb436A0fCfeEfB":51.94884517928781,"0x668308d77be3533c909a692302Cb4D135Bf8041C":0.0533362773066402,"0x66a1E37c9b0eAddca17d3662D6c05F4DECf3e110":0.10862002737437511,"0x674C6Ad92Fd080e4004b2312b45f796a192D27a0":3.2844796459253436,"0x68749665FF8D2d112Fa859AA293F07A622782F38":19.880312188244538,"0x6B175474E89094C44Da98b954EedeAC495271d0F":2710.021504460813,"0x6C280dB098dB673d30d5B34eC04B6387185D3620":68.30715521749136,"0x6C5024Cd4F8A59110119C56f8933403A539555EB":113.61067098659582,"0x6ade6971Ca3d90990C30d39c78b0534C7166e07b":136.18320955817453,"0x6b5204B0Be36771253Cc38e88012E02B752f0f36":158.61503651812325,"0x6c3F90f043a72FA612cbac8115EE7e52BDe6E490":1425.6965765907978,"0x6c3ea9036406852006290770BEdFcAbA0e23A0e8":828.6022709399983,"0x6e52cCe4EaFDf77091dD1c82183b2D97b776b397":187.5539977632113,"0x6ef3D766Dfe02Dc4bF04aAe9122EB9A0Ded25615":0.02760849406161267,"0x73968b9a57c6E53d41345FD57a6E6ae27d6CDB2F":84.30870866108377,"0x73A15FeD60Bf67631dC6cd7Bc5B6e8da8190aCF5":6007.2248263408865,"0x76237BCfDbe8e06FB774663add96216961df4ff3":22.038696772919465,"0x76Eb2FE28b36B3ee97F3Adae0C69606eeDB2A37c":732.3833855446115,"0x77E06c9eCCf2E797fd462A92B6D7642EF85b0A44":0.68388225451,"0x78da5799CF427Fee11e9996982F4150eCe7a99A7":60.307390361526444,"0x7F17A6C77C3938D235b014818092eb6305BdA110":58.137586919779466,"0x7F86Bf177Dd4F3494b841a37e810A34dD56c829B":4335.44733514762,"0x7FA768E035F956c41d6aeaa3Bd857e7E5141CAd5":0.4576712026633995,"0x7f39C581F595B53c5cb19bD0b3f8dA6c935E2Ca0":1004.0378035925297,"0x8064d9Ae6cDf087b1bcd5BDf3531bD5d8C537a68":72.58532318541172,"0x80d69e79258FE9D056c822461c4eb0B4ca8802E2":0.2598519608718446,"0x826180541412D574cf1336d22c0C0a287822678A":227.49778684065117,"0x830614aE209FF9d8706d386fcdBc7a55206fcffC":55.7565010023714,"0x83F20F44975D03b1b09e64809B757c47f942BEeA":2822.016469631145,"0x853d955aCEf822Db058eb8505911ED77F175b99e":1224.1088520386754,"0x856c4Efb76C1D1AE02e20CEB03A2A6a08b0b8dC3":0.623836374974533,"0x865377367054516e17014CcdED1e7d814EDC9ce4":701.4515848612622,"0x8C0D76C9B18779665475F3E212D9Ca1Ed6A1A0e6":556.634022608752,"0x8C88538688aca3b733aD08b12BEe4574c0C00907":323.01314130598894,"0x8Cd52ee292313C4D851e71A7064F096504aB3eE9":6.496349389080427,"0x8c9532a60E0E7C6BbD2B2c1303F63aCE1c3E9811":1.101134760655442,"0x8dAEBADE922dF735c38C80C7eBD708Af50815fAa":17.718547521387926,"0x8e595470Ed749b85C6F7669de83EAe304C2ec68F":20.47585844790062,"0x917ceE801a67f933F2e6b33fC0cD1ED2d5909D88":445.67944448356013,"0x9181f633E9B9F15A32d5e37094F4C93b333e0E92":1.088854100340258,"0x922406EAFC3CcEb32b0256F287fB977c426EDbd8":0.029080163276051545,"0x954313005C56b555bdC41B84D6c63B69049d7847":448.212282195727,"0x9559Aaa82d9649C7A7b220E7c461d2E74c9a3593":186.80764456115566,"0x95710BDE45C8D384A976Cc58Cc7a7e489576b098":0.49115317217647925,"0x961D4921e1718E633BAC8Ded88c4a1cAe44b785a":928.5281234493425,"0x9961BdBE8B7091E584c2bF9D0a160C583f564A8c":394.94263071346705,"0x99D8a9C45b2ecA8864373A26D1459e3Dff1e17F3":74.73253639553776,"0x9BE89D2a4cd102D8Fecc6BF9dA793be995C22541":685.035997609154,"0x9D39A5DE30e57443BfF2A8307A4256c8797A3497":3063.11186791657,"0x9EEAD9ce15383CaEED975427340b3A369410CFBF":8.004918991483818,"0x9FeE65D5A627e73212989c8BbEdC5Fa5Cae3821F":16.761206505557528,"0x9b77bd0a665F05995b68e36fC1053AFFfAf0d4B5":12.8586829988749,"0x9de1c3D446237ab9BaFF74127eb4F303802a2683":464.0310926405824,"0xA0b86991c6218b36c1d19D4a2e9Eb0cE3606eB48":6923.558278990621,"0xA0d69E286B938e21CBf7E51D71F6A4c8918f482F":1058.3275762546152,"0xA1290d69c65A6Fe4DF752f95823fae25cB99e5A7":489.11476222223496,"0xA35b1B31Ce002FBF2058D22F30f95D405200A15b":0.6923570011035065,"0xA5588F7cdf560811710A2D82D3C9c99769DB1Dcb":474.7271712113066,"0xA663B02CF0a4b149d2aD41910CB81e23e1c41c32":77.80417205991431,