{"0x0000000000085d4780B73119b644AE5ecd22b376":0.008477472127779164,"0x005F893EcD7bF9667195642f7649DA8163e23658":0.2011131160799767,"0x0100546F2cD4C9D97f798fFC9755E47865FF7Ee6":479.8235225901676,"0x028171bCA77440897B824Ca71D1c56caC55b68A3":743.2462721911486,"0x0316EB71485b0Ab14103307bf65a021042c6d380":0.022914915259020233,"0x03ab458634910AaD20eF5f1C8ee96F1D6ac54919":184.82509567823269,"0x04C154b66CB340F3Ae24111CC767e0184Ed00Cc6":429.4724100390258,"0x056Fd409E1d7A124BD7017459dFEa2F387b6d5Cd":21.9130615728329,"0x075b1bb99792c9E1041bA13afEf80C91a1e70fB3":325.4349513882991,"0x085780639CC2cACd35E474e71f4d000e2405d8f6":372.7848907965563,"0x0E2EC54fC0B509F445631Bf4b91AB8168230C752":0.471515694720289,"0x0E573Ce2736Dd9637A0b21058352e1667925C7a8":141.58658431026234,"0x0a5E677a6A24b2F1A2Bf4F3bFfC443231d2fDEc8":0.04939115328838452,"0x0bc529c00C6401aEF6D220BE8C6Ea1667F6Ad93e":9.97031914904739,"0x0d86883FAf4FfD7aEb116390af37746F45b6f378":243.7981035181071,"0x0dE54CFdfeD8005176f8b7A9D5438B45c4F1df1e":0.007394378766411082,"0x1456688345527bE1f37E9e627DA0837D6f08C925":6.7672713106213935,"0x16eAd9a10b1A77007E6E329B076aD1Fe97a6F7C0":132.89919770142262,"0x18084fbA666a33d37592fA2633fD49a74DD93a88":2.4098574706937614,"0x1830c553dC76d3447B69b7B0dC19CF9e3c739C78":112.03767245899971,"0x183395DbD0B5e93323a7286D1973150697FFFCB3":387.2813158468183,"0x196f4727526eA7FB1e17b2071B3d8eAA38486988":2.5320601553892232,"0x1aBaEA1f7C830bD89Acc67eC4af516284b1bC33c":491.69176697399234,"0x1c48f86ae57291F7686349F12601910BD8D470bb":0.28800945002373013,"0x1ce0D1E19c9514230FF8CD1DAbaC2555fb92122b":0,"0x2191DF768ad71140F9F3E96c1e4407A4aA31d082":6.213708071234494,"0x2260FAC5E5542a773Aa44fBCfeDf7C193bc2C599":10.574231693618106,"0x2570f1bD5D2735314FC102eb12Fc1aFe9e6E7193":4.310668458272243,"0x25eC98773D7b4ceD4cAFaB96A2A1c0945f145e10":0,"0x2889302a794dA87fBF1D6Db415C1492194663D13":276.53564754257167,"0x29059568bB40344487d62f7450E78b8E6C74e0e5":296.9879192764382,"0x2b01d4FdB87eb7F2399E5D68631d8A939a323786":19.505517585172893,"0x31429d1856aD1377A8A0079410B297e1a9e214c2":478.57484900818775,"0x32bd822d615A3658A68b6fDD30c2fcb2C996D678":77.7012777297098,"0x34635280737b5BFe6c7DC2FC3065D60d66e78185":356.181511773566,"0x35282d87011f87508D457F08252Bc5bFa52E10A0":124.08638667110796,"0x35D8949372D46B7a3D5A56006AE77B215fc69bC0":172.516757380994,"0x35fA164735182de50811E8e2E824cFb9B6118ac2":1157.4070843925333,"0x365AccFCa291e7D3914637ABf1F7635dB165Bb09":385.627936958116,"0x383E6b4437b59fff47B619CBA855CA29342A8559":162.5783652421957,"0x38D64ce1Bdf1A9f24E0Ec469C9cAde61236fB4a0":250.8908587730546,"0x3Ed3B47Dd13EC9a98b44e6204A523E766B225811":0.000092184,"0x3f0e7916681452D23Cd36B1281457DA721F2E5dF":22.297946366748253,"0x401322B9FDdba8c0a8D40fbCECE1D1752C12316B":385.6237586096231,"0x40D16FC0246aD3160Ccc09B8D0D3A2cD28aE6C2f":227.20841664431057,"0x4591DBfF62656E7859Afe5e45f6f47D3669fBB28":298.8672005050377,"0x466a756E9A7401B5e2444a3fCB3c2C12FBEa0a54":6.427636759566932,"0x48759F220ED983dB51fA7A8C0D2AAb8f3ce4166a":1549.6753345288723,"0x49446A0874197839D15395B908328a74ccc96Bc0":27.596967358901274,"0x4D1941a887eC788F059b3bfcC8eE1E97b968825B":11.650466899068373,"0x4Fabb145d64652a948d72533023f6E7A623C7C53":0.029531699806035077,"0x4c9EDD5852cd905f086C759E8383e09bff1E68B3":1373.1249350840517,"0x4de2ab8177fC5fFAFB7aD11FB8BeB1e5fB95F71C":223.50762300557713,"0x4e3FBD56CD56c3e72c1403e103b45Db9da5B9D2B":488.5559025960943,"0x4eBdF703948ddCEA3B11f675B4D1Fba9d2414A14":55.08569186266975,"0x514910771AF9Ca656af840dff83E8264EcF986CA":114.56452237584142,"0x5228a22e72ccC52d415EcFd199F99D0665E7733b":56.947423802363815,"0x5426178799ee0a0181A89b4f57eFddfAb49941Ec":16.303761859239582,"0x5555f75e3d5278082200Fb451D1b6bA946D8e13b":88.32849542502844,"0x57a5a0567187FF4A8dcC1A9bBa86155E355878F2":1.1905470218972187,"0x58efE15C0404aB22F87E4495D71f6f2077e862bE":0.0012498164138459997,"0x5905c0290e59aFBDc42a5480add9bD7B20CB3759":0.17907441058155169,"0x59D9356E565Ab3A36dD77763Fc0d87fEaf85508C":577.838950538669,"0x5BC25f649fc4e26069dDF4cF4010F9f706c23831":4.252377665149971,"0x5Be6C45e2d074fAa20700C49aDA3E88a1cc0025d":39.84777412900605,"0x5Ca135cB8527d76e932f34B5145575F9d8cbE08E":53.410950947832326,"0x5E8422345238F34275888049021821E8E08CAa1f":17725.90985993938,"0x5Ea630e00D6eE438d3deA1556A110359ACdc10A9":412.9745502447633,"0x5e74C9036fb86BD7eCdcb084a0673EFc32eA31cb":204.73460644429053,"0x62B9c7356A2Dc64a1969e19C23e4f579F9810Aa7":271.5816240180953,"0x6359B6d3e327c497453d4376561eE276c6933323":285.5043560223734,"0x63a0964A36c34E81959da5894ad888800e17405b":165.54815375181195,"0x65D72AA8DA931F047169112fcf34f52DbaAE7D18":130.13285017184515,"0x65f228ED6a6001eD6485535e0Dc33E525734f54c":54.6479018004591,"0x661c70333AA1850CcDBAe82776Bb436A0fCfeEfB":55.83328402517674,"0x668308d77be3533c909a692302Cb4D135Bf8041C":0.05816473983048178,"0x66a1E37c9b0eAddca17d3662D6c05F4DECf3e110":9.412189340148103,"0x674C6Ad92Fd080e4004b2312b45f796a192D27a0":1.1836074607930303,"0x68749665FF8D2d112Fa859AA293F07A622782F38":17.150926749410363,"0x6B175474E89094C44Da98b954EedeAC495271d0F":653.625881858485,"0x6C280dB098dB673d30d5B34eC04B6387185D3620":64.50132210159914,"0x6C5024Cd4F8A59110119C56f8933403A539555EB":130.55499277394637,"0x6C9815826FdF8c7a45cCfEd2064dbaB33a078712":11.750199928093947,"0x6ade6971Ca3d90990C30d39c78b0534C7166e07b":197.60288411665704,"0x6b5204B0Be36771253Cc38e88012E02B752f0f36":180.44123892855671,"0x6c3F90f043a72FA612cbac8115EE7e52BDe6E490":969.9090002950568,"0x6c3ea9036406852006290770BEdFcAbA0e23A0e8":234.8878067023054,"0x6e52cCe4EaFDf77091dD1c82183b2D97b776b397":123.83585903852091,"0x6ef3D766Dfe02Dc4bF04aAe9122EB9A0Ded25615":0.08826288564525937,"0x7223442cad8e9cA474fC40109ab981608F8c4273":10.325929727088067,"0x73968b9a57c6E53d41345FD57a6E6ae27d6CDB2F":110.37317671131348,"0x73A15FeD60Bf67631dC6cd7Bc5B6e8da8190aCF5":368.82115801510105,"0x76237BCfDbe8e06FB774663add96216961df4ff3":17.732400679215274,"0x76Eb2FE28b36B3ee97F3Adae0C69606eeDB2A37c":793.6194271252525,"0x77E06c9eCCf2E797fd462A92B6D7642EF85b0A44":0.9934281042800001,"0x78da5799CF427Fee11e9996982F4150eCe7a99A7":86.56332556824236,"0x7988292D0FB141085c092132e2a70B30aA1eccAB":465.97127878259437,"0x7F86Bf177Dd4F3494b841a37e810A34dD56c829B":584.8744802009604,"0x7FA768E035F956c41d6aeaa3Bd857e7E5141CAd5":0.5009688686251188,"0x7ea4aD8C803653498bF6AC1D2dEbc04DCe8Fd2aD":416.21995165541335,"0x7f39C581F595B53c5cb19bD0b3f8dA6c935E2Ca0":76.72669936897915,"0x8064d9Ae6cDf087b1bcd5BDf3531bD5d8C537a68":81.67700504575879,"0x808507121B80c02388fAd14726482e061B8da827":339.5341817528178,"0x80d69e79258FE9D056c822461c4eb0B4ca8802E2":0.2608190937611786,"0x826180541412D574cf1336d22c0C0a287822678A":260.1462076678817,"0x830614aE209FF9d8706d386fcdBc7a55206fcffC":66.51621741584253,"0x83F20F44975D03b1b09e64809B757c47f942BEeA":395.836951390467,"0x84CeCB5525c6B1C20070E742da870062E84Da178":14.506467364175174,"0x853d955aCEf822Db058eb8505911ED77F175b99e":394.26714822665366,"0x856c4Efb76C1D1AE02e20CEB03A2A6a08b0b8dC3":1.949625432014546,"0x865377367054516e17014CcdED1e7d814EDC9ce4":45.0722582154612,"0x8C0D76C9B18779665475F3E212D9Ca1Ed6A1A0e6":321.88677554691145,"0x8Cd52ee292313C4D851e71A7064F096504aB3eE9":65.69128629133255,"0x8E870D67F660D95d5be530380D0eC0bd388289E1":0.007676933965674135,"0x8c9532a60E0E7C6BbD2B2c1303F63aCE1c3E9811":1.2076574373276914,"0x8dAEBADE922dF735c38C80C7eBD708Af50815fAa":15.044383026389772,"0x8e595470Ed749b85C6F7669de83EAe304C2ec68F":0.0006007385712034477,"0x917ceE801a67f933F2e6b33fC0cD1ED2d5909D88":72.1791891444434,"0x9181f633E9B9F15A32d5e37094F4C93b333e0E92":1.188373033640495,"0x922406EAFC3CcEb32b0256F287fB977c426EDbd8":0.02910941809583617,"0x954313005C56b555bdC41B84D6c63B69049d7847":482.23283390444897,"0x9559Aaa82d9649C7A7b220E7c461d2E74c9a3593":214.12008651544764,"0x95710BDE45C8D384A976Cc58Cc7a7e489576b098":2.3976116542160133,"0x961D4921e1718E633BAC8Ded88c4a1cAe44b785a":1120.432246246279,"0x96E61422b6A9bA0e068B6c5ADd4fFaBC6a4aae27":399.3844378135955,"0x9961BdBE8B7091E584c2bF9D0a160C583f564A8c":400.3616455651755,