{"0x0000000000085d4780B73119b644AE5ecd22b376":0.0054509784594703875,"0x005F893EcD7bF9667195642f7649DA8163e23658":20.64878857299556,"0x0100546F2cD4C9D97f798fFC9755E47865FF7Ee6":148.53866675981806,"0x028171bCA77440897B824Ca71D1c56caC55b68A3":119.61482133670636,"0x0316EB71485b0Ab14103307bf65a021042c6d380":53.48791342423542,"0x03ab458634910AaD20eF5f1C8ee96F1D6ac54919":171.2804860161556,"0x04C154b66CB340F3Ae24111CC767e0184Ed00Cc6":227.40936170928902,"0x056Fd409E1d7A124BD7017459dFEa2F387b6d5Cd":106.12939351481693,"0x067079c14B85169e6a29703769dadDef90816f4C":500.1829281645941,"0x075b1bb99792c9E1041bA13afEf80C91a1e70fB3":760.0068969371017,"0x085780639CC2cACd35E474e71f4d000e2405d8f6":802.4154315041303,"0x09b2E090531228d1b8E3d948C73b990Cb6e60720":504.841213976405,"0x0E2EC54fC0B509F445631Bf4b91AB8168230C752":0.4500159502641454,"0x0E573Ce2736Dd9637A0b21058352e1667925C7a8":143.7204369941263,"0x0a5E677a6A24b2F1A2Bf4F3bFfC443231d2fDEc8":1.7417626282195005e-10,"0x0bc529c00C6401aEF6D220BE8C6Ea1667F6Ad93e":7.762132624197434,"0x0d86883FAf4FfD7aEb116390af37746F45b6f378":143.5524182511558,"0x0dE54CFdfeD8005176f8b7A9D5438B45c4F1df1e":3.7425994526977986,"0x137469B55D1f15651BA46A89D0588e97dD0B6562":0.49764705239061235,"0x1456688345527bE1f37E9e627DA0837D6f08C925":4.2607329748853005,"0x16eAd9a10b1A77007E6E329B076aD1Fe97a6F7C0":53.09378670398492,"0x18084fbA666a33d37592fA2633fD49a74DD93a88":9.626860877098332,"0x1830c553dC76d3447B69b7B0dC19CF9e3c739C78":93.00470274808117,"0x196f4727526eA7FB1e17b2071B3d8eAA38486988":1.524272244311044,"0x1c48f86ae57291F7686349F12601910BD8D470bb":0.1381662332855435,"0x1ce0D1E19c9514230FF8CD1DAbaC2555fb92122b":0,"0x2260FAC5E5542a773Aa44fBCfeDf7C193bc2C599":318.32646217605424,"0x2570f1bD5D2735314FC102eb12Fc1aFe9e6E7193":299.35932498231796,"0x25eC98773D7b4ceD4cAFaB96A2A1c0945f145e10":5.867932583712369,"0x2889302a794dA87fBF1D6Db415C1492194663D13":1729.8243319529836,"0x2b01d4FdB87eb7F2399E5D68631d8A939a323786":18.223049366241938,"0x31429d1856aD1377A8A0079410B297e1a9e214c2":479.8674626496195,"0x32bd822d615A3658A68b6fDD30c2fcb2C996D678":44.92978935190785,"0x35282d87011f87508D457F08252Bc5bFa52E10A0":708.0874612323256,"0x35fA164735182de50811E8e2E824cFb9B6118ac2":900.5283505879103,"0x365AccFCa291e7D3914637ABf1F7635dB165Bb09":511.8615192098027,"0x383E6b4437b59fff47B619CBA855CA29342A8559":34.687827347540086,"0x38D64ce1Bdf1A9f24E0Ec469C9cAde61236fB4a0":1276.9857188409158,"0x3A283D9c08E8b55966afb64C515f5143cf907611":8588.288035538875,"0x3Ed3B47Dd13EC9a98b44e6204A523E766B225811":573.5721848068765,"0x3f0e7916681452D23Cd36B1281457DA721F2E5dF":497.1582879904633,"0x40D16FC0246aD3160Ccc09B8D0D3A2cD28aE6C2f":1068.8896945282788,"0x4591DBfF62656E7859Afe5e45f6f47D3669fBB28":291.80372928748943,"0x4647B6D835f3B393C7A955df51EEfcf0db961606":161.85107939261064,"0x466a756E9A7401B5e2444a3fCB3c2C12FBEa0a54":527.124761037034,"0x48759F220ED983dB51fA7A8C0D2AAb8f3ce4166a":974.7809995893881,"0x49446A0874197839D15395B908328a74ccc96Bc0":16.999205703414134,"0x4AE86d8732390d852A13cb918463BC6e5775FaDD":36.125980063227686,"0x4D1941a887eC788F059b3bfcC8eE1E97b968825B":13.97762631692514,"0x4DEcE678ceceb27446b35C672dC7d61F30bAD69E":608.211134932694,"0x4Fabb145d64652a948d72533023f6E7A623C7C53":0.0038905506645226613,"0x4c9EDD5852cd905f086C759E8383e09bff1E68B3":10721.705778709778,"0x4de2ab8177fC5fFAFB7aD11FB8BeB1e5fB95F71C":70.22007854744554,"0x4eBdF703948ddCEA3B11f675B4D1Fba9d2414A14":3668.2799391303165,"0x514910771AF9Ca656af840dff83E8264EcF986CA":106.2765882412049,"0x5228a22e72ccC52d415EcFd199F99D0665E7733b":51.25450320040212,"0x5426178799ee0a0181A89b4f57eFddfAb49941Ec":33.653861598423354,"0x5555f75e3d5278082200Fb451D1b6bA946D8e13b":48.37169325265451,"0x57a5a0567187FF4A8dcC1A9bBa86155E355878F2":1.051362268619261,"0x58efE15C0404aB22F87E4495D71f6f2077e862bE":0.001248567846,"0x5905c0290e59aFBDc42a5480add9bD7B20CB3759":0.07186193013842475,"0x59D9356E565Ab3A36dD77763Fc0d87fEaf85508C":506.7129712724973,"0x5BC25f649fc4e26069dDF4cF4010F9f706c23831":2.4647708258047123,"0x5Be6C45e2d074fAa20700C49aDA3E88a1cc0025d":536.630442670923,"0x5Ca135cB8527d76e932f34B5145575F9d8cbE08E":54.32273338132086,"0x5E8422345238F34275888049021821E8E08CAa1f":14870.450589078953,"0x5b6C539b224014A09B3388e51CaAA8e354c959C8":238.7069656702635,"0x5e74C9036fb86BD7eCdcb084a0673EFc32eA31cb":187.53052071680855,"0x6359B6d3e327c497453d4376561eE276c6933323":2.23772347644619,"0x63a0964A36c34E81959da5894ad888800e17405b":21.75940524846333,"0x65D72AA8DA931F047169112fcf34f52DbaAE7D18":118.92680048337506,"0x661c70333AA1850CcDBAe82776Bb436A0fCfeEfB":29.62430847162565,"0x6663b6D50992ef4fc0380199397c87C2f5256075":540.4221606369227,"0x668308d77be3533c909a692302Cb4D135Bf8041C":0.05142039972288629,"0x66a1E37c9b0eAddca17d3662D6c05F4DECf3e110":0.10858613867442661,"0x674C6Ad92Fd080e4004b2312b45f796a192D27a0":2.347055255363433,"0x68749665FF8D2d112Fa859AA293F07A622782F38":20.00975571311455,"0x6B175474E89094C44Da98b954EedeAC495271d0F":6785.350128519748,"0x6C280dB098dB673d30d5B34eC04B6387185D3620":62.889388012634285,"0x6C5024Cd4F8A59110119C56f8933403A539555EB":111.93094539776419,"0x6ade6971Ca3d90990C30d39c78b0534C7166e07b":110.94016270395525,"0x6b5204B0Be36771253Cc38e88012E02B752f0f36":21.55522221063146,"0x6c38cE8984a890F5e46e6dF6117C26b3F1EcfC9C":1.1979378111220742,"0x6c3F90f043a72FA612cbac8115EE7e52BDe6E490":1290.0394715564307,"0x6c3ea9036406852006290770BEdFcAbA0e23A0e8":2096.7898860997952,"0x6e52cCe4EaFDf77091dD1c82183b2D97b776b397":5.423534855995995,"0x6ef3D766Dfe02Dc4bF04aAe9122EB9A0Ded25615":0.026613721246871884,"0x73968b9a57c6E53d41345FD57a6E6ae27d6CDB2F":74.05193983338098,"0x73A15FeD60Bf67631dC6cd7Bc5B6e8da8190aCF5":0.012567244266223484,"0x76237BCfDbe8e06FB774663add96216961df4ff3":22.03269364864011,"0x76Eb2FE28b36B3ee97F3Adae0C69606eeDB2A37c":724.1832506793518,"0x77E06c9eCCf2E797fd462A92B6D7642EF85b0A44":0.45204293285999997,"0x78da5799CF427Fee11e9996982F4150eCe7a99A7":288.95311266055006,"0x7988292D0FB141085c092132e2a70B30aA1eccAB":482.5022873329365,"0x7F17A6C77C3938D235b014818092eb6305BdA110":50.813215416931904,"0x7F86Bf177Dd4F3494b841a37e810A34dD56c829B":11311.239082482365,"0x7FA768E035F956c41d6aeaa3Bd857e7E5141CAd5":0.03606327342330984,"0x7ea4aD8C803653498bF6AC1D2dEbc04DCe8Fd2aD":107.20524717438124,"0x7f39C581F595B53c5cb19bD0b3f8dA6c935E2Ca0":5114.0238251842,"0x8064d9Ae6cDf087b1bcd5BDf3531bD5d8C537a68":70.53697059532611,"0x80d69e79258FE9D056c822461c4eb0B4ca8802E2":0.024595137272624877,"0x826180541412D574cf1336d22c0C0a287822678A":844.0292487166206,"0x830614aE209FF9d8706d386fcdBc7a55206fcffC":38.54668258204994,"0x83F20F44975D03b1b09e64809B757c47f942BEeA":9544.610509549837,"0x84CeCB5525c6B1C20070E742da870062E84Da178":9.540537837146385,"0x853d955aCEf822Db058eb8505911ED77F175b99e":4254.154902035842,"0x856c4Efb76C1D1AE02e20CEB03A2A6a08b0b8dC3":0.5238617038482508,"0x865377367054516e17014CcdED1e7d814EDC9ce4":476.8148883784609,"0x8C0D76C9B18779665475F3E212D9Ca1Ed6A1A0e6":325.9029624850829,"0x8C88538688aca3b733aD08b12BEe4574c0C00907":173.5012149543183,"0x8Cd52ee292313C4D851e71A7064F096504aB3eE9":117.63459042317,"0x8E870D67F660D95d5be530380D0eC0bd388289E1":668.5728625979361,"0x8dAEBADE922dF735c38C80C7eBD708Af50815fAa":17.449341721302293,"0x8e595470Ed749b85C6F7669de83EAe304C2ec68F":15.835288940593859,"0x917ceE801a67f933F2e6b33fC0cD1ED2d5909D88":338.7212353078542,"0x9181f633E9B9F15A32d5e37094F4C93b333e0E92":0.41693507797592366,"0x922406EAFC3CcEb32b0256F287fB977c426EDbd8":0.029070886648306718,"0x9559Aaa82d9649C7A7b220E7c461d2E74c9a3593":176.09057875977877,"0x95710BDE45C8D384A976Cc58Cc7a7e489576b098":0.617525971493977,"0x961D4921e1718E633BAC8Ded88c4a1cAe44b785a":226.68182359502765,"0x96E61422b6A9bA0e068B6c5ADd4fFaBC6a4aae27":549.2980652219495,"0x9961BdBE8B7091E584c2bF9D0a160C583f564A8c":395.34591291010554,"0x99D8a9C45b2ecA8864373A26D1459e3Dff1e17F3":51.46119857423364,"0x9BE89D2a4cd102D8Fecc6BF9dA793be995C22541":222.02387723288413,"0x9D39A5DE30e57443BfF2A8307A4256c8797A3497":9192.116604379025,"0x9EEAD9ce15383CaEED975427340b3A369410CFBF":0.0012225218069999999,