{"0x0000000000085d4780B73119b644AE5ecd22b376":0.005454076374851303,"0x005F893EcD7bF9667195642f7649DA8163e23658":17.44731115073694,"0x0100546F2cD4C9D97f798fFC9755E47865FF7Ee6":145.94603713588336,"0x028171bCA77440897B824Ca71D1c56caC55b68A3":120.18145954564905,"0x0316EB71485b0Ab14103307bf65a021042c6d380":45.5714419078453,"0x03ab458634910AaD20eF5f1C8ee96F1D6ac54919":168.0339266318867,"0x04C154b66CB340F3Ae24111CC767e0184Ed00Cc6":222.25931445278306,"0x056Fd409E1d7A124BD7017459dFEa2F387b6d5Cd":143.30225583331045,"0x067079c14B85169e6a29703769dadDef90816f4C":751.9543063219297,"0x075b1bb99792c9E1041bA13afEf80C91a1e70fB3":725.167171956913,"0x085780639CC2cACd35E474e71f4d000e2405d8f6":902.9430615445323,"0x09b2E090531228d1b8E3d948C73b990Cb6e60720":500.62537781277473,"0x0E2EC54fC0B509F445631Bf4b91AB8168230C752":0.45000790657288586,"0x0E573Ce2736Dd9637A0b21058352e1667925C7a8":139.54746904299213,"0x0a5E677a6A24b2F1A2Bf4F3bFfC443231d2fDEc8":0.006791218096468137,"0x0bc529c00C6401aEF6D220BE8C6Ea1667F6Ad93e":2.9432459383641008,"0x0d86883FAf4FfD7aEb116390af37746F45b6f378":144.63011235165257,"0x0dE54CFdfeD8005176f8b7A9D5438B45c4F1df1e":5.84930047591092,"0x1456688345527bE1f37E9e627DA0837D6f08C925":6.766600107344019,"0x16eAd9a10b1A77007E6E329B076aD1Fe97a6F7C0":47.52244197223962,"0x18084fbA666a33d37592fA2633fD49a74DD93a88":3098.848421576118,"0x1830c553dC76d3447B69b7B0dC19CF9e3c739C78":85.07607131775012,"0x196f4727526eA7FB1e17b2071B3d8eAA38486988":2.48646975484181,"0x1c48f86ae57291F7686349F12601910BD8D470bb":0.19009922642903454,"0x1ce0D1E19c9514230FF8CD1DAbaC2555fb92122b":0,"0x2260FAC5E5542a773Aa44fBCfeDf7C193bc2C599":3302.6761004926134,"0x2570f1bD5D2735314FC102eb12Fc1aFe9e6E7193":347.79269628962186,"0x25eC98773D7b4ceD4cAFaB96A2A1c0945f145e10":0,"0x2889302a794dA87fBF1D6Db415C1492194663D13":2012.7239899702174,"0x29059568bB40344487d62f7450E78b8E6C74e0e5":744.4893078325397,"0x2b01d4FdB87eb7F2399E5D68631d8A939a323786":9.8691516904264,"0x31429d1856aD1377A8A0079410B297e1a9e214c2":473.17176788232047,"0x3175Df0976dFA876431C2E9eE6Bc45b65d3473CC":2435.8743561429737,"0x32bd822d615A3658A68b6fDD30c2fcb2C996D678":33.86418242577611,"0x35282d87011f87508D457F08252Bc5bFa52E10A0":710.8175202257712,"0x35fA164735182de50811E8e2E824cFb9B6118ac2":907.2370290739116,"0x365AccFCa291e7D3914637ABf1F7635dB165Bb09":474.6126033311574,"0x383E6b4437b59fff47B619CBA855CA29342A8559":29.694201481340794,"0x38D64ce1Bdf1A9f24E0Ec469C9cAde61236fB4a0":1250.016919786623,"0x3A283D9c08E8b55966afb64C515f5143cf907611":8817.840751390182,"0x3Ed3B47Dd13EC9a98b44e6204A523E766B225811":562.5204258301849,"0x3f0e7916681452D23Cd36B1281457DA721F2E5dF":497.4118405723481,"0x40D16FC0246aD3160Ccc09B8D0D3A2cD28aE6C2f":1136.7441789221402,"0x4591DBfF62656E7859Afe5e45f6f47D3669fBB28":291.68355496501505,"0x4647B6D835f3B393C7A955df51EEfcf0db961606":171.76784766207305,"0x466a756E9A7401B5e2444a3fCB3c2C12FBEa0a54":522.2926741075931,"0x48759F220ED983dB51fA7A8C0D2AAb8f3ce4166a":986.2074554517941,"0x49446A0874197839D15395B908328a74ccc96Bc0":13.496090699483267,"0x4AE86d8732390d852A13cb918463BC6e5775FaDD":23.431371424075305,"0x4D1941a887eC788F059b3bfcC8eE1E97b968825B":7.56859685569387,"0x4DEcE678ceceb27446b35C672dC7d61F30bAD69E":606.033466197875,"0x4Fabb145d64652a948d72533023f6E7A623C7C53":0.009886854182897885,"0x4c9EDD5852cd905f086C759E8383e09bff1E68B3":11958.789430472349,"0x4eBdF703948ddCEA3B11f675B4D1Fba9d2414A14":4061.1466674797744,"0x514910771AF9Ca656af840dff83E8264EcF986CA":100.55553922555374,"0x5228a22e72ccC52d415EcFd199F99D0665E7733b":46.74324219706281,"0x5426178799ee0a0181A89b4f57eFddfAb49941Ec":26.015577666982715,"0x5555f75e3d5278082200Fb451D1b6bA946D8e13b":133.47518397580055,"0x57a5a0567187FF4A8dcC1A9bBa86155E355878F2":1.0261380522284824,"0x58efE15C0404aB22F87E4495D71f6f2077e862bE":0.001248567846,"0x5905c0290e59aFBDc42a5480add9bD7B20CB3759":0.12978350911112183,"0x59D9356E565Ab3A36dD77763Fc0d87fEaf85508C":525.5668972304019,"0x5BC25f649fc4e26069dDF4cF4010F9f706c23831":3.2754526710000604,"0x5Be6C45e2d074fAa20700C49aDA3E88a1cc0025d":599.8618891620778,"0x5Ca135cB8527d76e932f34B5145575F9d8cbE08E":47.158286275166354,"0x5E8422345238F34275888049021821E8E08CAa1f":15969.069930068661,"0x5e74C9036fb86BD7eCdcb084a0673EFc32eA31cb":177.6218437428568,"0x62B9c7356A2Dc64a1969e19C23e4f579F9810Aa7":2602.379088043001,"0x63a0964A36c34E81959da5894ad888800e17405b":17.316459262754563,"0x64351fC9810aDAd17A690E4e1717Df5e7e085160":1121.7022952450636,"0x65D72AA8DA931F047169112fcf34f52DbaAE7D18":114.48738748447907,"0x661c70333AA1850CcDBAe82776Bb436A0fCfeEfB":35.14483452508603,"0x6663b6D50992ef4fc0380199397c87C2f5256075":516.5495836263358,"0x668308d77be3533c909a692302Cb4D135Bf8041C":0.050215176183219114,"0x66a1E37c9b0eAddca17d3662D6c05F4DECf3e110":0.10883868352392075,"0x674C6Ad92Fd080e4004b2312b45f796a192D27a0":3.562448588092123,"0x68749665FF8D2d112Fa859AA293F07A622782F38":15.631912308144878,"0x6B175474E89094C44Da98b954EedeAC495271d0F":7835.331056620213,"0x6C5024Cd4F8A59110119C56f8933403A539555EB":114.86923090332341,"0x6ade6971Ca3d90990C30d39c78b0534C7166e07b":116.08169146916053,"0x6b5204B0Be36771253Cc38e88012E02B752f0f36":33.69950892701236,"0x6c3F90f043a72FA612cbac8115EE7e52BDe6E490":2895.973654233006,"0x6c3ea9036406852006290770BEdFcAbA0e23A0e8":2144.8538036674663,"0x6ef3D766Dfe02Dc4bF04aAe9122EB9A0Ded25615":0.025857594657876678,"0x73968b9a57c6E53d41345FD57a6E6ae27d6CDB2F":68.16238202170292,"0x73A15FeD60Bf67631dC6cd7Bc5B6e8da8190aCF5":0.021956683869228843,"0x76237BCfDbe8e06FB774663add96216961df4ff3":16.219055245150994,"0x76Eb2FE28b36B3ee97F3Adae0C69606eeDB2A37c":741.3134851489683,"0x77E06c9eCCf2E797fd462A92B6D7642EF85b0A44":0.45639009665999997,"0x78da5799CF427Fee11e9996982F4150eCe7a99A7":299.8527880155425,"0x7988292D0FB141085c092132e2a70B30aA1eccAB":472.466959672622,"0x7F17A6C77C3938D235b014818092eb6305BdA110":48.164435200817,"0x7F86Bf177Dd4F3494b841a37e810A34dD56c829B":12988.843657218256,"0x7FA768E035F956c41d6aeaa3Bd857e7E5141CAd5":0.03535864107749941,"0x7ea4aD8C803653498bF6AC1D2dEbc04DCe8Fd2aD":95.4204323525089,"0x7f39C581F595B53c5cb19bD0b3f8dA6c935E2Ca0":5355.725044393052,"0x8064d9Ae6cDf087b1bcd5BDf3531bD5d8C537a68":65.77978386459725,"0x80d69e79258FE9D056c822461c4eb0B4ca8802E2":0.02390076354093706,"0x826180541412D574cf1336d22c0C0a287822678A":831.8749680906433,"0x830614aE209FF9d8706d386fcdBc7a55206fcffC":37.32272364001475,"0x83F20F44975D03b1b09e64809B757c47f942BEeA":10775.279634278104,"0x84CeCB5525c6B1C20070E742da870062E84Da178":1.4461335875053243,"0x853d955aCEf822Db058eb8505911ED77F175b99e":3927.206556335523,"0x856c4Efb76C1D1AE02e20CEB03A2A6a08b0b8dC3":1.6046636228725393,"0x865377367054516e17014CcdED1e7d814EDC9ce4":479.1478964280402,"0x8C0D76C9B18779665475F3E212D9Ca1Ed6A1A0e6":372.3842442202596,"0x8C88538688aca3b733aD08b12BEe4574c0C00907":201.93207434261254,"0x8Cd52ee292313C4D851e71A7064F096504aB3eE9":136.9999729263676,"0x8E870D67F660D95d5be530380D0eC0bd388289E1":665.2109396650832,"0x8c9532a60E0E7C6BbD2B2c1303F63aCE1c3E9811":0.04255506219554672,"0x8dAEBADE922dF735c38C80C7eBD708Af50815fAa":12.54749442964329,"0x8e595470Ed749b85C6F7669de83EAe304C2ec68F":19.676196896539757,"0x917ceE801a67f933F2e6b33fC0cD1ED2d5909D88":339.5969120113074,"0x9181f633E9B9F15A32d5e37094F4C93b333e0E92":0.40508972514114067,"0x922406EAFC3CcEb32b0256F287fB977c426EDbd8":0.02913849843359425,"0x9559Aaa82d9649C7A7b220E7c461d2E74c9a3593":166.55032414801678,"0x95710BDE45C8D384A976Cc58Cc7a7e489576b098":0.5601586930040794,"0x961D4921e1718E633BAC8Ded88c4a1cAe44b785a":223.2213457290934,"0x96E61422b6A9bA0e068B6c5ADd4fFaBC6a4aae27":538.0112685173373,"0x9961BdBE8B7091E584c2bF9D0a160C583f564A8c":390.9820903343511,"0x99D8a9C45b2ecA8864373A26D1459e3Dff1e17F3":3934.5128301678183,"0x9BE89D2a4cd102D8Fecc6BF9dA793be995C22541":210.82430180159164,"0x9D39A5DE30e57443BfF2A8307A4256c8797A3497":10557.188805128702,"0x9EEAD9ce15383CaEED975427340b3A369410CFBF":0.002910902176,"0x9FeE65D5A627e73212989c8BbEdC5Fa5Cae3821F":11.271555086236527,"0x9b77bd0a665F05995b68e36fC1053AFFfAf0d4B5":2.680980211289256,