{"0x0000000000085d4780B73119b644AE5ecd22b376":209.63986472172235,"0x0000000016E6Cb3038203c1129c8B4aEE7af7a11":1.97258613213194,"0x005F893EcD7bF9667195642f7649DA8163e23658":180.83317017830765,"0x0100546F2cD4C9D97f798fFC9755E47865FF7Ee6":394.7128654114669,"0x028171bCA77440897B824Ca71D1c56caC55b68A3":1143.2484806216519,"0x0316EB71485b0Ab14103307bf65a021042c6d380":0.019417692851325823,"0x03ab458634910AaD20eF5f1C8ee96F1D6ac54919":4.167792280209152,"0x04C154b66CB340F3Ae24111CC767e0184Ed00Cc6":529.8712200604442,"0x051d7e5609917Bd9b73f04BAc0DED8Dd46a74301":349.4728126651732,"0x056Fd409E1d7A124BD7017459dFEa2F387b6d5Cd":768.097440161537,"0x067079c14B85169e6a29703769dadDef90816f4C":439.8540617483302,"0x075b1bb99792c9E1041bA13afEf80C91a1e70fB3":728.5186798697188,"0x085780639CC2cACd35E474e71f4d000e2405d8f6":1049.9938218401246,"0x09db87A538BD693E9d08544577d5cCfAA6373A48":73.31964653658046,"0x0E2EC54fC0B509F445631Bf4b91AB8168230C752":0.4714334611315733,"0x0E573Ce2736Dd9637A0b21058352e1667925C7a8":139.58705213852707,"0x0a5E677a6A24b2F1A2Bf4F3bFfC443231d2fDEc8":0.07655177715533153,"0x0bc529c00C6401aEF6D220BE8C6Ea1667F6Ad93e":15.8868664588988,"0x0d86883FAf4FfD7aEb116390af37746F45b6f378":269.1180662439825,"0x0dE54CFdfeD8005176f8b7A9D5438B45c4F1df1e":5.834536086270911,"0x137469B55D1f15651BA46A89D0588e97dD0B6562":202.3238003516553,"0x1456688345527bE1f37E9e627DA0837D6f08C925":6.196509247512909,"0x15700B564Ca08D9439C58cA5053166E8317aa138":1933.3715432547215,"0x16eAd9a10b1A77007E6E329B076aD1Fe97a6F7C0":91.42896858067978,"0x18084fbA666a33d37592fA2633fD49a74DD93a88":405.37675209696516,"0x1830c553dC76d3447B69b7B0dC19CF9e3c739C78":81.65140073762551,"0x183395DbD0B5e93323a7286D1973150697FFFCB3":266.66849896167713,"0x196f4727526eA7FB1e17b2071B3d8eAA38486988":2.564594730014546,"0x1BED97CBC3c24A4fb5C069C6E311a967386131f7":286.9108343850649,"0x1a7e4e63778B4f12a199C062f3eFdD288afCBce8":324.22699862322946,"0x1aBaEA1f7C830bD89Acc67eC4af516284b1bC33c":486.8875811467307,"0x1c48f86ae57291F7686349F12601910BD8D470bb":1.307889061617481,"0x1ce0D1E19c9514230FF8CD1DAbaC2555fb92122b":0,"0x2191DF768ad71140F9F3E96c1e4407A4aA31d082":30.601717982932463,"0x2260FAC5E5542a773Aa44fBCfeDf7C193bc2C599":391.05166616658477,"0x2302aaBe69e6E7A1b0Aa23aAC68fcCB8A4D2B460":133.77179737140406,"0x2570f1bD5D2735314FC102eb12Fc1aFe9e6E7193":347.90091934034126,"0x25eC98773D7b4ceD4cAFaB96A2A1c0945f145e10":0,"0x2889302a794dA87fBF1D6Db415C1492194663D13":614.9360044592423,"0x29059568bB40344487d62f7450E78b8E6C74e0e5":267.1668551672137,"0x2b01d4FdB87eb7F2399E5D68631d8A939a323786":260.47962563150526,"0x3175Df0976dFA876431C2E9eE6Bc45b65d3473CC":9.266489897375228e-7,"0x3231Cb76718CDeF2155FC47b5286d82e6eDA273f":323.3947344888414,"0x32bd822d615A3658A68b6fDD30c2fcb2C996D678":299.0025902279327,"0x3432B6A60D23Ca0dFCa7761B7ab56459D9C964D0":426.5504656152754,"0x34635280737b5BFe6c7DC2FC3065D60d66e78185":218.24264562486277,"0x35282d87011f87508D457F08252Bc5bFa52E10A0":160.17440566354423,"0x35D8949372D46B7a3D5A56006AE77B215fc69bC0":444.71826139347746,"0x35fA164735182de50811E8e2E824cFb9B6118ac2":1005.7067107956387,"0x365AccFCa291e7D3914637ABf1F7635dB165Bb09":256.06712404590104,"0x383E6b4437b59fff47B619CBA855CA29342A8559":188.29416871966842,"0x38D64ce1Bdf1A9f24E0Ec469C9cAde61236fB4a0":236.65928585403276,"0x3A2725556Dde7B21fBe3dD64A4913ff29faba6A1":0.03172687635077976,"0x3A283D9c08E8b55966afb64C515f5143cf907611":5390.038827241905,"0x3Ed3B47Dd13EC9a98b44e6204A523E766B225811":401.94078533264735,"0x3f0e7916681452D23Cd36B1281457DA721F2E5dF":8.995409122157596,"0x401322B9FDdba8c0a8D40fbCECE1D1752C12316B":307.4712896178582,"0x40D16FC0246aD3160Ccc09B8D0D3A2cD28aE6C2f":826.444016880787,"0x4591DBfF62656E7859Afe5e45f6f47D3669fBB28":130.41279051275555,"0x4647B6D835f3B393C7A955df51EEfcf0db961606":50.477475667957144,"0x466a756E9A7401B5e2444a3fCB3c2C12FBEa0a54":462.98759135365407,"0x48759F220ED983dB51fA7A8C0D2AAb8f3ce4166a":1665.8262461294337,"0x49446A0874197839D15395B908328a74ccc96Bc0":26.923725072004718,"0x4AE86d8732390d852A13cb918463BC6e5775FaDD":133.47190806331773,"0x4D1941a887eC788F059b3bfcC8eE1E97b968825B":313.29831646352835,"0x4DEcE678ceceb27446b35C672dC7d61F30bAD69E":438.25163493388334,"0x4Fabb145d64652a948d72533023f6E7A623C7C53":0.03948430015344346,"0x4c9EDD5852cd905f086C759E8383e09bff1E68B3":6434.6616543098025,"0x4de2ab8177fC5fFAFB7aD11FB8BeB1e5fB95F71C":426.05276208314154,"0x4eBdF703948ddCEA3B11f675B4D1Fba9d2414A14":2745.5324652582526,"0x514910771AF9Ca656af840dff83E8264EcF986CA":86.08008954531961,"0x5228a22e72ccC52d415EcFd199F99D0665E7733b":54.74338871705359,"0x527331F3F550f6f85ACFEcAB9Cc0889180C6f1d5":237.72446636511108,"0x5426178799ee0a0181A89b4f57eFddfAb49941Ec":881.4579265221207,"0x5555f75e3d5278082200Fb451D1b6bA946D8e13b":86.73353260075757,"0x57a5a0567187FF4A8dcC1A9bBa86155E355878F2":0.9744132454374569,"0x58efE15C0404aB22F87E4495D71f6f2077e862bE":0.0012469022564934361,"0x5905c0290e59aFBDc42a5480add9bD7B20CB3759":0.17969074644073765,"0x59D9356E565Ab3A36dD77763Fc0d87fEaf85508C":137.3208209171124,"0x5BC25f649fc4e26069dDF4cF4010F9f706c23831":3.103337056273204,"0x5Be6C45e2d074fAa20700C49aDA3E88a1cc0025d":526.385333864195,"0x5Ca135cB8527d76e932f34B5145575F9d8cbE08E":50.01960602455259,"0x5E8422345238F34275888049021821E8E08CAa1f":14427.177529001387,"0x5Ea630e00D6eE438d3deA1556A110359ACdc10A9":247.3578691155948,"0x5b6C539b224014A09B3388e51CaAA8e354c959C8":576.7285211145922,"0x5e74C9036fb86BD7eCdcb084a0673EFc32eA31cb":2.20194177191706,"0x6359B6d3e327c497453d4376561eE276c6933323":262.6969140901868,"0x63a0964A36c34E81959da5894ad888800e17405b":282.6788996600131,"0x65D72AA8DA931F047169112fcf34f52DbaAE7D18":148.03997089164537,"0x65f228ED6a6001eD6485535e0Dc33E525734f54c":43.2855006080271,"0x661c70333AA1850CcDBAe82776Bb436A0fCfeEfB":69.56067570016933,"0x6663b6D50992ef4fc0380199397c87C2f5256075":68.54251655020155,"0x668308d77be3533c909a692302Cb4D135Bf8041C":0.04749087363385992,"0x66a1E37c9b0eAddca17d3662D6c05F4DECf3e110":23.34477544753196,"0x674C6Ad92Fd080e4004b2312b45f796a192D27a0":5.371731911455856,"0x677ddbd918637E5F2c79e164D402454dE7dA8619":1.741023367176603,"0x68749665FF8D2d112Fa859AA293F07A622782F38":14.304340094407381,"0x69000405f9DcE69BD4Cbf4f2865b79144A69BFE0":0,"0x6B175474E89094C44Da98b954EedeAC495271d0F":9116.638187315082,"0x6C280dB098dB673d30d5B34eC04B6387185D3620":320.3445262958784,"0x6C5024Cd4F8A59110119C56f8933403A539555EB":117.24929896379797,"0x6C9815826FdF8c7a45cCfEd2064dbaB33a078712":64.01801053036456,"0x6ade6971Ca3d90990C30d39c78b0534C7166e07b":89.04223336564493,"0x6b5204B0Be36771253Cc38e88012E02B752f0f36":213.30586474032822,"0x6c3F90f043a72FA612cbac8115EE7e52BDe6E490":612.616862934613,"0x6c3ea9036406852006290770BEdFcAbA0e23A0e8":903.0823694370049,"0x6e52cCe4EaFDf77091dD1c82183b2D97b776b397":637.2640450022841,"0x6ef3D766Dfe02Dc4bF04aAe9122EB9A0Ded25615":0.04561417477931887,"0x7223442cad8e9cA474fC40109ab981608F8c4273":74.23612547155842,"0x73968b9a57c6E53d41345FD57a6E6ae27d6CDB2F":98.04480018941462,"0x73A15FeD60Bf67631dC6cd7Bc5B6e8da8190aCF5":1628.8645342789682,"0x752B4c6e92d96467fE9b9a2522EF07228E00F87c":22.277709172776092,"0x76237BCfDbe8e06FB774663add96216961df4ff3":26.922619878845133,"0x76Eb2FE28b36B3ee97F3Adae0C69606eeDB2A37c":1174.0359114818748,"0x77E06c9eCCf2E797fd462A92B6D7642EF85b0A44":0.69079356044,"0x78da5799CF427Fee11e9996982F4150eCe7a99A7":87.68541373766477,"0x7988292D0FB141085c092132e2a70B30aA1eccAB":459.56639161904235,"0x7F17A6C77C3938D235b014818092eb6305BdA110":122.08740218121503,"0x7F86Bf177Dd4F3494b841a37e810A34dD56c829B":5489.07891975744,"0x7FA768E035F956c41d6aeaa3Bd857e7E5141CAd5":0.40841401560057844,"0x7ea4aD8C803653498bF6AC1D2dEbc04DCe8Fd2aD":33.87015179980359,"0x7f39C581F595B53c5cb19bD0b3f8dA6c935E2Ca0":1914.6523996146993,"0x8064d9Ae6cDf087b1bcd5BDf3531bD5d8C537a68":66.00045685173937,"0x808507121B80c02388fAd14726482e061B8da827":202.50065073292325,"0x80d69e79258FE9D056c822461c4eb0B4ca8802E2":0.21333497319360992,"0x826180541412D574cf1336d22c0C0a287822678A":131.72927458540624,