{"0x0000000000085d4780B73119b644AE5ecd22b376":215.29754643966984,"0x0000000016E6Cb3038203c1129c8B4aEE7af7a11":0.40832389285825105,"0x005F893EcD7bF9667195642f7649DA8163e23658":183.5300402034649,"0x0100546F2cD4C9D97f798fFC9755E47865FF7Ee6":411.6881042315724,"0x028171bCA77440897B824Ca71D1c56caC55b68A3":1151.2330901400462,"0x0316EB71485b0Ab14103307bf65a021042c6d380":0.019844430022448883,"0x03ab458634910AaD20eF5f1C8ee96F1D6ac54919":2.8018963446380676,"0x04C154b66CB340F3Ae24111CC767e0184Ed00Cc6":541.5710437281393,"0x051d7e5609917Bd9b73f04BAc0DED8Dd46a74301":355.75458190158906,"0x056Fd409E1d7A124BD7017459dFEa2F387b6d5Cd":773.2573032503494,"0x067079c14B85169e6a29703769dadDef90816f4C":83.23138759361697,"0x075b1bb99792c9E1041bA13afEf80C91a1e70fB3":757.3624519114816,"0x085780639CC2cACd35E474e71f4d000e2405d8f6":1040.403523255706,"0x09db87A538BD693E9d08544577d5cCfAA6373A48":82.58194419852822,"0x0E2EC54fC0B509F445631Bf4b91AB8168230C752":0.47143750771447607,"0x0E573Ce2736Dd9637A0b21058352e1667925C7a8":145.82102673967853,"0x0a5E677a6A24b2F1A2Bf4F3bFfC443231d2fDEc8":0.07746346521626504,"0x0bc529c00C6401aEF6D220BE8C6Ea1667F6Ad93e":21.920701604223243,"0x0d86883FAf4FfD7aEb116390af37746F45b6f378":276.6578425035454,"0x0dE54CFdfeD8005176f8b7A9D5438B45c4F1df1e":5.1373070664883524,"0x137469B55D1f15651BA46A89D0588e97dD0B6562":225.48898004110447,"0x1456688345527bE1f37E9e627DA0837D6f08C925":5.0412065787401765,"0x15700B564Ca08D9439C58cA5053166E8317aa138":1898.6607402636773,"0x18084fbA666a33d37592fA2633fD49a74DD93a88":420.3291064152778,"0x1830c553dC76d3447B69b7B0dC19CF9e3c739C78":96.86811559507596,"0x183395DbD0B5e93323a7286D1973150697FFFCB3":299.29924696354357,"0x196f4727526eA7FB1e17b2071B3d8eAA38486988":1.0942617151896925,"0x1BED97CBC3c24A4fb5C069C6E311a967386131f7":300.5757976654176,"0x1a7e4e63778B4f12a199C062f3eFdD288afCBce8":332.04439740986544,"0x1aBaEA1f7C830bD89Acc67eC4af516284b1bC33c":492.6990161849914,"0x1c48f86ae57291F7686349F12601910BD8D470bb":0.920913599332703,"0x1ce0D1E19c9514230FF8CD1DAbaC2555fb92122b":0,"0x2191DF768ad71140F9F3E96c1e4407A4aA31d082":30.82322035585341,"0x2260FAC5E5542a773Aa44fBCfeDf7C193bc2C599":406.4207782702588,"0x22CF19EB64226e0E1A79c69b345b31466fD273A7":5.77739523128172,"0x2570f1bD5D2735314FC102eb12Fc1aFe9e6E7193":361.0621420601281,"0x25eC98773D7b4ceD4cAFaB96A2A1c0945f145e10":0,"0x2b01d4FdB87eb7F2399E5D68631d8A939a323786":277.1245431310709,"0x3175Df0976dFA876431C2E9eE6Bc45b65d3473CC":9.266235168754044e-7,"0x3231Cb76718CDeF2155FC47b5286d82e6eDA273f":332.01678903482673,"0x32bd822d615A3658A68b6fDD30c2fcb2C996D678":321.8075147320301,"0x3432B6A60D23Ca0dFCa7761B7ab56459D9C964D0":338.5383977043922,"0x34635280737b5BFe6c7DC2FC3065D60d66e78185":244.68895023433274,"0x35282d87011f87508D457F08252Bc5bFa52E10A0":167.89163615876762,"0x35D8949372D46B7a3D5A56006AE77B215fc69bC0":430.17258230741567,"0x35fA164735182de50811E8e2E824cFb9B6118ac2":1029.9387188297587,"0x365AccFCa291e7D3914637ABf1F7635dB165Bb09":295.3560686258388,"0x383E6b4437b59fff47B619CBA855CA29342A8559":196.87656764234634,"0x38D64ce1Bdf1A9f24E0Ec469C9cAde61236fB4a0":245.68877230816827,"0x3A2725556Dde7B21fBe3dD64A4913ff29faba6A1":0.03308025417972867,"0x3A283D9c08E8b55966afb64C515f5143cf907611":5352.477654635291,"0x3Ed3B47Dd13EC9a98b44e6204A523E766B225811":379.6241083755692,"0x3f0e7916681452D23Cd36B1281457DA721F2E5dF":24.636694048949995,"0x40D16FC0246aD3160Ccc09B8D0D3A2cD28aE6C2f":809.3815250471711,"0x4591DBfF62656E7859Afe5e45f6f47D3669fBB28":136.3587623189772,"0x4647B6D835f3B393C7A955df51EEfcf0db961606":65.32567462681362,"0x466a756E9A7401B5e2444a3fCB3c2C12FBEa0a54":437.5142091149384,"0x48759F220ED983dB51fA7A8C0D2AAb8f3ce4166a":1664.4661367775668,"0x49446A0874197839D15395B908328a74ccc96Bc0":32.186949681206826,"0x4AE86d8732390d852A13cb918463BC6e5775FaDD":152.2819329169393,"0x4D1941a887eC788F059b3bfcC8eE1E97b968825B":330.17307549821214,"0x4DEcE678ceceb27446b35C672dC7d61F30bAD69E":444.754744253101,"0x4Fabb145d64652a948d72533023f6E7A623C7C53":0.035155022343716355,"0x4c9EDD5852cd905f086C759E8383e09bff1E68B3":5627.428857183972,"0x4de2ab8177fC5fFAFB7aD11FB8BeB1e5fB95F71C":377.20612778675707,"0x4eBdF703948ddCEA3B11f675B4D1Fba9d2414A14":2823.696637722786,"0x514910771AF9Ca656af840dff83E8264EcF986CA":95.55043592733709,"0x5228a22e72ccC52d415EcFd199F99D0665E7733b":62.43698778049455,"0x527331F3F550f6f85ACFEcAB9Cc0889180C6f1d5":210.4892821942629,"0x5426178799ee0a0181A89b4f57eFddfAb49941Ec":912.2785653152566,"0x5555f75e3d5278082200Fb451D1b6bA946D8e13b":94.57773922439262,"0x57a5a0567187FF4A8dcC1A9bBa86155E355878F2":0.9996674549511734,"0x58efE15C0404aB22F87E4495D71f6f2077e862bE":0.0012473954407926059,"0x5905c0290e59aFBDc42a5480add9bD7B20CB3759":0.1921854146989662,"0x59D9356E565Ab3A36dD77763Fc0d87fEaf85508C":144.18391848194207,"0x5BC25f649fc4e26069dDF4cF4010F9f706c23831":1.616202672982309,"0x5Be6C45e2d074fAa20700C49aDA3E88a1cc0025d":505.73532152697067,"0x5Ca135cB8527d76e932f34B5145575F9d8cbE08E":56.484827457487626,"0x5E8422345238F34275888049021821E8E08CAa1f":14898.315465534895,"0x5Ea630e00D6eE438d3deA1556A110359ACdc10A9":271.6659225087882,"0x5b6C539b224014A09B3388e51CaAA8e354c959C8":610.6982126173723,"0x5e74C9036fb86BD7eCdcb084a0673EFc32eA31cb":8.094238673021698,"0x63a0964A36c34E81959da5894ad888800e17405b":294.8959455040891,"0x65D72AA8DA931F047169112fcf34f52DbaAE7D18":153.1395681617445,"0x65f228ED6a6001eD6485535e0Dc33E525734f54c":56.78774361538255,"0x661c70333AA1850CcDBAe82776Bb436A0fCfeEfB":77.3904520522599,"0x6663b6D50992ef4fc0380199397c87C2f5256075":84.50098006239485,"0x668308d77be3533c909a692302Cb4D135Bf8041C":0.048719883464070315,"0x66a1E37c9b0eAddca17d3662D6c05F4DECf3e110":30.611514714118712,"0x674C6Ad92Fd080e4004b2312b45f796a192D27a0":3.3308957412931433,"0x677ddbd918637E5F2c79e164D402454dE7dA8619":0.7294631869600371,"0x68749665FF8D2d112Fa859AA293F07A622782F38":20.437324705642055,"0x69000405f9DcE69BD4Cbf4f2865b79144A69BFE0":0,"0x6B175474E89094C44Da98b954EedeAC495271d0F":8360.390041108662,"0x6C280dB098dB673d30d5B34eC04B6387185D3620":343.0608263320961,"0x6C5024Cd4F8A59110119C56f8933403A539555EB":122.18850003126272,"0x6C9815826FdF8c7a45cCfEd2064dbaB33a078712":68.69624976142967,"0x6b5204B0Be36771253Cc38e88012E02B752f0f36":259.8368009481667,"0x6c3F90f043a72FA612cbac8115EE7e52BDe6E490":598.8840733931892,"0x6c3ea9036406852006290770BEdFcAbA0e23A0e8":888.531145666295,"0x6e52cCe4EaFDf77091dD1c82183b2D97b776b397":610.714131241633,"0x6ef3D766Dfe02Dc4bF04aAe9122EB9A0Ded25615":0.08304308556076244,"0x7223442cad8e9cA474fC40109ab981608F8c4273":83.69193766369604,"0x73968b9a57c6E53d41345FD57a6E6ae27d6CDB2F":108.02645934668232,"0x73A15FeD60Bf67631dC6cd7Bc5B6e8da8190aCF5":1557.16005350816,"0x752B4c6e92d96467fE9b9a2522EF07228E00F87c":54.638745284402525,"0x76237BCfDbe8e06FB774663add96216961df4ff3":34.966196178782546,"0x76Eb2FE28b36B3ee97F3Adae0C69606eeDB2A37c":1173.7272101901574,"0x77E06c9eCCf2E797fd462A92B6D7642EF85b0A44":0.7590528188,"0x78da5799CF427Fee11e9996982F4150eCe7a99A7":91.1835138953241,"0x7F17A6C77C3938D235b014818092eb6305BdA110":141.41033874803233,"0x7F86Bf177Dd4F3494b841a37e810A34dD56c829B":2645.2088334853247,"0x7FA768E035F956c41d6aeaa3Bd857e7E5141CAd5":0.4193125013853015,"0x7ea4aD8C803653498bF6AC1D2dEbc04DCe8Fd2aD":38.48302517139158,"0x7f39C581F595B53c5cb19bD0b3f8dA6c935E2Ca0":1323.7727384784891,"0x8064d9Ae6cDf087b1bcd5BDf3531bD5d8C537a68":73.54732742478157,"0x808507121B80c02388fAd14726482e061B8da827":216.55345005221915,"0x80d69e79258FE9D056c822461c4eb0B4ca8802E2":0.21878888366989857,"0x826180541412D574cf1336d22c0C0a287822678A":181.91715026066015,"0x8282BD15dcA2EA2bDf24163E8f2781B30C43A2ef":292.026560497394,"0x830614aE209FF9d8706d386fcdBc7a55206fcffC":50.104626206402656,"0x83F20F44975D03b1b09e64809B757c47f942BEeA":5023.591623770301,"0x853d955aCEf822Db058eb8505911ED77F175b99e":2243.637787547411,"0x856c4Efb76C1D1AE02e20CEB03A2A6a08b0b8dC3":284.7532916362819,"0x865377367054516e17014CcdED1e7d814EDC9ce4":748.8383602322976,"0x893DA8A02b487FEF2F7e3F35DF49d7625aE549a3":351.15811160578335,