{"0x03ab458634910AaD20eF5f1C8ee96F1D6ac54919":174.20301614058428,"0x04C154b66CB340F3Ae24111CC767e0184Ed00Cc6":244.67088084835842,"0x1ce0D1E19c9514230FF8CD1DAbaC2555fb92122b":0,"0x32bd822d615A3658A68b6fDD30c2fcb2C996D678":52.76889115588945,"0x38D64ce1Bdf1A9f24E0Ec469C9cAde61236fB4a0":162.3509179286796,"0x3A283D9c08E8b55966afb64C515f5143cf907611":1837.2033616258007,"0x466a756E9A7401B5e2444a3fCB3c2C12FBEa0a54":1.781060329119326,"0x5555f75e3d5278082200Fb451D1b6bA946D8e13b":82.576763515552,"0x5BC25f649fc4e26069dDF4cF4010F9f706c23831":1.4325085480197814,"0x5Be6C45e2d074fAa20700C49aDA3E88a1cc0025d":125.32536775199137,"0x6B175474E89094C44Da98b954EedeAC495271d0F":2215.1665320254174,"0x7988292D0FB141085c092132e2a70B30aA1eccAB":470.8367364134749,"0x7F17A6C77C3938D235b014818092eb6305BdA110":53.64839489586118,"0x7FA768E035F956c41d6aeaa3Bd857e7E5141CAd5":0.44478874815950836,"0x853d955aCEf822Db058eb8505911ED77F175b99e":1001.5943744280868,"0x8c9532a60E0E7C6BbD2B2c1303F63aCE1c3E9811":0.04390121135251992,"0x954313005C56b555bdC41B84D6c63B69049d7847":440.4694383478344,"0xA663B02CF0a4b149d2aD41910CB81e23e1c41c32":62.28666689647902,"0xD71eCFF9342A5Ced620049e616c5035F1dB98620":729.0545559409446,"0xE8449F1495012eE18dB7Aa18cD5706b47e69627c":229.03971377596315,"0xF469fBD2abcd6B9de8E169d128226C0Fc90a012e":0,"0xa2E3356610840701BDf5611a53974510Ae27E2e1":346.20321722027165,"0xa47c8bf37f92aBed4A126BDA807A7b7498661acD":4.000575190973817,"0xac3E018457B222d93114458476f3E3416Abbe38F":445.5066009086378,"0xb27D1729489d04473631f0AFAca3c3A7389ac9F8":1.5402347102237008,"0xbBC455cb4F1B9e4bFC4B73970d360c8f032EfEE6":30.260541334239775,"0xbC404429558292eE2D769E57d57D6E74bbd2792d":1.5373735677942263e-9,"0xbdC7c08592Ee4aa51D06C27Ee23D5087D65aDbcD":0.0027636353635299713,"0xc2e660C62F72c2ad35AcE6DB78a616215E2F2222":239.90676407390924,"0xdB25f211AB05b1c97D595516F45794528a807ad8":268.4110838718796,"0xdF574c24545E5FfEcb9a659c229253D4111d87e1":1.394293550496736,"0xdf55670e27bE5cDE7228dD0A6849181891c9ebA1":2302.875506702297,"0xeCf3672A6d2147E2A77f07069Fb48d8Cf6F6Fbf9":0.05003863570978506,"0xf091867EC603A6628eD83D274E835539D82e9cc8":0.009778131247475952}