{"0x0000000000085d4780B73119b644AE5ecd22b376":0.008461728250970432,"0x005F893EcD7bF9667195642f7649DA8163e23658":81.08680597262503,"0x0100546F2cD4C9D97f798fFC9755E47865FF7Ee6":150.91085149748764,"0x028171bCA77440897B824Ca71D1c56caC55b68A3":747.9246537496512,"0x0316EB71485b0Ab14103307bf65a021042c6d380":48.48273789756969,"0x03ab458634910AaD20eF5f1C8ee96F1D6ac54919":169.13602579177606,"0x04C154b66CB340F3Ae24111CC767e0184Ed00Cc6":220.11730986831262,"0x056Fd409E1d7A124BD7017459dFEa2F387b6d5Cd":228.98374506566995,"0x067079c14B85169e6a29703769dadDef90816f4C":0.5155294861170495,"0x075b1bb99792c9E1041bA13afEf80C91a1e70fB3":746.0810176614766,"0x085780639CC2cACd35E474e71f4d000e2405d8f6":944.9153300116051,"0x09b2E090531228d1b8E3d948C73b990Cb6e60720":487.33067851420924,"0x0E2EC54fC0B509F445631Bf4b91AB8168230C752":0.4715786558132894,"0x0E573Ce2736Dd9637A0b21058352e1667925C7a8":140.16909365199245,"0x0a5E677a6A24b2F1A2Bf4F3bFfC443231d2fDEc8":0.007512487446830397,"0x0bc529c00C6401aEF6D220BE8C6Ea1667F6Ad93e":4.764011944994975,"0x0d86883FAf4FfD7aEb116390af37746F45b6f378":151.4588882729382,"0x0dE54CFdfeD8005176f8b7A9D5438B45c4F1df1e":5.8351344014660675,"0x1456688345527bE1f37E9e627DA0837D6f08C925":1.5549994300781367,"0x16eAd9a10b1A77007E6E329B076aD1Fe97a6F7C0":53.99198028088902,"0x18084fbA666a33d37592fA2633fD49a74DD93a88":12.173967440891552,"0x1830c553dC76d3447B69b7B0dC19CF9e3c739C78":92.14500302829595,"0x183395DbD0B5e93323a7286D1973150697FFFCB3":318.0175813504381,"0x196f4727526eA7FB1e17b2071B3d8eAA38486988":2.4980371279603255,"0x1c48f86ae57291F7686349F12601910BD8D470bb":1.264389850646255,"0x1ce0D1E19c9514230FF8CD1DAbaC2555fb92122b":0,"0x2260FAC5E5542a773Aa44fBCfeDf7C193bc2C599":316.7991121798474,"0x2570f1bD5D2735314FC102eb12Fc1aFe9e6E7193":353.01028738596733,"0x25eC98773D7b4ceD4cAFaB96A2A1c0945f145e10":0,"0x2889302a794dA87fBF1D6Db415C1492194663D13":505.9864953705799,"0x29059568bB40344487d62f7450E78b8E6C74e0e5":49.63012511352698,"0x2b01d4FdB87eb7F2399E5D68631d8A939a323786":12.716243337053871,"0x31429d1856aD1377A8A0079410B297e1a9e214c2":462.025345719693,"0x32bd822d615A3658A68b6fDD30c2fcb2C996D678":42.163731615531724,"0x34635280737b5BFe6c7DC2FC3065D60d66e78185":412.7086115916644,"0x35282d87011f87508D457F08252Bc5bFa52E10A0":69.10120278709647,"0x35D8949372D46B7a3D5A56006AE77B215fc69bC0":36.851034528567936,"0x35fA164735182de50811E8e2E824cFb9B6118ac2":942.5169223255818,"0x383E6b4437b59fff47B619CBA855CA29342A8559":34.37090720002144,"0x38D64ce1Bdf1A9f24E0Ec469C9cAde61236fB4a0":147.6631408269016,"0x3A283D9c08E8b55966afb64C515f5143cf907611":798.4315062385122,"0x3Ed3B47Dd13EC9a98b44e6204A523E766B225811":1003.2338363497881,"0x40D16FC0246aD3160Ccc09B8D0D3A2cD28aE6C2f":165.14417245972902,"0x4591DBfF62656E7859Afe5e45f6f47D3669fBB28":304.0973188769063,"0x4647B6D835f3B393C7A955df51EEfcf0db961606":189.37662938792604,"0x48759F220ED983dB51fA7A8C0D2AAb8f3ce4166a":996.1478259344829,"0x49446A0874197839D15395B908328a74ccc96Bc0":15.738239490203785,"0x4AE86d8732390d852A13cb918463BC6e5775FaDD":33.053228835083544,"0x4D1941a887eC788F059b3bfcC8eE1E97b968825B":7.729007764004778,"0x4Fabb145d64652a948d72533023f6E7A623C7C53":0.02926880633595168,"0x4c9EDD5852cd905f086C759E8383e09bff1E68B3":1162.6469206362724,"0x4de2ab8177fC5fFAFB7aD11FB8BeB1e5fB95F71C":138.78445831455429,"0x4eBdF703948ddCEA3B11f675B4D1Fba9d2414A14":47.53739163597864,"0x514910771AF9Ca656af840dff83E8264EcF986CA":102.18596816074017,"0x5228a22e72ccC52d415EcFd199F99D0665E7733b":49.07032867841149,"0x5426178799ee0a0181A89b4f57eFddfAb49941Ec":28.470073332994424,"0x5555f75e3d5278082200Fb451D1b6bA946D8e13b":49.05460976798117,"0x57a5a0567187FF4A8dcC1A9bBa86155E355878F2":1.0689182432455815,"0x58efE15C0404aB22F87E4495D71f6f2077e862bE":0.0012498164138459997,"0x5905c0290e59aFBDc42a5480add9bD7B20CB3759":0.14139442355412368,"0x59D9356E565Ab3A36dD77763Fc0d87fEaf85508C":529.8366068669307,"0x5BC25f649fc4e26069dDF4cF4010F9f706c23831":3.2754919558164883,"0x5Be6C45e2d074fAa20700C49aDA3E88a1cc0025d":63.347610973619396,"0x5Ca135cB8527d76e932f34B5145575F9d8cbE08E":52.36153572821646,"0x5E8422345238F34275888049021821E8E08CAa1f":15369.11704455018,"0x5b6C539b224014A09B3388e51CaAA8e354c959C8":719.0926411132187,"0x5e74C9036fb86BD7eCdcb084a0673EFc32eA31cb":183.80880179901843,"0x63a0964A36c34E81959da5894ad888800e17405b":19.226547546794833,"0x65D72AA8DA931F047169112fcf34f52DbaAE7D18":124.41917230309353,"0x661c70333AA1850CcDBAe82776Bb436A0fCfeEfB":43.150311295910825,"0x668308d77be3533c909a692302Cb4D135Bf8041C":0.05236798993381263,"0x66a1E37c9b0eAddca17d3662D6c05F4DECf3e110":0.10856126436451943,"0x674C6Ad92Fd080e4004b2312b45f796a192D27a0":3.8333324147316183,"0x68749665FF8D2d112Fa859AA293F07A622782F38":16.22247476314008,"0x6B175474E89094C44Da98b954EedeAC495271d0F":578.3936857499219,"0x6C280dB098dB673d30d5B34eC04B6387185D3620":51.944664219053344,"0x6C5024Cd4F8A59110119C56f8933403A539555EB":107.96312377055884,"0x6ade6971Ca3d90990C30d39c78b0534C7166e07b":122.40799914043977,"0x6b5204B0Be36771253Cc38e88012E02B752f0f36":37.66401221959352,"0x6c3F90f043a72FA612cbac8115EE7e52BDe6E490":1096.51140822718,"0x6c3ea9036406852006290770BEdFcAbA0e23A0e8":433.1539272590755,"0x6e52cCe4EaFDf77091dD1c82183b2D97b776b397":37.23276557785108,"0x6ef3D766Dfe02Dc4bF04aAe9122EB9A0Ded25615":0.027103419015630098,"0x73968b9a57c6E53d41345FD57a6E6ae27d6CDB2F":80.46430728864102,"0x73A15FeD60Bf67631dC6cd7Bc5B6e8da8190aCF5":93.16540368938885,"0x76237BCfDbe8e06FB774663add96216961df4ff3":16.971599276401584,"0x76Eb2FE28b36B3ee97F3Adae0C69606eeDB2A37c":730.8795644846786,"0x77E06c9eCCf2E797fd462A92B6D7642EF85b0A44":0.54645919044,"0x78da5799CF427Fee11e9996982F4150eCe7a99A7":38.55709403216264,"0x7988292D0FB141085c092132e2a70B30aA1eccAB":466.7140755317092,"0x7F17A6C77C3938D235b014818092eb6305BdA110":52.88111201932143,"0x7F86Bf177Dd4F3494b841a37e810A34dD56c829B":970.1263699193678,"0x7FA768E035F956c41d6aeaa3Bd857e7E5141CAd5":0.03678394064963869,"0x7ea4aD8C803653498bF6AC1D2dEbc04DCe8Fd2aD":107.94180361458773,"0x7f39C581F595B53c5cb19bD0b3f8dA6c935E2Ca0":459.798530945169,"0x8064d9Ae6cDf087b1bcd5BDf3531bD5d8C537a68":67.73091145532369,"0x80d69e79258FE9D056c822461c4eb0B4ca8802E2":0.0249768300924217,"0x826180541412D574cf1336d22c0C0a287822678A":193.8445648516263,"0x830614aE209FF9d8706d386fcdBc7a55206fcffC":50.01619867443357,"0x83F20F44975D03b1b09e64809B757c47f942BEeA":1035.8855094105727,"0x84CeCB5525c6B1C20070E742da870062E84Da178":13.60409618496487,"0x853d955aCEf822Db058eb8505911ED77F175b99e":638.7058902853724,"0x856c4Efb76C1D1AE02e20CEB03A2A6a08b0b8dC3":1.6654467040133722,"0x865377367054516e17014CcdED1e7d814EDC9ce4":506.11416862430815,"0x8682Fbf0CbF312C891532BA9F1A91e44f81ad7DF":479.9607469965837,"0x8C0D76C9B18779665475F3E212D9Ca1Ed6A1A0e6":403.89691239863976,"0x8C88538688aca3b733aD08b12BEe4574c0C00907":261.27040137188675,"0x8c9532a60E0E7C6BbD2B2c1303F63aCE1c3E9811":0.04436640442679921,"0x8dAEBADE922dF735c38C80C7eBD708Af50815fAa":14.432475065097432,"0x8e595470Ed749b85C6F7669de83EAe304C2ec68F":19.65857018966375,"0x917ceE801a67f933F2e6b33fC0cD1ED2d5909D88":385.29841901635484,"0x9181f633E9B9F15A32d5e37094F4C93b333e0E92":0.42460726972779383,"0x922406EAFC3CcEb32b0256F287fB977c426EDbd8":0.029064227250960115,"0x954313005C56b555bdC41B84D6c63B69049d7847":439.5526846744945,"0x9559Aaa82d9649C7A7b220E7c461d2E74c9a3593":175.24814312103513,"0x95710BDE45C8D384A976Cc58Cc7a7e489576b098":2.3954079276974825,"0x961D4921e1718E633BAC8Ded88c4a1cAe44b785a":872.3200584133905,"0x9961BdBE8B7091E584c2bF9D0a160C583f564A8c":392.68601886780243,"0x99D8a9C45b2ecA8864373A26D1459e3Dff1e17F3":35.96378490017783,"0x9BE89D2a4cd102D8Fecc6BF9dA793be995C22541":674.0389981121334,"0x9D39A5DE30e57443BfF2A8307A4256c8797A3497":841.8009886569404,"0x9EEAD9ce15383CaEED975427340b3A369410CFBF":0.002913813078176,"0x9FeE65D5A627e73212989c8BbEdC5Fa5Cae3821F":10.397677085040677,"0x9b77bd0a665F05995b68e36fC1053AFFfAf0d4B5":3.675759590674306,"0x9de1c3D446237ab9BaFF74127eb4F303802a2683":423.25590472813786,"0xA0b86991c6218b36c1d19D4a2e9Eb0cE3606eB48":2138.979950281703,