{"0x0000000000085d4780B73119b644AE5ecd22b376":198.0555343006466,"0x0000000016E6Cb3038203c1129c8B4aEE7af7a11":1.5974982144720187,"0x005F893EcD7bF9667195642f7649DA8163e23658":108.75018711235127,"0x0100546F2cD4C9D97f798fFC9755E47865FF7Ee6":287.318856912164,"0x028171bCA77440897B824Ca71D1c56caC55b68A3":1152.3984191732097,"0x0316EB71485b0Ab14103307bf65a021042c6d380":0.015185730645240935,"0x03ab458634910AaD20eF5f1C8ee96F1D6ac54919":18.840062312904454,"0x04C154b66CB340F3Ae24111CC767e0184Ed00Cc6":898.7209218735865,"0x051d7e5609917Bd9b73f04BAc0DED8Dd46a74301":284.12270284419634,"0x056Fd409E1d7A124BD7017459dFEa2F387b6d5Cd":763.5339894679606,"0x067079c14B85169e6a29703769dadDef90816f4C":354.2867174567271,"0x075b1bb99792c9E1041bA13afEf80C91a1e70fB3":602.9612604065393,"0x085780639CC2cACd35E474e71f4d000e2405d8f6":1192.0653338733753,"0x09db87A538BD693E9d08544577d5cCfAA6373A48":35.20753779950629,"0x0E2EC54fC0B509F445631Bf4b91AB8168230C752":0.47139933113858945,"0x0E573Ce2736Dd9637A0b21058352e1667925C7a8":126.23528097847522,"0x0a5E677a6A24b2F1A2Bf4F3bFfC443231d2fDEc8":0.07850172821389463,"0x0bc529c00C6401aEF6D220BE8C6Ea1667F6Ad93e":20.366084788524255,"0x0d86883FAf4FfD7aEb116390af37746F45b6f378":250.10056278035822,"0x0dE54CFdfeD8005176f8b7A9D5438B45c4F1df1e":5.797928644709574,"0x137469B55D1f15651BA46A89D0588e97dD0B6562":119.78268112222977,"0x1456688345527bE1f37E9e627DA0837D6f08C925":6.196808419831671,"0x15700B564Ca08D9439C58cA5053166E8317aa138":1965.9100496268843,"0x16eAd9a10b1A77007E6E329B076aD1Fe97a6F7C0":90.82541495688565,"0x18084fbA666a33d37592fA2633fD49a74DD93a88":332.6894994046796,"0x1830c553dC76d3447B69b7B0dC19CF9e3c739C78":40.60906996095112,"0x183395DbD0B5e93323a7286D1973150697FFFCB3":146.07257447598485,"0x196f4727526eA7FB1e17b2071B3d8eAA38486988":2.5572356477364355,"0x1BED97CBC3c24A4fb5C069C6E311a967386131f7":198.9938386844455,"0x1a7e4e63778B4f12a199C062f3eFdD288afCBce8":311.56867100457174,"0x1aBaEA1f7C830bD89Acc67eC4af516284b1bC33c":472.9595804806733,"0x1c48f86ae57291F7686349F12601910BD8D470bb":1.309454619491895,"0x1ce0D1E19c9514230FF8CD1DAbaC2555fb92122b":0,"0x2191DF768ad71140F9F3E96c1e4407A4aA31d082":22.702753934527852,"0x2260FAC5E5542a773Aa44fBCfeDf7C193bc2C599":323.43218927348437,"0x2302aaBe69e6E7A1b0Aa23aAC68fcCB8A4D2B460":84.41128277729639,"0x2570f1bD5D2735314FC102eb12Fc1aFe9e6E7193":370.84414529480716,"0x25eC98773D7b4ceD4cAFaB96A2A1c0945f145e10":0,"0x2889302a794dA87fBF1D6Db415C1492194663D13":3905.6664022079867,"0x29059568bB40344487d62f7450E78b8E6C74e0e5":312.21402183116845,"0x2b01d4FdB87eb7F2399E5D68631d8A939a323786":187.85375558928504,"0x3175Df0976dFA876431C2E9eE6Bc45b65d3473CC":9.240390197562895e-7,"0x3231Cb76718CDeF2155FC47b5286d82e6eDA273f":309.240978099643,"0x32bd822d615A3658A68b6fDD30c2fcb2C996D678":202.05102707830076,"0x3432B6A60D23Ca0dFCa7761B7ab56459D9C964D0":223.55244134553652,"0x34635280737b5BFe6c7DC2FC3065D60d66e78185":182.30909465123716,"0x35282d87011f87508D457F08252Bc5bFa52E10A0":126.99728573829543,"0x35D8949372D46B7a3D5A56006AE77B215fc69bC0":434.32444597836354,"0x35fA164735182de50811E8e2E824cFb9B6118ac2":808.1299377745815,"0x365AccFCa291e7D3914637ABf1F7635dB165Bb09":167.09109433235213,"0x383E6b4437b59fff47B619CBA855CA29342A8559":164.99525897330247,"0x38D64ce1Bdf1A9f24E0Ec469C9cAde61236fB4a0":174.28234598345995,"0x393DaD6c76D962Abba489a77dBf37ae948A4A6ee":76.49740257822418,"0x3A2725556Dde7B21fBe3dD64A4913ff29faba6A1":0.02519973823970999,"0x3A283D9c08E8b55966afb64C515f5143cf907611":5662.506751633023,"0x3Ed3B47Dd13EC9a98b44e6204A523E766B225811":797.6813192263832,"0x401322B9FDdba8c0a8D40fbCECE1D1752C12316B":220.07942146597577,"0x40D16FC0246aD3160Ccc09B8D0D3A2cD28aE6C2f":1632.994517138002,"0x4591DBfF62656E7859Afe5e45f6f47D3669fBB28":186.44068542860774,"0x4647B6D835f3B393C7A955df51EEfcf0db961606":53.145773744812594,"0x466a756E9A7401B5e2444a3fCB3c2C12FBEa0a54":640.984262259553,"0x48759F220ED983dB51fA7A8C0D2AAb8f3ce4166a":1775.2361724914454,"0x49446A0874197839D15395B908328a74ccc96Bc0":8.345798124793985,"0x4AE86d8732390d852A13cb918463BC6e5775FaDD":65.46608119951145,"0x4D1941a887eC788F059b3bfcC8eE1E97b968825B":249.50333741186927,"0x4DEcE678ceceb27446b35C672dC7d61F30bAD69E":423.7270186947495,"0x4Fabb145d64652a948d72533023f6E7A623C7C53":0.038948483985583156,"0x4c9EDD5852cd905f086C759E8383e09bff1E68B3":15586.964043260677,"0x4de2ab8177fC5fFAFB7aD11FB8BeB1e5fB95F71C":293.9835379291493,"0x4eBdF703948ddCEA3B11f675B4D1Fba9d2414A14":6303.353918387412,"0x514910771AF9Ca656af840dff83E8264EcF986CA":50.95982933919737,"0x5228a22e72ccC52d415EcFd199F99D0665E7733b":30.355239293940272,"0x5271045F7B73c17825A7A7aee6917eE46b0B7520":147.4042017340985,"0x527331F3F550f6f85ACFEcAB9Cc0889180C6f1d5":190.25942552662852,"0x5426178799ee0a0181A89b4f57eFddfAb49941Ec":751.6360176035874,"0x5555f75e3d5278082200Fb451D1b6bA946D8e13b":97.98588033526228,"0x57a5a0567187FF4A8dcC1A9bBa86155E355878F2":0.7828205086793322,"0x58efE15C0404aB22F87E4495D71f6f2077e862bE":0.001240756805555424,"0x5905c0290e59aFBDc42a5480add9bD7B20CB3759":0.17880512717065003,"0x59D9356E565Ab3A36dD77763Fc0d87fEaf85508C":131.6014597566821,"0x5BC25f649fc4e26069dDF4cF4010F9f706c23831":3.103506026967755,"0x5Be6C45e2d074fAa20700C49aDA3E88a1cc0025d":492.0242849896593,"0x5Ca135cB8527d76e932f34B5145575F9d8cbE08E":33.53471325749639,"0x5E8422345238F34275888049021821E8E08CAa1f":13792.295129128277,"0x5Ea630e00D6eE438d3deA1556A110359ACdc10A9":159.85764977743963,"0x5b6C539b224014A09B3388e51CaAA8e354c959C8":430.34498715660874,"0x5e74C9036fb86BD7eCdcb084a0673EFc32eA31cb":6.671510901922295,"0x62B9c7356A2Dc64a1969e19C23e4f579F9810Aa7":1247.6129195007718,"0x6359B6d3e327c497453d4376561eE276c6933323":185.99907160376145,"0x63a0964A36c34E81959da5894ad888800e17405b":202.75209672304075,"0x64351fC9810aDAd17A690E4e1717Df5e7e085160":1417.119453224962,"0x65D72AA8DA931F047169112fcf34f52DbaAE7D18":113.20835491567858,"0x661c70333AA1850CcDBAe82776Bb436A0fCfeEfB":47.02925441784181,"0x6663b6D50992ef4fc0380199397c87C2f5256075":25.974686749981245,"0x668308d77be3533c909a692302Cb4D135Bf8041C":0.03755206559759638,"0x66a1E37c9b0eAddca17d3662D6c05F4DECf3e110":32.39168509839654,"0x674C6Ad92Fd080e4004b2312b45f796a192D27a0":4.383603422098885,"0x677ddbd918637E5F2c79e164D402454dE7dA8619":2.5668289328782006,"0x68749665FF8D2d112Fa859AA293F07A622782F38":20.463115365923322,"0x69000405f9DcE69BD4Cbf4f2865b79144A69BFE0":0,"0x6B175474E89094C44Da98b954EedeAC495271d0F":15303.679188812388,"0x6C5024Cd4F8A59110119C56f8933403A539555EB":97.60477870366022,"0x6C9815826FdF8c7a45cCfEd2064dbaB33a078712":50.47573907201821,"0x6b5204B0Be36771253Cc38e88012E02B752f0f36":141.00316628451816,"0x6c3F90f043a72FA612cbac8115EE7e52BDe6E490":2967.181143322087,"0x6c3ea9036406852006290770BEdFcAbA0e23A0e8":1254.2054888173202,"0x6e52cCe4EaFDf77091dD1c82183b2D97b776b397":509.7818058868324,"0x6ef3D766Dfe02Dc4bF04aAe9122EB9A0Ded25615":0.036417084919603694,"0x7223442cad8e9cA474fC40109ab981608F8c4273":5.662829791110835,"0x73968b9a57c6E53d41345FD57a6E6ae27d6CDB2F":64.86775241681056,"0x73A15FeD60Bf67631dC6cd7Bc5B6e8da8190aCF5":2441.8224608653413,"0x752B4c6e92d96467fE9b9a2522EF07228E00F87c":3.290757988804025,"0x76237BCfDbe8e06FB774663add96216961df4ff3":10.468474553157728,"0x76Eb2FE28b36B3ee97F3Adae0C69606eeDB2A37c":1176.1313459521864,"0x77E06c9eCCf2E797fd462A92B6D7642EF85b0A44":0.58097446456,"0x78da5799CF427Fee11e9996982F4150eCe7a99A7":72.15913719233966,"0x7988292D0FB141085c092132e2a70B30aA1eccAB":398.7759319855355,"0x7F17A6C77C3938D235b014818092eb6305BdA110":73.61977986059814,"0x7F86Bf177Dd4F3494b841a37e810A34dD56c829B":14654.82748649702,"0x7FA768E035F956c41d6aeaa3Bd857e7E5141CAd5":0.3260727794160386,"0x7ea4aD8C803653498bF6AC1D2dEbc04DCe8Fd2aD":7.93239931155043,"0x7f39C581F595B53c5cb19bD0b3f8dA6c935E2Ca0":3926.431031395145,"0x8064d9Ae6cDf087b1bcd5BDf3531bD5d8C537a68":42.552594883540216,"0x808507121B80c02388fAd14726482e061B8da827":131.52584564565055,"0x80d69e79258FE9D056c822461c4eb0B4ca8802E2":0.17139318665089343,"0x826180541412D574cf1336d22c0C0a287822678A":128.41220257985393,