{"lastBlock":20070904,"lastDistributionTime":1717588535,"lastDistributionAmount":513828,"pending3CRVFees":{"arbitrum":1703.1849828059812,"avalanche":1474.06172277688,"ethereum":234398.53042217623,"fantom":20.161689,"optimism":232.67249762497596,"polygon":1213.702233}}