{"lastBlock":20918421,"lastDistributionTime":1727904683,"lastDistributionAmount":256757,"pending3CRVFees":{"arbitrum":1330.0815839675815,"avalanche":0,"ethereum":188512.25615489754,"fantom":0,"optimism":294.1367142312533,"polygon":296.859372}}