{"lastBlock":21265925,"lastDistributionTime":1732143635,"lastDistributionAmount":598885,"pending3CRVFees":{"arbitrum":1730.1620642582457,"avalanche":0,"crvusd":149805.55734677607,"ethereum":283305.05493298743,"fantom":0,"optimism":199.00539467042435,"polygon":3483.628421}}