{"lastBlock":20553075,"lastDistributionTime":1723677299,"lastDistributionAmount":216189,"pending3CRVFees":{"arbitrum":1987.460400791847,"avalanche":0,"ethereum":239762.18399935748,"fantom":0,"optimism":300.12276904808965,"polygon":1447.609792}}