{"lastBlock":21536797,"lastDistributionTime":1735706375,"lastDistributionAmount":493884,"pending3CRVFees":{"arbitrum":1030.7652600896058,"avalanche":0,"crvusd":14699.13978041446,"ethereum":204288.4299235266,"fantom":0,"optimism":23.693558591741112,"polygon":1532.065975}}