{"lastBlock":21325813,"lastDistributionTime":1732742627,"lastDistributionAmount":501728,"pending3CRVFees":{"arbitrum":1020.0016894004272,"avalanche":0,"crvusd":151625.47789049512,"ethereum":248175.20112657285,"fantom":0,"optimism":172.3424851506452,"polygon":3835.825215}}