{"lastBlock":20575755,"lastDistributionTime":1724209955,"lastDistributionAmount":343376,"pending3CRVFees":{"arbitrum":998.7596422566838,"avalanche":0,"ethereum":299589.2958227388,"fantom":0,"optimism":1.2802413199485594,"polygon":1073.524747}}