{"lastBlock":20415987,"lastDistributionTime":1721863067,"lastDistributionAmount":617944,"pending3CRVFees":{"arbitrum":2583.559222232599,"avalanche":0,"ethereum":382324.96915684786,"fantom":0,"optimism":540.9995228832217,"polygon":1316.881161}}