{"lastBlock":21217231,"lastDistributionTime":1731480755,"lastDistributionAmount":415352,"pending3CRVFees":{"arbitrum":1785.4586952075526,"avalanche":0,"crvusd":251859.50410828282,"ethereum":287906.47325085924,"fantom":0,"optimism":184.3191041383325,"polygon":2114.712106}}