{"lastBlock":21492560,"lastDistributionTime":1735150271,"lastDistributionAmount":594656,"pending3CRVFees":{"arbitrum":1435.5807246840277,"avalanche":0,"crvusd":12271.633766699257,"ethereum":233959.82579592534,"fantom":0,"optimism":37.7949319486806,"polygon":3044.877945}}