{"lastBlock":21351760,"lastDistributionTime":1733342015,"lastDistributionAmount":452171,"pending3CRVFees":{"arbitrum":1600.0391767045337,"avalanche":0,"crvusd":83155.75589438094,"ethereum":253945.43749334998,"fantom":0,"optimism":161.99337251820842,"polygon":5122.908012}}