{"lastBlock":21357787,"lastDistributionTime":1733342015,"lastDistributionAmount":452171,"pending3CRVFees":{"arbitrum":1669.7574547948075,"avalanche":0,"crvusd":83155.75589438094,"ethereum":266577.4662003387,"fantom":0,"optimism":147.97766171759432,"polygon":5206.299555}}