{"lastBlock":20870664,"lastDistributionTime":1727231867,"lastDistributionAmount":228391,"pending3CRVFees":{"arbitrum":2789.0979442689327,"avalanche":0,"ethereum":202279.73546780652,"fantom":0,"optimism":847.5860301275616,"polygon":1396.670575}}