{"lastBlock":20233143,"lastDistributionTime":1720050947,"lastDistributionAmount":920217,"pending3CRVFees":{"arbitrum":1832.7650025045334,"avalanche":2169.798636717197,"ethereum":122696.12238579294,"fantom":2.565474,"optimism":87.11273430084302,"polygon":636.096183}}