{"lastBlock":21342230,"lastDistributionTime":1733342015,"lastDistributionAmount":452171,"pending3CRVFees":{"arbitrum":1421.6828409041586,"avalanche":0,"crvusd":23280.778639415246,"ethereum":212457.50359745976,"fantom":0,"optimism":134.30781792098884,"polygon":4770.464763}}