{"lastBlock":21170368,"lastDistributionTime":1730934299,"lastDistributionAmount":332987,"pending3CRVFees":{"arbitrum":1782.1941322250052,"avalanche":0,"ethereum":406712.66587756167,"fantom":0,"optimism":261.48289402824594,"polygon":1757.408045}}