{"lastBlock":20221149,"lastDistributionTime":1719395603,"lastDistributionAmount":605157,"pending3CRVFees":{"arbitrum":2831.941050864679,"avalanche":2129.619881180157,"ethereum":460672.2472504648,"fantom":4.273643,"optimism":282.34537626888783,"polygon":1770.312075}}