{"lastBlock":21456797,"lastDistributionTime":1734501623,"lastDistributionAmount":461437,"pending3CRVFees":{"arbitrum":3328.477488732954,"avalanche":0,"crvusd":14309.280717015265,"ethereum":377268.2786586835,"fantom":0,"optimism":139.29944066216365,"polygon":3031.988834}}