{"lastBlock":20729689,"lastDistributionTime":1726072487,"lastDistributionAmount":290216,"pending3CRVFees":{"arbitrum":944.7384975728152,"avalanche":0,"ethereum":79078.2801213599,"fantom":0,"optimism":14.64824331190493,"polygon":616.318203}}