{"lastBlock":20791808,"lastDistributionTime":1726692083,"lastDistributionAmount":301743,"pending3CRVFees":{"arbitrum":2880.610863782536,"avalanche":0,"ethereum":104483.65635969552,"fantom":0,"optimism":144.59575982807561,"polygon":428.945329}}