{"lastBlock":20153141,"lastDistributionTime":1718795987,"lastDistributionAmount":774021,"pending3CRVFees":{"arbitrum":2759.7812211306427,"avalanche":1876.1669512172998,"ethereum":80109.93826804035,"fantom":81.678077,"optimism":121.4817078279654,"polygon":3191.720159}}