{"lastBlock":20554259,"lastDistributionTime":1723677299,"lastDistributionAmount":216189,"pending3CRVFees":{"arbitrum":1993.6900674466822,"avalanche":0,"ethereum":233009.5314830145,"fantom":0,"optimism":301.49519981908327,"polygon":1457.624054}}