{"lastBlock":20653281,"lastDistributionTime":1724888711,"lastDistributionAmount":265409,"pending3CRVFees":{"arbitrum":1384.2214166789765,"avalanche":0,"ethereum":124778.3456790417,"fantom":0,"optimism":119.54480818665448,"polygon":843.842295}}