{"lastBlock":20262933,"lastDistributionTime":1720050947,"lastDistributionAmount":920217,"pending3CRVFees":{"arbitrum":3034.3801474794473,"avalanche":2289.287334231785,"ethereum":263980.5907817179,"fantom":3.462345,"optimism":345.1718758462968,"polygon":1198.299184}}