{"lastBlock":20418136,"lastDistributionTime":1721863067,"lastDistributionAmount":617944,"pending3CRVFees":{"arbitrum":2590.4570641160635,"avalanche":0,"ethereum":386782.6446771516,"fantom":0,"optimism":554.1589936425909,"polygon":1336.185938}}