{"lastBlock":20483865,"lastDistributionTime":1723005119,"lastDistributionAmount":549179,"pending3CRVFees":{"arbitrum":3477.2520096571902,"avalanche":0,"ethereum":101009.01624921526,"fantom":0,"optimism":588.540816495568,"polygon":135.029156}}