{"lastBlock":19900584,"lastDistributionTime":1715769839,"lastDistributionAmount":425934,"pending3CRVFees":{"arbitrum":726.4534325204609,"avalanche":503.16880154298826,"ethereum":112579.81530691517,"fantom":3.435729,"optimism":249.0738235007197,"polygon":743.702117}}