{"lastBlock":20209224,"lastDistributionTime":1719395603,"lastDistributionAmount":605157,"pending3CRVFees":{"arbitrum":2435.5698801797566,"avalanche":2077.1030588899966,"ethereum":218577.52874056977,"fantom":3.333023,"optimism":219.58979706211633,"polygon":1655.383395}}