{"lastBlock":20640155,"lastDistributionTime":1724888711,"lastDistributionAmount":265409,"pending3CRVFees":{"arbitrum":1237.7690274808263,"avalanche":0,"ethereum":112277.42520989708,"fantom":0,"optimism":78.360369210582,"polygon":619.072094}}