{"lastBlock":20581706,"lastDistributionTime":1724284523,"lastDistributionAmount":357314,"pending3CRVFees":{"arbitrum":1078.769114747004,"avalanche":0,"ethereum":95771.88216745654,"fantom":0,"optimism":73.31542790229483,"polygon":1141.495324}}