{"lastBlock":19757538,"lastDistributionTime":1713951827,"lastDistributionAmount":509315,"pending3CRVFees":{"arbitrum":1192.4668137326717,"avalanche":185.37111355678556,"ethereum":162188.66711795607,"fantom":49.790499,"optimism":564.0203877974103,"polygon":3403.36822}}