{"lastBlock":19915833,"lastDistributionTime":1715769839,"lastDistributionAmount":425934,"pending3CRVFees":{"arbitrum":1231.9758186582906,"avalanche":599.0715453152512,"ethereum":132336.12923750325,"fantom":3.616049,"optimism":2990.3571089314455,"polygon":981.639226}}