{"lastBlock":20722537,"lastDistributionTime":1725486287,"lastDistributionAmount":323207,"pending3CRVFees":{"arbitrum":1518.7634647221278,"avalanche":0,"ethereum":194274.2387431751,"fantom":0,"optimism":946.1303738975729,"polygon":1177.548449}}