{"lastBlock":20360832,"lastDistributionTime":1721253959,"lastDistributionAmount":593727,"pending3CRVFees":{"arbitrum":2633.8287341366586,"avalanche":2439.3772437534367,"ethereum":139712.82595804776,"fantom":1017.87443,"optimism":398.5199945459352,"polygon":1071.592315}}