{"lastBlock":20341718,"lastDistributionTime":1721253959,"lastDistributionAmount":593727,"pending3CRVFees":{"arbitrum":2286.5233511580936,"avalanche":2621.6450411589694,"ethereum":107255.91246822786,"fantom":438.758132,"optimism":192.26387178185578,"polygon":734.09057}}