{"lastBlock":21487787,"lastDistributionTime":1735150271,"lastDistributionAmount":594656,"pending3CRVFees":{"arbitrum":1376.3632261391,"avalanche":0,"crvusd":12271.633766699257,"ethereum":204554.02085574,"fantom":0,"optimism":26.45748551809871,"polygon":2964.693293}}