{"lastBlock":20169839,"lastDistributionTime":1718795987,"lastDistributionAmount":774021,"pending3CRVFees":{"arbitrum":3173.5111218478673,"avalanche":1930.4658777413058,"ethereum":60996.44882948812,"fantom":97.731514,"optimism":205.95654484346855,"polygon":3440.683706}}