{"lastBlock":20459921,"lastDistributionTime":1722465719,"lastDistributionAmount":758602,"pending3CRVFees":{"arbitrum":3541.41853320617,"avalanche":0,"ethereum":247935.93940874812,"fantom":0,"optimism":497.93045619667606,"polygon":1870.162323}}