{"lastBlock":19789562,"lastDistributionTime":1714562591,"lastDistributionAmount":454888,"pending3CRVFees":{"arbitrum":492.76940574421053,"avalanche":105.66512657217642,"ethereum":82180.5385156019,"fantom":1.362779,"optimism":653.6135428775483,"polygon":4746.211045}}