{"lastBlock":20761954,"lastDistributionTime":1726096931,"lastDistributionAmount":297357,"pending3CRVFees":{"arbitrum":1683.0916249683394,"avalanche":0,"ethereum":151541.3592873165,"fantom":0,"optimism":122.71380081224784,"polygon":1048.972119}}