{"lastBlock":19893412,"lastDistributionTime":1715769839,"lastDistributionAmount":425934,"pending3CRVFees":{"arbitrum":646.4716787822297,"avalanche":518.587535077935,"ethereum":109843.62435331316,"fantom":3.423514,"optimism":165.76846217297134,"polygon":717.150012}}