{"lastBlock":21133339,"lastDistributionTime":1730934299,"lastDistributionAmount":332987,"pending3CRVFees":{"arbitrum":931.0555025711669,"avalanche":0,"ethereum":106656.43265025261,"fantom":0,"optimism":39.509218487976995,"polygon":735.714909}}