{"lastBlock":21108257,"lastDistributionTime":1730331083,"lastDistributionAmount":278783,"pending3CRVFees":{"arbitrum":1961.6974470588216,"avalanche":0,"ethereum":166213.38823751608,"fantom":0,"optimism":82.64203144266119,"polygon":954.862592}}