{"lastBlock":20604357,"lastDistributionTime":1724284523,"lastDistributionAmount":357314,"pending3CRVFees":{"arbitrum":1558.0614391107738,"avalanche":0,"ethereum":148553.14572413202,"fantom":0,"optimism":387.6869860017076,"polygon":1559.437623}}