{"lastBlock":21122603,"lastDistributionTime":1730331083,"lastDistributionAmount":278783,"pending3CRVFees":{"arbitrum":2120.1123139370247,"avalanche":0,"ethereum":217151.6672445668,"fantom":0,"optimism":177.20529695150688,"polygon":1209.353873}}