{"lastBlock":20357243,"lastDistributionTime":1721253959,"lastDistributionAmount":593727,"pending3CRVFees":{"arbitrum":2557.047464981309,"avalanche":2429.4301685547516,"ethereum":129730.71024587806,"fantom":1017.545397,"optimism":360.73380502858913,"polygon":1041.628366}}