{"lastBlock":19832464,"lastDistributionTime":1715168603,"lastDistributionAmount":476332,"pending3CRVFees":{"arbitrum":230.1441257247292,"avalanche":28.686097765305462,"ethereum":55754.00723916931,"fantom":73.174277,"optimism":68.07684372503805,"polygon":1545.997689}}