{"lastBlock":19926563,"lastDistributionTime":1716378647,"lastDistributionAmount":563868,"pending3CRVFees":{"arbitrum":140.5243974600434,"avalanche":761.2402035052877,"ethereum":52366.98764366882,"fantom":9.62427,"optimism":60.181760175035905,"polygon":708.309066}}