{"lastBlock":21386458,"lastDistributionTime":1733959811,"lastDistributionAmount":541548,"pending3CRVFees":{"arbitrum":2792.3305495907634,"avalanche":0,"crvusd":7618.477055676264,"ethereum":194204.66194695365,"fantom":0,"optimism":39.973359357058094,"polygon":5568.976742}}