{"lastBlock":20913704,"lastDistributionTime":1727904683,"lastDistributionAmount":256757,"pending3CRVFees":{"arbitrum":1271.2435293342317,"avalanche":0,"ethereum":163862.96689794108,"fantom":0,"optimism":555.9723342893861,"polygon":275.541126}}