{"lastBlock":19909891,"lastDistributionTime":1715769839,"lastDistributionAmount":425934,"pending3CRVFees":{"arbitrum":860.5347820037539,"avalanche":532.7800922259969,"ethereum":132296.14667368375,"fantom":3.456443,"optimism":323.72954769393635,"polygon":824.911491}}