{"lastBlock":20053012,"lastDistributionTime":1717588535,"lastDistributionAmount":513828,"pending3CRVFees":{"arbitrum":955.9157395135112,"avalanche":1277.0021416965271,"ethereum":99969.77515529768,"fantom":20.243906,"optimism":297.04339809661707,"polygon":753.327386}}