{"lastBlock":20294187,"lastDistributionTime":1720653515,"lastDistributionAmount":683292,"pending3CRVFees":{"arbitrum":2313.066841634272,"avalanche":2352.59887504794,"ethereum":109724.12988408314,"fantom":443.794826,"optimism":208.17197695565497,"polygon":189.903741}}