{"lastBlock":20328571,"lastDistributionTime":1721246591,"lastDistributionAmount":588525,"pending3CRVFees":{"arbitrum":1930.1771483078612,"avalanche":2395.137586157133,"ethereum":82718.28618290742,"fantom":441.374781,"optimism":14.053118302520666,"polygon":498.212859}}