{"lastBlock":21330295,"lastDistributionTime":1733275799,"lastDistributionAmount":404774,"pending3CRVFees":{"arbitrum":926.9081969395874,"avalanche":0,"crvusd":184657.95049746492,"ethereum":225098.62796101702,"fantom":0,"optimism":29.384000523079763,"polygon":4111.986985}}