{"lastBlock":21433237,"lastDistributionTime":1734501623,"lastDistributionAmount":461437,"pending3CRVFees":{"arbitrum":2190.8831169250034,"avalanche":0,"crvusd":0,"ethereum":161490.1976706891,"fantom":0,"optimism":22.299513633007614,"polygon":2518.702987}}