{"lastBlock":21034223,"lastDistributionTime":1729712231,"lastDistributionAmount":296327,"pending3CRVFees":{"arbitrum":2455.005463196547,"avalanche":0,"ethereum":90823.20597734909,"fantom":0,"optimism":56.17191713539923,"polygon":410.158828}}