{"lastBlock":20332162,"lastDistributionTime":1721253959,"lastDistributionAmount":593727,"pending3CRVFees":{"arbitrum":2002.5525654971377,"avalanche":2583.9919531561004,"ethereum":89911.10859256994,"fantom":440.646046,"optimism":104.68763522819674,"polygon":579.277514}}