{"lastBlock":20452744,"lastDistributionTime":1722465719,"lastDistributionAmount":758602,"pending3CRVFees":{"arbitrum":2721.6630786193737,"avalanche":0,"ethereum":143611.4214782225,"fantom":0,"optimism":341.22216435672686,"polygon":1180.536889}}