{"lastBlock":20585288,"lastDistributionTime":1724284523,"lastDistributionAmount":357314,"pending3CRVFees":{"arbitrum":1235.8942513307838,"avalanche":0,"ethereum":102426.8429167704,"fantom":0,"optimism":149.9837379790215,"polygon":1274.288455}}