{"lastBlock":20466129,"lastDistributionTime":1722465719,"lastDistributionAmount":758602,"pending3CRVFees":{"arbitrum":4367.981612138849,"avalanche":0,"ethereum":442839.7089994441,"fantom":0,"optimism":742.3064906789839,"polygon":2331.333233}}