{"lastBlock":21120213,"lastDistributionTime":1730331083,"lastDistributionAmount":278783,"pending3CRVFees":{"arbitrum":2097.848468812291,"avalanche":0,"ethereum":188707.15984090557,"fantom":0,"optimism":169.42105640709488,"polygon":1167.330404}}