{"lastBlock":20510093,"lastDistributionTime":1723005119,"lastDistributionAmount":549179,"pending3CRVFees":{"arbitrum":3994.026868368146,"avalanche":0,"ethereum":149570.40296635192,"fantom":0,"optimism":166.13743536866255,"polygon":817.705053}}