{"lastBlock":20516312,"lastDistributionTime":1723005119,"lastDistributionAmount":549179,"pending3CRVFees":{"arbitrum":4114.735725281004,"avalanche":0,"ethereum":296305.343861602,"fantom":0,"optimism":213.3949427028391,"polygon":936.733882}}