{"lastBlock":21166769,"lastDistributionTime":1730934299,"lastDistributionAmount":332987,"pending3CRVFees":{"arbitrum":1672.4458213776354,"avalanche":0,"ethereum":352816.21773014724,"fantom":0,"optimism":237.7142376971768,"polygon":1644.280957}}