{"lastBlock":20031541,"lastDistributionTime":1717588535,"lastDistributionAmount":513828,"pending3CRVFees":{"arbitrum":232.73319772772788,"avalanche":1247.3480226103432,"ethereum":57743.40118328314,"fantom":15.264833,"optimism":34.88297127779108,"polygon":379.710249}}