{"lastBlock":21242043,"lastDistributionTime":1732143635,"lastDistributionAmount":598885,"pending3CRVFees":{"arbitrum":1208.2532946522847,"avalanche":0,"crvusd":30847.17609228882,"ethereum":174466.66957201445,"fantom":0,"optimism":65.69995568120545,"polygon":2752.29256}}