{"lastBlock":20784650,"lastDistributionTime":1726692083,"lastDistributionAmount":301743,"pending3CRVFees":{"arbitrum":2742.761363755007,"avalanche":0,"ethereum":90487.49908174857,"fantom":0,"optimism":47.87885447215383,"polygon":362.880473}}