{"lastBlock":21227725,"lastDistributionTime":1732062539,"lastDistributionAmount":554443,"pending3CRVFees":{"arbitrum":1999.1625544986848,"avalanche":0,"crvusd":291252.99977982807,"ethereum":249781.6859204583,"fantom":0,"optimism":218.33912525391196,"polygon":2361.642417}}