{"lastBlock":21499721,"lastDistributionTime":1735150271,"lastDistributionAmount":594656,"pending3CRVFees":{"arbitrum":1787.9000066998042,"avalanche":0,"crvusd":12271.633766699257,"ethereum":272995.6455692864,"fantom":0,"optimism":52.87158425899306,"polygon":3160.937649}}