{"lastBlock":20647313,"lastDistributionTime":1724888711,"lastDistributionAmount":265409,"pending3CRVFees":{"arbitrum":1360.1265758812922,"avalanche":0,"ethereum":123218.88134781053,"fantom":0,"optimism":224.3607031048984,"polygon":733.802294}}