{"lastBlock":21244426,"lastDistributionTime":1732143635,"lastDistributionAmount":598885,"pending3CRVFees":{"arbitrum":1274.6653668958074,"avalanche":0,"crvusd":48776.42985713327,"ethereum":189331.17178836308,"fantom":0,"optimism":100.10435955297768,"polygon":2830.878206}}