{"lastBlock":20081658,"lastDistributionTime":1718189711,"lastDistributionAmount":630486,"pending3CRVFees":{"arbitrum":2276.101932951186,"avalanche":1723.1244020348277,"ethereum":86748.1971037317,"fantom":0.979311,"optimism":168.01760801638451,"polygon":793.744872}}