{"lastBlock":21318654,"lastDistributionTime":1732742627,"lastDistributionAmount":501728,"pending3CRVFees":{"arbitrum":887.3735543247069,"avalanche":0,"crvusd":124276.16900602722,"ethereum":271391.3678179102,"fantom":0,"optimism":174.8790717792742,"polygon":3665.057315}}