{"lastBlock":20224741,"lastDistributionTime":1719972887,"lastDistributionAmount":843080,"pending3CRVFees":{"arbitrum":2865.8379888081477,"avalanche":2138.996843761902,"ethereum":101172.92419032089,"fantom":4.330638,"optimism":286.9380280248523,"polygon":1779.811025}}