{"lastBlock":21179921,"lastDistributionTime":1731480755,"lastDistributionAmount":415352,"pending3CRVFees":{"arbitrum":1252.5441063825583,"avalanche":0,"ethereum":344357.2175643203,"fantom":0,"optimism":20.082535458908314,"polygon":912.600241}}