{"lastBlock":20979268,"lastDistributionTime":1729066931,"lastDistributionAmount":258338,"pending3CRVFees":{"arbitrum":943.254774944094,"avalanche":0,"ethereum":116940.89349294313,"fantom":0,"optimism":20.273458550907527,"polygon":322.882516}}