{"lastBlock":20841975,"lastDistributionTime":1727231867,"lastDistributionAmount":228391,"pending3CRVFees":{"arbitrum":2302.276520932652,"avalanche":0,"ethereum":135867.58446376564,"fantom":0,"optimism":307.6403747217974,"polygon":887.23191}}