{"lastBlock":20155521,"lastDistributionTime":1718795987,"lastDistributionAmount":774021,"pending3CRVFees":{"arbitrum":2810.879777113833,"avalanche":1882.762447268774,"ethereum":95879.74368552468,"fantom":81.982693,"optimism":126.46103933728781,"polygon":3200.273822}}