{"lastBlock":21500964,"lastDistributionTime":1735150271,"lastDistributionAmount":594656,"pending3CRVFees":{"arbitrum":2474.099365465962,"avalanche":0,"crvusd":12271.633766699257,"ethereum":271816.4994309592,"fantom":0,"optimism":55.98134317803787,"polygon":3179.749614}}