{"lastBlock":20572163,"lastDistributionTime":1723677299,"lastDistributionAmount":216189,"pending3CRVFees":{"arbitrum":2386.6951701968446,"avalanche":0,"ethereum":545038.6807932927,"fantom":0,"optimism":435.7281165872663,"polygon":1752.570139}}