{"lastBlock":20446767,"lastDistributionTime":1722465719,"lastDistributionAmount":758602,"pending3CRVFees":{"arbitrum":2626.401202108819,"avalanche":0,"ethereum":133112.62411516334,"fantom":0,"optimism":275.19482167917704,"polygon":1066.874852}}