{"lastBlock":19867008,"lastDistributionTime":1715168603,"lastDistributionAmount":476332,"pending3CRVFees":{"arbitrum":922.3610253961812,"avalanche":368.14360909317946,"ethereum":114284.32402721405,"fantom":82.568706,"optimism":283.9374547564073,"polygon":2417.490161}}