{"lastBlock":20073304,"lastDistributionTime":1717588535,"lastDistributionAmount":513828,"pending3CRVFees":{"arbitrum":1757.7495891714166,"avalanche":1602.591016953124,"ethereum":232702.47654586702,"fantom":20.450265,"optimism":501.6210508375295,"polygon":1240.067003}}