{"lastBlock":20661650,"lastDistributionTime":1724888711,"lastDistributionAmount":265409,"pending3CRVFees":{"arbitrum":1452.623956075472,"avalanche":0,"ethereum":161036.90444665964,"fantom":0,"optimism":167.90386970594648,"polygon":901.719657}}