{"lastBlock":20451805,"lastDistributionTime":1722465719,"lastDistributionAmount":758602,"pending3CRVFees":{"arbitrum":2709.598590265549,"avalanche":0,"ethereum":143660.92468175615,"fantom":0,"optimism":454.90336410628436,"polygon":1176.069974}}