{"lastBlock":19890819,"lastDistributionTime":1715769839,"lastDistributionAmount":425934,"pending3CRVFees":{"arbitrum":578.7820249543857,"avalanche":499.73711052886614,"ethereum":98831.53990841213,"fantom":3.369464,"optimism":150.75883691065707,"polygon":712.068881}}