{"lastBlock":20746413,"lastDistributionTime":1726096931,"lastDistributionAmount":297357,"pending3CRVFees":{"arbitrum":1368.7359489885368,"avalanche":0,"ethereum":100919.89466253032,"fantom":0,"optimism":241.2715242580576,"polygon":980.08056}}