{"lastBlock":21294501,"lastDistributionTime":1732742627,"lastDistributionAmount":501728,"pending3CRVFees":{"arbitrum":336.29632867923635,"avalanche":0,"crvusd":39004.82039010878,"ethereum":199565.43604004214,"fantom":0,"optimism":59.22763535331285,"polygon":3186.916475}}