{"lastBlock":20833552,"lastDistributionTime":1727231867,"lastDistributionAmount":228391,"pending3CRVFees":{"arbitrum":2133.446163033356,"avalanche":0,"ethereum":114626.9719094816,"fantom":0,"optimism":134.49701516925785,"polygon":816.738156}}