{"lastBlock":20801275,"lastDistributionTime":1726692083,"lastDistributionAmount":301743,"pending3CRVFees":{"arbitrum":2961.3486650229156,"avalanche":0,"ethereum":113760.11440319232,"fantom":0,"optimism":182.97691042858094,"polygon":501.434592}}