{"lastBlock":20256947,"lastDistributionTime":1720050947,"lastDistributionAmount":920217,"pending3CRVFees":{"arbitrum":2761.7070781115026,"avalanche":2407.0627303653423,"ethereum":210813.8370173507,"fantom":3.255686,"optimism":550.8813312268364,"polygon":1098.659692}}