{"lastBlock":20772650,"lastDistributionTime":1726096931,"lastDistributionAmount":297357,"pending3CRVFees":{"arbitrum":1831.3119958646348,"avalanche":0,"ethereum":190982.91834413618,"fantom":0,"optimism":171.71369670904926,"polygon":1461.900753}}