{"lastBlock":20569078,"lastDistributionTime":1723677299,"lastDistributionAmount":216189,"pending3CRVFees":{"arbitrum":2315.031977498651,"avalanche":0,"ethereum":526948.652117413,"fantom":0,"optimism":425.16326711268016,"polygon":1679.858024}}