{"lastBlock":19783568,"lastDistributionTime":1714562591,"lastDistributionAmount":454888,"pending3CRVFees":{"arbitrum":368.3926340754717,"avalanche":88.87772992423712,"ethereum":75449.7470783027,"fantom":1.267625,"optimism":162.5000351688024,"polygon":4618.876977}}