{"lastBlock":19887253,"lastDistributionTime":1715769839,"lastDistributionAmount":425934,"pending3CRVFees":{"arbitrum":472.4566711815324,"avalanche":512.2728912842209,"ethereum":79360.01128965255,"fantom":3.132557,"optimism":93.68797183224912,"polygon":684.628593}}