{"lastBlock":20852962,"lastDistributionTime":1727231867,"lastDistributionAmount":228391,"pending3CRVFees":{"arbitrum":2503.826090389109,"avalanche":0,"ethereum":157552.58526716213,"fantom":0,"optimism":498.17494722998913,"polygon":1013.87753}}