{"lastBlock":19849104,"lastDistributionTime":1715168603,"lastDistributionAmount":476332,"pending3CRVFees":{"arbitrum":656.4138514484031,"avalanche":336.6283417070177,"ethereum":87891.3658648642,"fantom":79.794914,"optimism":176.8719852464664,"polygon":2218.085635}}