{"lastBlock":20723994,"lastDistributionTime":1726014047,"lastDistributionAmount":273029,"pending3CRVFees":{"arbitrum":1536.6732017996915,"avalanche":0,"ethereum":68593.44152756454,"fantom":0,"optimism":843.6961895667366,"polygon":1180.304831}}