{"lastBlock":21023452,"lastDistributionTime":1729121447,"lastDistributionAmount":273215,"pending3CRVFees":{"arbitrum":1598.0839064900856,"avalanche":0,"ethereum":208644.33513638584,"fantom":0,"optimism":300.5869749088135,"polygon":858.880987}}