{"lastBlock":20069727,"lastDistributionTime":1717588535,"lastDistributionAmount":513828,"pending3CRVFees":{"arbitrum":1652.4294077556006,"avalanche":1319.1621679605319,"ethereum":221770.15980273706,"fantom":20.077548,"optimism":476.9251539872478,"polygon":1196.932482}}