{"lastBlock":20786970,"lastDistributionTime":1726692083,"lastDistributionAmount":301743,"pending3CRVFees":{"arbitrum":2805.530457134952,"avalanche":0,"ethereum":96532.26371333264,"fantom":0,"optimism":60.754548562821824,"polygon":375.248453}}