{"lastBlock":20853859,"lastDistributionTime":1727231867,"lastDistributionAmount":228391,"pending3CRVFees":{"arbitrum":2506.9675051070194,"avalanche":0,"ethereum":157959.87972969832,"fantom":0,"optimism":503.2237535656092,"polygon":1017.51728}}