{"lastBlock":19751363,"lastDistributionTime":1713951827,"lastDistributionAmount":509315,"pending3CRVFees":{"arbitrum":1086.3654075635475,"avalanche":117.98908981543642,"ethereum":152958.22192044204,"fantom":48.48926,"optimism":257.7652567778305,"polygon":3366.071666}}