{"lastBlock":21514059,"lastDistributionTime":1735150271,"lastDistributionAmount":594656,"pending3CRVFees":{"arbitrum":2819.5888511969592,"avalanche":0,"crvusd":72067.52211381771,"ethereum":359172.7413033874,"fantom":0,"optimism":80.7451759776566,"polygon":3351.75321}}