{"lastBlock":21331477,"lastDistributionTime":1733342015,"lastDistributionAmount":452171,"pending3CRVFees":{"arbitrum":975.7618682901929,"avalanche":0,"crvusd":199220.00161057748,"ethereum":210154.33863505718,"fantom":0,"optimism":36.559082484063325,"polygon":4186.582104}}