{"lastBlock":20939947,"lastDistributionTime":1728458663,"lastDistributionAmount":259163,"pending3CRVFees":{"arbitrum":687.090439094916,"avalanche":0,"ethereum":107865.48808992543,"fantom":0,"optimism":100.04970843336373,"polygon":374.706618}}