{"lastBlock":19927736,"lastDistributionTime":1716378647,"lastDistributionAmount":563868,"pending3CRVFees":{"arbitrum":184.69960488236828,"avalanche":719.2348120564747,"ethereum":56693.96369486981,"fantom":9.616131,"optimism":81.09338144570486,"polygon":728.092611}}