{"lastBlock":21343481,"lastDistributionTime":1733342015,"lastDistributionAmount":452171,"pending3CRVFees":{"arbitrum":1458.1435780804402,"avalanche":0,"crvusd":23280.778639415246,"ethereum":219960.33317494253,"fantom":0,"optimism":139.0667267212399,"polygon":4810.535729}}