{"lastBlock":21454706,"lastDistributionTime":1734501623,"lastDistributionAmount":461437,"pending3CRVFees":{"arbitrum":3311.498255647162,"avalanche":0,"crvusd":14309.280717015265,"ethereum":361949.6375146513,"fantom":0,"optimism":141.61778572961344,"polygon":3007.407367}}