{"lastBlock":21530763,"lastDistributionTime":1735706375,"lastDistributionAmount":493884,"pending3CRVFees":{"arbitrum":971.3814013695635,"avalanche":0,"crvusd":100499.36839234461,"ethereum":370186.3971376073,"fantom":0,"optimism":3.8187148579136783,"polygon":1447.773935}}