{"lastBlock":20545910,"lastDistributionTime":1723677299,"lastDistributionAmount":216189,"pending3CRVFees":{"arbitrum":1913.3669967182284,"avalanche":0,"ethereum":231167.44147512226,"fantom":0,"optimism":146.63123637293694,"polygon":1387.345745}}