{"lastBlock":21511947,"lastDistributionTime":1735150271,"lastDistributionAmount":594656,"pending3CRVFees":{"arbitrum":2792.4714720873862,"avalanche":0,"crvusd":12271.633766699257,"ethereum":317624.3579902168,"fantom":0,"optimism":75.54313872391059,"polygon":3322.608934}}