{"lastBlock":20297567,"lastDistributionTime":1720653515,"lastDistributionAmount":683292,"pending3CRVFees":{"arbitrum":2384.1318675994976,"avalanche":2354.8150783351743,"ethereum":116028.90148174216,"fantom":451.337416,"optimism":81.12707842406004,"polygon":300.535795}}