{"lastBlock":21422288,"lastDistributionTime":1733959811,"lastDistributionAmount":541548,"pending3CRVFees":{"arbitrum":3704.128494851884,"avalanche":0,"crvusd":52639.015659114244,"ethereum":377052.5435308565,"fantom":0,"optimism":187.0821367405536,"polygon":133.779366}}