{"lastBlock":20423077,"lastDistributionTime":1722386123,"lastDistributionAmount":708077,"pending3CRVFees":{"arbitrum":2692.958968122975,"avalanche":0,"ethereum":74028.62165404108,"fantom":0,"optimism":304.7192191304372,"polygon":1395.976422}}