{"lastBlock":21546285,"lastDistributionTime":1735706375,"lastDistributionAmount":493884,"pending3CRVFees":{"arbitrum":1885.996530625006,"avalanche":0,"crvusd":14699.13978041446,"ethereum":241814.0653227695,"fantom":0,"optimism":45.55797100197045,"polygon":1683.986339}}