{"lastBlock":21459175,"lastDistributionTime":1734501623,"lastDistributionAmount":461437,"pending3CRVFees":{"arbitrum":3384.0073330752152,"avalanche":0,"crvusd":14309.280717015265,"ethereum":389238.2125276086,"fantom":0,"optimism":152.9742053645571,"polygon":3066.634405}}