{"lastBlock":20178191,"lastDistributionTime":1719395603,"lastDistributionAmount":605157,"pending3CRVFees":{"arbitrum":1388.2797543413672,"avalanche":1966.7734631251835,"ethereum":207123.53787863048,"fantom":1.308092,"optimism":17.197906800474712,"polygon":1280.813894}}