{"lastBlock":20618680,"lastDistributionTime":1724284523,"lastDistributionAmount":357314,"pending3CRVFees":{"arbitrum":1697.4479065353628,"avalanche":0,"ethereum":237641.2401915703,"fantom":0,"optimism":215.14790474084145,"polygon":1719.631685}}