{"lastBlock":20790565,"lastDistributionTime":1726692083,"lastDistributionAmount":301743,"pending3CRVFees":{"arbitrum":2871.182690516302,"avalanche":0,"ethereum":102781.08396706096,"fantom":0,"optimism":133.12705940719223,"polygon":414.408106}}