{"lastBlock":21388771,"lastDistributionTime":1733959811,"lastDistributionAmount":541548,"pending3CRVFees":{"arbitrum":2837.8199638669676,"avalanche":0,"crvusd":7618.477055676264,"ethereum":202965.27519112432,"fantom":0,"optimism":48.678992693232665,"polygon":5629.40536}}