{"lastBlock":20693878,"lastDistributionTime":1725486287,"lastDistributionAmount":323207,"pending3CRVFees":{"arbitrum":1108.8733843900277,"avalanche":0,"ethereum":5303600.827810916,"fantom":0,"optimism":613.7852316476757,"polygon":858.201486}}