{"lastBlock":20119778,"lastDistributionTime":1718189711,"lastDistributionAmount":630486,"pending3CRVFees":{"arbitrum":3623.535328232646,"avalanche":1788.5006334555108,"ethereum":107560.05279455456,"fantom":63.267508,"optimism":332.61881790645185,"polygon":1510.597476}}