{"lastBlock":19834798,"lastDistributionTime":1715168603,"lastDistributionAmount":476332,"pending3CRVFees":{"arbitrum":289.6948547947328,"avalanche":53.02385763362185,"ethereum":67002.22800259724,"fantom":73.118354,"optimism":80.91093102320066,"polygon":1641.318181}}