{"lastBlock":19988570,"lastDistributionTime":1716978887,"lastDistributionAmount":588396,"pending3CRVFees":{"arbitrum":349.01124404153944,"avalanche":1141.0069083789401,"ethereum":101243.30215887897,"fantom":2.181467,"optimism":286.6206476349044,"polygon":1245.276541}}