{"lastBlock":20633002,"lastDistributionTime":1724888711,"lastDistributionAmount":265409,"pending3CRVFees":{"arbitrum":1134.450330611032,"avalanche":0,"ethereum":99810.69935308037,"fantom":0,"optimism":53.064532933725395,"polygon":553.034018}}