{"lastBlock":20931843,"lastDistributionTime":1728458663,"lastDistributionAmount":259163,"pending3CRVFees":{"arbitrum":602.2730408445174,"avalanche":0,"ethereum":84472.94299222225,"fantom":0,"optimism":32.16440360715452,"polygon":287.271353}}