{"lastBlock":20320209,"lastDistributionTime":1720653515,"lastDistributionAmount":683292,"pending3CRVFees":{"arbitrum":2973.4041251910135,"avalanche":2384.055611744803,"ethereum":211678.60525692458,"fantom":440.935012,"optimism":279.7638430938771,"polygon":1119.523678}}