{"lastBlock":20362069,"lastDistributionTime":1721253959,"lastDistributionAmount":593727,"pending3CRVFees":{"arbitrum":2666.171531819718,"avalanche":2439.7202905578806,"ethereum":164028.0364303011,"fantom":1017.889832,"optimism":403.96968720753057,"polygon":1091.466381}}