{"lastBlock":20000737,"lastDistributionTime":1716978887,"lastDistributionAmount":588396,"pending3CRVFees":{"arbitrum":669.9088644075824,"avalanche":1239.1410041117895,"ethereum":132750.77480355962,"fantom":36.07533,"optimism":404.86545112462073,"polygon":1444.704316}}