{"lastBlock":20308514,"lastDistributionTime":1720653515,"lastDistributionAmount":683292,"pending3CRVFees":{"arbitrum":2534.5682087248165,"avalanche":2367.5948701801153,"ethereum":120196.85197364821,"fantom":455.848738,"optimism":370.8726371192435,"polygon":935.059495}}