{"lastBlock":20166252,"lastDistributionTime":1718795987,"lastDistributionAmount":774021,"pending3CRVFees":{"arbitrum":3140.65984505108,"avalanche":2052.3031964779166,"ethereum":52032.45746811488,"fantom":96.575139,"optimism":327.5039662476717,"polygon":3349.347006}}