{"lastBlock":21406687,"lastDistributionTime":1733959811,"lastDistributionAmount":541548,"pending3CRVFees":{"arbitrum":3213.6373742414457,"avalanche":0,"crvusd":52639.015659114244,"ethereum":299349.08803304314,"fantom":0,"optimism":139.9661022984101,"polygon":5306.235388}}