{"lastBlock":19872932,"lastDistributionTime":1715168603,"lastDistributionAmount":476332,"pending3CRVFees":{"arbitrum":1044.2849843711938,"avalanche":374.2311999727033,"ethereum":121668.9475955289,"fantom":146.74522,"optimism":328.2733878169273,"polygon":2535.587245}}