{"lastBlock":21279117,"lastDistributionTime":1732665683,"lastDistributionAmount":474460,"pending3CRVFees":{"arbitrum":13.187247887238863,"avalanche":0,"crvusd":203016.94775939986,"ethereum":243682.51445242818,"fantom":0,"optimism":0.8802211737636598,"polygon":2619.202831}}