{"lastBlock":21047362,"lastDistributionTime":1729712231,"lastDistributionAmount":296327,"pending3CRVFees":{"arbitrum":2789.9453519602216,"avalanche":0,"ethereum":101663.04896075978,"fantom":0,"optimism":195.77134846158526,"polygon":815.444399}}