{"lastBlock":20112647,"lastDistributionTime":1718189711,"lastDistributionAmount":630486,"pending3CRVFees":{"arbitrum":3286.234186492973,"avalanche":1844.4124319767964,"ethereum":99114.99759669974,"fantom":63.409216,"optimism":629.0293612283206,"polygon":1375.769029}}