{"lastBlock":21114304,"lastDistributionTime":1730331083,"lastDistributionAmount":278783,"pending3CRVFees":{"arbitrum":2025.947178363313,"avalanche":0,"ethereum":182793.14755389545,"fantom":0,"optimism":132.76965897411904,"polygon":1111.314225}}