{"lastBlock":19995718,"lastDistributionTime":1716978887,"lastDistributionAmount":588396,"pending3CRVFees":{"arbitrum":601.3492020809616,"avalanche":1148.8858654400015,"ethereum":115729.89651229141,"fantom":2.34406,"optimism":338.0129229440153,"polygon":1401.251499}}