{"lastBlock":20276094,"lastDistributionTime":1720606871,"lastDistributionAmount":653864,"pending3CRVFees":{"arbitrum":1703.1137639908675,"avalanche":2335.608409350495,"ethereum":74336.14346630353,"fantom":430.09756,"optimism":5.550450705592768,"polygon":24.159027}}