{"lastBlock":20043692,"lastDistributionTime":1717588535,"lastDistributionAmount":513828,"pending3CRVFees":{"arbitrum":780.9339461686768,"avalanche":1262.8690226580306,"ethereum":77285.43167817903,"fantom":20.554189,"optimism":237.12315073850345,"polygon":712.858862}}