{"lastBlock":19905114,"lastDistributionTime":1715769839,"lastDistributionAmount":425934,"pending3CRVFees":{"arbitrum":803.2450602590953,"avalanche":504.8385310805188,"ethereum":122662.50037561015,"fantom":3.438802,"optimism":299.26754743639447,"polygon":767.641526}}