{"lastBlock":20964952,"lastDistributionTime":1728458663,"lastDistributionAmount":259163,"pending3CRVFees":{"arbitrum":987.0042971680847,"avalanche":0,"ethereum":150958.3232735527,"fantom":0,"optimism":235.59060422058863,"polygon":641.580103}}