{"lastBlock":21354471,"lastDistributionTime":1733342015,"lastDistributionAmount":452171,"pending3CRVFees":{"arbitrum":1627.4965348942392,"avalanche":0,"crvusd":83155.75589438094,"ethereum":258870.209478471,"fantom":0,"optimism":184.4687811087643,"polygon":5156.685795}}