{"lastBlock":20055398,"lastDistributionTime":1717588535,"lastDistributionAmount":513828,"pending3CRVFees":{"arbitrum":967.494108281446,"avalanche":1374.0378811740609,"ethereum":105578.34381361613,"fantom":20.2955,"optimism":183.86672834824552,"polygon":761.572089}}