{"lastBlock":20721349,"lastDistributionTime":1725486287,"lastDistributionAmount":323207,"pending3CRVFees":{"arbitrum":1499.5507951688853,"avalanche":0,"ethereum":192750.41576773193,"fantom":0,"optimism":937.2742946133753,"polygon":1162.789832}}