{"lastBlock":21005555,"lastDistributionTime":1729121447,"lastDistributionAmount":273215,"pending3CRVFees":{"arbitrum":1279.7501132890127,"avalanche":0,"ethereum":152822.34774561698,"fantom":0,"optimism":172.92749197248332,"polygon":631.309624}}