{"lastBlock":20390716,"lastDistributionTime":1721863067,"lastDistributionAmount":617944,"pending3CRVFees":{"arbitrum":1905.0317387787354,"avalanche":0,"ethereum":129197.727707831,"fantom":0,"optimism":153.96203222487924,"polygon":616.67578}}