{"lastBlock":20342910,"lastDistributionTime":1721253959,"lastDistributionAmount":593727,"pending3CRVFees":{"arbitrum":2402.6025568971527,"avalanche":2624.960082051613,"ethereum":116641.89891912062,"fantom":861.055958,"optimism":204.10297559338184,"polygon":871.866399}}