{"lastBlock":21125243,"lastDistributionTime":1730331083,"lastDistributionAmount":278783,"pending3CRVFees":{"arbitrum":2142.2876257181774,"avalanche":0,"ethereum":224241.86875567993,"fantom":0,"optimism":192.96449752185444,"polygon":1290.436358}}