{"lastBlock":21248004,"lastDistributionTime":1732143635,"lastDistributionAmount":598885,"pending3CRVFees":{"arbitrum":1343.674362616617,"avalanche":0,"crvusd":72799.65542152792,"ethereum":219236.60214506666,"fantom":0,"optimism":93.12851534324442,"polygon":2897.902264}}