{"lastBlock":20211668,"lastDistributionTime":1719395603,"lastDistributionAmount":605157,"pending3CRVFees":{"arbitrum":2479.263552547887,"avalanche":2229.1020143657,"ethereum":309634.6065891238,"fantom":3.691992,"optimism":231.65160494793378,"polygon":1682.245948}}