{"lastBlock":20481431,"lastDistributionTime":1723005119,"lastDistributionAmount":549179,"pending3CRVFees":{"arbitrum":3434.454116705887,"avalanche":0,"ethereum":93395.37510623441,"fantom":0,"optimism":64.13998374177135,"polygon":107.987773}}