{"lastBlock":20187735,"lastDistributionTime":1719395603,"lastDistributionAmount":605157,"pending3CRVFees":{"arbitrum":1818.1639905051168,"avalanche":2139.3625635941175,"ethereum":252118.15587650455,"fantom":1.817023,"optimism":108.7982201617616,"polygon":1424.872661}}