{"lastBlock":19765679,"lastDistributionTime":1713951827,"lastDistributionAmount":509315,"pending3CRVFees":{"arbitrum":1459.28738991667,"avalanche":201.6608505090087,"ethereum":180566.90177376653,"fantom":49.844029,"optimism":747.7370445373352,"polygon":3541.927675}}