{"lastBlock":21208572,"lastDistributionTime":1731480755,"lastDistributionAmount":415352,"pending3CRVFees":{"arbitrum":1681.3123992055466,"avalanche":0,"ethereum":456648.93017695256,"fantom":0,"optimism":159.00818553684528,"polygon":1725.175184}}