{"lastBlock":19763275,"lastDistributionTime":1713951827,"lastDistributionAmount":509315,"pending3CRVFees":{"arbitrum":1394.9970387232017,"avalanche":181.36149870731052,"ethereum":176004.99820598873,"fantom":49.886945,"optimism":728.2185459600744,"polygon":3517.773476}}