{"lastBlock":19922014,"lastDistributionTime":1715769839,"lastDistributionAmount":425934,"pending3CRVFees":{"arbitrum":1466.2917568508396,"avalanche":640.7894849637358,"ethereum":211455.61297437732,"fantom":3.78476,"optimism":2591.2504222430007,"polygon":1410.349507}}