{"lastBlock":20592445,"lastDistributionTime":1724284523,"lastDistributionAmount":357314,"pending3CRVFees":{"arbitrum":1360.287461178494,"avalanche":0,"ethereum":117531.9171790935,"fantom":0,"optimism":66.24360727540696,"polygon":1404.534974}}