{"lastBlock":21233681,"lastDistributionTime":1732143635,"lastDistributionAmount":598885,"pending3CRVFees":{"arbitrum":1009.7461171565735,"avalanche":0,"crvusd":0,"ethereum":129969.10837551163,"fantom":0,"optimism":16.075487132766426,"polygon":2384.249828}}