{"lastBlock":21515305,"lastDistributionTime":1735150271,"lastDistributionAmount":594656,"pending3CRVFees":{"arbitrum":2834.881969584172,"avalanche":0,"crvusd":72067.52211381771,"ethereum":363741.22403597954,"fantom":0,"optimism":80.18754294793422,"polygon":3371.819269}}