{"lastBlock":21142934,"lastDistributionTime":1730934299,"lastDistributionAmount":332987,"pending3CRVFees":{"arbitrum":1102.1979646761272,"avalanche":0,"ethereum":150344.27788480368,"fantom":0,"optimism":73.9108611711337,"polygon":945.383425}}