{"lastBlock":20803687,"lastDistributionTime":1726692083,"lastDistributionAmount":301743,"pending3CRVFees":{"arbitrum":2983.3583334083055,"avalanche":0,"ethereum":117002.24928017272,"fantom":0,"optimism":190.3754795160783,"polygon":511.884033}}