{"lastBlock":21169169,"lastDistributionTime":1730934299,"lastDistributionAmount":332987,"pending3CRVFees":{"arbitrum":1754.9498783923095,"avalanche":0,"ethereum":397857.5806230009,"fantom":0,"optimism":216.3620533158401,"polygon":1723.233032}}