{"lastBlock":20895961,"lastDistributionTime":1727904683,"lastDistributionAmount":256757,"pending3CRVFees":{"arbitrum":1179.487664641853,"avalanche":0,"ethereum":133946.39406577693,"fantom":0,"optimism":156.38258485235312,"polygon":156.457588}}