{"lastBlock":21161079,"lastDistributionTime":1730934299,"lastDistributionAmount":332987,"pending3CRVFees":{"arbitrum":1474.680515804372,"avalanche":0,"ethereum":319843.50667626027,"fantom":0,"optimism":190.88119533352491,"polygon":1500.997984}}