{"lastBlock":19844344,"lastDistributionTime":1715168603,"lastDistributionAmount":476332,"pending3CRVFees":{"arbitrum":560.0881587585952,"avalanche":304.277758172564,"ethereum":78169.70164387567,"fantom":81.124401,"optimism":125.95204729301243,"polygon":2013.507612}}