{"lastBlock":20769096,"lastDistributionTime":1726096931,"lastDistributionAmount":297357,"pending3CRVFees":{"arbitrum":1754.6521918794672,"avalanche":0,"ethereum":182863.16827052145,"fantom":0,"optimism":153.32200295328056,"polygon":1422.032379}}