{"lastBlock":21049800,"lastDistributionTime":1729712231,"lastDistributionAmount":296327,"pending3CRVFees":{"arbitrum":2817.723076274538,"avalanche":0,"ethereum":129270.41548901064,"fantom":0,"optimism":233.53794500128998,"polygon":826.711156}}