{"lastBlock":21145253,"lastDistributionTime":1730934299,"lastDistributionAmount":332987,"pending3CRVFees":{"arbitrum":1159.1839629211274,"avalanche":0,"ethereum":156103.9059563083,"fantom":0,"optimism":100.17015269336052,"polygon":1005.313975}}