{"lastBlock":20872977,"lastDistributionTime":1727231867,"lastDistributionAmount":228391,"pending3CRVFees":{"arbitrum":2857.638490601912,"avalanche":0,"ethereum":224461.53765949325,"fantom":0,"optimism":887.6195409482584,"polygon":1438.099625}}