{"lastBlock":20245029,"lastDistributionTime":1720050947,"lastDistributionAmount":920217,"pending3CRVFees":{"arbitrum":2431.9198293536397,"avalanche":2239.3501179627365,"ethereum":189253.49212793674,"fantom":2.870453,"optimism":376.7901485791678,"polygon":997.59198}}