{"lastBlock":20595061,"lastDistributionTime":1724284523,"lastDistributionAmount":357314,"pending3CRVFees":{"arbitrum":1485.4397089136341,"avalanche":0,"ethereum":147166.19277990426,"fantom":0,"optimism":223.06593735418116,"polygon":1310.793388}}