{"lastBlock":19875373,"lastDistributionTime":1715769839,"lastDistributionAmount":425934,"pending3CRVFees":{"arbitrum":25.60862855688821,"avalanche":461.77177493014824,"ethereum":50182.98024185265,"fantom":1.495693,"optimism":8.739858809549927,"polygon":392.972442}}