{"lastBlock":21165595,"lastDistributionTime":1730934299,"lastDistributionAmount":332987,"pending3CRVFees":{"arbitrum":1626.9325388791262,"avalanche":0,"ethereum":344711.2189399085,"fantom":0,"optimism":186.10971825610247,"polygon":1606.856494}}