{"lastBlock":20193927,"lastDistributionTime":1719395603,"lastDistributionAmount":605157,"pending3CRVFees":{"arbitrum":2113.7909237369613,"avalanche":2155.194401227385,"ethereum":267351.9192418556,"fantom":2.32218,"optimism":151.63727476475805,"polygon":1512.486031}}