{"lastBlock":21474653,"lastDistributionTime":1734501623,"lastDistributionAmount":461437,"pending3CRVFees":{"arbitrum":4261.949161784672,"avalanche":0,"crvusd":77686.74103433572,"ethereum":473606.3497041052,"fantom":0,"optimism":207.41405280203327,"polygon":3332.564502}}