{"lastBlock":20955414,"lastDistributionTime":1728458663,"lastDistributionAmount":259163,"pending3CRVFees":{"arbitrum":854.9513758201973,"avalanche":0,"ethereum":128325.63070452677,"fantom":0,"optimism":184.12462729159813,"polygon":573.558386}}