{"lastBlock":21089463,"lastDistributionTime":1730331083,"lastDistributionAmount":278783,"pending3CRVFees":{"arbitrum":1789.0836249320357,"avalanche":0,"ethereum":128246.53710171639,"fantom":0,"optimism":50.71550320299659,"polygon":542.29205}}