{"lastBlock":19857677,"lastDistributionTime":1715168603,"lastDistributionAmount":476332,"pending3CRVFees":{"arbitrum":734.2925840940019,"avalanche":337.1589895869241,"ethereum":98158.10346969812,"fantom":80.934516,"optimism":214.8836390751737,"polygon":2295.351494}}