{"lastBlock":20038704,"lastDistributionTime":1717588535,"lastDistributionAmount":513828,"pending3CRVFees":{"arbitrum":496.3069567495987,"avalanche":1251.10166929271,"ethereum":76447.1353246396,"fantom":20.054523,"optimism":110.71630352663409,"polygon":569.669936}}