{"lastBlock":19791903,"lastDistributionTime":1714562591,"lastDistributionAmount":454888,"pending3CRVFees":{"arbitrum":589.0686414564352,"avalanche":113.38478830495544,"ethereum":95166.86966114298,"fantom":1.53599,"optimism":701.5236324724018,"polygon":4847.128831}}