{"lastBlock":20849133,"lastDistributionTime":1727231867,"lastDistributionAmount":228391,"pending3CRVFees":{"arbitrum":2448.1813536791105,"avalanche":0,"ethereum":154298.63468714303,"fantom":0,"optimism":482.51056036889474,"polygon":989.688005}}