{"lastBlock":20550661,"lastDistributionTime":1723677299,"lastDistributionAmount":216189,"pending3CRVFees":{"arbitrum":1974.543581717255,"avalanche":0,"ethereum":222737.88930386782,"fantom":0,"optimism":297.0088212929811,"polygon":1429.525688}}