{"lastBlock":20444611,"lastDistributionTime":1722465719,"lastDistributionAmount":758602,"pending3CRVFees":{"arbitrum":2583.0518866798816,"avalanche":0,"ethereum":126532.90609261279,"fantom":0,"optimism":259.7412341277422,"polygon":1052.509274}}