{"lastBlock":21520021,"lastDistributionTime":1735150271,"lastDistributionAmount":594656,"pending3CRVFees":{"arbitrum":3052.8383823711097,"avalanche":0,"crvusd":72067.52211381771,"ethereum":398141.052091812,"fantom":0,"optimism":97.2140274441327,"polygon":3439.99078}}