{"lastBlock":20292746,"lastDistributionTime":1720653515,"lastDistributionAmount":683292,"pending3CRVFees":{"arbitrum":2275.728301258255,"avalanche":2356.23397892653,"ethereum":110772.58677149031,"fantom":443.842007,"optimism":207.80028729603526,"polygon":182.792415}}