{"lastBlock":21387585,"lastDistributionTime":1733959811,"lastDistributionAmount":541548,"pending3CRVFees":{"arbitrum":2844.220070495034,"avalanche":0,"crvusd":7618.477055676264,"ethereum":201581.83500280694,"fantom":0,"optimism":45.31236732909108,"polygon":5603.762338}}