{"lastBlock":20612766,"lastDistributionTime":1724284523,"lastDistributionAmount":357314,"pending3CRVFees":{"arbitrum":1663.8116269816805,"avalanche":0,"ethereum":221159.0269452088,"fantom":0,"optimism":408.58843598250775,"polygon":1627.558113}}