{"lastBlock":20041085,"lastDistributionTime":1717588535,"lastDistributionAmount":513828,"pending3CRVFees":{"arbitrum":556.1989320163992,"avalanche":1252.661982900263,"ethereum":75508.09751419234,"fantom":20.334742,"optimism":179.01976479507712,"polygon":636.146811}}