{"lastBlock":20782204,"lastDistributionTime":1726692083,"lastDistributionAmount":301743,"pending3CRVFees":{"arbitrum":2714.4020569582954,"avalanche":0,"ethereum":85988.13471699989,"fantom":0,"optimism":33.23595720889395,"polygon":339.885114}}