{"lastBlock":20506502,"lastDistributionTime":1723005119,"lastDistributionAmount":549179,"pending3CRVFees":{"arbitrum":3949.849979033212,"avalanche":0,"ethereum":100237.8072299739,"fantom":0,"optimism":1042.9220380090917,"polygon":786.950973}}