{"lastBlock":21485403,"lastDistributionTime":1735150271,"lastDistributionAmount":594656,"pending3CRVFees":{"arbitrum":1256.8214107745218,"avalanche":0,"crvusd":0,"ethereum":183941.0412805969,"fantom":0,"optimism":14.887604693797286,"polygon":2938.413805}}