{"lastBlock":20695327,"lastDistributionTime":1725486287,"lastDistributionAmount":323207,"pending3CRVFees":{"arbitrum":1158.4999478661687,"avalanche":0,"ethereum":137639.75093235038,"fantom":0,"optimism":714.3000173229909,"polygon":872.854166}}