{"lastBlock":19803864,"lastDistributionTime":1714562591,"lastDistributionAmount":454888,"pending3CRVFees":{"arbitrum":706.8629608036282,"avalanche":128.9228171837804,"ethereum":113401.22609948336,"fantom":1.766224,"optimism":1016.5200328349396,"polygon":5022.192451}}