{"lastBlock":21522467,"lastDistributionTime":1735150271,"lastDistributionAmount":594656,"pending3CRVFees":{"arbitrum":3105.7801625403104,"avalanche":0,"crvusd":72067.52211381771,"ethereum":399097.79118316306,"fantom":0,"optimism":102.46439846615135,"polygon":3481.691716}}