{"lastBlock":20972114,"lastDistributionTime":1728458663,"lastDistributionAmount":259163,"pending3CRVFees":{"arbitrum":1152.536139785617,"avalanche":0,"ethereum":181596.7064855886,"fantom":0,"optimism":247.9212591927514,"polygon":731.492593}}