{"lastBlock":19934900,"lastDistributionTime":1716378647,"lastDistributionAmount":563868,"pending3CRVFees":{"arbitrum":578.3521056060725,"avalanche":994.9569490927448,"ethereum":54328.490322141995,"fantom":26.69963,"optimism":279.16037987103,"polygon":1093.072277}}