{"lastBlock":21416242,"lastDistributionTime":1733959811,"lastDistributionAmount":541548,"pending3CRVFees":{"arbitrum":3525.7754338386044,"avalanche":0,"crvusd":52639.015659114244,"ethereum":357744.3673086458,"fantom":0,"optimism":165.91044507355568,"polygon":6246.095216}}