{"lastBlock":21030631,"lastDistributionTime":1729712231,"lastDistributionAmount":296327,"pending3CRVFees":{"arbitrum":2394.734776694623,"avalanche":0,"ethereum":82696.7307177389,"fantom":0,"optimism":39.520062513418786,"polygon":378.55243}}