{"lastBlock":21078475,"lastDistributionTime":1730267171,"lastDistributionAmount":260933,"pending3CRVFees":{"arbitrum":1603.17598801949,"avalanche":0,"ethereum":84375.58108536228,"fantom":0,"optimism":11.764291490197385,"polygon":178.132691}}