{"lastBlock":20265532,"lastDistributionTime":1720050947,"lastDistributionAmount":920217,"pending3CRVFees":{"arbitrum":3081.017428474859,"avalanche":2305.13424485926,"ethereum":344225.86937382445,"fantom":3.607856,"optimism":624.5330651662601,"polygon":1272.58303}}