{"lastBlock":19782419,"lastDistributionTime":1714562591,"lastDistributionAmount":454888,"pending3CRVFees":{"arbitrum":276.6194050523793,"avalanche":77.2390689523404,"ethereum":73039.20318631805,"fantom":1.169392,"optimism":391.8906560293586,"polygon":4564.21434}}