{"lastBlock":21473470,"lastDistributionTime":1734501623,"lastDistributionAmount":461437,"pending3CRVFees":{"arbitrum":4253.459384016945,"avalanche":0,"crvusd":77686.74103433572,"ethereum":473142.61594923376,"fantom":0,"optimism":203.85352033725803,"polygon":3315.280999}}