{"lastBlock":20171014,"lastDistributionTime":1718795987,"lastDistributionAmount":774021,"pending3CRVFees":{"arbitrum":3230.271751678753,"avalanche":1936.7584863065006,"ethereum":65590.97228110788,"fantom":98.259933,"optimism":399.78329832111274,"polygon":3461.745647}}