{"lastBlock":20949521,"lastDistributionTime":1728458663,"lastDistributionAmount":259163,"pending3CRVFees":{"arbitrum":837.7378689747702,"avalanche":0,"ethereum":123095.47637211734,"fantom":0,"optimism":167.87896923463938,"polygon":558.212687}}