{"lastBlock":20559284,"lastDistributionTime":1723677299,"lastDistributionAmount":216189,"pending3CRVFees":{"arbitrum":2072.93454396171,"avalanche":0,"ethereum":230270.44512811155,"fantom":0,"optimism":128.7017444428572,"polygon":1555.819233}}