{"lastBlock":20016010,"lastDistributionTime":1716978887,"lastDistributionAmount":588396,"pending3CRVFees":{"arbitrum":880.5471020856435,"avalanche":1265.788140962715,"ethereum":159254.63820159616,"fantom":49.795551,"optimism":302.4875209840803,"polygon":1640.986718}}