{"lastBlock":21201408,"lastDistributionTime":1731480755,"lastDistributionAmount":415352,"pending3CRVFees":{"arbitrum":1612.9365597989852,"avalanche":0,"ethereum":0,"fantom":0,"optimism":124.48668260220288,"polygon":1489.571222}}