{"lastBlock":21460360,"lastDistributionTime":1734501623,"lastDistributionAmount":461437,"pending3CRVFees":{"arbitrum":3387.7315589279283,"avalanche":0,"crvusd":14309.280717015265,"ethereum":392678.5184400795,"fantom":0,"optimism":159.11677463883152,"polygon":3091.413813}}