{"lastBlock":20792948,"lastDistributionTime":1726692083,"lastDistributionAmount":301743,"pending3CRVFees":{"arbitrum":2885.948026279154,"avalanche":0,"ethereum":107168.61641156524,"fantom":0,"optimism":151.62326685073165,"polygon":445.101809}}