{"lastBlock":19883671,"lastDistributionTime":1715769839,"lastDistributionAmount":425934,"pending3CRVFees":{"arbitrum":400.8382669053069,"avalanche":477.76147126510494,"ethereum":70454.30243937034,"fantom":2.757195,"optimism":76.9839921444176,"polygon":635.420558}}