{"lastBlock":21364983,"lastDistributionTime":1733342015,"lastDistributionAmount":452171,"pending3CRVFees":{"arbitrum":1845.378693675446,"avalanche":0,"crvusd":142449.9112114541,"ethereum":293532.75440099655,"fantom":0,"optimism":170.86914466143205,"polygon":5396.466742}}