{"lastBlock":20301364,"lastDistributionTime":1720653515,"lastDistributionAmount":683292,"pending3CRVFees":{"arbitrum":2449.6926681773057,"avalanche":2352.269823262772,"ethereum":118917.42545178089,"fantom":451.098054,"optimism":227.98149494156183,"polygon":877.617354}}