{"lastBlock":20175546,"lastDistributionTime":1719395603,"lastDistributionAmount":605157,"pending3CRVFees":{"arbitrum":1274.539059909553,"avalanche":2085.4561155634087,"ethereum":199784.8697528944,"fantom":1.272566,"optimism":2.186765475019454,"polygon":1236.16887}}