{"lastBlock":20190175,"lastDistributionTime":1719395603,"lastDistributionAmount":605157,"pending3CRVFees":{"arbitrum":1903.9716032297656,"avalanche":2144.224957174669,"ethereum":258831.28782040934,"fantom":1.938851,"optimism":107.71065871485406,"polygon":1443.684981}}