{"lastBlock":21010601,"lastDistributionTime":1729121447,"lastDistributionAmount":273215,"pending3CRVFees":{"arbitrum":1343.0908281326533,"avalanche":0,"ethereum":160503.9439914825,"fantom":0,"optimism":214.77853932596378,"polygon":684.705116}}