{"lastBlock":19839611,"lastDistributionTime":1715168603,"lastDistributionAmount":476332,"pending3CRVFees":{"arbitrum":402.7448807420858,"avalanche":79.96077714116025,"ethereum":71104.99241352998,"fantom":73.260705,"optimism":101.0279683979265,"polygon":1679.699104}}