{"lastBlock":20054249,"lastDistributionTime":1717588535,"lastDistributionAmount":513828,"pending3CRVFees":{"arbitrum":961.4544128684623,"avalanche":1369.3885035943931,"ethereum":102085.00189727906,"fantom":20.300909,"optimism":155.03707931907132,"polygon":757.553788}}