{"lastBlock":19827648,"lastDistributionTime":1715168603,"lastDistributionAmount":476332,"pending3CRVFees":{"arbitrum":35.69883133611064,"avalanche":5.60797668631706,"ethereum":54610.440045197574,"fantom":1.828372,"optimism":25.2182041523062,"polygon":1489.486317}}