{"lastBlock":20789365,"lastDistributionTime":1726692083,"lastDistributionAmount":301743,"pending3CRVFees":{"arbitrum":2851.7876195342915,"avalanche":0,"ethereum":100575.57748639022,"fantom":0,"optimism":126.71790183474097,"polygon":401.978611}}