{"lastBlock":20864624,"lastDistributionTime":1727231867,"lastDistributionAmount":228391,"pending3CRVFees":{"arbitrum":2605.644830074585,"avalanche":0,"ethereum":186895.22692285464,"fantom":0,"optimism":307.82093905001636,"polygon":1261.278916}}