{"lastBlock":20519706,"lastDistributionTime":1723005119,"lastDistributionAmount":549179,"pending3CRVFees":{"arbitrum":4179.918003450736,"avalanche":0,"ethereum":204248.68271438542,"fantom":0,"optimism":1218.241930671396,"polygon":985.731176}}