{"lastBlock":20920866,"lastDistributionTime":1727904683,"lastDistributionAmount":256757,"pending3CRVFees":{"arbitrum":1356.7870190781111,"avalanche":0,"ethereum":191531.6380637684,"fantom":0,"optimism":643.3376423077735,"polygon":339.019943}}