{"lastBlock":20732101,"lastDistributionTime":1726096931,"lastDistributionAmount":297357,"pending3CRVFees":{"arbitrum":969.8056032410543,"avalanche":0,"ethereum":80681.76486546027,"fantom":0,"optimism":18.638889167553064,"polygon":675.310957}}