{"lastBlock":21423418,"lastDistributionTime":1733959811,"lastDistributionAmount":541548,"pending3CRVFees":{"arbitrum":3744.316771821989,"avalanche":0,"crvusd":52639.015659114244,"ethereum":370498.8978645913,"fantom":0,"optimism":197.76285099121776,"polygon":6427.600847}}