{"lastBlock":21207202,"lastDistributionTime":1731480755,"lastDistributionAmount":415352,"pending3CRVFees":{"arbitrum":1665.3070703701967,"avalanche":0,"ethereum":452940.6716977468,"fantom":0,"optimism":124.14705581880757,"polygon":1696.206762}}