{"lastBlock":19902730,"lastDistributionTime":1715769839,"lastDistributionAmount":425934,"pending3CRVFees":{"arbitrum":772.3673395764788,"avalanche":525.1853611034585,"ethereum":119462.21036753738,"fantom":3.424915,"optimism":264.3824975252578,"polygon":748.061366}}