{"lastBlock":21548678,"lastDistributionTime":1735706375,"lastDistributionAmount":493884,"pending3CRVFees":{"arbitrum":1898.6660378366673,"avalanche":0,"crvusd":14699.13978041446,"ethereum":250746.77458563383,"fantom":0,"optimism":49.6045242375198,"polygon":1705.535763}}