{"lastBlock":20525625,"lastDistributionTime":1723596095,"lastDistributionAmount":200102,"pending3CRVFees":{"arbitrum":4300.544197683082,"avalanche":0,"ethereum":197715.1201269524,"fantom":0,"optimism":1507.667751027595,"polygon":1049.359141}}