{"lastBlock":20511299,"lastDistributionTime":1723005119,"lastDistributionAmount":549179,"pending3CRVFees":{"arbitrum":4029.2227646944216,"avalanche":0,"ethereum":177994.30598273483,"fantom":0,"optimism":1030.8770433333364,"polygon":831.110851}}