{"lastBlock":21230103,"lastDistributionTime":1732102391,"lastDistributionAmount":578921,"pending3CRVFees":{"arbitrum":921.9518941298745,"avalanche":0,"crvusd":315698.28524414316,"ethereum":225377.24049673424,"fantom":0,"optimism":7.0188606263593565,"polygon":2295.782594}}