{"lastBlock":20037507,"lastDistributionTime":1717588535,"lastDistributionAmount":513828,"pending3CRVFees":{"arbitrum":453.6659382206826,"avalanche":1340.0641812743465,"ethereum":66754.02624391812,"fantom":20.048249,"optimism":53.717970247203155,"polygon":564.514464}}