{"lastBlock":20774107,"lastDistributionTime":1726619351,"lastDistributionAmount":278885,"pending3CRVFees":{"arbitrum":1854.5377559421088,"avalanche":0,"ethereum":74620.61891744174,"fantom":0,"optimism":177.58784318019403,"polygon":1496.95057}}