{"lastBlock":21418924,"lastDistributionTime":1733959811,"lastDistributionAmount":541548,"pending3CRVFees":{"arbitrum":3619.8929361221694,"avalanche":0,"crvusd":52639.015659114244,"ethereum":375649.6990559899,"fantom":0,"optimism":178.2967918929113,"polygon":6319.100721}}