{"lastBlock":21159599,"lastDistributionTime":1730934299,"lastDistributionAmount":332987,"pending3CRVFees":{"arbitrum":1417.9869032380836,"avalanche":0,"ethereum":316921.18685116916,"fantom":0,"optimism":185.4272536326005,"polygon":1450.567205}}