{"lastBlock":20662893,"lastDistributionTime":1724888711,"lastDistributionAmount":265409,"pending3CRVFees":{"arbitrum":1469.6296485700946,"avalanche":0,"ethereum":160003.0216602752,"fantom":0,"optimism":410.39262492649596,"polygon":1084.967463}}