{"lastBlock":19779008,"lastDistributionTime":1714562591,"lastDistributionAmount":454888,"pending3CRVFees":{"arbitrum":159.9841906442783,"avalanche":70.63147218189633,"ethereum":65551.72890589443,"fantom":1.147791,"optimism":337.3701097910674,"polygon":4397.399967}}