{"lastBlock":20143834,"lastDistributionTime":1718795987,"lastDistributionAmount":774021,"pending3CRVFees":{"arbitrum":2682.27162761845,"avalanche":2001.7362467011228,"ethereum":74477.74743162989,"fantom":30.713163,"optimism":97.93311009434748,"polygon":3106.704913}}