{"lastBlock":21256368,"lastDistributionTime":1732143635,"lastDistributionAmount":598885,"pending3CRVFees":{"arbitrum":1526.5320805150855,"avalanche":0,"crvusd":107721.30484238936,"ethereum":241135.77632490065,"fantom":0,"optimism":161.61004832779474,"polygon":3148.708884}}