{"lastBlock":21417425,"lastDistributionTime":1733959811,"lastDistributionAmount":541548,"pending3CRVFees":{"arbitrum":3562.9351424587144,"avalanche":0,"crvusd":52639.015659114244,"ethereum":368728.79864567996,"fantom":0,"optimism":175.9269389780683,"polygon":6275.451349}}