{"lastBlock":20522024,"lastDistributionTime":1723005119,"lastDistributionAmount":549179,"pending3CRVFees":{"arbitrum":4247.30945521472,"avalanche":0,"ethereum":210472.30148099232,"fantom":0,"optimism":1249.571800029172,"polygon":1030.456485}}