{"lastBlock":19851499,"lastDistributionTime":1715168603,"lastDistributionAmount":476332,"pending3CRVFees":{"arbitrum":674.3581953381106,"avalanche":346.4653889036543,"ethereum":89632.2969106949,"fantom":80.041463,"optimism":187.67931588159698,"polygon":2250.192845}}