{"lastBlock":20134082,"lastDistributionTime":1718795987,"lastDistributionAmount":774021,"pending3CRVFees":{"arbitrum":2100.2549674071474,"avalanche":1929.0555555746582,"ethereum":55100.28091643919,"fantom":2.368694,"optimism":69.09014922460341,"polygon":2957.261226}}