{"lastBlock":19865801,"lastDistributionTime":1715168603,"lastDistributionAmount":476332,"pending3CRVFees":{"arbitrum":895.2263077452246,"avalanche":379.4722856772105,"ethereum":113486.6861253888,"fantom":82.64089,"optimism":277.8577193473021,"polygon":2405.425166}}