{"lastBlock":21444877,"lastDistributionTime":1734501623,"lastDistributionAmount":461437,"pending3CRVFees":{"arbitrum":2620.02852165991,"avalanche":0,"crvusd":14309.280717015265,"ethereum":291198.1549347406,"fantom":0,"optimism":102.76131766448259,"polygon":2856.271361}}