{"lastBlock":20941147,"lastDistributionTime":1728458663,"lastDistributionAmount":259163,"pending3CRVFees":{"arbitrum":698.1454270229848,"avalanche":0,"ethereum":109071.52567945111,"fantom":0,"optimism":122.3126238645209,"polygon":381.36737}}