{"lastBlock":20177005,"lastDistributionTime":1719395603,"lastDistributionAmount":605157,"pending3CRVFees":{"arbitrum":1334.929474314912,"avalanche":1946.3199245773264,"ethereum":203630.4497324297,"fantom":1.273368,"optimism":4.5198591666479295,"polygon":1270.57467}}