{"lastBlock":20159099,"lastDistributionTime":1718795987,"lastDistributionAmount":774021,"pending3CRVFees":{"arbitrum":2897.8824484742286,"avalanche":1882.5286129849833,"ethereum":100512.04431901868,"fantom":81.89566,"optimism":172.28676603603952,"polygon":3217.985378}}