{"lastBlock":20974769,"lastDistributionTime":1728458663,"lastDistributionAmount":259163,"pending3CRVFees":{"arbitrum":1191.988301601974,"avalanche":0,"ethereum":219266.668685792,"fantom":0,"optimism":319.9206751593979,"polygon":745.985104}}