{"lastBlock":19976655,"lastDistributionTime":1716978887,"lastDistributionAmount":588396,"pending3CRVFees":{"arbitrum":75.78993123738302,"avalanche":1113.7042272671601,"ethereum":54460.94210368045,"fantom":2.032365,"optimism":17.147823867841133,"polygon":1009.85208}}