{"lastBlock":20815621,"lastDistributionTime":1726692083,"lastDistributionAmount":301743,"pending3CRVFees":{"arbitrum":3150.6441634341013,"avalanche":0,"ethereum":140320.73260862005,"fantom":0,"optimism":1059.7232572811686,"polygon":618.656095}}