{"lastBlock":21551117,"lastDistributionTime":1735706375,"lastDistributionAmount":493884,"pending3CRVFees":{"arbitrum":1927.1147280351493,"avalanche":0,"crvusd":14699.13978041446,"ethereum":261025.42347732896,"fantom":0,"optimism":53.967804959886706,"polygon":1739.992689}}