{"lastBlock":20722023,"lastDistributionTime":1725486287,"lastDistributionAmount":323207,"pending3CRVFees":{"arbitrum":1522.0987668935588,"avalanche":0,"ethereum":193837.39387398795,"fantom":0,"optimism":945.7729008560532,"polygon":1174.487826}}