{"lastBlock":21087954,"lastDistributionTime":1730331083,"lastDistributionAmount":278783,"pending3CRVFees":{"arbitrum":1776.3872170785207,"avalanche":0,"ethereum":117751.99117287649,"fantom":0,"optimism":57.48579916824861,"polygon":517.342329}}