{"lastBlock":20764322,"lastDistributionTime":1726096931,"lastDistributionAmount":297357,"pending3CRVFees":{"arbitrum":1686.027783401019,"avalanche":0,"ethereum":156048.91143897767,"fantom":0,"optimism":133.56950986575424,"polygon":1081.427472}}