{"lastBlock":21222938,"lastDistributionTime":1731480755,"lastDistributionAmount":415352,"pending3CRVFees":{"arbitrum":1895.7717622533369,"avalanche":0,"crvusd":275476.9190557881,"ethereum":266504.8985896512,"fantom":0,"optimism":177.96552956731094,"polygon":2232.19051}}