{"lastBlock":19974277,"lastDistributionTime":1716378647,"lastDistributionAmount":563868,"pending3CRVFees":{"arbitrum":1949.057191445529,"avalanche":1081.2706889544165,"ethereum":140594.81734389113,"fantom":48.588726,"optimism":1367.8835734761758,"polygon":1900.851888}}