{"lastBlock":19877712,"lastDistributionTime":1715769839,"lastDistributionAmount":425934,"pending3CRVFees":{"arbitrum":226.51788581930674,"avalanche":471.46907422686945,"ethereum":62227.4646931667,"fantom":1.670846,"optimism":35.35801127255208,"polygon":590.584366}}