{"lastBlock":21139565,"lastDistributionTime":1730934299,"lastDistributionAmount":332987,"pending3CRVFees":{"arbitrum":1041.962952889343,"avalanche":0,"ethereum":135502.264118335,"fantom":0,"optimism":66.65210283057499,"polygon":904.698598}}