{"lastBlock":20173421,"lastDistributionTime":1718795987,"lastDistributionAmount":774021,"pending3CRVFees":{"arbitrum":3291.245199750384,"avalanche":1939.9036003109363,"ethereum":68350.97061793368,"fantom":98.326688,"optimism":283.93192275810856,"polygon":3494.994237}}