{"lastBlock":20697471,"lastDistributionTime":1725486287,"lastDistributionAmount":323207,"pending3CRVFees":{"arbitrum":1180.9377415102279,"avalanche":0,"ethereum":143961.60443348737,"fantom":0,"optimism":725.2711514750996,"polygon":889.28912}}