{"lastBlock":19917033,"lastDistributionTime":1715769839,"lastDistributionAmount":425934,"pending3CRVFees":{"arbitrum":1274.7198728515798,"avalanche":575.5921501312944,"ethereum":178396.64236872186,"fantom":3.607828,"optimism":3026.80264175335,"polygon":994.939022}}