{"lastBlock":20960460,"lastDistributionTime":1728458663,"lastDistributionAmount":259163,"pending3CRVFees":{"arbitrum":883.7776261038377,"avalanche":0,"ethereum":131151.74788299308,"fantom":0,"optimism":191.5681227434164,"polygon":583.073921}}