{"lastBlock":20942389,"lastDistributionTime":1728458663,"lastDistributionAmount":259163,"pending3CRVFees":{"arbitrum":730.668014923441,"avalanche":0,"ethereum":110845.65172907624,"fantom":0,"optimism":110.73290927078617,"polygon":413.769987}}