{"lastBlock":20393053,"lastDistributionTime":1721863067,"lastDistributionAmount":617944,"pending3CRVFees":{"arbitrum":1969.9774688486439,"avalanche":0,"ethereum":134261.87196536222,"fantom":0,"optimism":249.04686073291873,"polygon":702.821166}}