{"lastBlock":20461124,"lastDistributionTime":1722465719,"lastDistributionAmount":758602,"pending3CRVFees":{"arbitrum":3749.1311502077738,"avalanche":0,"ethereum":252707.27254128424,"fantom":0,"optimism":561.3821491862975,"polygon":2011.094096}}