{"lastBlock":20447999,"lastDistributionTime":1722465719,"lastDistributionAmount":758602,"pending3CRVFees":{"arbitrum":2646.3586247629137,"avalanche":0,"ethereum":136254.42797954037,"fantom":0,"optimism":404.78261747395277,"polygon":1080.315578}}