{"lastBlock":19862240,"lastDistributionTime":1715168603,"lastDistributionAmount":476332,"pending3CRVFees":{"arbitrum":800.3347518569074,"avalanche":339.7444653809856,"ethereum":106800.02830944465,"fantom":82.111326,"optimism":258.4898635582146,"polygon":2340.937375}}