{"lastBlock":21027054,"lastDistributionTime":1729644419,"lastDistributionAmount":277673,"pending3CRVFees":{"arbitrum":1621.7419676857448,"avalanche":0,"ethereum":78397.4064093598,"fantom":0,"optimism":339.825075803017,"polygon":889.337976}}