{"lastBlock":21326709,"lastDistributionTime":1733275799,"lastDistributionAmount":404774,"pending3CRVFees":{"arbitrum":1047.6070159346932,"avalanche":0,"crvusd":151625.47789049512,"ethereum":249266.48463123414,"fantom":0,"optimism":190.84196977729763,"polygon":3883.027714}}