{"lastBlock":20160300,"lastDistributionTime":1718795987,"lastDistributionAmount":774021,"pending3CRVFees":{"arbitrum":2946.626464356548,"avalanche":1885.2717646243061,"ethereum":101475.16204878592,"fantom":95.537178,"optimism":176.12611627848585,"polygon":3223.023064}}