{"lastBlock":20427672,"lastDistributionTime":1722386123,"lastDistributionAmount":708077,"pending3CRVFees":{"arbitrum":2049.7496228868363,"avalanche":0,"ethereum":77436.28712484124,"fantom":0,"optimism":83.35421650682527,"polygon":368.809938}}