{"lastBlock":20302311,"lastDistributionTime":1720653515,"lastDistributionAmount":683292,"pending3CRVFees":{"arbitrum":2465.4154471216098,"avalanche":2352.9272895150957,"ethereum":123823.18264980974,"fantom":451.174743,"optimism":227.9917176661027,"polygon":880.673126}}