{"lastBlock":20310669,"lastDistributionTime":1720653515,"lastDistributionAmount":683292,"pending3CRVFees":{"arbitrum":2625.9861075979766,"avalanche":2370.832239651871,"ethereum":180301.62548696075,"fantom":457.077735,"optimism":402.94649055269264,"polygon":957.495204}}