{"lastBlock":20426532,"lastDistributionTime":1722386123,"lastDistributionAmount":708077,"pending3CRVFees":{"arbitrum":1988.6653710698874,"avalanche":0,"ethereum":79346.88200568917,"fantom":0,"optimism":12.23340574736971,"polygon":295.739162}}