{"lastBlock":21426989,"lastDistributionTime":1734483083,"lastDistributionAmount":400436,"pending3CRVFees":{"arbitrum":3800.8476555570123,"avalanche":0,"crvusd":52639.015659114244,"ethereum":375810.2201413927,"fantom":0,"optimism":206.54461446526858,"polygon":6499.448523}}