{"lastBlock":20399024,"lastDistributionTime":1721863067,"lastDistributionAmount":617944,"pending3CRVFees":{"arbitrum":2221.0312696329643,"avalanche":0,"ethereum":148624.0469815544,"fantom":0,"optimism":277.2106948308543,"polygon":844.156666}}