{"lastBlock":20123350,"lastDistributionTime":1718189711,"lastDistributionAmount":630486,"pending3CRVFees":{"arbitrum":3787.609428644842,"avalanche":1788.190703003503,"ethereum":165026.09339936345,"fantom":62.588191,"optimism":342.55663820521977,"polygon":1571.328764}}