{"lastBlock":21526285,"lastDistributionTime":1735690571,"lastDistributionAmount":454482,"pending3CRVFees":{"arbitrum":3670.639329662415,"avalanche":0,"crvusd":72067.52211381771,"ethereum":393885.645832556,"fantom":0,"optimism":109.98538522081606,"polygon":3526.082109}}