{"lastBlock":20908838,"lastDistributionTime":1727904683,"lastDistributionAmount":256757,"pending3CRVFees":{"arbitrum":1230.5528865706203,"avalanche":0,"ethereum":146400.98991376773,"fantom":0,"optimism":519.324075799918,"polygon":249.916891}}