{"lastBlock":20066148,"lastDistributionTime":1717588535,"lastDistributionAmount":513828,"pending3CRVFees":{"arbitrum":1333.2941735538388,"avalanche":1402.6771016914906,"ethereum":171537.79634155237,"fantom":20.270148,"optimism":380.4130210562759,"polygon":972.822617}}