{"lastBlock":21084372,"lastDistributionTime":1730331083,"lastDistributionAmount":278783,"pending3CRVFees":{"arbitrum":1705.1067339909762,"avalanche":0,"ethereum":111991.1904066171,"fantom":0,"optimism":32.8381044564861,"polygon":287.367636}}