{"lastBlock":20131696,"lastDistributionTime":1718795987,"lastDistributionAmount":774021,"pending3CRVFees":{"arbitrum":1965.3104054517912,"avalanche":1887.8136855769724,"ethereum":49377.291458165826,"fantom":2.296718,"optimism":20.771442281244717,"polygon":2938.098143}}