{"lastBlock":20191322,"lastDistributionTime":1719395603,"lastDistributionAmount":605157,"pending3CRVFees":{"arbitrum":1957.7535221590506,"avalanche":2004.075209320665,"ethereum":261019.68644604387,"fantom":1.99247,"optimism":126.28397622304281,"polygon":1478.93759}}