{"lastBlock":20584143,"lastDistributionTime":1724284523,"lastDistributionAmount":357314,"pending3CRVFees":{"arbitrum":1098.3133740366436,"avalanche":0,"ethereum":116627.56695482663,"fantom":0,"optimism":75.84221191551963,"polygon":1247.443173}}