{"lastBlock":20704645,"lastDistributionTime":1725486287,"lastDistributionAmount":323207,"pending3CRVFees":{"arbitrum":1278.1180622521304,"avalanche":0,"ethereum":5191720.782525272,"fantom":0,"optimism":749.453811694003,"polygon":1006.60756}}