{"lastBlock":21483284,"lastDistributionTime":1735150271,"lastDistributionAmount":594656,"pending3CRVFees":{"arbitrum":1011.1366294401868,"avalanche":0,"crvusd":0,"ethereum":163557.5536431595,"fantom":0,"optimism":6.616876316709786,"polygon":2917.642146}}