{"lastBlock":21218432,"lastDistributionTime":1731480755,"lastDistributionAmount":415352,"pending3CRVFees":{"arbitrum":1846.7760194535795,"avalanche":0,"crvusd":251859.50410828282,"ethereum":288510.9165817946,"fantom":0,"optimism":188.45563443236546,"polygon":2136.721287}}