{"lastBlock":21337454,"lastDistributionTime":1733342015,"lastDistributionAmount":452171,"pending3CRVFees":{"arbitrum":1260.125871260074,"avalanche":0,"crvusd":23280.778639415246,"ethereum":187547.41566449145,"fantom":0,"optimism":86.16436127534065,"polygon":4516.55128}}