{"lastBlock":19892003,"lastDistributionTime":1715769839,"lastDistributionAmount":425934,"pending3CRVFees":{"arbitrum":612.5548956664865,"avalanche":519.0748826635725,"ethereum":98525.31884137623,"fantom":3.432707,"optimism":162.2460784727019,"polygon":715.628245}}