{"lastBlock":21448449,"lastDistributionTime":1734501623,"lastDistributionAmount":461437,"pending3CRVFees":{"arbitrum":2735.133330486572,"avalanche":0,"crvusd":14309.280717015265,"ethereum":316910.32664997905,"fantom":0,"optimism":120.72046761090185,"polygon":2906.895033}}