{"lastBlock":21458036,"lastDistributionTime":1734501623,"lastDistributionAmount":461437,"pending3CRVFees":{"arbitrum":3360.780276143131,"avalanche":0,"crvusd":14309.280717015265,"ethereum":385237.5507489399,"fantom":0,"optimism":142.129611825699,"polygon":3048.967566}}