{"lastBlock":20749987,"lastDistributionTime":1726096931,"lastDistributionAmount":297357,"pending3CRVFees":{"arbitrum":1420.5831973499025,"avalanche":0,"ethereum":104283.24533900816,"fantom":0,"optimism":251.456078522152,"polygon":991.444017}}