{"lastBlock":21092808,"lastDistributionTime":1730331083,"lastDistributionAmount":278783,"pending3CRVFees":{"arbitrum":1825.4775181689258,"avalanche":0,"ethereum":132672.2939893325,"fantom":0,"optimism":76.02835011440155,"polygon":565.834366}}