{"lastBlock":20698714,"lastDistributionTime":1725486287,"lastDistributionAmount":323207,"pending3CRVFees":{"arbitrum":1193.4662374639088,"avalanche":0,"ethereum":146259.8472501644,"fantom":0,"optimism":578.7874913575049,"polygon":897.803207}}