{"lastBlock":19826474,"lastDistributionTime":1715168603,"lastDistributionAmount":476332,"pending3CRVFees":{"arbitrum":20.77896984385625,"avalanche":1.9187302684649827,"ethereum":47989.90412924146,"fantom":1.693029,"optimism":18.258808467418092,"polygon":1467.897662}}