{"lastBlock":19797868,"lastDistributionTime":1714562591,"lastDistributionAmount":454888,"pending3CRVFees":{"arbitrum":651.6789280728813,"avalanche":123.6893943072459,"ethereum":112213.5562304947,"fantom":1.618981,"optimism":899.4024977783656,"polygon":4926.708059}}