{"lastBlock":20437458,"lastDistributionTime":1722465719,"lastDistributionAmount":758602,"pending3CRVFees":{"arbitrum":2357.421890239205,"avalanche":0,"ethereum":109617.07819858621,"fantom":0,"optimism":292.36893204458653,"polygon":951.191942}}