{"lastBlock":20354901,"lastDistributionTime":1721253959,"lastDistributionAmount":593727,"pending3CRVFees":{"arbitrum":2523.263957671574,"avalanche":2633.4937537623714,"ethereum":137652.9773186518,"fantom":887.357291,"optimism":104.26483768021623,"polygon":993.04774}}