{"lastBlock":19959963,"lastDistributionTime":1716378647,"lastDistributionAmount":563868,"pending3CRVFees":{"arbitrum":1514.317988349332,"avalanche":1044.6441761063832,"ethereum":153878.49419658547,"fantom":46.899147,"optimism":539.98605697507,"polygon":1582.299541}}