{"lastBlock":20212804,"lastDistributionTime":1719395603,"lastDistributionAmount":605157,"pending3CRVFees":{"arbitrum":2513.07213989941,"avalanche":2080.3045391831783,"ethereum":312037.7779937093,"fantom":3.662428,"optimism":242.16964206561534,"polygon":1687.288697}}