{"lastBlock":19899139,"lastDistributionTime":1715769839,"lastDistributionAmount":425934,"pending3CRVFees":{"arbitrum":719.5855322651768,"avalanche":502.0397180324086,"ethereum":120992.00798836659,"fantom":3.435429,"optimism":241.04465437073296,"polygon":740.671442}}