{"lastBlock":20367993,"lastDistributionTime":1721253959,"lastDistributionAmount":593727,"pending3CRVFees":{"arbitrum":2790.0292832321743,"avalanche":2663.163666748938,"ethereum":214585.9186438148,"fantom":1050.538137,"optimism":501.27481283772926,"polygon":1170.14689}}