{"lastBlock":19938494,"lastDistributionTime":1716378647,"lastDistributionAmount":563868,"pending3CRVFees":{"arbitrum":809.5883156704564,"avalanche":945.5861126242692,"ethereum":103232.15720288962,"fantom":26.669093,"optimism":515.8601697968562,"polygon":1285.843303}}