{"lastBlock":20943523,"lastDistributionTime":1728458663,"lastDistributionAmount":259163,"pending3CRVFees":{"arbitrum":765.3123705228177,"avalanche":0,"ethereum":112949.2219114051,"fantom":0,"optimism":133.6599243310042,"polygon":463.634851}}