{"lastBlock":20777482,"lastDistributionTime":1726660559,"lastDistributionAmount":291815,"pending3CRVFees":{"arbitrum":2642.80769731322,"avalanche":0,"ethereum":76383.17496096365,"fantom":0,"optimism":2.248030485348635,"polygon":267.294789}}