{"lastBlock":20168686,"lastDistributionTime":1718795987,"lastDistributionAmount":774021,"pending3CRVFees":{"arbitrum":3167.1523064277053,"avalanche":1920.0063022307868,"ethereum":55735.03803995882,"fantom":97.525798,"optimism":245.19927590397296,"polygon":3414.970154}}