{"lastBlock":20482622,"lastDistributionTime":1723005119,"lastDistributionAmount":549179,"pending3CRVFees":{"arbitrum":3454.0373485578693,"avalanche":0,"ethereum":104119.24320260415,"fantom":0,"optimism":577.9816236731315,"polygon":114.851691}}