{"lastBlock":20754774,"lastDistributionTime":1726096931,"lastDistributionAmount":297357,"pending3CRVFees":{"arbitrum":1479.2520070014614,"avalanche":0,"ethereum":107262.27368017672,"fantom":0,"optimism":417.0857851224728,"polygon":1017.101439}}