{"lastBlock":20628234,"lastDistributionTime":1724851703,"lastDistributionAmount":252946,"pending3CRVFees":{"arbitrum":1050.541132990321,"avalanche":0,"ethereum":90388.13320094453,"fantom":0,"optimism":20.645574734686065,"polygon":495.480856}}