{"lastBlock":19772829,"lastDistributionTime":1713951827,"lastDistributionAmount":509315,"pending3CRVFees":{"arbitrum":1780.738379340881,"avalanche":232.61154240438293,"ethereum":199243.70379425577,"fantom":49.83096,"optimism":432.8353580880743,"polygon":3953.850924}}