{"lastBlock":20499349,"lastDistributionTime":1723005119,"lastDistributionAmount":549179,"pending3CRVFees":{"arbitrum":3847.099678397689,"avalanche":0,"ethereum":118614.27581590175,"fantom":0,"optimism":129.8039497899637,"polygon":738.857614}}