{"lastBlock":20760751,"lastDistributionTime":1726096931,"lastDistributionAmount":297357,"pending3CRVFees":{"arbitrum":1566.7536954854818,"avalanche":0,"ethereum":149029.52725092915,"fantom":0,"optimism":119.10426544607252,"polygon":1044.620168}}