{"lastBlock":20835944,"lastDistributionTime":1727231867,"lastDistributionAmount":228391,"pending3CRVFees":{"arbitrum":2206.2846375115864,"avalanche":0,"ethereum":122661.27085458598,"fantom":0,"optimism":79.06413596765923,"polygon":838.465471}}