{"lastBlock":19894389,"lastDistributionTime":1715769839,"lastDistributionAmount":425934,"pending3CRVFees":{"arbitrum":644.2278966308094,"avalanche":519.2903498342582,"ethereum":106572.72464180575,"fantom":3.42474,"optimism":178.75416175641539,"polygon":720.436436}}