{"lastBlock":21127382,"lastDistributionTime":1730871335,"lastDistributionAmount":308303,"pending3CRVFees":{"arbitrum":2206.905099449617,"avalanche":0,"ethereum":79638.73933495328,"fantom":0,"optimism":224.97411970192078,"polygon":1478.548361}}