{"lastBlock":21214632,"lastDistributionTime":1731480755,"lastDistributionAmount":415352,"pending3CRVFees":{"arbitrum":1727.309340758361,"avalanche":0,"ethereum":509368.3662174649,"fantom":0,"optimism":178.0011623045606,"polygon":1871.532075}}