{"lastBlock":20710616,"lastDistributionTime":1725486287,"lastDistributionAmount":323207,"pending3CRVFees":{"arbitrum":1336.0137981842736,"avalanche":0,"ethereum":181430.73292645277,"fantom":0,"optimism":626.4663166424715,"polygon":1035.693226}}