{"lastBlock":20529191,"lastDistributionTime":1723663751,"lastDistributionAmount":213747,"pending3CRVFees":{"arbitrum":1560.0928005599728,"avalanche":0,"ethereum":198908.2937118412,"fantom":0,"optimism":11.74697629602428,"polygon":982.143457}}