{"lastBlock":20624652,"lastDistributionTime":1724803967,"lastDistributionAmount":237052,"pending3CRVFees":{"arbitrum":1865.1816314151883,"avalanche":0,"ethereum":83230.26184123765,"fantom":0,"optimism":281.11398326964087,"polygon":1813.3174}}