{"lastBlock":20588870,"lastDistributionTime":1724284523,"lastDistributionAmount":357314,"pending3CRVFees":{"arbitrum":1280.1807197006256,"avalanche":0,"ethereum":108261.26704114648,"fantom":0,"optimism":161.832888934277,"polygon":1334.219514}}