{"lastBlock":20770337,"lastDistributionTime":1726096931,"lastDistributionAmount":297357,"pending3CRVFees":{"arbitrum":1781.5100375103564,"avalanche":0,"ethereum":184963.29346611872,"fantom":0,"optimism":153.56088209097945,"polygon":1443.366133}}