{"lastBlock":20319069,"lastDistributionTime":1720653515,"lastDistributionAmount":683292,"pending3CRVFees":{"arbitrum":2934.302046348617,"avalanche":2386.157013782883,"ethereum":207509.46024246237,"fantom":441.066004,"optimism":571.7050040173066,"polygon":1101.849132}}