{"lastBlock":20840725,"lastDistributionTime":1727231867,"lastDistributionAmount":228391,"pending3CRVFees":{"arbitrum":2281.9301614739857,"avalanche":0,"ethereum":133695.65164331114,"fantom":0,"optimism":294.3381302026127,"polygon":869.961341}}