{"lastBlock":20513676,"lastDistributionTime":1723005119,"lastDistributionAmount":549179,"pending3CRVFees":{"arbitrum":4073.7648471782877,"avalanche":0,"ethereum":227758.390358271,"fantom":0,"optimism":1186.4483781092858,"polygon":894.000781}}