{"lastBlock":20827637,"lastDistributionTime":1727231867,"lastDistributionAmount":228391,"pending3CRVFees":{"arbitrum":2031.3849440020456,"avalanche":0,"ethereum":94188.56144126445,"fantom":0,"optimism":11.209371379292522,"polygon":685.283062}}