{"lastBlock":20115249,"lastDistributionTime":1718189711,"lastDistributionAmount":630486,"pending3CRVFees":{"arbitrum":3399.771507544552,"avalanche":1845.0507163366206,"ethereum":131629.5463162498,"fantom":63.049564,"optimism":644.8220859527607,"polygon":1397.605406}}