{"lastBlock":20671201,"lastDistributionTime":1724888711,"lastDistributionAmount":265409,"pending3CRVFees":{"arbitrum":1547.5518534922421,"avalanche":0,"ethereum":173084.62872343158,"fantom":0,"optimism":202.1905289153591,"polygon":1105.770216}}