{"lastBlock":21352940,"lastDistributionTime":1733342015,"lastDistributionAmount":452171,"pending3CRVFees":{"arbitrum":1618.2418989736577,"avalanche":0,"crvusd":83155.75589438094,"ethereum":253279.28046247698,"fantom":0,"optimism":180.25529528694227,"polygon":5137.891545}}