{"lastBlock":20283260,"lastDistributionTime":1720653515,"lastDistributionAmount":683292,"pending3CRVFees":{"arbitrum":1873.0943448448797,"avalanche":2348.0937644356923,"ethereum":83524.32873934375,"fantom":433.68676,"optimism":28.24432232231087,"polygon":88.240753}}