{"lastBlock":20844297,"lastDistributionTime":1727231867,"lastDistributionAmount":228391,"pending3CRVFees":{"arbitrum":2378.7034950428615,"avalanche":0,"ethereum":144472.6592721324,"fantom":0,"optimism":462.4574720411207,"polygon":919.900389}}