{"lastBlock":21096597,"lastDistributionTime":1730331083,"lastDistributionAmount":278783,"pending3CRVFees":{"arbitrum":1910.5667128733048,"avalanche":0,"ethereum":152051.42639903788,"fantom":0,"optimism":89.92568989499529,"polygon":686.760463}}