{"lastBlock":21534349,"lastDistributionTime":1735706375,"lastDistributionAmount":493884,"pending3CRVFees":{"arbitrum":996.9858528030393,"avalanche":0,"crvusd":0,"ethereum":189577.9177919357,"fantom":0,"optimism":9.87741275387255,"polygon":1501.031059}}