{"lastBlock":20246225,"lastDistributionTime":1720050947,"lastDistributionAmount":920217,"pending3CRVFees":{"arbitrum":2451.4277453200284,"avalanche":2382.645466604034,"ethereum":191257.90503431665,"fantom":2.903511,"optimism":372.8632430550516,"polygon":1009.137026}}