{"lastBlock":21243293,"lastDistributionTime":1732143635,"lastDistributionAmount":598885,"pending3CRVFees":{"arbitrum":1245.520786166981,"avalanche":0,"crvusd":48776.42985713327,"ethereum":184234.98991081864,"fantom":0,"optimism":97.20424881561844,"polygon":2802.866902}}