{"lastBlock":21290930,"lastDistributionTime":1732742627,"lastDistributionAmount":501728,"pending3CRVFees":{"arbitrum":211.1585026010496,"avalanche":0,"crvusd":23689.356307568476,"ethereum":177124.9356467265,"fantom":0,"optimism":46.309366792813016,"polygon":3071.660656}}