{"lastBlock":20299901,"lastDistributionTime":1720653515,"lastDistributionAmount":683292,"pending3CRVFees":{"arbitrum":2398.7053940584974,"avalanche":2530.7084261778655,"ethereum":120556.07791358199,"fantom":450.605221,"optimism":218.60878480476762,"polygon":867.262997}}