{"lastBlock":20797707,"lastDistributionTime":1726692083,"lastDistributionAmount":301743,"pending3CRVFees":{"arbitrum":2919.7711543740543,"avalanche":0,"ethereum":111171.9279800982,"fantom":0,"optimism":169.6934699508352,"polygon":494.087584}}