{"lastBlock":20573596,"lastDistributionTime":1724200391,"lastDistributionAmount":331256,"pending3CRVFees":{"arbitrum":2400.2788911332545,"avalanche":0,"ethereum":285801.4325564939,"fantom":0,"optimism":441.76711052621124,"polygon":1760.91865}}