{"lastBlock":19769261,"lastDistributionTime":1713951827,"lastDistributionAmount":509315,"pending3CRVFees":{"arbitrum":1609.7019396549872,"avalanche":198.00001027430935,"ethereum":183087.86555690278,"fantom":49.506521,"optimism":855.344889262229,"polygon":3593.090263}}