{"lastBlock":20689112,"lastDistributionTime":1725486287,"lastDistributionAmount":323207,"pending3CRVFees":{"arbitrum":932.8562987252787,"avalanche":0,"ethereum":113334.99172879085,"fantom":0,"optimism":528.1443840240494,"polygon":577.283469}}