{"lastBlock":20518457,"lastDistributionTime":1723005119,"lastDistributionAmount":549179,"pending3CRVFees":{"arbitrum":4165.640325574708,"avalanche":0,"ethereum":201616.49023879057,"fantom":0,"optimism":1205.9459813759456,"polygon":949.309963}}