{"lastBlock":20925594,"lastDistributionTime":1728441587,"lastDistributionAmount":119302,"pending3CRVFees":{"arbitrum":1425.9115404655545,"avalanche":0,"ethereum":75949.25161047441,"fantom":0,"optimism":324.0799591697765,"polygon":408.554582}}