{"lastBlock":20311911,"lastDistributionTime":1720653515,"lastDistributionAmount":683292,"pending3CRVFees":{"arbitrum":2650.548183501162,"avalanche":2563.696597957203,"ethereum":165008.02101122445,"fantom":444.171386,"optimism":171.7971433844206,"polygon":977.178413}}