{"lastBlock":21003455,"lastDistributionTime":1729121447,"lastDistributionAmount":273215,"pending3CRVFees":{"arbitrum":1263.909684368082,"avalanche":0,"ethereum":151517.2625450176,"fantom":0,"optimism":166.21148583432688,"polygon":589.708789}}