{"lastBlock":19800486,"lastDistributionTime":1714562591,"lastDistributionAmount":454888,"pending3CRVFees":{"arbitrum":686.6414308871977,"avalanche":128.17325226347756,"ethereum":115652.64389706892,"fantom":1.703335,"optimism":364.22814081592054,"polygon":4935.572168}}