{"lastBlock":20834809,"lastDistributionTime":1727231867,"lastDistributionAmount":228391,"pending3CRVFees":{"arbitrum":2167.4957766850716,"avalanche":0,"ethereum":117629.75321143687,"fantom":0,"optimism":152.53664322025756,"polygon":824.7567}}