{"lastBlock":20413369,"lastDistributionTime":1721863067,"lastDistributionAmount":617944,"pending3CRVFees":{"arbitrum":2551.4621234627775,"avalanche":0,"ethereum":264861.9103210906,"fantom":0,"optimism":455.5449222382967,"polygon":1304.393672}}