{"lastBlock":21523595,"lastDistributionTime":1735150271,"lastDistributionAmount":594656,"pending3CRVFees":{"arbitrum":3643.8383454557725,"avalanche":0,"crvusd":72067.52211381771,"ethereum":399604.4550935313,"fantom":0,"optimism":100.12027611076458,"polygon":3493.499574}}