{"lastBlock":20449162,"lastDistributionTime":1722465719,"lastDistributionAmount":758602,"pending3CRVFees":{"arbitrum":2668.831515202781,"avalanche":0,"ethereum":132875.99558660324,"fantom":0,"optimism":300.63938256694354,"polygon":1098.290469}}