{"lastBlock":19933724,"lastDistributionTime":1716378647,"lastDistributionAmount":563868,"pending3CRVFees":{"arbitrum":470.5637372779179,"avalanche":928.4015471268925,"ethereum":80652.66426782247,"fantom":9.739201,"optimism":401.58827858961996,"polygon":975.771106}}