{"lastBlock":20616534,"lastDistributionTime":1724284523,"lastDistributionAmount":357314,"pending3CRVFees":{"arbitrum":1693.3212157396933,"avalanche":0,"ethereum":193968.4101434329,"fantom":0,"optimism":479.2274661163344,"polygon":1712.73671}}