{"lastBlock":20163859,"lastDistributionTime":1718795987,"lastDistributionAmount":774021,"pending3CRVFees":{"arbitrum":3022.61065929314,"avalanche":2034.3997437795763,"ethereum":42175.45036910119,"fantom":96.537569,"optimism":298.8869013417497,"polygon":3314.521337}}