{"lastBlock":20025618,"lastDistributionTime":1717588535,"lastDistributionAmount":513828,"pending3CRVFees":{"arbitrum":85.7583627146889,"avalanche":1320.6760093886362,"ethereum":48183.053973090864,"fantom":2.112653,"optimism":3.8366572879786585,"polygon":336.641003}}