{"lastBlock":21200825,"lastDistributionTime":1731480755,"lastDistributionAmount":415352,"pending3CRVFees":{"arbitrum":1610.8160027186148,"avalanche":0,"ethereum":398433.45414627035,"fantom":0,"optimism":103.09723362944493,"polygon":1473.472499}}