{"lastBlock":20778624,"lastDistributionTime":1726660559,"lastDistributionAmount":291815,"pending3CRVFees":{"arbitrum":2648.988581647576,"avalanche":0,"ethereum":79358.16710397805,"fantom":0,"optimism":9.60375688258123,"polygon":279.766622}}