{"lastBlock":20117411,"lastDistributionTime":1718189711,"lastDistributionAmount":630486,"pending3CRVFees":{"arbitrum":3514.6147610418916,"avalanche":1774.1019015487846,"ethereum":151704.68618435203,"fantom":63.355138,"optimism":658.2532232810921,"polygon":1448.27696}}