{"lastBlock":20175862,"lastDistributionTime":1719395603,"lastDistributionAmount":605157,"pending3CRVFees":{"arbitrum":1275.2306851269338,"avalanche":1942.743753730578,"ethereum":198913.00647606674,"fantom":1.273369,"optimism":2.833623113823175,"polygon":1236.697766}}