{"lastBlock":20338138,"lastDistributionTime":1721253959,"lastDistributionAmount":593727,"pending3CRVFees":{"arbitrum":2150.696947476262,"avalanche":2411.724271935564,"ethereum":101009.14215255406,"fantom":439.837903,"optimism":48.487156505379126,"polygon":649.116463}}