{"lastBlock":20919627,"lastDistributionTime":1727904683,"lastDistributionAmount":256757,"pending3CRVFees":{"arbitrum":1342.8863619803099,"avalanche":0,"ethereum":189655.41699121872,"fantom":0,"optimism":637.2277677819851,"polygon":334.310019}}