{"lastBlock":21110932,"lastDistributionTime":1730331083,"lastDistributionAmount":278783,"pending3CRVFees":{"arbitrum":1980.9417562672909,"avalanche":0,"ethereum":169498.485672563,"fantom":0,"optimism":101.7095632806753,"polygon":983.878007}}