{"lastBlock":20290417,"lastDistributionTime":1720653515,"lastDistributionAmount":683292,"pending3CRVFees":{"arbitrum":2233.2491286500017,"avalanche":2534.2366713485185,"ethereum":11525.059268494355,"fantom":445.439624,"optimism":196.3379690734932,"polygon":152.348709}}