{"lastBlock":20532789,"lastDistributionTime":1723677299,"lastDistributionAmount":216189,"pending3CRVFees":{"arbitrum":1672.7963806188354,"avalanche":0,"ethereum":346519.9468104936,"fantom":0,"optimism":25.818278840841725,"polygon":1005.553484}}