{"lastBlock":20963823,"lastDistributionTime":1728458663,"lastDistributionAmount":259163,"pending3CRVFees":{"arbitrum":965.7982365110778,"avalanche":0,"ethereum":144780.79110673958,"fantom":0,"optimism":218.2498130178944,"polygon":633.119499}}