{"lastBlock":20205835,"lastDistributionTime":1719395603,"lastDistributionAmount":605157,"pending3CRVFees":{"arbitrum":2337.18903446016,"avalanche":2225.7618701905185,"ethereum":293129.5384192324,"fantom":2.748041,"optimism":165.62875829018594,"polygon":1617.467206}}