{"lastBlock":20627092,"lastDistributionTime":1724836547,"lastDistributionAmount":247888,"pending3CRVFees":{"arbitrum":1031.5586648790559,"avalanche":0,"ethereum":88309.80507901635,"fantom":0,"optimism":7.277103341366967,"polygon":484.450505}}