{"lastBlock":19993565,"lastDistributionTime":1716978887,"lastDistributionAmount":588396,"pending3CRVFees":{"arbitrum":549.7880104826678,"avalanche":1148.9085403571755,"ethereum":113415.44051228241,"fantom":2.229896,"optimism":334.93094718690696,"polygon":1386.713498}}