{"lastBlock":20056590,"lastDistributionTime":1717588535,"lastDistributionAmount":513828,"pending3CRVFees":{"arbitrum":979.9881342022065,"avalanche":1287.0658468818817,"ethereum":103675.24129763896,"fantom":20.372803,"optimism":332.2747237628046,"polygon":867.389733}}