{"lastBlock":19945641,"lastDistributionTime":1716378647,"lastDistributionAmount":563868,"pending3CRVFees":{"arbitrum":1225.181587580892,"avalanche":1001.9078890485049,"ethereum":123580.78062616504,"fantom":37.284958,"optimism":429.07538539844586,"polygon":1410.788275}}