{"lastBlock":21484207,"lastDistributionTime":1735150271,"lastDistributionAmount":594656,"pending3CRVFees":{"arbitrum":1063.8086023130322,"avalanche":0,"crvusd":0,"ethereum":170187.77559582112,"fantom":0,"optimism":9.81072434079541,"polygon":2930.464271}}