{"lastBlock":21007932,"lastDistributionTime":1729121447,"lastDistributionAmount":273215,"pending3CRVFees":{"arbitrum":1323.3612925242376,"avalanche":0,"ethereum":156126.28242883552,"fantom":0,"optimism":162.57265704576778,"polygon":659.231845}}