{"lastBlock":20130497,"lastDistributionTime":1718795987,"lastDistributionAmount":774021,"pending3CRVFees":{"arbitrum":1951.73654307021,"avalanche":1887.2454128310524,"ethereum":46677.85202219435,"fantom":2.334015,"optimism":49.40321917972694,"polygon":2928.177078}}