{"lastBlock":20832350,"lastDistributionTime":1727231867,"lastDistributionAmount":228391,"pending3CRVFees":{"arbitrum":2068.9986232025935,"avalanche":0,"ethereum":109780.7874554311,"fantom":0,"optimism":125.33969215840243,"polygon":762.509474}}