{"lastBlock":20961381,"lastDistributionTime":1728458663,"lastDistributionAmount":259163,"pending3CRVFees":{"arbitrum":903.7289062071749,"avalanche":0,"ethereum":133558.87459482017,"fantom":0,"optimism":163.24078509671813,"polygon":589.817175}}