{"lastBlock":20720229,"lastDistributionTime":1725486287,"lastDistributionAmount":323207,"pending3CRVFees":{"arbitrum":1484.1507816327658,"avalanche":0,"ethereum":192131.4945247365,"fantom":0,"optimism":933.6504915520732,"polygon":1144.562102}}