{"lastBlock":20530620,"lastDistributionTime":1723677299,"lastDistributionAmount":216189,"pending3CRVFees":{"arbitrum":1626.3229523698726,"avalanche":0,"ethereum":345519.5845292771,"fantom":0,"optimism":15.705812497310456,"polygon":987.819843}}