{"lastBlock":19869366,"lastDistributionTime":1715168603,"lastDistributionAmount":476332,"pending3CRVFees":{"arbitrum":981.817535144697,"avalanche":367.90749936000793,"ethereum":119551.85829771445,"fantom":82.181199,"optimism":301.49136313875766,"polygon":2465.687901}}