{"lastBlock":20753576,"lastDistributionTime":1726096931,"lastDistributionAmount":297357,"pending3CRVFees":{"arbitrum":1443.4901314561705,"avalanche":0,"ethereum":106904.61076290971,"fantom":0,"optimism":84.59970603642276,"polygon":1001.874248}}