{"lastBlock":19801452,"lastDistributionTime":1714562591,"lastDistributionAmount":454888,"pending3CRVFees":{"arbitrum":693.397204914339,"avalanche":128.30025888868502,"ethereum":111385.48268776212,"fantom":1.76532,"optimism":366.9161343203658,"polygon":5009.344413}}