{"lastBlock":21076032,"lastDistributionTime":1730251547,"lastDistributionAmount":108387,"pending3CRVFees":{"arbitrum":3344.9860144065597,"avalanche":0,"ethereum":83997.21345666125,"fantom":0,"optimism":588.127475890091,"polygon":1099.714813}}