{"lastBlock":20775050,"lastDistributionTime":1726619351,"lastDistributionAmount":278885,"pending3CRVFees":{"arbitrum":1864.957688282223,"avalanche":0,"ethereum":75225.31005535615,"fantom":0,"optimism":180.58603720073674,"polygon":1499.992051}}