{"lastBlock":20660446,"lastDistributionTime":1724888711,"lastDistributionAmount":265409,"pending3CRVFees":{"arbitrum":1442.1767999690496,"avalanche":0,"ethereum":150971.9020361478,"fantom":0,"optimism":164.46276740949384,"polygon":894.225204}}