{"lastBlock":20006450,"lastDistributionTime":1716978887,"lastDistributionAmount":588396,"pending3CRVFees":{"arbitrum":751.4254967793025,"avalanche":1237.3194256927802,"ethereum":138396.9377967368,"fantom":35.992396,"optimism":457.95278376333965,"polygon":1500.343791}}