{"lastBlock":21226522,"lastDistributionTime":1732062539,"lastDistributionAmount":554443,"pending3CRVFees":{"arbitrum":1988.074291962726,"avalanche":0,"crvusd":291252.99977982807,"ethereum":249270.271889251,"fantom":0,"optimism":219.6753530081763,"polygon":2338.624897}}