{"lastBlock":20254615,"lastDistributionTime":1720050947,"lastDistributionAmount":920217,"pending3CRVFees":{"arbitrum":2690.722649757991,"avalanche":2257.49760431127,"ethereum":206143.76032302208,"fantom":3.126749,"optimism":501.0054102476225,"polygon":1082.600208}}