{"lastBlock":20826395,"lastDistributionTime":1727231867,"lastDistributionAmount":228391,"pending3CRVFees":{"arbitrum":2025.7690928060827,"avalanche":0,"ethereum":92088.31250570527,"fantom":0,"optimism":1290.4761975886345,"polygon":682.786878}}