{"lastBlock":19831236,"lastDistributionTime":1715168603,"lastDistributionAmount":476332,"pending3CRVFees":{"arbitrum":110.01789719313757,"avalanche":18.197341791144883,"ethereum":58719.8288229996,"fantom":1.878526,"optimism":59.884790209880954,"polygon":1530.106284}}