{"lastBlock":19969499,"lastDistributionTime":1716378647,"lastDistributionAmount":563868,"pending3CRVFees":{"arbitrum":1795.7837143662498,"avalanche":1114.1393599090993,"ethereum":161248.1302147192,"fantom":48.641844,"optimism":1264.3536975295435,"polygon":1810.152202}}