{"lastBlock":21129763,"lastDistributionTime":1730871335,"lastDistributionAmount":308303,"pending3CRVFees":{"arbitrum":825.6107822055104,"avalanche":0,"ethereum":91198.41035021882,"fantom":0,"optimism":9.448069025577514,"polygon":490.131851}}