{"lastBlock":20561433,"lastDistributionTime":1723677299,"lastDistributionAmount":216189,"pending3CRVFees":{"arbitrum":2097.354443850658,"avalanche":0,"ethereum":271176.29065444064,"fantom":0,"optimism":316.3519533210251,"polygon":1562.63057}}