{"lastBlock":20147225,"lastDistributionTime":1718795987,"lastDistributionAmount":774021,"pending3CRVFees":{"arbitrum":2691.0519997827832,"avalanche":1873.9508630199198,"ethereum":84904.55779594333,"fantom":30.471385,"optimism":229.77312549075154,"polygon":3153.152956}}