{"lastBlock":21362515,"lastDistributionTime":1733342015,"lastDistributionAmount":452171,"pending3CRVFees":{"arbitrum":1765.6507995444094,"avalanche":0,"crvusd":83155.75589438094,"ethereum":285382.89979481377,"fantom":0,"optimism":157.99395847563196,"polygon":5275.507016}}