{"lastBlock":19861080,"lastDistributionTime":1715168603,"lastDistributionAmount":476332,"pending3CRVFees":{"arbitrum":791.4666111208679,"avalanche":351.6142222075962,"ethereum":105981.80483966629,"fantom":82.031501,"optimism":247.08889817458953,"polygon":2332.48246}}