{"lastBlock":20492184,"lastDistributionTime":1723005119,"lastDistributionAmount":549179,"pending3CRVFees":{"arbitrum":3767.3163891699205,"avalanche":0,"ethereum":129361.97929767575,"fantom":0,"optimism":825.5787372857395,"polygon":644.740976}}