{"lastBlock":20346491,"lastDistributionTime":1721253959,"lastDistributionAmount":593727,"pending3CRVFees":{"arbitrum":2455.726569408175,"avalanche":2631.1103460663703,"ethereum":124035.54859117359,"fantom":862.865766,"optimism":298.2233625515869,"polygon":918.149575}}