{"lastBlock":20229739,"lastDistributionTime":1720050947,"lastDistributionAmount":920217,"pending3CRVFees":{"arbitrum":1674.2823490298592,"avalanche":2290.080483190304,"ethereum":112937.12616325224,"fantom":2.370302,"optimism":32.296055611657614,"polygon":589.755203}}