{"lastBlock":19939725,"lastDistributionTime":1716378647,"lastDistributionAmount":563868,"pending3CRVFees":{"arbitrum":866.3530999008739,"avalanche":946.5298779474554,"ethereum":103442.22666599561,"fantom":26.690386,"optimism":377.4018447791519,"polygon":1337.144148}}