{"lastBlock":19787147,"lastDistributionTime":1714562591,"lastDistributionAmount":454888,"pending3CRVFees":{"arbitrum":459.24118045989513,"avalanche":96.43793896133586,"ethereum":81579.39380962688,"fantom":1.3182,"optimism":219.87439695200752,"polygon":4713.29049}}