{"lastBlock":20798946,"lastDistributionTime":1726692083,"lastDistributionAmount":301743,"pending3CRVFees":{"arbitrum":2922.977428668862,"avalanche":0,"ethereum":112243.16156260995,"fantom":0,"optimism":175.5155697291405,"polygon":496.76925}}