{"lastBlock":21496125,"lastDistributionTime":1735150271,"lastDistributionAmount":594656,"pending3CRVFees":{"arbitrum":1767.5776955366857,"avalanche":0,"crvusd":12271.633766699257,"ethereum":259964.16591755574,"fantom":0,"optimism":47.96202141815258,"polygon":3128.828197}}