{"lastBlock":20892171,"lastDistributionTime":1727904683,"lastDistributionAmount":256757,"pending3CRVFees":{"arbitrum":1141.5921513480953,"avalanche":0,"ethereum":128718.52628152429,"fantom":0,"optimism":134.80117382883822,"polygon":135.952004}}