{"lastBlock":20509149,"lastDistributionTime":1723005119,"lastDistributionAmount":549179,"pending3CRVFees":{"arbitrum":3976.8646572058146,"avalanche":0,"ethereum":141836.04869857215,"fantom":0,"optimism":1022.9404974832958,"polygon":811.045506}}