{"lastBlock":20474255,"lastDistributionTime":1722992303,"lastDistributionAmount":523518,"pending3CRVFees":{"arbitrum":4510.276886206845,"avalanche":0,"ethereum":82445.33465568753,"fantom":0,"optimism":1861.9964235729942,"polygon":2576.976037}}