{"lastBlock":20808445,"lastDistributionTime":1726692083,"lastDistributionAmount":301743,"pending3CRVFees":{"arbitrum":3046.364263709078,"avalanche":0,"ethereum":121296.29362996476,"fantom":0,"optimism":976.6294515388718,"polygon":529.387224}}