{"lastBlock":20917490,"lastDistributionTime":1727904683,"lastDistributionAmount":256757,"pending3CRVFees":{"arbitrum":1325.9598736908608,"avalanche":0,"ethereum":187906.40893693597,"fantom":0,"optimism":628.0689316482966,"polygon":294.267642}}