{"lastBlock":20347724,"lastDistributionTime":1721253959,"lastDistributionAmount":593727,"pending3CRVFees":{"arbitrum":2464.711997234544,"avalanche":2632.6254008087835,"ethereum":119433.46916365187,"fantom":901.781321,"optimism":88.18541766862555,"polygon":921.916871}}