{"lastBlock":20552130,"lastDistributionTime":1723677299,"lastDistributionAmount":216189,"pending3CRVFees":{"arbitrum":1981.8377895698427,"avalanche":0,"ethereum":239080.21957847493,"fantom":0,"optimism":299.2807220128042,"polygon":1438.617265}}