{"lastBlock":20887312,"lastDistributionTime":1727904683,"lastDistributionAmount":256757,"pending3CRVFees":{"arbitrum":1109.7615110789193,"avalanche":0,"ethereum":115655.64486223272,"fantom":0,"optimism":111.90177014528675,"polygon":103.90816}}