{"lastBlock":21011518,"lastDistributionTime":1729121447,"lastDistributionAmount":273215,"pending3CRVFees":{"arbitrum":1339.9995668097142,"avalanche":0,"ethereum":162963.6074978701,"fantom":0,"optimism":223.229477097074,"polygon":686.270623}}