{"lastBlock":21207432,"lastDistributionTime":1731480755,"lastDistributionAmount":415352,"pending3CRVFees":{"arbitrum":1669.706941289457,"avalanche":0,"ethereum":453054.7626373579,"fantom":0,"optimism":152.85183106397247,"polygon":1698.3859}}