{"lastBlock":20075739,"lastDistributionTime":1718189711,"lastDistributionAmount":630486,"pending3CRVFees":{"arbitrum":1874.4436066316273,"avalanche":1647.1784891494892,"ethereum":64444.07107470657,"fantom":0.911442,"optimism":7.703745364573897,"polygon":647.314936}}