{"lastBlock":21107117,"lastDistributionTime":1730331083,"lastDistributionAmount":278783,"pending3CRVFees":{"arbitrum":1950.5896140906623,"avalanche":0,"ethereum":161824.4856319624,"fantom":0,"optimism":107.50413442754459,"polygon":941.657311}}