{"lastBlock":20247443,"lastDistributionTime":1720050947,"lastDistributionAmount":920217,"pending3CRVFees":{"arbitrum":2448.4519391154254,"avalanche":2383.8562831207873,"ethereum":199324.22038017222,"fantom":2.938414,"optimism":478.170534129252,"polygon":1027.007918}}