{"lastBlock":21335073,"lastDistributionTime":1733342015,"lastDistributionAmount":452171,"pending3CRVFees":{"arbitrum":1169.5060979651232,"avalanche":0,"crvusd":20509.76605247726,"ethereum":173364.49570700235,"fantom":0,"optimism":74.09184304532269,"polygon":4421.218472}}