{"lastBlock":21113054,"lastDistributionTime":1730331083,"lastDistributionAmount":278783,"pending3CRVFees":{"arbitrum":2009.163995139994,"avalanche":0,"ethereum":180291.5901617816,"fantom":0,"optimism":129.28270305865442,"polygon":1065.58447}}