{"lastBlock":21286229,"lastDistributionTime":1732742627,"lastDistributionAmount":501728,"pending3CRVFees":{"arbitrum":153.39450596325779,"avalanche":0,"crvusd":13699.178711152264,"ethereum":163706.64585145892,"fantom":0,"optimism":31.417102029257602,"polygon":2988.545978}}