{"lastBlock":21215760,"lastDistributionTime":1731480755,"lastDistributionAmount":415352,"pending3CRVFees":{"arbitrum":1742.6865130097992,"avalanche":0,"ethereum":517820.8295864996,"fantom":0,"optimism":159.82747563225365,"polygon":2028.376676}}