{"lastBlock":19907716,"lastDistributionTime":1715769839,"lastDistributionAmount":425934,"pending3CRVFees":{"arbitrum":847.7484031652771,"avalanche":528.8162428632166,"ethereum":126256.4689612199,"fantom":3.460535,"optimism":309.76532404237946,"polygon":786.429872}}