{"lastBlock":21097529,"lastDistributionTime":1730331083,"lastDistributionAmount":278783,"pending3CRVFees":{"arbitrum":1911.8376526643856,"avalanche":0,"ethereum":152721.65605753893,"fantom":0,"optimism":78.76151297332405,"polygon":795.166675}}