{"lastBlock":20655712,"lastDistributionTime":1724888711,"lastDistributionAmount":265409,"pending3CRVFees":{"arbitrum":1390.3575499648293,"avalanche":0,"ethereum":126751.46009994383,"fantom":0,"optimism":128.2633732439422,"polygon":847.699164}}