{"lastBlock":21398325,"lastDistributionTime":1733959811,"lastDistributionAmount":541548,"pending3CRVFees":{"arbitrum":3060.3187692648366,"avalanche":0,"crvusd":7618.477055676264,"ethereum":244293.79116856435,"fantom":0,"optimism":105.13679703783713,"polygon":5306.329482}}