{"lastBlock":19747777,"lastDistributionTime":1713951827,"lastDistributionAmount":509315,"pending3CRVFees":{"arbitrum":1095.5021870030898,"avalanche":115.39738321958382,"ethereum":146489.15285769245,"fantom":48.517658,"optimism":425.1875713051134,"polygon":3199.092318}}