{"lastBlock":20363213,"lastDistributionTime":1721253959,"lastDistributionAmount":593727,"pending3CRVFees":{"arbitrum":2697.7695505050365,"avalanche":2646.2756677163757,"ethereum":154551.76890278418,"fantom":1003.148248,"optimism":403.25250218379097,"polygon":1115.250242}}