{"lastBlock":20731156,"lastDistributionTime":1726096931,"lastDistributionAmount":297357,"pending3CRVFees":{"arbitrum":955.5487524946377,"avalanche":0,"ethereum":79795.9695071888,"fantom":0,"optimism":17.07885316096752,"polygon":622.03905}}