{"lastBlock":21437710,"lastDistributionTime":1734501623,"lastDistributionAmount":461437,"pending3CRVFees":{"arbitrum":2295.913151262507,"avalanche":0,"crvusd":14309.280717015265,"ethereum":212168.14513726273,"fantom":0,"optimism":45.96313748638662,"polygon":2616.949183}}