{"lastBlock":21151236,"lastDistributionTime":1730934299,"lastDistributionAmount":332987,"pending3CRVFees":{"arbitrum":1249.5038029569725,"avalanche":0,"ethereum":166961.29777784937,"fantom":0,"optimism":140.56643062549756,"polygon":1239.487979}}