{"lastBlock":20196095,"lastDistributionTime":1719395603,"lastDistributionAmount":605157,"pending3CRVFees":{"arbitrum":2157.9338703725416,"avalanche":2035.187700410423,"ethereum":269563.32081848703,"fantom":2.332108,"optimism":156.55273800361365,"polygon":1521.718887}}