{"lastBlock":21046432,"lastDistributionTime":1729712231,"lastDistributionAmount":296327,"pending3CRVFees":{"arbitrum":2770.7414859594855,"avalanche":0,"ethereum":123552.56130158,"fantom":0,"optimism":183.56153184066787,"polygon":808.929732}}