{"lastBlock":19799056,"lastDistributionTime":1714562591,"lastDistributionAmount":454888,"pending3CRVFees":{"arbitrum":684.8018166415897,"avalanche":118.27048887512194,"ethereum":111543.9099379547,"fantom":1.625981,"optimism":912.2517308094623,"polygon":4929.618143}}