{"lastBlock":21068864,"lastDistributionTime":1729712231,"lastDistributionAmount":296327,"pending3CRVFees":{"arbitrum":3124.793711473687,"avalanche":0,"ethereum":178466.9640335225,"fantom":0,"optimism":406.7330787973539,"polygon":991.032746}}