{"lastBlock":19992125,"lastDistributionTime":1716978887,"lastDistributionAmount":588396,"pending3CRVFees":{"arbitrum":520.3320508797148,"avalanche":1229.2988561831498,"ethereum":108678.11871640435,"fantom":2.229429,"optimism":198.5801422005286,"polygon":1373.314488}}