{"lastBlock":21061707,"lastDistributionTime":1729712231,"lastDistributionAmount":296327,"pending3CRVFees":{"arbitrum":2930.8016187561675,"avalanche":0,"ethereum":144390.04753350574,"fantom":0,"optimism":361.348633944519,"polygon":877.002999}}