{"lastBlock":20296330,"lastDistributionTime":1720653515,"lastDistributionAmount":683292,"pending3CRVFees":{"arbitrum":2358.433764295453,"avalanche":2537.1797599943548,"ethereum":116789.85604603852,"fantom":444.293501,"optimism":212.51139392428252,"polygon":194.751944}}