{"lastBlock":20303504,"lastDistributionTime":1720653515,"lastDistributionAmount":683292,"pending3CRVFees":{"arbitrum":2495.4328918128676,"avalanche":2537.2201418347227,"ethereum":124621.66325353972,"fantom":451.161922,"optimism":238.87187982588227,"polygon":891.935621}}