{"lastBlock":21255169,"lastDistributionTime":1732143635,"lastDistributionAmount":598885,"pending3CRVFees":{"arbitrum":1492.0119146785566,"avalanche":0,"crvusd":107721.30484238936,"ethereum":239174.04451948058,"fantom":0,"optimism":121.86440891101157,"polygon":3108.911912}}