{"lastBlock":20464683,"lastDistributionTime":1722465719,"lastDistributionAmount":758602,"pending3CRVFees":{"arbitrum":4244.199198838493,"avalanche":0,"ethereum":402614.6877467684,"fantom":0,"optimism":731.6912162876464,"polygon":2296.086148}}