{"lastBlock":21301638,"lastDistributionTime":1732742627,"lastDistributionAmount":501728,"pending3CRVFees":{"arbitrum":507.1013656976099,"avalanche":0,"crvusd":67227.4063795183,"ethereum":218969.13480019572,"fantom":0,"optimism":84.78582600642963,"polygon":3278.674648}}