{"lastBlock":20493370,"lastDistributionTime":1723005119,"lastDistributionAmount":549179,"pending3CRVFees":{"arbitrum":3775.003155975584,"avalanche":0,"ethereum":132885.1414547593,"fantom":0,"optimism":117.65133790802659,"polygon":661.883651}}