{"lastBlock":20323799,"lastDistributionTime":1721182691,"lastDistributionAmount":543796,"pending3CRVFees":{"arbitrum":3059.3349804575355,"avalanche":2580.196945768108,"ethereum":81011.18711430849,"fantom":440.994123,"optimism":296.35088444632447,"polygon":1143.665006}}