{"lastBlock":19836213,"lastDistributionTime":1715168603,"lastDistributionAmount":476332,"pending3CRVFees":{"arbitrum":333.0916672233607,"avalanche":68.07248867062869,"ethereum":64892.26490476199,"fantom":73.16401,"optimism":89.63961759969358,"polygon":1651.2844}}