{"lastBlock":21000760,"lastDistributionTime":1729121447,"lastDistributionAmount":273215,"pending3CRVFees":{"arbitrum":1260.3781335017784,"avalanche":0,"ethereum":150761.34766743224,"fantom":0,"optimism":158.182948557615,"polygon":562.396455}}