{"lastBlock":20598449,"lastDistributionTime":1724284523,"lastDistributionAmount":357314,"pending3CRVFees":{"arbitrum":1509.485554675514,"avalanche":0,"ethereum":162833.95054085963,"fantom":0,"optimism":356.82627762481127,"polygon":1519.114415}}