{"lastBlock":20039948,"lastDistributionTime":1717588535,"lastDistributionAmount":513828,"pending3CRVFees":{"arbitrum":525.0855558763917,"avalanche":1344.3325025387066,"ethereum":77635.17056893147,"fantom":20.327135,"optimism":115.66316861016243,"polygon":588.679331}}