{"lastBlock":21225604,"lastDistributionTime":1732062539,"lastDistributionAmount":554443,"pending3CRVFees":{"arbitrum":1957.5636257790238,"avalanche":0,"crvusd":291252.99977982807,"ethereum":250321.72678987856,"fantom":0,"optimism":188.277752478999,"polygon":2317.292781}}