{"lastBlock":20078069,"lastDistributionTime":1718189711,"lastDistributionAmount":630486,"pending3CRVFees":{"arbitrum":2126.940055997756,"avalanche":1603.684090138463,"ethereum":69170.50951336828,"fantom":0.967316,"optimism":114.30093470281528,"polygon":730.969263}}