{"lastBlock":21415115,"lastDistributionTime":1733959811,"lastDistributionAmount":541548,"pending3CRVFees":{"arbitrum":3466.90798928873,"avalanche":0,"crvusd":52639.015659114244,"ethereum":351332.085878838,"fantom":0,"optimism":167.0439376742044,"polygon":6222.995095}}