{"lastBlock":21393616,"lastDistributionTime":1733959811,"lastDistributionAmount":541548,"pending3CRVFees":{"arbitrum":2928.969538125956,"avalanche":0,"crvusd":7618.477055676264,"ethereum":228211.55381679957,"fantom":0,"optimism":83.51236613804015,"polygon":5306.12282}}