{"lastBlock":19870540,"lastDistributionTime":1715168603,"lastDistributionAmount":476332,"pending3CRVFees":{"arbitrum":1012.0129924829243,"avalanche":368.3569391300829,"ethereum":124687.37936382908,"fantom":82.129993,"optimism":312.4727723327328,"polygon":2504.350536}}