{"lastBlock":21275759,"lastDistributionTime":1732665683,"lastDistributionAmount":474460,"pending3CRVFees":{"arbitrum":1938.403195982678,"avalanche":0,"crvusd":186620.6182290373,"ethereum":257743.47651471576,"fantom":0,"optimism":220.32875402106473,"polygon":3928.079373}}