{"lastBlock":21494942,"lastDistributionTime":1735150271,"lastDistributionAmount":594656,"pending3CRVFees":{"arbitrum":1748.5145245915492,"avalanche":0,"crvusd":12271.633766699257,"ethereum":254352.92884966734,"fantom":0,"optimism":44.26614404001667,"polygon":3108.216939}}