{"lastBlock":20458969,"lastDistributionTime":1722465719,"lastDistributionAmount":758602,"pending3CRVFees":{"arbitrum":3190.3715690156514,"avalanche":0,"ethereum":140321.18998900751,"fantom":0,"optimism":438.3924594548782,"polygon":1664.499773}}