{"lastBlock":20953342,"lastDistributionTime":1728458663,"lastDistributionAmount":259163,"pending3CRVFees":{"arbitrum":850.9753439676098,"avalanche":0,"ethereum":126394.06335855606,"fantom":0,"optimism":135.5917247611801,"polygon":570.395557}}