{"lastBlock":19816937,"lastDistributionTime":1714562591,"lastDistributionAmount":454888,"pending3CRVFees":{"arbitrum":874.0664013250134,"avalanche":163.75987217213827,"ethereum":145259.542102268,"fantom":2.205698,"optimism":475.98566483756895,"polygon":5145.308824}}