{"lastBlock":21035473,"lastDistributionTime":1729712231,"lastDistributionAmount":296327,"pending3CRVFees":{"arbitrum":2469.5771478077218,"avalanche":0,"ethereum":93008.80504672065,"fantom":0,"optimism":65.18763695800496,"polygon":418.623795}}