{"lastBlock":21463955,"lastDistributionTime":1734501623,"lastDistributionAmount":461437,"pending3CRVFees":{"arbitrum":3617.2293745659254,"crvusd":77686.74103433572,"ethereum":442683.6824350101,"optimism":169.98785520049904,"polygon":3148.49637}}