{"lastBlock":19956362,"lastDistributionTime":1716378647,"lastDistributionAmount":563868,"pending3CRVFees":{"arbitrum":1440.6612949886044,"avalanche":1031.4829820842906,"ethereum":134685.1180435074,"fantom":47.013463,"optimism":1041.3017234425577,"polygon":1531.999172}}