{"lastBlock":19805017,"lastDistributionTime":1714562591,"lastDistributionAmount":454888,"pending3CRVFees":{"arbitrum":713.1065476300668,"avalanche":139.44530450537118,"ethereum":115494.14016877547,"fantom":1.767276,"optimism":1031.2356851202326,"polygon":5030.454618}}