{"lastBlock":19788338,"lastDistributionTime":1714562591,"lastDistributionAmount":454888,"pending3CRVFees":{"arbitrum":476.5798918003191,"avalanche":105.04361821974051,"ethereum":83148.51966847353,"fantom":1.338242,"optimism":641.1705872622214,"polygon":4724.109433}}