{"lastBlock":21234876,"lastDistributionTime":1732143635,"lastDistributionAmount":598885,"pending3CRVFees":{"arbitrum":1033.8265742809856,"avalanche":0,"crvusd":0,"ethereum":135952.3264727159,"fantom":0,"optimism":19.142747902007805,"polygon":2421.406562}}