{"lastBlock":21360108,"lastDistributionTime":1733342015,"lastDistributionAmount":452171,"pending3CRVFees":{"arbitrum":1742.3641430074267,"avalanche":0,"crvusd":83155.75589438094,"ethereum":274666.54704741715,"fantom":0,"optimism":152.73089004902553,"polygon":5247.613835}}