{"lastBlock":20871799,"lastDistributionTime":1727231867,"lastDistributionAmount":228391,"pending3CRVFees":{"arbitrum":2831.8199751142165,"avalanche":0,"ethereum":202602.10506123013,"fantom":0,"optimism":871.2984811735787,"polygon":1410.527718}}