{"lastBlock":20621066,"lastDistributionTime":1724284523,"lastDistributionAmount":357314,"pending3CRVFees":{"arbitrum":1769.167396226042,"avalanche":0,"ethereum":215801.83550125817,"fantom":0,"optimism":495.93526577717853,"polygon":1783.854145}}