{"lastBlock":20802773,"lastDistributionTime":1726692083,"lastDistributionAmount":301743,"pending3CRVFees":{"arbitrum":2968.6652694331506,"avalanche":0,"ethereum":116372.1915059559,"fantom":0,"optimism":187.48818312069105,"polygon":505.453096}}