{"lastBlock":20582900,"lastDistributionTime":1724284523,"lastDistributionAmount":357314,"pending3CRVFees":{"arbitrum":1088.2844092553776,"avalanche":0,"ethereum":115249.97575582858,"fantom":0,"optimism":75.36481645714707,"polygon":1238.812328}}