{"lastBlock":20277240,"lastDistributionTime":1720606871,"lastDistributionAmount":653864,"pending3CRVFees":{"arbitrum":1759.6182894628566,"avalanche":2340.8144213947144,"ethereum":76550.4942199341,"fantom":433.029354,"optimism":11.109082377605041,"polygon":34.175625}}