{"lastBlock":20260552,"lastDistributionTime":1720050947,"lastDistributionAmount":920217,"pending3CRVFees":{"arbitrum":2858.3045964280004,"avalanche":2402.4861594562317,"ethereum":255493.89767495278,"fantom":3.314496,"optimism":594.4391710202548,"polygon":1147.800749}}