{"lastBlock":20430323,"lastDistributionTime":1722465719,"lastDistributionAmount":758602,"pending3CRVFees":{"arbitrum":2090.2998552775516,"avalanche":0,"ethereum":83245.89319943845,"fantom":0,"optimism":116.11569067930404,"polygon":713.65919}}