{"lastBlock":20795580,"lastDistributionTime":1726692083,"lastDistributionAmount":301743,"pending3CRVFees":{"arbitrum":2892.437484106165,"avalanche":0,"ethereum":109215.06890351391,"fantom":0,"optimism":162.2546110899807,"polygon":489.175662}}