{"lastBlock":20453933,"lastDistributionTime":1722465719,"lastDistributionAmount":758602,"pending3CRVFees":{"arbitrum":2725.5909848703377,"avalanche":0,"ethereum":144904.5309505654,"fantom":0,"optimism":317.4890264535099,"polygon":1187.420717}}