{"lastBlock":20875378,"lastDistributionTime":1727830211,"lastDistributionAmount":239032,"pending3CRVFees":{"arbitrum":2891.630147015697,"avalanche":0,"ethereum":83443.15013392625,"fantom":0,"optimism":924.6709498914287,"polygon":1449.487488}}