{"lastBlock":20356055,"lastDistributionTime":1721253959,"lastDistributionAmount":593727,"pending3CRVFees":{"arbitrum":2532.849089967709,"avalanche":2428.6776855503767,"ethereum":136480.54597252482,"fantom":1009.423784,"optimism":345.52128377425475,"polygon":1006.30075}}