{"lastBlock":20600778,"lastDistributionTime":1724284523,"lastDistributionAmount":357314,"pending3CRVFees":{"arbitrum":1525.9112553895045,"avalanche":0,"ethereum":168662.18363450488,"fantom":0,"optimism":377.4138574171811,"polygon":1532.354372}}