{"lastBlock":19845538,"lastDistributionTime":1715168603,"lastDistributionAmount":476332,"pending3CRVFees":{"arbitrum":563.2659256615065,"avalanche":307.44512233569804,"ethereum":81084.3701415155,"fantom":81.122814,"optimism":140.54526640469214,"polygon":2059.82095}}