{"lastBlock":21048557,"lastDistributionTime":1729712231,"lastDistributionAmount":296327,"pending3CRVFees":{"arbitrum":2799.6264281228055,"avalanche":0,"ethereum":126900.69492593755,"fantom":0,"optimism":218.17739119696796,"polygon":824.153479}}