{"lastBlock":19880081,"lastDistributionTime":1715769839,"lastDistributionAmount":425934,"pending3CRVFees":{"arbitrum":301.75889607871943,"avalanche":490.09107311968415,"ethereum":66713.56891914876,"fantom":1.675515,"optimism":54.645928123072906,"polygon":618.132665}}