{"lastBlock":21508128,"lastDistributionTime":1735150271,"lastDistributionAmount":594656,"pending3CRVFees":{"arbitrum":2749.4888780904093,"avalanche":0,"crvusd":12271.633766699257,"ethereum":301506.40274541284,"fantom":0,"optimism":68.9483131691388,"polygon":3246.589438}}