{"lastBlock":21322005,"lastDistributionTime":1732742627,"lastDistributionAmount":501728,"pending3CRVFees":{"arbitrum":925.7176639641788,"avalanche":0,"crvusd":151625.47789049512,"ethereum":246988.15257442975,"fantom":0,"optimism":183.6277173713283,"polygon":3730.896194}}