{"lastBlock":20736859,"lastDistributionTime":1726096931,"lastDistributionAmount":297357,"pending3CRVFees":{"arbitrum":1071.53537958841,"avalanche":0,"ethereum":85407.22118043978,"fantom":0,"optimism":201.88941500552784,"polygon":708.613034}}