{"lastBlock":20241442,"lastDistributionTime":1720050947,"lastDistributionAmount":920217,"pending3CRVFees":{"arbitrum":2325.508046619696,"avalanche":2226.40509700739,"ethereum":180749.6761928271,"fantom":2.851872,"optimism":362.47174215545226,"polygon":978.486082}}