{"lastBlock":21509266,"lastDistributionTime":1735150271,"lastDistributionAmount":594656,"pending3CRVFees":{"arbitrum":2759.170309459873,"avalanche":0,"crvusd":12271.633766699257,"ethereum":305074.8591519008,"fantom":0,"optimism":71.02296902310212,"polygon":3286.753345}}