{"lastBlock":20002881,"lastDistributionTime":1716978887,"lastDistributionAmount":588396,"pending3CRVFees":{"arbitrum":649.0610719610758,"avalanche":1239.560026847105,"ethereum":131143.91000355265,"fantom":36.027228,"optimism":411.1312309971922,"polygon":1483.567458}}