{"lastBlock":21036604,"lastDistributionTime":1729712231,"lastDistributionAmount":296327,"pending3CRVFees":{"arbitrum":2488.3756830966117,"avalanche":0,"ethereum":94147.21996173837,"fantom":0,"optimism":72.04038983938877,"polygon":430.748446}}