{"lastBlock":20876580,"lastDistributionTime":1727830211,"lastDistributionAmount":239032,"pending3CRVFees":{"arbitrum":2898.2579176019,"avalanche":0,"ethereum":84621.62603579821,"fantom":0,"optimism":931.1972410872058,"polygon":1470.941679}}