{"lastBlock":21083191,"lastDistributionTime":1730331083,"lastDistributionAmount":278783,"pending3CRVFees":{"arbitrum":1693.040653988322,"avalanche":0,"ethereum":97575.19941941992,"fantom":0,"optimism":24.848561843972277,"polygon":279.374699}}