{"lastBlock":20141233,"lastDistributionTime":1718795987,"lastDistributionAmount":774021,"pending3CRVFees":{"arbitrum":2582.9729649759643,"avalanche":1855.8405598962472,"ethereum":69487.79890992166,"fantom":2.261814,"optimism":81.44735009414555,"polygon":3080.642478}}