{"lastBlock":20138846,"lastDistributionTime":1718795987,"lastDistributionAmount":774021,"pending3CRVFees":{"arbitrum":2202.5754914294075,"avalanche":1988.0644015549642,"ethereum":55874.46297593758,"fantom":2.300652,"optimism":137.7566654723526,"polygon":3028.837524}}