{"lastBlock":21105867,"lastDistributionTime":1730331083,"lastDistributionAmount":278783,"pending3CRVFees":{"arbitrum":1945.2474384163593,"avalanche":0,"ethereum":135586.0540160004,"fantom":0,"optimism":98.87622787246111,"polygon":939.553674}}