{"lastBlock":20630866,"lastDistributionTime":1724888711,"lastDistributionAmount":265409,"pending3CRVFees":{"arbitrum":1108.3267454327533,"avalanche":0,"ethereum":126215.98194519861,"fantom":0,"optimism":38.87398335592448,"polygon":528.117332}}