{"lastBlock":20279860,"lastDistributionTime":1720653515,"lastDistributionAmount":683292,"pending3CRVFees":{"arbitrum":1801.4253949849217,"avalanche":2530.395589135319,"ethereum":69813.56038625757,"fantom":431.356393,"optimism":17.102888304934602,"polygon":50.610481}}