{"lastBlock":20259355,"lastDistributionTime":1720050947,"lastDistributionAmount":920217,"pending3CRVFees":{"arbitrum":2805.8009711468094,"avalanche":2407.010336719293,"ethereum":214769.62039930635,"fantom":3.394002,"optimism":570.579247869452,"polygon":1123.520142}}