{"lastBlock":20208294,"lastDistributionTime":1719395603,"lastDistributionAmount":605157,"pending3CRVFees":{"arbitrum":2404.613149264895,"avalanche":2076.1500501059772,"ethereum":301238.8443769168,"fantom":3.222791,"optimism":207.88938049832208,"polygon":1638.956612}}