{"lastBlock":20740455,"lastDistributionTime":1726096931,"lastDistributionAmount":297357,"pending3CRVFees":{"arbitrum":1169.9974565007208,"avalanche":0,"ethereum":88797.10136568843,"fantom":0,"optimism":44.667509203840154,"polygon":739.211415}}