{"lastBlock":19837187,"lastDistributionTime":1715168603,"lastDistributionAmount":476332,"pending3CRVFees":{"arbitrum":371.4767170594137,"avalanche":77.27269592829336,"ethereum":69482.15165702715,"fantom":73.158669,"optimism":90.73024683766074,"polygon":1665.752673}}