{"lastBlock":20713062,"lastDistributionTime":1725486287,"lastDistributionAmount":323207,"pending3CRVFees":{"arbitrum":1360.819477238539,"avalanche":0,"ethereum":185779.71742179457,"fantom":0,"optimism":901.8380274589198,"polygon":1101.836791}}