{"lastBlock":19876516,"lastDistributionTime":1715769839,"lastDistributionAmount":425934,"pending3CRVFees":{"arbitrum":109.01790843315965,"avalanche":467.76381787182214,"ethereum":56235.35121850366,"fantom":1.500687,"optimism":25.148177684004278,"polygon":430.098021}}