{"lastBlock":20434843,"lastDistributionTime":1722465719,"lastDistributionAmount":758602,"pending3CRVFees":{"arbitrum":2209.117325377629,"avalanche":0,"ethereum":98459.15699963499,"fantom":0,"optimism":127.95513572775903,"polygon":816.671431}}