{"lastBlock":20831420,"lastDistributionTime":1727231867,"lastDistributionAmount":228391,"pending3CRVFees":{"arbitrum":2056.46329151802,"avalanche":0,"ethereum":105415.01544957896,"fantom":0,"optimism":118.5517137530816,"polygon":756.217195}}