{"lastBlock":21028302,"lastDistributionTime":1729644419,"lastDistributionAmount":277673,"pending3CRVFees":{"arbitrum":2331.8384077124547,"avalanche":0,"ethereum":79508.38512976744,"fantom":0,"optimism":13.248203384822387,"polygon":246.272051}}