{"lastBlock":20944702,"lastDistributionTime":1728458663,"lastDistributionAmount":259163,"pending3CRVFees":{"arbitrum":799.7117805265826,"avalanche":0,"ethereum":116461.82102018438,"fantom":0,"optimism":120.25273755940965,"polygon":487.287633}}