{"lastBlock":20557831,"lastDistributionTime":1723677299,"lastDistributionAmount":216189,"pending3CRVFees":{"arbitrum":2077.909899551796,"avalanche":0,"ethereum":239049.64802058454,"fantom":0,"optimism":311.1987178696214,"polygon":1548.762822}}