{"lastBlock":21075107,"lastDistributionTime":1729712231,"lastDistributionAmount":296327,"pending3CRVFees":{"arbitrum":3323.7305254864737,"avalanche":0,"ethereum":190475.60512414316,"fantom":0,"optimism":519.0509883738272,"polygon":1093.749218}}