{"lastBlock":19964942,"lastDistributionTime":1716378647,"lastDistributionAmount":563868,"pending3CRVFees":{"arbitrum":1695.85453698702,"avalanche":1020.3098621862042,"ethereum":164026.7585250085,"fantom":46.964167,"optimism":1149.6607624064864,"polygon":1729.20027}}