{"lastBlock":21240844,"lastDistributionTime":1732143635,"lastDistributionAmount":598885,"pending3CRVFees":{"arbitrum":1188.5420762492704,"avalanche":0,"crvusd":30847.17609228882,"ethereum":168962.74157916277,"fantom":0,"optimism":61.320921713371845,"polygon":2724.336451}}