{"lastBlock":20080464,"lastDistributionTime":1718189711,"lastDistributionAmount":630486,"pending3CRVFees":{"arbitrum":2246.0950066174037,"avalanche":1721.781703110303,"ethereum":80639.79273032688,"fantom":0.967655,"optimism":157.40474082490786,"polygon":771.963834}}