{"lastBlock":20619920,"lastDistributionTime":1724284523,"lastDistributionAmount":357314,"pending3CRVFees":{"arbitrum":1730.2818320069734,"avalanche":0,"ethereum":240209.9735629253,"fantom":0,"optimism":224.82491470160417,"polygon":1723.421449}}