{"lastBlock":21524776,"lastDistributionTime":1735150271,"lastDistributionAmount":594656,"pending3CRVFees":{"arbitrum":3646.2459217258,"avalanche":0,"crvusd":72067.52211381771,"ethereum":398543.8745125314,"fantom":0,"optimism":103.11096211631155,"polygon":3511.201441}}