{"lastBlock":21077239,"lastDistributionTime":1730267171,"lastDistributionAmount":260933,"pending3CRVFees":{"arbitrum":3367.946594480395,"avalanche":0,"ethereum":84321.24231597997,"fantom":0,"optimism":538.5525434338902,"polygon":1105.417}}