{"lastBlock":21292125,"lastDistributionTime":1732742627,"lastDistributionAmount":501728,"pending3CRVFees":{"arbitrum":274.2862837747111,"avalanche":0,"fantom":0,"optimism":47.82531837775496,"polygon":3083.384359}}