{"lastBlock":20340569,"lastDistributionTime":1721253959,"lastDistributionAmount":593727,"pending3CRVFees":{"arbitrum":2192.4388555312134,"avalanche":2417.643973623318,"ethereum":102409.08588932634,"fantom":439.688681,"optimism":179.2680689423765,"polygon":679.852009}}