{"lastBlock":20538741,"lastDistributionTime":1723677299,"lastDistributionAmount":216189,"pending3CRVFees":{"arbitrum":1774.3244475275603,"avalanche":0,"ethereum":321007.7251435617,"fantom":0,"optimism":114.12758790965113,"polygon":1219.83143}}