{"lastBlock":19913440,"lastDistributionTime":1715769839,"lastDistributionAmount":425934,"pending3CRVFees":{"arbitrum":1024.0471190429166,"avalanche":553.634814280782,"ethereum":148886.20445250362,"fantom":3.454139,"optimism":407.3452286744689,"polygon":932.465555}}