{"lastBlock":21543970,"lastDistributionTime":1735706375,"lastDistributionAmount":493884,"pending3CRVFees":{"arbitrum":1404.5299387358652,"avalanche":0,"crvusd":14699.13978041446,"ethereum":230160.44881060583,"fantom":0,"optimism":37.18231995906069,"polygon":1648.100157}}