{"lastBlock":21503286,"lastDistributionTime":1735150271,"lastDistributionAmount":594656,"pending3CRVFees":{"arbitrum":2555.56833386935,"avalanche":0,"crvusd":12271.633766699257,"ethereum":289901.1203720543,"fantom":0,"optimism":59.404338404369994,"polygon":3198.705546}}