{"lastBlock":21547754,"lastDistributionTime":1735706375,"lastDistributionAmount":493884,"pending3CRVFees":{"arbitrum":1898.330275532207,"avalanche":0,"crvusd":14699.13978041446,"ethereum":247962.94581139713,"fantom":0,"optimism":48.2233662355017,"polygon":1695.497037}}