{"lastBlock":20316627,"lastDistributionTime":1720653515,"lastDistributionAmount":683292,"pending3CRVFees":{"arbitrum":2880.9551409004794,"avalanche":2573.8967232013047,"ethereum":202908.3790608832,"fantom":443.527467,"optimism":543.0225453477997,"polygon":1059.469225}}