{"lastBlock":20330004,"lastDistributionTime":1721253959,"lastDistributionAmount":593727,"pending3CRVFees":{"arbitrum":1949.4307096314278,"avalanche":2394.5079602154324,"ethereum":87920.0404706515,"fantom":441.191218,"optimism":98.06796092461299,"polygon":515.047605}}