{"lastBlock":20586474,"lastDistributionTime":1724284523,"lastDistributionAmount":357314,"pending3CRVFees":{"arbitrum":1252.924764517414,"avalanche":0,"ethereum":122508.49522723911,"fantom":0,"optimism":152.15889917282115,"polygon":1300.684874}}