{"lastBlock":20450333,"lastDistributionTime":1722465719,"lastDistributionAmount":758602,"pending3CRVFees":{"arbitrum":2733.208432850477,"avalanche":0,"ethereum":136963.64799770276,"fantom":0,"optimism":299.8493913046771,"polygon":1163.57166}}