{"lastBlock":20531585,"lastDistributionTime":1723677299,"lastDistributionAmount":216189,"pending3CRVFees":{"arbitrum":1650.6555844195225,"avalanche":0,"ethereum":200245.1939168122,"fantom":0,"optimism":18.621893257243315,"polygon":991.124836}}