{"lastBlock":20201120,"lastDistributionTime":1719395603,"lastDistributionAmount":605157,"pending3CRVFees":{"arbitrum":2208.785300787439,"avalanche":2055.1575980794387,"ethereum":274208.83479529724,"fantom":2.390362,"optimism":170.57215922935612,"polygon":1549.283647}}