{"lastBlock":19874130,"lastDistributionTime":1715168603,"lastDistributionAmount":476332,"pending3CRVFees":{"arbitrum":1072.2965834624667,"avalanche":374.05789938268236,"ethereum":131658.03559555524,"fantom":153.749803,"optimism":345.43703109541417,"polygon":2538.383094}}