{"lastBlock":20868213,"lastDistributionTime":1727231867,"lastDistributionAmount":228391,"pending3CRVFees":{"arbitrum":2706.064259927136,"avalanche":0,"ethereum":198036.49862813618,"fantom":0,"optimism":827.0456964685322,"polygon":1386.552371}}