{"lastBlock":21123779,"lastDistributionTime":1730331083,"lastDistributionAmount":278783,"pending3CRVFees":{"arbitrum":2130.1248009433616,"avalanche":0,"ethereum":193855.78472746094,"fantom":0,"optimism":178.64022925882185,"polygon":1246.307467}}