{"lastBlock":21070059,"lastDistributionTime":1729712231,"lastDistributionAmount":296327,"pending3CRVFees":{"arbitrum":3137.7591209763154,"avalanche":0,"ethereum":172967.16979943184,"fantom":0,"optimism":426.72248972815464,"polygon":1002.089694}}