{"lastBlock":21109442,"lastDistributionTime":1730331083,"lastDistributionAmount":278783,"pending3CRVFees":{"arbitrum":1966.5386201157455,"avalanche":0,"ethereum":147638.84018973136,"fantom":0,"optimism":95.4819843297068,"polygon":965.615021}}