{"lastBlock":21401899,"lastDistributionTime":1733959811,"lastDistributionAmount":541548,"pending3CRVFees":{"arbitrum":3093.1675919806735,"avalanche":0,"crvusd":7618.477055676264,"ethereum":256957.2486015829,"fantom":0,"optimism":125.13449203409508,"polygon":5306.438624}}