{"lastBlock":20416941,"lastDistributionTime":1721863067,"lastDistributionAmount":617944,"pending3CRVFees":{"arbitrum":2585.044128355872,"avalanche":0,"ethereum":384144.7652236408,"fantom":0,"optimism":550.65562373438,"polygon":1319.991146}}