{"lastBlock":20914833,"lastDistributionTime":1727904683,"lastDistributionAmount":256757,"pending3CRVFees":{"arbitrum":1305.4007322464356,"avalanche":0,"ethereum":165235.68167414537,"fantom":0,"optimism":565.7655316226487,"polygon":282.791291}}