{"lastBlock":20321392,"lastDistributionTime":1720653515,"lastDistributionAmount":683292,"pending3CRVFees":{"arbitrum":2994.9946697872115,"avalanche":2574.1099153372215,"ethereum":224214.7060988536,"fantom":441.133068,"optimism":590.9958894286862,"polygon":1130.153989}}