{"lastBlock":20471841,"lastDistributionTime":1722465719,"lastDistributionAmount":758602,"pending3CRVFees":{"arbitrum":4199.92339346751,"avalanche":0,"ethereum":456290.0249904776,"fantom":0,"optimism":1010.1534648225551,"polygon":2513.49392}}