{"lastBlock":19979246,"lastDistributionTime":1716978887,"lastDistributionAmount":588396,"pending3CRVFees":{"arbitrum":135.47412601710062,"avalanche":1199.557971514682,"ethereum":68531.67606038188,"fantom":2.093356,"optimism":43.656664000293716,"polygon":1047.487968}}