{"lastBlock":20636564,"lastDistributionTime":1724888711,"lastDistributionAmount":265409,"pending3CRVFees":{"arbitrum":1195.9641172204886,"avalanche":0,"ethereum":102221.69211584084,"fantom":0,"optimism":190.11758458435634,"polygon":607.933889}}