{"lastBlock":19970685,"lastDistributionTime":1716378647,"lastDistributionAmount":563868,"pending3CRVFees":{"arbitrum":1842.9195079110384,"avalanche":1153.4487178661211,"ethereum":184074.04408353998,"fantom":48.683678,"optimism":626.0438925052085,"polygon":1834.990555}}