{"lastBlock":21498525,"lastDistributionTime":1735150271,"lastDistributionAmount":594656,"pending3CRVFees":{"arbitrum":1783.3959372776405,"avalanche":0,"crvusd":12271.633766699257,"ethereum":269467.7524657387,"fantom":0,"optimism":49.81326193709569,"polygon":3146.28539}}