{"lastBlock":21344612,"lastDistributionTime":1733342015,"lastDistributionAmount":452171,"pending3CRVFees":{"arbitrum":1496.5951402254852,"avalanche":0,"crvusd":23280.778639415246,"ethereum":229819.39391270807,"fantom":0,"optimism":132.29529003899768,"polygon":4870.993279}}