{"lastBlock":20998372,"lastDistributionTime":1729121447,"lastDistributionAmount":273215,"pending3CRVFees":{"arbitrum":1236.7543695832705,"avalanche":0,"ethereum":147616.48560182625,"fantom":0,"optimism":145.53643088449977,"polygon":464.758628}}