{"lastBlock":20282016,"lastDistributionTime":1720653515,"lastDistributionAmount":683292,"pending3CRVFees":{"arbitrum":1844.4713586082128,"avalanche":2530.5581508170435,"ethereum":82694.51765945743,"fantom":431.339291,"optimism":22.94684313122178,"polygon":75.898929}}