{"lastBlock":19843364,"lastDistributionTime":1715168603,"lastDistributionAmount":476332,"pending3CRVFees":{"arbitrum":551.6721120817839,"avalanche":298.82500881230936,"ethereum":82627.60351340912,"fantom":81.121675,"optimism":119.73808695003538,"polygon":2008.818183}}