{"lastBlock":21194250,"lastDistributionTime":1731480755,"lastDistributionAmount":415352,"pending3CRVFees":{"arbitrum":1531.2184920354316,"avalanche":0,"ethereum":320712.6795490091,"fantom":0,"optimism":97.93243391667474,"polygon":1352.73461}}