{"lastBlock":20843110,"lastDistributionTime":1727231867,"lastDistributionAmount":228391,"pending3CRVFees":{"arbitrum":2362.021548923101,"avalanche":0,"ethereum":139522.51765634908,"fantom":0,"optimism":322.9754277086826,"polygon":912.871571}}