{"lastBlock":20440854,"lastDistributionTime":1722465719,"lastDistributionAmount":758602,"pending3CRVFees":{"arbitrum":2453.2961563882927,"avalanche":0,"ethereum":115499.24137889362,"fantom":0,"optimism":321.58957900859406,"polygon":1008.106448}}