{"lastBlock":20167452,"lastDistributionTime":1718795987,"lastDistributionAmount":774021,"pending3CRVFees":{"arbitrum":3135.020210239603,"avalanche":1917.5724424504529,"ethereum":53974.91520980105,"fantom":96.613115,"optimism":330.1973906934301,"polygon":3366.527758}}