{"lastBlock":19762098,"lastDistributionTime":1713951827,"lastDistributionAmount":509315,"pending3CRVFees":{"arbitrum":1358.8085397632042,"avalanche":197.20167867051796,"ethereum":162533.93123990786,"fantom":49.943104,"optimism":342.08689115551994,"polygon":3490.187287}}