{"lastBlock":21438900,"lastDistributionTime":1734501623,"lastDistributionAmount":461437,"pending3CRVFees":{"arbitrum":2341.8462085094407,"avalanche":0,"fantom":0,"optimism":64.74044692145178,"polygon":2674.545886}}