{"lastBlock":20407373,"lastDistributionTime":1721863067,"lastDistributionAmount":617944,"pending3CRVFees":{"arbitrum":2475.083313634477,"avalanche":0,"ethereum":158165.08014175744,"fantom":0,"optimism":169.6124343014657,"polygon":1178.443499}}