{"lastBlock":20225976,"lastDistributionTime":1720007771,"lastDistributionAmount":878453,"pending3CRVFees":{"arbitrum":1478.7579157633818,"avalanche":2136.789239362879,"ethereum":95392.38518147988,"fantom":2.177884,"optimism":2.683673363839302,"polygon":561.099085}}