{"lastBlock":19847917,"lastDistributionTime":1715168603,"lastDistributionAmount":476332,"pending3CRVFees":{"arbitrum":649.0413599668541,"avalanche":344.0965505597916,"ethereum":89657.07033829804,"fantom":79.989893,"optimism":163.51237052511854,"polygon":2195.44461}}