{"lastBlock":20491041,"lastDistributionTime":1723005119,"lastDistributionAmount":549179,"pending3CRVFees":{"arbitrum":3743.561714678057,"avalanche":0,"ethereum":105057.1055557189,"fantom":0,"optimism":108.6404590560219,"polygon":607.603799}}