{"lastBlock":20893316,"lastDistributionTime":1727904683,"lastDistributionAmount":256757,"pending3CRVFees":{"arbitrum":1156.6891599542523,"avalanche":0,"ethereum":133525.0899074083,"fantom":0,"optimism":147.82279668758187,"polygon":149.696316}}