{"lastBlock":20751179,"lastDistributionTime":1726096931,"lastDistributionAmount":297357,"pending3CRVFees":{"arbitrum":1435.3934187603224,"avalanche":0,"ethereum":105141.36202758663,"fantom":0,"optimism":405.89648759958305,"polygon":998.585578}}