{"lastBlock":20305937,"lastDistributionTime":1720653515,"lastDistributionAmount":683292,"pending3CRVFees":{"arbitrum":2505.974236272699,"avalanche":1116.6143935844484,"ethereum":130451.88917773322,"fantom":452.465849,"optimism":344.4431769323429,"polygon":900.310086}}