{"lastBlock":20249785,"lastDistributionTime":1720050947,"lastDistributionAmount":920217,"pending3CRVFees":{"arbitrum":2560.525930032646,"avalanche":2381.0854086885165,"ethereum":200060.94036473773,"fantom":2.982631,"optimism":497.26888533845585,"polygon":1060.726172}}