{"lastBlock":20486198,"lastDistributionTime":1723005119,"lastDistributionAmount":549179,"pending3CRVFees":{"arbitrum":3564.2554491258184,"avalanche":0,"ethereum":106604.8722680536,"fantom":0,"optimism":798.7069865156747,"polygon":421.24458}}