{"lastBlock":19942052,"lastDistributionTime":1716378647,"lastDistributionAmount":563868,"pending3CRVFees":{"arbitrum":1117.490944413382,"avalanche":994.5271893960245,"ethereum":108912.49622883703,"fantom":31.384645,"optimism":831.1728783970593,"polygon":1375.672554}}