{"lastBlock":20745471,"lastDistributionTime":1726096931,"lastDistributionAmount":297357,"pending3CRVFees":{"arbitrum":1355.0642025548038,"avalanche":0,"ethereum":99863.08046553028,"fantom":0,"optimism":241.2535802080343,"polygon":970.273868}}