{"lastBlock":20899338,"lastDistributionTime":1727904683,"lastDistributionAmount":256757,"pending3CRVFees":{"arbitrum":1193.0293736193646,"avalanche":0,"ethereum":142738.29171955018,"fantom":0,"optimism":417.50414081310976,"polygon":187.06715}}