{"lastBlock":20181776,"lastDistributionTime":1719395603,"lastDistributionAmount":605157,"pending3CRVFees":{"arbitrum":1567.2533934066666,"avalanche":2124.7165189642396,"ethereum":225847.2754168153,"fantom":1.394017,"optimism":70.8586051966071,"polygon":1322.505388}}