{"lastBlock":21245605,"lastDistributionTime":1732143635,"lastDistributionAmount":598885,"pending3CRVFees":{"arbitrum":1304.662329992138,"avalanche":0,"crvusd":62574.65544963413,"ethereum":199984.78052972985,"fantom":0,"optimism":115.32411262617794,"polygon":2850.810322}}