{"lastBlock":20227126,"lastDistributionTime":1720007771,"lastDistributionAmount":878453,"pending3CRVFees":{"arbitrum":1597.9032098190823,"avalanche":2137.727704486874,"ethereum":99667.88668454137,"fantom":2.199339,"optimism":6.3436671107252165,"polygon":564.929691}}