{"lastBlock":21542720,"lastDistributionTime":1735706375,"lastDistributionAmount":493884,"pending3CRVFees":{"arbitrum":1391.2217084468464,"avalanche":0,"crvusd":14699.13978041446,"ethereum":224196.489915306,"fantom":0,"optimism":37.44875527773224,"polygon":1629.230798}}