{"lastBlock":19786171,"lastDistributionTime":1714562591,"lastDistributionAmount":454888,"pending3CRVFees":{"arbitrum":401.9137480543401,"avalanche":92.30884389629998,"ethereum":77783.07291733538,"fantom":1.310391,"optimism":606.1983164402959,"polygon":4697.323916}}