{"lastBlock":20047088,"lastDistributionTime":1717588535,"lastDistributionAmount":513828,"pending3CRVFees":{"arbitrum":835.6624527760085,"avalanche":1268.419717798195,"ethereum":86764.32245837769,"fantom":20.593626,"optimism":247.96146616516353,"polygon":723.036825}}