{"lastBlock":21126183,"lastDistributionTime":1730857943,"lastDistributionAmount":149563,"pending3CRVFees":{"arbitrum":2183.375924825028,"avalanche":0,"ethereum":73940.08303222887,"fantom":0,"optimism":200.67067340084844,"polygon":1331.625465}}