{"lastBlock":21052121,"lastDistributionTime":1729712231,"lastDistributionAmount":296327,"pending3CRVFees":{"arbitrum":2830.9349661139304,"avalanche":0,"ethereum":135244.53946310328,"fantom":0,"optimism":251.78406487304682,"polygon":841.644617}}