{"lastBlock":20517260,"lastDistributionTime":1723005119,"lastDistributionAmount":549179,"pending3CRVFees":{"arbitrum":4132.0258339956445,"avalanche":0,"ethereum":320090.22775812267,"fantom":0,"optimism":1201.28173919635,"polygon":944.986418}}