{"lastBlock":20968534,"lastDistributionTime":1728458663,"lastDistributionAmount":259163,"pending3CRVFees":{"arbitrum":1030.7574156824176,"avalanche":0,"ethereum":174673.3434468171,"fantom":0,"optimism":262.80643734957715,"polygon":674.724376}}