{"lastBlock":20068578,"lastDistributionTime":1717588535,"lastDistributionAmount":513828,"pending3CRVFees":{"arbitrum":1422.8103887478717,"avalanche":1412.224233569139,"ethereum":230418.29988754052,"fantom":20.211621,"optimism":455.21786720578655,"polygon":1182.066222}}