{"lastBlock":20922018,"lastDistributionTime":1727904683,"lastDistributionAmount":256757,"pending3CRVFees":{"arbitrum":1382.667468120124,"avalanche":0,"ethereum":193197.73449805105,"fantom":0,"optimism":646.68229834201,"polygon":370.368623}}