{"lastBlock":20906509,"lastDistributionTime":1727904683,"lastDistributionAmount":256757,"pending3CRVFees":{"arbitrum":1220.335326669839,"avalanche":0,"ethereum":143901.75556336754,"fantom":0,"optimism":204.36352206284266,"polygon":244.599319}}