{"lastBlock":20889718,"lastDistributionTime":1727904683,"lastDistributionAmount":256757,"pending3CRVFees":{"arbitrum":1121.1064468658526,"avalanche":0,"ethereum":121322.64790513655,"fantom":0,"optimism":122.45351757607081,"polygon":115.200785}}