{"lastBlock":21519094,"lastDistributionTime":1735150271,"lastDistributionAmount":594656,"pending3CRVFees":{"arbitrum":3047.901577208426,"avalanche":0,"crvusd":72067.52211381771,"ethereum":398434.6091767819,"fantom":0,"optimism":92.24211946934801,"polygon":3431.948137}}