{"lastBlock":20758345,"lastDistributionTime":1726096931,"lastDistributionAmount":297357,"pending3CRVFees":{"arbitrum":1521.6414431837031,"avalanche":0,"ethereum":111005.0967041343,"fantom":0,"optimism":102.04732831277003,"polygon":1039.260172}}