{"lastBlock":20428852,"lastDistributionTime":1722454583,"lastDistributionAmount":750554,"pending3CRVFees":{"arbitrum":2079.182213137413,"avalanche":0,"ethereum":81236.77281071068,"fantom":0,"optimism":96.32354498064943,"polygon":700.694041}}