{"lastBlock":19759727,"lastDistributionTime":1713951827,"lastDistributionAmount":509315,"pending3CRVFees":{"arbitrum":1243.3978961821165,"avalanche":172.39168035734951,"ethereum":149775.03474922298,"fantom":50.123622,"optimism":578.9791485689641,"polygon":3430.617099}}