{"lastBlock":20122386,"lastDistributionTime":1718189711,"lastDistributionAmount":630486,"pending3CRVFees":{"arbitrum":3719.1254515522555,"avalanche":1787.9239985767567,"ethereum":191777.09171155735,"fantom":62.904367,"optimism":729.1817277543522,"polygon":1563.078755}}