{"lastBlock":19863409,"lastDistributionTime":1715168603,"lastDistributionAmount":476332,"pending3CRVFees":{"arbitrum":835.1968317223925,"avalanche":357.86352800859356,"ethereum":110563.90819777927,"fantom":81.929027,"optimism":265.72532208122055,"polygon":2359.61638}}