{"lastBlock":21517620,"lastDistributionTime":1735150271,"lastDistributionAmount":594656,"pending3CRVFees":{"arbitrum":3045.959451127458,"avalanche":0,"crvusd":72067.52211381771,"ethereum":389868.13440795505,"fantom":0,"optimism":91.8939979926651,"polygon":3416.286052}}