{"lastBlock":21174831,"lastDistributionTime":1730934299,"lastDistributionAmount":332987,"pending3CRVFees":{"arbitrum":2060.1617839621626,"avalanche":0,"ethereum":344357.2175643203,"fantom":0,"optimism":297.60302393902936,"polygon":1973.185543}}