{"lastBlock":20132928,"lastDistributionTime":1718795987,"lastDistributionAmount":774021,"pending3CRVFees":{"arbitrum":2005.4805073772961,"avalanche":1887.0444522345817,"ethereum":51789.74671204782,"fantom":2.293214,"optimism":63.49721381885314,"polygon":2941.879536}}