{"lastBlock":21315982,"lastDistributionTime":1732742627,"lastDistributionAmount":501728,"pending3CRVFees":{"arbitrum":858.945850989311,"avalanche":0,"crvusd":124276.16900602722,"ethereum":263949.5852504348,"fantom":0,"optimism":156.94980287529327,"polygon":3589.185374}}