{"lastBlock":19972117,"lastDistributionTime":1716378647,"lastDistributionAmount":563868,"pending3CRVFees":{"arbitrum":1888.1978682992265,"avalanche":976.5569609052056,"ethereum":187252.29062311424,"fantom":48.66517,"optimism":1278.1140341433866,"polygon":1860.368331}}