{"lastBlock":20431255,"lastDistributionTime":1722465719,"lastDistributionAmount":758602,"pending3CRVFees":{"arbitrum":2107.9153798023835,"avalanche":0,"ethereum":88085.04706554803,"fantom":0,"optimism":130.5263504601005,"polygon":736.055806}}