{"lastBlock":20322842,"lastDistributionTime":1721176571,"lastDistributionAmount":148762,"pending3CRVFees":{"arbitrum":3048.3637699923333,"avalanche":2388.7140893859623,"ethereum":79774.90326593976,"fantom":441.106676,"optimism":291.030454777467,"polygon":1140.597455}}