{"lastBlock":19973082,"lastDistributionTime":1716378647,"lastDistributionAmount":563868,"pending3CRVFees":{"arbitrum":1923.091433625098,"avalanche":1158.342880471919,"ethereum":193068.49799828386,"fantom":48.661293,"optimism":631.7071682187797,"polygon":1893.950298}}