{"lastBlock":20867314,"lastDistributionTime":1727231867,"lastDistributionAmount":228391,"pending3CRVFees":{"arbitrum":2663.0521548552997,"avalanche":0,"ethereum":195517.88650835896,"fantom":0,"optimism":331.2718651328517,"polygon":1376.289926}}