{"lastBlock":20304780,"lastDistributionTime":1720653515,"lastDistributionAmount":683292,"pending3CRVFees":{"arbitrum":2499.363590562797,"avalanche":2551.825451294823,"ethereum":125203.58940252359,"fantom":451.407445,"optimism":242.30500780787267,"polygon":894.285746}}