{"lastBlock":20596018,"lastDistributionTime":1724284523,"lastDistributionAmount":357314,"pending3CRVFees":{"arbitrum":1492.475444369924,"avalanche":0,"ethereum":166914.1479342454,"fantom":0,"optimism":230.80694029048684,"polygon":1500.180248}}