{"lastBlock":20847890,"lastDistributionTime":1727231867,"lastDistributionAmount":228391,"pending3CRVFees":{"arbitrum":2442.9534939774708,"avalanche":0,"ethereum":151520.02785431975,"fantom":0,"optimism":476.8074403232758,"polygon":976.842664}}