{"lastBlock":21383996,"lastDistributionTime":1733959811,"lastDistributionAmount":541548,"pending3CRVFees":{"arbitrum":2744.2687117193354,"avalanche":0,"crvusd":0,"ethereum":174540.61027328097,"fantom":0,"optimism":30.076699379782006,"polygon":5478.031255}}