{"lastBlock":21269497,"lastDistributionTime":1732143635,"lastDistributionAmount":598885,"pending3CRVFees":{"arbitrum":1800.1229843790093,"avalanche":0,"crvusd":162813.40020044547,"ethereum":284903.8216019973,"fantom":0,"optimism":229.56982701029114,"polygon":3615.17859}}