{"lastBlock":20696280,"lastDistributionTime":1725486287,"lastDistributionAmount":323207,"pending3CRVFees":{"arbitrum":1163.3771242421783,"avalanche":0,"ethereum":140231.79788833883,"fantom":0,"optimism":719.0261700646306,"polygon":878.705949}}