{"lastBlock":19881273,"lastDistributionTime":1715769839,"lastDistributionAmount":425934,"pending3CRVFees":{"arbitrum":350.1681584883811,"avalanche":490.86112472406325,"ethereum":67938.82962549472,"fantom":1.674482,"optimism":58.07910203522465,"polygon":624.457212}}