{"lastBlock":21018690,"lastDistributionTime":1729121447,"lastDistributionAmount":273215,"pending3CRVFees":{"arbitrum":1530.9746787356823,"avalanche":0,"ethereum":183676.03584125577,"fantom":0,"optimism":289.0585659546083,"polygon":793.891506}}