{"lastBlock":20261787,"lastDistributionTime":1720050947,"lastDistributionAmount":920217,"pending3CRVFees":{"arbitrum":2901.666340723507,"avalanche":2283.10645764545,"ethereum":266596.63931861706,"fantom":3.337647,"optimism":336.9895326775967,"polygon":1163.079233}}