{"lastBlock":21405489,"lastDistributionTime":1733959811,"lastDistributionAmount":541548,"pending3CRVFees":{"arbitrum":3193.2556923625293,"avalanche":0,"crvusd":4761.548159797666,"ethereum":269941.6611103687,"fantom":0,"optimism":135.76671236251022,"polygon":5306.354059}}