{"lastBlock":20419365,"lastDistributionTime":1721863067,"lastDistributionAmount":617944,"pending3CRVFees":{"arbitrum":2609.3689812206594,"avalanche":0,"ethereum":311930.20127192006,"fantom":0,"optimism":557.8322593110455,"polygon":1372.808483}}