{"lastBlock":19996946,"lastDistributionTime":1716978887,"lastDistributionAmount":588396,"pending3CRVFees":{"arbitrum":603.137278071915,"avalanche":1150.7077470733468,"ethereum":114439.7914830144,"fantom":2.344068,"optimism":402.6854160649667,"polygon":1410.360198}}