{"lastBlock":20812055,"lastDistributionTime":1726692083,"lastDistributionAmount":301743,"pending3CRVFees":{"arbitrum":3097.6609930153554,"avalanche":0,"ethereum":128010.6941841596,"fantom":0,"optimism":1035.235551463546,"polygon":582.68731}}