{"lastBlock":19809793,"lastDistributionTime":1714562591,"lastDistributionAmount":454888,"pending3CRVFees":{"arbitrum":762.4484254917506,"avalanche":141.3034613448284,"ethereum":117127.4700537276,"fantom":1.887178,"optimism":423.10429909748257,"polygon":5061.422383}}