{"lastBlock":19808602,"lastDistributionTime":1714562591,"lastDistributionAmount":454888,"pending3CRVFees":{"arbitrum":724.6685043379487,"avalanche":131.61561723767704,"ethereum":124383.88161929794,"fantom":1.887304,"optimism":1113.7992747361702,"polygon":5049.243397}}