{"lastBlock":20044670,"lastDistributionTime":1717588535,"lastDistributionAmount":513828,"pending3CRVFees":{"arbitrum":797.3632793689753,"avalanche":1267.646727750101,"ethereum":84234.0840094215,"fantom":20.5489,"optimism":131.30325161626132,"polygon":713.954067}}