{"lastBlock":19897957,"lastDistributionTime":1715769839,"lastDistributionAmount":425934,"pending3CRVFees":{"arbitrum":707.3635233794212,"avalanche":501.554492494825,"ethereum":119784.06517496273,"fantom":3.43659,"optimism":236.46410368596509,"polygon":737.704594}}