{"lastBlock":20507689,"lastDistributionTime":1723005119,"lastDistributionAmount":549179,"pending3CRVFees":{"arbitrum":3952.6675523366766,"avalanche":0,"ethereum":105401.11154346688,"fantom":0,"optimism":1022.6303533903607,"polygon":798.103891}}