{"lastBlock":21104674,"lastDistributionTime":1730331083,"lastDistributionAmount":278783,"pending3CRVFees":{"arbitrum":1942.9103161922933,"avalanche":0,"ethereum":159460.30537253068,"fantom":0,"optimism":102.37312548844774,"polygon":932.517031}}