{"lastBlock":19920602,"lastDistributionTime":1715769839,"lastDistributionAmount":425934,"pending3CRVFees":{"arbitrum":1435.2104352445572,"avalanche":587.0178897534231,"ethereum":187366.66118942283,"fantom":3.778174,"optimism":2556.223146253754,"polygon":1371.620369}}