{"lastBlock":20781269,"lastDistributionTime":1726692083,"lastDistributionAmount":301743,"pending3CRVFees":{"arbitrum":2703.584817535937,"avalanche":0,"ethereum":85217.31320772972,"fantom":0,"optimism":29.57718972021167,"polygon":338.281931}}