{"lastBlock":21504799,"lastDistributionTime":1735150271,"lastDistributionAmount":594656,"pending3CRVFees":{"arbitrum":2587.945591438217,"avalanche":0,"crvusd":12271.633766699257,"ethereum":293277.2094384901,"fantom":0,"optimism":65.23973481268557,"polygon":3211.836786}}