{"lastBlock":20154370,"lastDistributionTime":1718795987,"lastDistributionAmount":774021,"pending3CRVFees":{"arbitrum":2773.734035718536,"avalanche":2017.0758069378091,"ethereum":92753.03046552667,"fantom":81.972612,"optimism":123.04570549816938,"polygon":3194.82454}}