{"lastBlock":21029443,"lastDistributionTime":1729644419,"lastDistributionAmount":277673,"pending3CRVFees":{"arbitrum":2344.9291485327044,"avalanche":0,"ethereum":80691.44552539864,"fantom":0,"optimism":17.260638534471838,"polygon":293.824756}}