{"lastBlock":20289178,"lastDistributionTime":1720653515,"lastDistributionAmount":683292,"pending3CRVFees":{"arbitrum":2120.2852551429764,"avalanche":2356.066223185851,"ethereum":93193.0522947255,"fantom":445.352436,"optimism":188.86493259408778,"polygon":143.654205}}