{"lastBlock":19858651,"lastDistributionTime":1715168603,"lastDistributionAmount":476332,"pending3CRVFees":{"arbitrum":769.4106179348181,"avalanche":337.262445912837,"ethereum":98372.3813287853,"fantom":80.970681,"optimism":221.03263735325552,"polygon":2312.944527}}