{"lastBlock":21383097,"lastDistributionTime":1733959811,"lastDistributionAmount":541548,"pending3CRVFees":{"arbitrum":2689.7353850484155,"avalanche":0,"crvusd":0,"ethereum":169528.78009874656,"fantom":0,"optimism":27.342026824850464,"polygon":5449.206182}}