{"lastBlock":21144071,"lastDistributionTime":1730934299,"lastDistributionAmount":332987,"pending3CRVFees":{"arbitrum":1127.5869522228502,"avalanche":0,"ethereum":154119.2196740953,"fantom":0,"optimism":90.0265766087638,"polygon":973.74627}}