{"lastBlock":20236893,"lastDistributionTime":1720050947,"lastDistributionAmount":920217,"pending3CRVFees":{"arbitrum":2014.8941302701805,"avalanche":2208.6966853067406,"ethereum":132696.6077920172,"fantom":2.763931,"optimism":115.16688250261797,"polygon":748.717984}}