{"lastBlock":20668809,"lastDistributionTime":1724888711,"lastDistributionAmount":265409,"pending3CRVFees":{"arbitrum":1502.971305209488,"avalanche":0,"ethereum":171402.43973102214,"fantom":0,"optimism":488.0683372304602,"polygon":1099.610584}}