{"lastBlock":21411765,"lastDistributionTime":1733959811,"lastDistributionAmount":541548,"pending3CRVFees":{"arbitrum":3396.895777720855,"avalanche":0,"crvusd":52639.015659114244,"ethereum":322655.79923502245,"fantom":0,"optimism":155.0102821713635,"polygon":5305.84212}}