{"lastBlock":20711823,"lastDistributionTime":1725486287,"lastDistributionAmount":323207,"pending3CRVFees":{"arbitrum":1343.673474131561,"avalanche":0,"ethereum":4962255.000971212,"fantom":0,"optimism":799.1719582600498,"polygon":1055.588202}}