{"lastBlock":20738312,"lastDistributionTime":1726096931,"lastDistributionAmount":297357,"pending3CRVFees":{"arbitrum":1136.489086655332,"avalanche":0,"ethereum":86040.12900317844,"fantom":0,"optimism":40.70480783693002,"polygon":720.080802}}