{"lastBlock":20291565,"lastDistributionTime":1720653515,"lastDistributionAmount":683292,"pending3CRVFees":{"arbitrum":2269.2145233080287,"avalanche":2537.6043360983363,"ethereum":110567.32833024196,"fantom":443.09185,"optimism":68.4758726528168,"polygon":170.290336}}