{"lastBlock":21044967,"lastDistributionTime":1729712231,"lastDistributionAmount":296327,"pending3CRVFees":{"arbitrum":2720.9720976013427,"avalanche":0,"ethereum":115386.36883822196,"fantom":0,"optimism":162.48832938062878,"polygon":658.863089}}