{"lastBlock":21471099,"lastDistributionTime":1734501623,"lastDistributionAmount":461437,"pending3CRVFees":{"arbitrum":4179.5462887474105,"avalanche":0,"crvusd":77686.74103433572,"ethereum":469900.39600104,"fantom":0,"optimism":196.89767319933742,"polygon":3269.026862}}