{"lastBlock":19753795,"lastDistributionTime":1713951827,"lastDistributionAmount":509315,"pending3CRVFees":{"arbitrum":1105.039447344007,"avalanche":158.99847441214828,"ethereum":160306.9443484291,"fantom":48.563509,"optimism":537.9012771578714,"polygon":3367.39088}}