{"lastBlock":20928044,"lastDistributionTime":1728458663,"lastDistributionAmount":259163,"pending3CRVFees":{"arbitrum":506.7608351100643,"avalanche":0,"ethereum":79663.0349991169,"fantom":0,"optimism":6.0061249471098215,"polygon":251.138537}}