{"lastBlock":19919415,"lastDistributionTime":1715769839,"lastDistributionAmount":425934,"pending3CRVFees":{"arbitrum":1409.2803204771901,"avalanche":603.8916868759221,"ethereum":142267.57100010553,"fantom":3.606243,"optimism":3091.8383410589754,"polygon":1119.183961}}