{"lastBlock":21250449,"lastDistributionTime":1732143635,"lastDistributionAmount":598885,"pending3CRVFees":{"arbitrum":1378.8991120612534,"avalanche":0,"crvusd":85069.89080665084,"ethereum":221948.44023312966,"fantom":0,"optimism":120.35800012652842,"polygon":2939.458618}}