{"lastBlock":20172449,"lastDistributionTime":1718795987,"lastDistributionAmount":774021,"pending3CRVFees":{"arbitrum":3265.5265229621787,"avalanche":1939.6369031433796,"ethereum":68088.32663466646,"fantom":98.221355,"optimism":218.25149806082675,"polygon":3487.315305}}