{"lastBlock":20116208,"lastDistributionTime":1718189711,"lastDistributionAmount":630486,"pending3CRVFees":{"arbitrum":3481.333479427729,"avalanche":1771.552998228108,"ethereum":149054.6116598681,"fantom":63.363691,"optimism":653.7288287502611,"polygon":1427.694772}}