{"lastBlock":20463505,"lastDistributionTime":1722465719,"lastDistributionAmount":758602,"pending3CRVFees":{"arbitrum":3821.0089022482725,"avalanche":0,"ethereum":373228.79286316014,"fantom":0,"optimism":721.2009333126929,"polygon":2245.841239}}