{"lastBlock":21059301,"lastDistributionTime":1729712231,"lastDistributionAmount":296327,"pending3CRVFees":{"arbitrum":2872.7461878296954,"avalanche":0,"ethereum":139835.3597004782,"fantom":0,"optimism":309.82484707663053,"polygon":870.535547}}