{"lastBlock":21261435,"lastDistributionTime":1732143635,"lastDistributionAmount":598885,"pending3CRVFees":{"arbitrum":1624.3136852876319,"avalanche":0,"crvusd":133315.09646791266,"ethereum":258705.80893304193,"fantom":0,"optimism":145.35377350771884,"polygon":3313.85063}}