{"lastBlock":20156705,"lastDistributionTime":1718795987,"lastDistributionAmount":774021,"pending3CRVFees":{"arbitrum":2805.815291590477,"avalanche":1882.4347485374103,"ethereum":98004.59515336936,"fantom":81.852126,"optimism":262.36956948774457,"polygon":3202.10553}}