{"lastBlock":20140085,"lastDistributionTime":1718795987,"lastDistributionAmount":774021,"pending3CRVFees":{"arbitrum":2341.2144692600514,"avalanche":1990.0502946653114,"ethereum":67925.69557085878,"fantom":2.252385,"optimism":147.95647795644794,"polygon":3052.052873}}