{"lastBlock":19963519,"lastDistributionTime":1716378647,"lastDistributionAmount":563868,"pending3CRVFees":{"arbitrum":1670.2887243474843,"avalanche":1062.4653402528515,"ethereum":162406.92378918017,"fantom":46.948761,"optimism":579.6927548365261,"polygon":1697.943267}}