{"lastBlock":19833625,"lastDistributionTime":1715168603,"lastDistributionAmount":476332,"pending3CRVFees":{"arbitrum":257.1552814528421,"avalanche":51.84424077109352,"ethereum":64410.45539444862,"fantom":73.091934,"optimism":74.3425168167532,"polygon":1629.320022}}