{"lastBlock":21370884,"lastDistributionTime":1733342015,"lastDistributionAmount":452171,"pending3CRVFees":{"arbitrum":2116.7518732930794,"avalanche":0,"crvusd":142449.9112114541,"ethereum":312119.2318295943,"fantom":0,"optimism":222.9992410859686,"polygon":5897.207933}}