{"lastBlock":20742834,"lastDistributionTime":1726096931,"lastDistributionAmount":297357,"pending3CRVFees":{"arbitrum":1231.3600847156247,"avalanche":0,"ethereum":93712.39979991993,"fantom":0,"optimism":228.52045440851475,"polygon":842.179439}}