{"lastBlock":19859851,"lastDistributionTime":1715168603,"lastDistributionAmount":476332,"pending3CRVFees":{"arbitrum":780.0815577615643,"avalanche":339.3740169199141,"ethereum":104824.89752348946,"fantom":81.418072,"optimism":235.57833962946393,"polygon":2323.412708}}