{"lastBlock":20280828,"lastDistributionTime":1720653515,"lastDistributionAmount":683292,"pending3CRVFees":{"arbitrum":1827.3210389794513,"avalanche":2526.4837582354035,"ethereum":88335.7833475569,"fantom":431.368752,"optimism":20.881215466715215,"polygon":66.013027}}