{"lastBlock":20364388,"lastDistributionTime":1721253959,"lastDistributionAmount":593727,"pending3CRVFees":{"arbitrum":2714.3887131942865,"avalanche":2440.7326643002834,"ethereum":166705.82217362025,"fantom":1003.114623,"optimism":414.79209450767206,"polygon":1132.170751}}