{"lastBlock":20063748,"lastDistributionTime":1717588535,"lastDistributionAmount":513828,"pending3CRVFees":{"arbitrum":1272.9402945979818,"avalanche":1397.5668081595156,"ethereum":196423.71859806494,"fantom":20.212884,"optimism":370.92470264255763,"polygon":918.589366}}