{"lastBlock":21510455,"lastDistributionTime":1735150271,"lastDistributionAmount":594656,"pending3CRVFees":{"arbitrum":2772.606904034251,"avalanche":0,"crvusd":12271.633766699257,"ethereum":311259.4648370163,"fantom":0,"optimism":72.34259764006777,"polygon":3297.775479}}