{"lastBlock":20924664,"lastDistributionTime":1727904683,"lastDistributionAmount":256757,"pending3CRVFees":{"arbitrum":1409.1031546253555,"avalanche":0,"ethereum":197222.93542392825,"fantom":0,"optimism":659.7883821580019,"polygon":405.970544}}