{"lastBlock":20659505,"lastDistributionTime":1724888711,"lastDistributionAmount":265409,"pending3CRVFees":{"arbitrum":1426.1026080879906,"avalanche":0,"ethereum":146727.34819643447,"fantom":0,"optimism":162.4099719936345,"polygon":892.091952}}