{"lastBlock":20756015,"lastDistributionTime":1726096931,"lastDistributionAmount":297357,"pending3CRVFees":{"arbitrum":1487.2875824658695,"avalanche":0,"ethereum":107487.09782047037,"fantom":0,"optimism":91.71209362509862,"polygon":1020.788214}}