{"lastBlock":21224121,"lastDistributionTime":1731480755,"lastDistributionAmount":415352,"pending3CRVFees":{"arbitrum":1931.792446748074,"avalanche":0,"crvusd":291252.99977982807,"ethereum":251549.9431632051,"fantom":0,"optimism":182.65345787945773,"polygon":2281.445807}}