{"lastBlock":21392365,"lastDistributionTime":1733959811,"lastDistributionAmount":541548,"pending3CRVFees":{"arbitrum":2896.500495108229,"avalanche":0,"crvusd":7618.477055676264,"ethereum":219313.23704751115,"fantom":0,"optimism":63.85511318736743,"polygon":5306.054262}}