{"lastBlock":20344334,"lastDistributionTime":1721253959,"lastDistributionAmount":593727,"pending3CRVFees":{"arbitrum":2425.527780055309,"avalanche":2628.357816029994,"ethereum":106877.2728580466,"fantom":862.908522,"optimism":77.46129695024015,"polygon":912.096749}}