{"lastBlock":20951845,"lastDistributionTime":1728458663,"lastDistributionAmount":259163,"pending3CRVFees":{"arbitrum":849.3004490776824,"avalanche":0,"ethereum":125444.11304686546,"fantom":0,"optimism":164.8604476504042,"polygon":567.49338}}