{"lastBlock":21025848,"lastDistributionTime":1729644419,"lastDistributionAmount":277673,"pending3CRVFees":{"arbitrum":1612.0866242185457,"avalanche":0,"ethereum":77221.55219133501,"fantom":0,"optimism":336.99407126659736,"polygon":865.893454}}