{"lastBlock":20442000,"lastDistributionTime":1722465719,"lastDistributionAmount":758602,"pending3CRVFees":{"arbitrum":2508.4741205309456,"avalanche":0,"ethereum":114370.58036569832,"fantom":0,"optimism":223.77147249886784,"polygon":1024.870909}}