{"lastBlock":21529627,"lastDistributionTime":1735706375,"lastDistributionAmount":493884,"pending3CRVFees":{"arbitrum":740.399157537904,"avalanche":0,"crvusd":100499.36839234461,"ethereum":369499.0164053218,"fantom":0,"optimism":1.9427270545461113,"polygon":1413.295671}}