{"lastBlock":21381604,"lastDistributionTime":1733878535,"lastDistributionAmount":462749,"pending3CRVFees":{"arbitrum":2670.094967992217,"avalanche":0,"crvusd":142449.9112114541,"ethereum":308299.3409192693,"fantom":0,"optimism":24.625581111814846,"polygon":5406.967324}}