{"lastBlock":19931334,"lastDistributionTime":1716378647,"lastDistributionAmount":563868,"pending3CRVFees":{"arbitrum":293.9897337911586,"avalanche":968.0925520883106,"ethereum":68716.2410334548,"fantom":9.69452,"optimism":332.7019472652111,"polygon":927.392526}}