{"lastBlock":21168238,"lastDistributionTime":1730934299,"lastDistributionAmount":332987,"pending3CRVFees":{"arbitrum":1726.5087615566674,"avalanche":0,"ethereum":398207.53349682887,"fantom":0,"optimism":234.7573067572839,"polygon":1693.966832}}