{"lastBlock":21373265,"lastDistributionTime":1733342015,"lastDistributionAmount":452171,"pending3CRVFees":{"arbitrum":2188.5644015634134,"avalanche":0,"crvusd":142449.9112114541,"ethereum":308301.88674132957,"fantom":0,"optimism":237.46066236228458,"polygon":5950.907973}}