{"lastBlock":20295140,"lastDistributionTime":1720653515,"lastDistributionAmount":683292,"pending3CRVFees":{"arbitrum":2339.217932508438,"avalanche":2354.717400435371,"ethereum":119190.52698488136,"fantom":443.809816,"optimism":210.27158675561208,"polygon":192.216467}}