{"lastBlock":19775259,"lastDistributionTime":1714562591,"lastDistributionAmount":454888,"pending3CRVFees":{"arbitrum":19.952895607023088,"avalanche":11.959313735782617,"ethereum":53269.2744783465,"fantom":1.079803,"optimism":6.590126643492666,"polygon":4082.260673}}