{"lastBlock":21043781,"lastDistributionTime":1729712231,"lastDistributionAmount":296327,"pending3CRVFees":{"arbitrum":2575.8784972651633,"avalanche":0,"ethereum":111433.52753629173,"fantom":0,"optimism":124.76855371708783,"polygon":489.889518}}