{"lastBlock":19864828,"lastDistributionTime":1715168603,"lastDistributionAmount":476332,"pending3CRVFees":{"arbitrum":871.3123274896234,"avalanche":354.90951634651907,"ethereum":109129.16652504994,"fantom":82.638305,"optimism":274.6684699613783,"polygon":2378.094316}}