{"lastBlock":20670056,"lastDistributionTime":1724888711,"lastDistributionAmount":265409,"pending3CRVFees":{"arbitrum":1520.2054773107716,"avalanche":0,"ethereum":173160.1457894879,"fantom":0,"optimism":192.82436279518947,"polygon":1102.318187}}