{"lastBlock":21428194,"lastDistributionTime":1734501623,"lastDistributionAmount":461437,"pending3CRVFees":{"arbitrum":3838.827353886506,"avalanche":0,"crvusd":94042.45155720213,"ethereum":334428.1237877705,"fantom":0,"optimism":208.65204559181495,"polygon":6524.709871}}