{"lastBlock":19813351,"lastDistributionTime":1714562591,"lastDistributionAmount":454888,"pending3CRVFees":{"arbitrum":823.8477165765931,"avalanche":150.21137947058634,"ethereum":136789.35298974303,"fantom":1.895113,"optimism":1143.9625460800405,"polygon":5095.503447}}