{"lastBlock":21350628,"lastDistributionTime":1733342015,"lastDistributionAmount":452171,"pending3CRVFees":{"arbitrum":1598.4352949725842,"avalanche":0,"crvusd":83155.75589438094,"ethereum":250315.9733066949,"fantom":0,"optimism":173.62608538004878,"polygon":5107.850004}}