{"lastBlock":21216942,"lastDistributionTime":1731480755,"lastDistributionAmount":415352,"pending3CRVFees":{"arbitrum":1777.290908759705,"avalanche":0,"ethereum":536304.9869538994,"fantom":0,"optimism":159.47891134983544,"polygon":2072.700496}}