{"lastBlock":19764684,"lastDistributionTime":1713951827,"lastDistributionAmount":509315,"pending3CRVFees":{"arbitrum":1427.7832869955678,"avalanche":184.05854195760267,"ethereum":175133.8137937756,"fantom":49.844029,"optimism":743.6332948137591,"polygon":3535.259627}}