{"lastBlock":20335729,"lastDistributionTime":1721253959,"lastDistributionAmount":593727,"pending3CRVFees":{"arbitrum":2081.73618300165,"avalanche":2408.7022103309314,"ethereum":93223.36145202613,"fantom":439.811086,"optimism":41.794772334989005,"polygon":596.137683}}