{"lastBlock":19911132,"lastDistributionTime":1715769839,"lastDistributionAmount":425934,"pending3CRVFees":{"arbitrum":866.1698365859469,"avalanche":509.95126636484093,"ethereum":127984.35708182144,"fantom":3.440798,"optimism":334.47279646213883,"polygon":837.560684}}