{"lastBlock":20348876,"lastDistributionTime":1721253959,"lastDistributionAmount":593727,"pending3CRVFees":{"arbitrum":2483.2935602639986,"avalanche":2631.728257830227,"ethereum":126581.78045015571,"fantom":899.584948,"optimism":307.73823865426334,"polygon":934.648972}}