{"lastBlock":19903956,"lastDistributionTime":1715769839,"lastDistributionAmount":425934,"pending3CRVFees":{"arbitrum":676.449763943001,"avalanche":524.6512647961666,"ethereum":126745.99385389761,"fantom":3.428626,"optimism":280.0605802616375,"polygon":760.726932}}