{"lastBlock":21380425,"lastDistributionTime":1733878535,"lastDistributionAmount":462749,"pending3CRVFees":{"arbitrum":2596.8207867471824,"avalanche":0,"crvusd":142449.9112114541,"ethereum":309192.75882612483,"fantom":0,"optimism":7.6383812291285444,"polygon":5358.41374}}