{"lastBlock":21450886,"lastDistributionTime":1734501623,"lastDistributionAmount":461437,"pending3CRVFees":{"arbitrum":2820.312205807926,"avalanche":0,"crvusd":14309.280717015265,"ethereum":341608.9429795169,"fantom":0,"optimism":129.26197328811554,"polygon":2940.324214}}