{"lastBlock":21461842,"lastDistributionTime":1734501623,"lastDistributionAmount":461437,"pending3CRVFees":{"arbitrum":3561.590853520783,"avalanche":0,"crvusd":14309.280717015265,"ethereum":404272.72318139183,"fantom":0,"optimism":164.18758323011014,"polygon":3117.752167}}