{"lastBlock":20817089,"lastDistributionTime":1726692083,"lastDistributionAmount":301743,"pending3CRVFees":{"arbitrum":3150.246611235086,"avalanche":0,"ethereum":158373.65802931593,"fantom":0,"optimism":798.2027229205585,"polygon":643.137509}}