{"lastBlock":21150096,"lastDistributionTime":1730934299,"lastDistributionAmount":332987,"pending3CRVFees":{"arbitrum":1234.5311680420104,"avalanche":0,"ethereum":163095.30222487202,"fantom":0,"optimism":125.91807486222027,"polygon":1087.141745}}