{"lastBlock":19846759,"lastDistributionTime":1715168603,"lastDistributionAmount":476332,"pending3CRVFees":{"arbitrum":630.5235027980758,"avalanche":335.84498014551815,"ethereum":84280.13829434714,"fantom":80.093154,"optimism":152.472728262115,"polygon":2099.327672}}