{"lastBlock":21138099,"lastDistributionTime":1730934299,"lastDistributionAmount":332987,"pending3CRVFees":{"arbitrum":1008.6178678075819,"avalanche":0,"ethereum":108166.02519032653,"fantom":0,"optimism":61.42774836617164,"polygon":867.037719}}