{"lastBlock":20752670,"lastDistributionTime":1726096931,"lastDistributionAmount":297357,"pending3CRVFees":{"arbitrum":1440.039322626171,"avalanche":0,"ethereum":106146.11162939404,"fantom":0,"optimism":411.0634427076338,"polygon":1000.771067}}