{"lastBlock":20535175,"lastDistributionTime":1723677299,"lastDistributionAmount":216189,"pending3CRVFees":{"arbitrum":1696.5708593801535,"avalanche":0,"ethereum":210385.02082599004,"fantom":0,"optimism":34.76024264198739,"polygon":1067.560291}}