{"lastBlock":21434140,"lastDistributionTime":1734501623,"lastDistributionAmount":461437,"pending3CRVFees":{"arbitrum":2217.590293369684,"avalanche":0,"crvusd":0,"ethereum":168656.94821020064,"fantom":0,"optimism":28.874724885059507,"polygon":2538.182046}}