{"lastBlock":21441300,"lastDistributionTime":1734501623,"lastDistributionAmount":461437,"pending3CRVFees":{"arbitrum":2438.780571976762,"avalanche":0,"crvusd":14309.280717015265,"ethereum":239582.13053792636,"fantom":0,"optimism":753.2344763331186,"polygon":2754.935188}}