{"lastBlock":21177537,"lastDistributionTime":1731480755,"lastDistributionAmount":415352,"pending3CRVFees":{"arbitrum":1188.6840215491438,"avalanche":0,"ethereum":344357.2175643203,"fantom":0,"optimism":326.5987347780244,"polygon":822.107334}}