{"lastBlock":21539120,"lastDistributionTime":1735706375,"lastDistributionAmount":493884,"pending3CRVFees":{"arbitrum":1277.1375121749695,"avalanche":0,"crvusd":14699.13978041446,"ethereum":212489.67859502853,"fantom":0,"optimism":32.39781299107124,"polygon":1576.707149}}