{"lastBlock":20401668,"lastDistributionTime":1721863067,"lastDistributionAmount":617944,"pending3CRVFees":{"arbitrum":2375.6457599516143,"avalanche":0,"ethereum":152142.35435066023,"fantom":0,"optimism":157.33047725506094,"polygon":897.446659}}