{"lastBlock":20032777,"lastDistributionTime":1717588535,"lastDistributionAmount":513828,"pending3CRVFees":{"arbitrum":316.130242597114,"avalanche":1247.7274186149314,"ethereum":66835.25892675642,"fantom":18.076969,"optimism":89.6390061122869,"polygon":399.335524}}