{"lastBlock":21055731,"lastDistributionTime":1729712231,"lastDistributionAmount":296327,"pending3CRVFees":{"arbitrum":2851.3525248327337,"avalanche":0,"ethereum":133502.50988707316,"fantom":0,"optimism":271.9994448676167,"polygon":845.550597}}