{"lastBlock":20707039,"lastDistributionTime":1725486287,"lastDistributionAmount":323207,"pending3CRVFees":{"arbitrum":1285.6635569354407,"avalanche":0,"ethereum":156645.34002583232,"fantom":0,"optimism":763.8780907882116,"polygon":1014.31102}}