{"lastBlock":20923179,"lastDistributionTime":1727904683,"lastDistributionAmount":256757,"pending3CRVFees":{"arbitrum":1400.514378899753,"avalanche":0,"ethereum":195793.94146650244,"fantom":0,"optimism":654.8489865681024,"polygon":399.292624}}