{"lastBlock":20334545,"lastDistributionTime":1721253959,"lastDistributionAmount":593727,"pending3CRVFees":{"arbitrum":2071.992455247202,"avalanche":2590.4613772738544,"ethereum":86780.87898388164,"fantom":439.765956,"optimism":160.5654706325278,"polygon":591.347948}}