{"lastBlock":21430569,"lastDistributionTime":1734501623,"lastDistributionAmount":461437,"pending3CRVFees":{"arbitrum":2134.1900189494645,"avalanche":0,"crvusd":94042.45155720213,"ethereum":333583.69747630693,"fantom":0,"optimism":5.083258133963878,"polygon":39.129113}}