{"lastBlock":20991214,"lastDistributionTime":1729121447,"lastDistributionAmount":273215,"pending3CRVFees":{"arbitrum":1161.6203591405915,"avalanche":0,"ethereum":138405.14401778762,"fantom":0,"optimism":81.95164482409888,"polygon":397.81299}}