{"lastBlock":19982650,"lastDistributionTime":1716978887,"lastDistributionAmount":588396,"pending3CRVFees":{"arbitrum":245.01538117220815,"avalanche":1201.0398144450014,"ethereum":89354.31435316344,"fantom":2.129463,"optimism":161.8781743109952,"polygon":1114.903842}}