{"lastBlock":20548327,"lastDistributionTime":1723677299,"lastDistributionAmount":216189,"pending3CRVFees":{"arbitrum":1918.7304560051457,"avalanche":0,"ethereum":399663.7855419211,"fantom":0,"optimism":287.4090703327667,"polygon":1403.795049}}