{"lastBlock":20839521,"lastDistributionTime":1727231867,"lastDistributionAmount":228391,"pending3CRVFees":{"arbitrum":2254.262279215148,"avalanche":0,"ethereum":130216.29479736302,"fantom":0,"optimism":268.1354090154502,"polygon":861.445692}}