{"lastBlock":20439620,"lastDistributionTime":1722465719,"lastDistributionAmount":758602,"pending3CRVFees":{"arbitrum":2426.028471632465,"avalanche":0,"ethereum":108035.64267387567,"fantom":0,"optimism":313.5976170659082,"polygon":982.284349}}