{"lastBlock":21116617,"lastDistributionTime":1730331083,"lastDistributionAmount":278783,"pending3CRVFees":{"arbitrum":2054.965243738499,"avalanche":0,"ethereum":187231.30652690466,"fantom":0,"optimism":101.10674696682551,"polygon":1134.54642}}