{"lastBlock":19980231,"lastDistributionTime":1716978887,"lastDistributionAmount":588396,"pending3CRVFees":{"arbitrum":155.104254413982,"avalanche":1199.8860388292908,"ethereum":67090.74628554843,"fantom":2.099617,"optimism":52.970929311420086,"polygon":1056.414754}}