{"lastBlock":20489799,"lastDistributionTime":1723005119,"lastDistributionAmount":549179,"pending3CRVFees":{"arbitrum":3734.354524798855,"avalanche":0,"ethereum":119125.81556654241,"fantom":0,"optimism":826.5313457586318,"polygon":586.742953}}