{"lastBlock":20325004,"lastDistributionTime":1721182691,"lastDistributionAmount":543796,"pending3CRVFees":{"arbitrum":3123.381560850683,"avalanche":2390.472869490708,"ethereum":81143.96701912677,"fantom":441.060222,"optimism":609.6021820112788,"polygon":1146.043299}}