{"lastBlock":20500535,"lastDistributionTime":1723005119,"lastDistributionAmount":549179,"pending3CRVFees":{"arbitrum":3876.018377603091,"avalanche":0,"ethereum":113440.16916294338,"fantom":0,"optimism":136.75294456563842,"polygon":749.631202}}