{"lastBlock":20896897,"lastDistributionTime":1727904683,"lastDistributionAmount":256757,"pending3CRVFees":{"arbitrum":1183.075731890416,"avalanche":0,"ethereum":138445.38289895095,"fantom":0,"optimism":399.9271279891338,"polygon":157.843141}}