{"lastBlock":20878971,"lastDistributionTime":1727830211,"lastDistributionAmount":239032,"pending3CRVFees":{"arbitrum":1036.5061284624937,"avalanche":0,"ethereum":94196.03389809675,"fantom":0,"optimism":22.39161540643206,"polygon":22.295334}}