{"lastBlock":20734535,"lastDistributionTime":1726096931,"lastDistributionAmount":297357,"pending3CRVFees":{"arbitrum":993.332609012289,"avalanche":0,"ethereum":83055.414969846,"fantom":0,"optimism":194.0648716198781,"polygon":684.504329}}