{"lastBlock":20210870,"lastDistributionTime":1719395603,"lastDistributionAmount":605157,"pending3CRVFees":{"arbitrum":2461.4657806190003,"avalanche":2077.561794335767,"ethereum":309570.93893226166,"fantom":3.692275,"optimism":226.32765086373934,"polygon":1681.25062}}