{"lastBlock":20007881,"lastDistributionTime":1716978887,"lastDistributionAmount":588396,"pending3CRVFees":{"arbitrum":760.8896317370368,"avalanche":1168.2670080945215,"ethereum":136733.87659362672,"fantom":35.972122,"optimism":460.8204297731173,"polygon":1524.212612}}