{"lastBlock":21062901,"lastDistributionTime":1729712231,"lastDistributionAmount":296327,"pending3CRVFees":{"arbitrum":2936.777236632871,"avalanche":0,"ethereum":138516.96751834717,"fantom":0,"optimism":370.1634219953186,"polygon":887.38553}}