{"lastBlock":19771866,"lastDistributionTime":1713951827,"lastDistributionAmount":509315,"pending3CRVFees":{"arbitrum":1780.670810530358,"avalanche":224.96212708429323,"ethereum":200703.0917443145,"fantom":49.830959,"optimism":881.9668027974956,"polygon":3861.408713}}