{"lastBlock":20556648,"lastDistributionTime":1723677299,"lastDistributionAmount":216189,"pending3CRVFees":{"arbitrum":2059.523397343469,"avalanche":0,"ethereum":216839.60070402967,"fantom":0,"optimism":308.89540874159763,"polygon":1538.903085}}