{"lastBlock":21121454,"lastDistributionTime":1730331083,"lastDistributionAmount":278783,"pending3CRVFees":{"arbitrum":2106.463411646657,"avalanche":0,"ethereum":210828.24704918597,"fantom":0,"optimism":173.49294190138156,"polygon":1170.210408}}