{"lastBlock":20857443,"lastDistributionTime":1727231867,"lastDistributionAmount":228391,"pending3CRVFees":{"arbitrum":2539.3104452729576,"avalanche":0,"ethereum":162404.8225395446,"fantom":0,"optimism":532.1407378321778,"polygon":1032.631022}}