{"lastBlock":21283817,"lastDistributionTime":1732742627,"lastDistributionAmount":501728,"pending3CRVFees":{"arbitrum":126.61498072225724,"avalanche":0,"crvusd":0,"ethereum":157929.84968101684,"fantom":0,"optimism":20.35810232740002,"polygon":2925.637876}}