{"lastBlock":20142418,"lastDistributionTime":1718795987,"lastDistributionAmount":774021,"pending3CRVFees":{"arbitrum":2650.1117354635717,"avalanche":2001.7128971721538,"ethereum":72809.68534917485,"fantom":30.213706,"optimism":86.81359464505569,"polygon":3099.103353}}