{"lastBlock":20611531,"lastDistributionTime":1724284523,"lastDistributionAmount":357314,"pending3CRVFees":{"arbitrum":1640.5543915492926,"avalanche":0,"ethereum":217624.22572443992,"fantom":0,"optimism":401.5471685658476,"polygon":1595.917912}}