{"lastBlock":20907650,"lastDistributionTime":1727904683,"lastDistributionAmount":256757,"pending3CRVFees":{"arbitrum":1224.4333818336204,"avalanche":0,"ethereum":146032.41411209508,"fantom":0,"optimism":211.50699197190147,"polygon":248.065027}}