{"lastBlock":19853921,"lastDistributionTime":1715168603,"lastDistributionAmount":476332,"pending3CRVFees":{"arbitrum":4.511590608858709,"avalanche":0,"ethereum":21190.513716734044,"fantom":0.198897,"optimism":0,"polygon":1.924367}}