{"lastBlock":20436023,"lastDistributionTime":1722465719,"lastDistributionAmount":758602,"pending3CRVFees":{"arbitrum":2331.8530995647834,"avalanche":0,"ethereum":102883.79775397264,"fantom":0,"optimism":207.34180320571346,"polygon":939.980786}}