{"lastBlock":19821866,"lastDistributionTime":1714562591,"lastDistributionAmount":454888,"pending3CRVFees":{"arbitrum":981.1055810479955,"avalanche":170.559172941759,"ethereum":152248.95736433947,"fantom":3.828239,"optimism":1274.0512201996692,"polygon":5201.196836}}