{"lastBlock":20886134,"lastDistributionTime":1727904683,"lastDistributionAmount":256757,"pending3CRVFees":{"arbitrum":1103.5217443976067,"avalanche":0,"ethereum":111724.6435240546,"fantom":0,"optimism":105.37571151121675,"polygon":96.878973}}