{"lastBlock":19750408,"lastDistributionTime":1713951827,"lastDistributionAmount":509315,"pending3CRVFees":{"arbitrum":1077.6810423305724,"avalanche":128.13943183505452,"ethereum":148397.5749953341,"fantom":48.541758,"optimism":446.1715822227026,"polygon":3346.51093}}