{"lastBlock":20912447,"lastDistributionTime":1727904683,"lastDistributionAmount":256757,"pending3CRVFees":{"arbitrum":1248.1357529778697,"avalanche":0,"ethereum":163095.53096114198,"fantom":0,"optimism":550.1197664011667,"polygon":256.743234}}