{"lastBlock":21361624,"lastDistributionTime":1733342015,"lastDistributionAmount":452171,"pending3CRVFees":{"arbitrum":1755.1450510769382,"avalanche":0,"crvusd":83155.75589438094,"ethereum":284643.4758378759,"fantom":0,"optimism":159.55079326696597,"polygon":5269.309812}}