{"lastBlock":20727378,"lastDistributionTime":1726050155,"lastDistributionAmount":283756,"pending3CRVFees":{"arbitrum":882.9993990078747,"avalanche":0,"ethereum":70481.9696596236,"fantom":0,"optimism":5.009143587556704,"polygon":588.274063}}