{"lastBlock":21082266,"lastDistributionTime":1730331083,"lastDistributionAmount":278783,"pending3CRVFees":{"arbitrum":1665.0605651683031,"avalanche":0,"ethereum":97683.76710654215,"fantom":0,"optimism":19.830402612527074,"polygon":242.686874}}