{"lastBlock":20788434,"lastDistributionTime":1726692083,"lastDistributionAmount":301743,"pending3CRVFees":{"arbitrum":2831.275494792621,"avalanche":0,"ethereum":97404.27836222135,"fantom":0,"optimism":123.47244080517922,"polygon":396.15838}}