{"lastBlock":21533420,"lastDistributionTime":1735706375,"lastDistributionAmount":493884,"pending3CRVFees":{"arbitrum":994.2814739914465,"avalanche":0,"crvusd":0,"ethereum":187074.31086093764,"fantom":0,"optimism":8.707657859699799,"polygon":1495.151133}}