{"lastBlock":20643723,"lastDistributionTime":1724888711,"lastDistributionAmount":265409,"pending3CRVFees":{"arbitrum":1349.1729200993661,"avalanche":0,"ethereum":114703.64048141844,"fantom":0,"optimism":216.68385698577876,"polygon":722.995762}}