{"lastBlock":19855065,"lastDistributionTime":1715168603,"lastDistributionAmount":476332,"pending3CRVFees":{"arbitrum":720.6084712749018,"avalanche":337.0852468590074,"ethereum":97346.24906411897,"fantom":79.842656,"optimism":207.11080228836582,"polygon":2268.564951}}