{"lastBlock":20244052,"lastDistributionTime":1720050947,"lastDistributionAmount":920217,"pending3CRVFees":{"arbitrum":2428.08539454079,"avalanche":2382.96798266061,"ethereum":187824.47610371714,"fantom":2.863445,"optimism":374.1754293863761,"polygon":993.762866}}