{"lastBlock":20724944,"lastDistributionTime":1726014047,"lastDistributionAmount":273029,"pending3CRVFees":{"arbitrum":1541.1476280180614,"avalanche":0,"ethereum":68598.76687166192,"fantom":0,"optimism":943.7924733642463,"polygon":1186.289983}}