{"lastBlock":19998101,"lastDistributionTime":1716978887,"lastDistributionAmount":588396,"pending3CRVFees":{"arbitrum":618.7815359495092,"avalanche":1235.129771426098,"ethereum":121560.55568021309,"fantom":36.105036,"optimism":405.2236251309905,"polygon":1417.306936}}