{"lastBlock":19766877,"lastDistributionTime":1713951827,"lastDistributionAmount":509315,"pending3CRVFees":{"arbitrum":1453.3219504449203,"avalanche":201.6183853584509,"ethereum":153999.4955224647,"fantom":49.844116,"optimism":747.6642366892912,"polygon":3549.11399}}