{"lastBlock":21158409,"lastDistributionTime":1730934299,"lastDistributionAmount":332987,"pending3CRVFees":{"arbitrum":1394.2642588468177,"avalanche":0,"ethereum":282583.689325931,"fantom":0,"optimism":132.1875150786815,"polygon":1402.738886}}