{"lastBlock":20837126,"lastDistributionTime":1727231867,"lastDistributionAmount":228391,"pending3CRVFees":{"arbitrum":2225.8122531422327,"avalanche":0,"ethereum":124902.5490968235,"fantom":0,"optimism":247.76615628404338,"polygon":847.3939}}