{"lastBlock":19781187,"lastDistributionTime":1714562591,"lastDistributionAmount":454888,"pending3CRVFees":{"arbitrum":221.10673551628514,"avalanche":78.03460149774945,"ethereum":69027.9392537579,"fantom":1.14782,"optimism":361.2809147875177,"polygon":4526.877506}}