{"lastBlock":21409064,"lastDistributionTime":1733959811,"lastDistributionAmount":541548,"pending3CRVFees":{"arbitrum":3277.0285894760314,"avalanche":0,"crvusd":52639.015659114244,"ethereum":311338.0404883625,"fantom":0,"optimism":145.65504299097148,"polygon":5306.145235}}