{"lastBlock":20692701,"lastDistributionTime":1725486287,"lastDistributionAmount":323207,"pending3CRVFees":{"arbitrum":1067.4042315094318,"avalanche":0,"ethereum":112101.56207387855,"fantom":0,"optimism":697.9789076034306,"polygon":805.864694}}