{"lastBlock":20726136,"lastDistributionTime":1726014047,"lastDistributionAmount":273029,"pending3CRVFees":{"arbitrum":866.2769238843965,"avalanche":0,"ethereum":69341.32077441405,"fantom":0,"optimism":0.29861253052802267,"polygon":577.729471}}