{"lastBlock":20067344,"lastDistributionTime":1717588535,"lastDistributionAmount":513828,"pending3CRVFees":{"arbitrum":1367.1996397493358,"avalanche":1407.3838626972367,"ethereum":203838.15099715104,"fantom":20.208364,"optimism":219.88634605056342,"polygon":987.920618}}