{"lastBlock":20024378,"lastDistributionTime":1716978887,"lastDistributionAmount":588396,"pending3CRVFees":{"arbitrum":1076.3676505811275,"avalanche":1295.8300129069291,"ethereum":178912.24049497937,"fantom":50.328269,"optimism":688.6958521205669,"polygon":1707.752075}}