{"lastBlock":20946163,"lastDistributionTime":1728458663,"lastDistributionAmount":259163,"pending3CRVFees":{"arbitrum":811.7138869047227,"avalanche":0,"ethereum":118953.91862518097,"fantom":0,"optimism":125.85698207739253,"polygon":549.967344}}