{"lastBlock":20395441,"lastDistributionTime":1721863067,"lastDistributionAmount":617944,"pending3CRVFees":{"arbitrum":2153.296770685203,"avalanche":0,"ethereum":137425.39417131912,"fantom":0,"optimism":110.16819199978748,"polygon":705.790308}}