{"lastBlock":21429441,"lastDistributionTime":1734501623,"lastDistributionAmount":461437,"pending3CRVFees":{"arbitrum":2104.857416561685,"avalanche":0,"crvusd":94042.45155720213,"ethereum":335083.6288415238,"fantom":0,"optimism":1.5086838591870755,"polygon":10.020561}}