{"lastBlock":20072336,"lastDistributionTime":1717588535,"lastDistributionAmount":513828,"pending3CRVFees":{"arbitrum":1738.079072830272,"avalanche":1494.7067894890008,"ethereum":230851.79920806942,"fantom":20.222462,"optimism":272.1553809243153,"polygon":1234.205506}}