{"lastBlock":19884850,"lastDistributionTime":1715769839,"lastDistributionAmount":425934,"pending3CRVFees":{"arbitrum":436.2421690223938,"avalanche":483.59507520115596,"ethereum":76712.59583775638,"fantom":3.074149,"optimism":85.74546576647332,"polygon":658.954873}}