{"lastBlock":21287352,"lastDistributionTime":1732742627,"lastDistributionAmount":501728,"pending3CRVFees":{"arbitrum":166.23806151790004,"avalanche":0,"crvusd":13699.178711152264,"ethereum":168639.14660975672,"fantom":0,"optimism":36.78673006912434,"polygon":3003.069459}}