{"lastBlock":20984052,"lastDistributionTime":1729121447,"lastDistributionAmount":273215,"pending3CRVFees":{"arbitrum":1057.1953042252162,"avalanche":0,"ethereum":123168.60681352745,"fantom":0,"optimism":39.85339617379032,"polygon":344.496701}}