{"lastBlock":20504121,"lastDistributionTime":1723005119,"lastDistributionAmount":549179,"pending3CRVFees":{"arbitrum":3917.67675581141,"avalanche":0,"ethereum":87408.246868917,"fantom":0,"optimism":1048.8274018130157,"polygon":767.97252}}