{"lastBlock":20391868,"lastDistributionTime":1721863067,"lastDistributionAmount":617944,"pending3CRVFees":{"arbitrum":1946.849840273184,"avalanche":0,"ethereum":132330.51819355224,"fantom":0,"optimism":156.79504012499874,"polygon":699.929683}}