{"lastBlock":21086776,"lastDistributionTime":1730331083,"lastDistributionAmount":278783,"pending3CRVFees":{"arbitrum":1760.7605935503918,"avalanche":0,"ethereum":122384.69029392276,"fantom":0,"optimism":40.01822725505784,"polygon":334.441173}}