{"lastBlock":20284405,"lastDistributionTime":1720653515,"lastDistributionAmount":683292,"pending3CRVFees":{"arbitrum":1951.532522729589,"avalanche":2356.795880286159,"ethereum":92711.9034430419,"fantom":445.477741,"optimism":39.116866187653855,"polygon":108.330179}}