{"lastBlock":20194904,"lastDistributionTime":1719395603,"lastDistributionAmount":605157,"pending3CRVFees":{"arbitrum":2136.169067917851,"avalanche":2007.2298848083176,"ethereum":268440.26511581277,"fantom":2.323849,"optimism":154.01095677699536,"polygon":1513.031203}}