{"lastBlock":20767892,"lastDistributionTime":1726096931,"lastDistributionAmount":297357,"pending3CRVFees":{"arbitrum":1744.82067219752,"avalanche":0,"ethereum":185783.1244970529,"fantom":0,"optimism":147.91935835822864,"polygon":1410.269941}}