{"lastBlock":20985303,"lastDistributionTime":1729121447,"lastDistributionAmount":273215,"pending3CRVFees":{"arbitrum":1067.2903333253873,"avalanche":0,"ethereum":124825.32187577759,"fantom":0,"optimism":58.13607247284244,"polygon":350.471304}}