{"lastBlock":19922986,"lastDistributionTime":1715769839,"lastDistributionAmount":425934,"pending3CRVFees":{"arbitrum":1509.5378084870313,"avalanche":614.7780513636833,"ethereum":200102.60753022047,"fantom":3.78475,"optimism":3486.6696592685835,"polygon":1421.727609}}