{"lastBlock":20987618,"lastDistributionTime":1729121447,"lastDistributionAmount":273215,"pending3CRVFees":{"arbitrum":1094.2747474918667,"avalanche":0,"ethereum":130589.53415913387,"fantom":0,"optimism":70.69474577317527,"polygon":377.665865}}