{"lastBlock":21375944,"lastDistributionTime":1733878535,"lastDistributionAmount":462749,"pending3CRVFees":{"arbitrum":2282.770880689405,"avalanche":0,"crvusd":142449.9112114541,"ethereum":309527.7908238141,"fantom":0,"optimism":264.01654972686725,"polygon":6043.904959}}