{"lastBlock":21452025,"lastDistributionTime":1734501623,"lastDistributionAmount":461437,"pending3CRVFees":{"arbitrum":2824.1710896182553,"avalanche":0,"crvusd":14309.280717015265,"ethereum":347630.97189282416,"fantom":0,"optimism":134.41384516757196,"polygon":2968.016388}}