{"lastBlock":20278422,"lastDistributionTime":1720635287,"lastDistributionAmount":666095,"pending3CRVFees":{"arbitrum":1786.5544132665634,"avalanche":2522.939449888466,"ethereum":63493.56554370167,"fantom":431.348751,"optimism":14.233126469796986,"polygon":38.625489}}