{"lastBlock":20307059,"lastDistributionTime":1720653515,"lastDistributionAmount":683292,"pending3CRVFees":{"arbitrum":2510.507340725496,"avalanche":2552.2825640404485,"ethereum":128007.47463613567,"fantom":455.887813,"optimism":121.51533679062312,"polygon":902.888945}}