{"lastBlock":20869415,"lastDistributionTime":1727231867,"lastDistributionAmount":228391,"pending3CRVFees":{"arbitrum":2775.8500741877547,"avalanche":0,"ethereum":200473.07764410408,"fantom":0,"optimism":841.8607393699793,"polygon":1394.329825}}