{"lastBlock":20757161,"lastDistributionTime":1726096931,"lastDistributionAmount":297357,"pending3CRVFees":{"arbitrum":1507.324997337723,"avalanche":0,"ethereum":108847.58213352769,"fantom":0,"optimism":97.25399618381992,"polygon":1036.556196}}