{"lastBlock":20935223,"lastDistributionTime":1728458663,"lastDistributionAmount":259163,"pending3CRVFees":{"arbitrum":641.2769156924171,"avalanche":0,"ethereum":91511.03019885957,"fantom":0,"optimism":78.37075877608974,"polygon":350.421653}}