{"lastBlock":20188934,"lastDistributionTime":1719395603,"lastDistributionAmount":605157,"pending3CRVFees":{"arbitrum":1870.3202908423673,"avalanche":1990.7771494101737,"ethereum":253691.763961189,"fantom":1.899082,"optimism":111.02827889139982,"polygon":1427.779285}}