{"lastBlock":21400767,"lastDistributionTime":1733959811,"lastDistributionAmount":541548,"pending3CRVFees":{"arbitrum":3067.674705787375,"avalanche":0,"crvusd":7618.477055676264,"ethereum":253109.85923991608,"fantom":0,"optimism":117.7435906792985,"polygon":5306.369613}}