{"lastBlock":21099961,"lastDistributionTime":1730331083,"lastDistributionAmount":278783,"pending3CRVFees":{"arbitrum":1921.9211316650794,"avalanche":0,"ethereum":156159.38309524732,"fantom":0,"optimism":91.81839343211118,"polygon":856.218566}}