{"lastBlock":20396626,"lastDistributionTime":1721863067,"lastDistributionAmount":617944,"pending3CRVFees":{"arbitrum":2168.7188776926764,"avalanche":0,"ethereum":140508.33800903926,"fantom":0,"optimism":113.15871690777084,"polygon":707.054711}}