{"lastBlock":21545105,"lastDistributionTime":1735706375,"lastDistributionAmount":493884,"pending3CRVFees":{"arbitrum":1418.9286358004358,"avalanche":0,"crvusd":14699.13978041446,"ethereum":237615.74593879914,"fantom":0,"optimism":39.552963742156756,"polygon":1670.144253}}