{"lastBlock":21134540,"lastDistributionTime":1730934299,"lastDistributionAmount":332987,"pending3CRVFees":{"arbitrum":949.0838334598983,"avalanche":0,"ethereum":114557.87993244536,"fantom":0,"optimism":53.9662372845216,"polygon":767.640319}}