{"lastBlock":19889669,"lastDistributionTime":1715769839,"lastDistributionAmount":425934,"pending3CRVFees":{"arbitrum":533.8786466887473,"avalanche":496.16533522722546,"ethereum":90825.13527376375,"fantom":3.354032,"optimism":134.71555105767234,"polygon":696.432993}}