{"lastBlock":20216395,"lastDistributionTime":1719395603,"lastDistributionAmount":605157,"pending3CRVFees":{"arbitrum":2723.2293668772036,"avalanche":2249.753034073327,"ethereum":446909.82801631105,"fantom":3.723656,"optimism":251.9608289869957,"polygon":1711.68518}}