{"lastBlock":20017211,"lastDistributionTime":1716978887,"lastDistributionAmount":588396,"pending3CRVFees":{"arbitrum":961.2083674444037,"avalanche":1179.735043135409,"ethereum":156505.05137386886,"fantom":49.767734,"optimism":580.7250222003593,"polygon":1646.8502}}