{"lastBlock":21209758,"lastDistributionTime":1731480755,"lastDistributionAmount":415352,"pending3CRVFees":{"arbitrum":1688.4852019030636,"avalanche":0,"ethereum":463985.1759529166,"fantom":0,"optimism":134.8755592913238,"polygon":1745.75055}}