{"lastBlock":21320751,"lastDistributionTime":1732742627,"lastDistributionAmount":501728,"pending3CRVFees":{"arbitrum":902.4792089321741,"avalanche":0,"crvusd":124276.16900602722,"ethereum":272130.8419991662,"fantom":0,"optimism":149.92501738139563,"polygon":3699.641221}}