{"lastBlock":20821607,"lastDistributionTime":1726692083,"lastDistributionAmount":301743,"pending3CRVFees":{"arbitrum":3198.130504460929,"avalanche":0,"ethereum":172760.27853602238,"fantom":0,"optimism":845.1201323560966,"polygon":683.554123}}