{"lastBlock":19914857,"lastDistributionTime":1715769839,"lastDistributionAmount":425934,"pending3CRVFees":{"arbitrum":1208.7215446092803,"avalanche":597.7202028382966,"ethereum":171775.01264059072,"fantom":3.620859,"optimism":2392.2582777086795,"polygon":977.364597}}