{"lastBlock":20062571,"lastDistributionTime":1717588535,"lastDistributionAmount":513828,"pending3CRVFees":{"arbitrum":1200.4509046183246,"avalanche":1299.9730534304274,"ethereum":199803.63223691744,"fantom":20.218953,"optimism":366.0930217443716,"polygon":898.628364}}