{"lastBlock":20042267,"lastDistributionTime":1717588535,"lastDistributionAmount":513828,"pending3CRVFees":{"arbitrum":743.4728975944004,"avalanche":1258.1059240951943,"ethereum":72283.51290230414,"fantom":20.57975,"optimism":114.20148797246586,"polygon":705.184272}}