{"lastBlock":21281423,"lastDistributionTime":1732665683,"lastDistributionAmount":474460,"pending3CRVFees":{"arbitrum":92.92543473160893,"avalanche":0,"crvusd":203016.94775939986,"ethereum":249025.398449094,"fantom":0,"optimism":10.879043650896215,"polygon":2848.660218}}