{"lastBlock":21391162,"lastDistributionTime":1733959811,"lastDistributionAmount":541548,"pending3CRVFees":{"arbitrum":2892.874157403222,"avalanche":0,"crvusd":7618.477055676264,"ethereum":215031.02023473431,"fantom":0,"optimism":55.3940766888764,"polygon":5305.999989}}