{"lastBlock":20505357,"lastDistributionTime":1723005119,"lastDistributionAmount":549179,"pending3CRVFees":{"arbitrum":3944.9846801803374,"avalanche":0,"ethereum":97047.6092896859,"fantom":0,"optimism":1042.4260349961492,"polygon":776.484581}}