{"lastBlock":20479023,"lastDistributionTime":1723005119,"lastDistributionAmount":549179,"pending3CRVFees":{"arbitrum":3395.7529447483093,"avalanche":0,"ethereum":88327.8255961481,"fantom":0,"optimism":526.998129327351,"polygon":48.291162}}