{"lastBlock":21348190,"lastDistributionTime":1733342015,"lastDistributionAmount":452171,"pending3CRVFees":{"arbitrum":1545.3466395588155,"avalanche":0,"crvusd":23280.778639415246,"ethereum":243028.32571055542,"fantom":0,"optimism":167.45607906500462,"polygon":5053.847953}}