{"lastBlock":20825190,"lastDistributionTime":1727231867,"lastDistributionAmount":228391,"pending3CRVFees":{"arbitrum":3241.043676639046,"avalanche":0,"ethereum":90946.38441619769,"fantom":0,"optimism":875.5862869157984,"polygon":708.962081}}