{"lastBlock":21385203,"lastDistributionTime":1733959811,"lastDistributionAmount":541548,"pending3CRVFees":{"arbitrum":2762.970799260954,"avalanche":0,"crvusd":7618.477055676264,"ethereum":188373.69757231203,"fantom":0,"optimism":35.28107902160275,"polygon":5530.322488}}