{"lastBlock":20966138,"lastDistributionTime":1728458663,"lastDistributionAmount":259163,"pending3CRVFees":{"arbitrum":1008.20334965873,"avalanche":0,"ethereum":153753.55724179657,"fantom":0,"optimism":243.47454534020736,"polygon":655.295423}}