{"lastBlock":21259933,"lastDistributionTime":1732143635,"lastDistributionAmount":598885,"pending3CRVFees":{"arbitrum":1606.0172892087044,"avalanche":0,"crvusd":133315.09646791266,"ethereum":253039.4346416254,"fantom":0,"optimism":175.26676867162087,"polygon":3272.731721}}