{"lastBlock":19811023,"lastDistributionTime":1714562591,"lastDistributionAmount":454888,"pending3CRVFees":{"arbitrum":777.470538961349,"avalanche":144.76861295079937,"ethereum":122622.07797925208,"fantom":1.893065,"optimism":1136.6540321750906,"polygon":5076.15388}}