{"lastBlock":19806199,"lastDistributionTime":1714562591,"lastDistributionAmount":454888,"pending3CRVFees":{"arbitrum":717.629440265111,"avalanche":130.6147056433356,"ethereum":121001.15309044157,"fantom":1.868736,"optimism":1040.7918155924517,"polygon":5034.088647}}