{"lastBlock":21477055,"lastDistributionTime":1735085615,"lastDistributionAmount":534120,"pending3CRVFees":{"arbitrum":4277.217676317888,"avalanche":0,"crvusd":77686.74103433572,"ethereum":474021.69667165686,"fantom":0,"optimism":211.00792811230386,"polygon":3360.778157}}