{"lastBlock":21054526,"lastDistributionTime":1729712231,"lastDistributionAmount":296327,"pending3CRVFees":{"arbitrum":2846.737151747003,"avalanche":0,"ethereum":137824.8930160563,"fantom":0,"optimism":269.77453953596006,"polygon":844.688997}}