{"lastBlock":21136919,"lastDistributionTime":1730934299,"lastDistributionAmount":332987,"pending3CRVFees":{"arbitrum":983.5781114133943,"avalanche":0,"ethereum":83642.44878479093,"fantom":0,"optimism":62.20730671915156,"polygon":818.298643}}