{"lastBlock":19886272,"lastDistributionTime":1715769839,"lastDistributionAmount":425934,"pending3CRVFees":{"arbitrum":475.2487141126828,"avalanche":500.60921318377524,"ethereum":76291.65934409104,"fantom":3.081578,"optimism":89.45319079087139,"polygon":678.62397}}