{"lastBlock":20514855,"lastDistributionTime":1723005119,"lastDistributionAmount":549179,"pending3CRVFees":{"arbitrum":4088.612961920091,"avalanche":0,"ethereum":188901.51095477867,"fantom":0,"optimism":199.17736469317612,"polygon":923.130471}}