{"lastBlock":20185344,"lastDistributionTime":1719395603,"lastDistributionAmount":605157,"pending3CRVFees":{"arbitrum":1723.4246744342693,"avalanche":1987.2095166470026,"ethereum":241802.46361346287,"fantom":1.432078,"optimism":89.65967978528755,"polygon":1407.3257}}