{"lastBlock":21090360,"lastDistributionTime":1730331083,"lastDistributionAmount":278783,"pending3CRVFees":{"arbitrum":1804.5154712198234,"avalanche":0,"ethereum":130841.20850238975,"fantom":0,"optimism":53.338850353600556,"polygon":549.447337}}