{"lastBlock":21333870,"lastDistributionTime":1733342015,"lastDistributionAmount":452171,"pending3CRVFees":{"arbitrum":1114.1567009973937,"avalanche":0,"crvusd":0,"ethereum":169072.0724843895,"fantom":0,"optimism":67.36206401047016,"polygon":4368.485206}}