{"lastBlock":20149551,"lastDistributionTime":1718795987,"lastDistributionAmount":774021,"pending3CRVFees":{"arbitrum":2718.092329758636,"avalanche":1874.4933299087954,"ethereum":87595.37878290722,"fantom":30.434017,"optimism":239.10966855998223,"polygon":3166.943561}}