{"lastBlock":19936316,"lastDistributionTime":1716378647,"lastDistributionAmount":563868,"pending3CRVFees":{"arbitrum":729.5231193130159,"avalanche":988.2550621091432,"ethereum":88172.6311789799,"fantom":26.669434,"optimism":476.33624238234916,"polygon":1232.908735}}