{"lastBlock":20613918,"lastDistributionTime":1724284523,"lastDistributionAmount":357314,"pending3CRVFees":{"arbitrum":1677.5549993710551,"avalanche":0,"ethereum":184660.93545024414,"fantom":0,"optimism":468.98234533623884,"polygon":1632.049594}}