{"lastBlock":20457516,"lastDistributionTime":1722465719,"lastDistributionAmount":758602,"pending3CRVFees":{"arbitrum":3022.003469354991,"avalanche":0,"ethereum":159204.3133086347,"fantom":0,"optimism":383.45951439242515,"polygon":1567.178684}}