{"lastBlock":21476123,"lastDistributionTime":1735085615,"lastDistributionAmount":534120,"pending3CRVFees":{"arbitrum":4275.753530759576,"avalanche":0,"crvusd":77686.74103433572,"ethereum":473825.84186307184,"fantom":0,"optimism":199.2292097328994,"polygon":3344.561369}}