{"lastBlock":20652384,"lastDistributionTime":1724888711,"lastDistributionAmount":265409,"pending3CRVFees":{"arbitrum":1383.1026370668515,"avalanche":0,"ethereum":121625.63173400649,"fantom":0,"optimism":330.8094755712053,"polygon":843.052804}}