{"lastBlock":20186772,"lastDistributionTime":1719395603,"lastDistributionAmount":605157,"pending3CRVFees":{"arbitrum":1772.988524319132,"avalanche":2138.809695112911,"ethereum":246180.4252124375,"fantom":1.788067,"optimism":107.06448204553858,"polygon":1421.561783}}