{"lastBlock":20541190,"lastDistributionTime":1723677299,"lastDistributionAmount":216189,"pending3CRVFees":{"arbitrum":1846.326032243227,"avalanche":0,"ethereum":424199.5961660974,"fantom":0,"optimism":64.9124010673428,"polygon":1253.8148}}