{"lastBlock":20273658,"lastDistributionTime":1720573127,"lastDistributionAmount":618460,"pending3CRVFees":{"arbitrum":3372.7484607817505,"avalanche":2501.644825797561,"ethereum":71899.81144291618,"fantom":3.787648,"optimism":394.97470755567474,"polygon":1422.775639}}