{"lastBlock":19776414,"lastDistributionTime":1714562591,"lastDistributionAmount":454888,"pending3CRVFees":{"arbitrum":87.2425858355162,"avalanche":26.556774685778805,"ethereum":54948.348007487584,"fantom":1.108473,"optimism":29.269195449001494,"polygon":4169.737881}}