{"lastBlock":19760953,"lastDistributionTime":1713951827,"lastDistributionAmount":509315,"pending3CRVFees":{"arbitrum":1301.7990838062285,"avalanche":177.89428727101892,"ethereum":167041.91151189123,"fantom":50.001146,"optimism":706.1622875221663,"polygon":3461.316072}}