{"lastBlock":20542344,"lastDistributionTime":1723677299,"lastDistributionAmount":216189,"pending3CRVFees":{"arbitrum":1858.3754712947516,"avalanche":0,"ethereum":224136.7550151814,"fantom":0,"optimism":129.93816842391232,"polygon":1315.185072}}