{"lastBlock":21252772,"lastDistributionTime":1732143635,"lastDistributionAmount":598885,"pending3CRVFees":{"arbitrum":1447.0199547265047,"avalanche":0,"crvusd":98432.74477796054,"ethereum":233030.19108598892,"fantom":0,"optimism":139.3023562064649,"polygon":3037.118135}}