{"lastBlock":20576996,"lastDistributionTime":1724229911,"lastDistributionAmount":347135,"pending3CRVFees":{"arbitrum":1012.1056033723594,"avalanche":0,"ethereum":82696.93906995225,"fantom":0,"optimism":55.24895397243,"polygon":1078.83368}}