{"lastBlock":21347286,"lastDistributionTime":1733342015,"lastDistributionAmount":452171,"pending3CRVFees":{"arbitrum":1541.2920960688016,"avalanche":0,"crvusd":23280.778639415246,"ethereum":241133.0638726246,"fantom":0,"optimism":165.29319853506505,"polygon":5024.546867}}