{"lastBlock":20029371,"lastDistributionTime":1717588535,"lastDistributionAmount":513828,"pending3CRVFees":{"arbitrum":198.13492688215393,"avalanche":1246.0852918605822,"ethereum":56422.598301425,"fantom":15.174058,"optimism":27.47959186355302,"polygon":367.038137}}