{"lastBlock":20058023,"lastDistributionTime":1717588535,"lastDistributionAmount":513828,"pending3CRVFees":{"arbitrum":1001.2599950566528,"avalanche":1288.4274024226777,"ethereum":114446.2768379972,"fantom":20.370934,"optimism":356.249491218733,"polygon":873.855106}}