{"lastBlock":20161535,"lastDistributionTime":1718795987,"lastDistributionAmount":774021,"pending3CRVFees":{"arbitrum":2972.172706737366,"avalanche":1888.387618425939,"ethereum":59605.268829690394,"fantom":95.959114,"optimism":283.64764994139705,"polygon":3231.967677}}