{"lastBlock":20148381,"lastDistributionTime":1718795987,"lastDistributionAmount":774021,"pending3CRVFees":{"arbitrum":2717.5811367230062,"avalanche":2012.579344003065,"ethereum":87713.02793166629,"fantom":30.415223,"optimism":112.56613187139497,"polygon":3164.721885}}