{"lastBlock":20806114,"lastDistributionTime":1726692083,"lastDistributionAmount":301743,"pending3CRVFees":{"arbitrum":3012.5306104308265,"avalanche":0,"ethereum":119279.83608720095,"fantom":0,"optimism":199.48951925235818,"polygon":518.182269}}