{"lastBlock":21091558,"lastDistributionTime":1730331083,"lastDistributionAmount":278783,"pending3CRVFees":{"arbitrum":1816.39191370617,"avalanche":0,"ethereum":134601.56319093425,"fantom":0,"optimism":59.620042785988794,"polygon":558.676761}}