{"lastBlock":21067942,"lastDistributionTime":1729712231,"lastDistributionAmount":296327,"pending3CRVFees":{"arbitrum":3086.7475353043824,"avalanche":0,"ethereum":174957.81870112277,"fantom":0,"optimism":390.83452509991304,"polygon":982.222141}}