{"lastBlock":21276660,"lastDistributionTime":1732665683,"lastDistributionAmount":474460,"pending3CRVFees":{"arbitrum":1957.1839164231928,"avalanche":0,"crvusd":186620.6182290373,"ethereum":258815.5821527845,"fantom":0,"optimism":222.47609712090787,"polygon":3967.802218}}