{"lastBlock":20747613,"lastDistributionTime":1726096931,"lastDistributionAmount":297357,"pending3CRVFees":{"arbitrum":1392.0143338511477,"avalanche":0,"ethereum":102058.1668504019,"fantom":0,"optimism":245.53850078301747,"polygon":985.897023}}