{"lastBlock":20013610,"lastDistributionTime":1716978887,"lastDistributionAmount":588396,"pending3CRVFees":{"arbitrum":938.5462702131279,"avalanche":1261.408720023433,"ethereum":156489.99962770505,"fantom":49.72833,"optimism":294.05286991199677,"polygon":1616.15277}}