{"lastBlock":21065285,"lastDistributionTime":1729712231,"lastDistributionAmount":296327,"pending3CRVFees":{"arbitrum":3006.345129932489,"avalanche":0,"ethereum":156885.9770604581,"fantom":0,"optimism":400.2611938638548,"polygon":918.368688}}