{"lastBlock":20410975,"lastDistributionTime":1721863067,"lastDistributionAmount":617944,"pending3CRVFees":{"arbitrum":2540.0377297835953,"avalanche":0,"ethereum":248893.39918904417,"fantom":0,"optimism":437.8235687507219,"polygon":1267.539431}}