{"lastBlock":20353659,"lastDistributionTime":1721253959,"lastDistributionAmount":593727,"pending3CRVFees":{"arbitrum":2511.846861268185,"avalanche":2633.3938113184263,"ethereum":133559.46886883743,"fantom":886.008513,"optimism":101.57183460294095,"polygon":971.727145}}