{"lastBlock":20358680,"lastDistributionTime":1721253959,"lastDistributionAmount":593727,"pending3CRVFees":{"arbitrum":2616.919699259087,"avalanche":2437.2494315812205,"ethereum":131643.63726184805,"fantom":1017.826734,"optimism":133.59205040324997,"polygon":1059.493991}}