{"lastBlock":21369681,"lastDistributionTime":1733342015,"lastDistributionAmount":452171,"pending3CRVFees":{"arbitrum":2085.4204432286497,"avalanche":0,"crvusd":142449.9112114541,"ethereum":309818.895811658,"fantom":0,"optimism":217.55039184223062,"polygon":5855.817815}}