{"lastBlock":21288531,"lastDistributionTime":1732742627,"lastDistributionAmount":501728,"pending3CRVFees":{"arbitrum":182.56303271545153,"avalanche":0,"crvusd":23689.356307568476,"ethereum":171174.45858000882,"fantom":0,"optimism":40.17662322351133,"polygon":3012.064275}}