{"lastBlock":20855053,"lastDistributionTime":1727231867,"lastDistributionAmount":228391,"pending3CRVFees":{"arbitrum":2514.6202156109057,"avalanche":0,"ethereum":158355.5023822135,"fantom":0,"optimism":506.8153736847864,"polygon":1021.441862}}