{"lastBlock":21200266,"lastDistributionTime":1731480755,"lastDistributionAmount":415352,"pending3CRVFees":{"arbitrum":1597.707225501328,"avalanche":0,"ethereum":0,"fantom":0,"optimism":124.30419919874963,"polygon":1463.095499}}