{"lastBlock":21006800,"lastDistributionTime":1729121447,"lastDistributionAmount":273215,"pending3CRVFees":{"arbitrum":1280.5308852574697,"avalanche":0,"ethereum":153737.71572038622,"fantom":0,"optimism":178.43996294229834,"polygon":639.002481}}