{"lastBlock":21505692,"lastDistributionTime":1735150271,"lastDistributionAmount":594656,"pending3CRVFees":{"arbitrum":2603.6616686992397,"avalanche":0,"crvusd":12271.633766699257,"ethereum":290730.291721286,"fantom":0,"optimism":66.07855630746361,"polygon":3218.009364}}