{"lastBlock":19868231,"lastDistributionTime":1715168603,"lastDistributionAmount":476332,"pending3CRVFees":{"arbitrum":938.3526806609901,"avalanche":380.5260925868386,"ethereum":119357.94670796774,"fantom":82.456363,"optimism":290.354717839662,"polygon":2425.080666}}