{"lastBlock":19807623,"lastDistributionTime":1714562591,"lastDistributionAmount":454888,"pending3CRVFees":{"arbitrum":723.5384680836742,"avalanche":140.72602436829024,"ethereum":119690.58049431648,"fantom":1.826788,"optimism":1048.5323614422914,"polygon":5042.100251}}