{"lastBlock":20502006,"lastDistributionTime":1723005119,"lastDistributionAmount":549179,"pending3CRVFees":{"arbitrum":3883.1423975209277,"avalanche":0,"ethereum":123431.14420201819,"fantom":0,"optimism":1037.1431345463284,"polygon":758.68019}}