{"lastBlock":20145995,"lastDistributionTime":1718795987,"lastDistributionAmount":774021,"pending3CRVFees":{"arbitrum":2693.8690667004653,"avalanche":1871.3242880811333,"ethereum":77305.45117078109,"fantom":30.77773,"optimism":106.4141296232577,"polygon":3125.923484}}