{"lastBlock":19774042,"lastDistributionTime":1713951827,"lastDistributionAmount":509315,"pending3CRVFees":{"arbitrum":1836.8449571609517,"avalanche":272.407206117794,"ethereum":139956.13437180972,"fantom":47.232364,"optimism":898.2867257514724,"polygon":4003.257851}}