{"lastBlock":20402595,"lastDistributionTime":1721863067,"lastDistributionAmount":617944,"pending3CRVFees":{"arbitrum":2377.198001305708,"avalanche":0,"ethereum":154373.57983240837,"fantom":0,"optimism":300.715943759627,"polygon":909.331084}}