{"lastBlock":20424073,"lastDistributionTime":1722386123,"lastDistributionAmount":708077,"pending3CRVFees":{"arbitrum":2688.900113542381,"avalanche":0,"ethereum":77795.64765936615,"fantom":0,"optimism":312.4420311032244,"polygon":1412.980551}}