{"lastBlock":20610329,"lastDistributionTime":1724284523,"lastDistributionAmount":357314,"pending3CRVFees":{"arbitrum":1627.193738520659,"avalanche":0,"ethereum":175390.87681482473,"fantom":0,"optimism":396.89327895674336,"polygon":1592.969952}}