{"lastBlock":21397415,"lastDistributionTime":1733959811,"lastDistributionAmount":541548,"pending3CRVFees":{"arbitrum":3034.5950455612274,"avalanche":0,"crvusd":7618.477055676264,"ethereum":242335.32277563357,"fantom":0,"optimism":102.96177193408991,"polygon":5306.307484}}