{"lastBlock":20932770,"lastDistributionTime":1728458663,"lastDistributionAmount":259163,"pending3CRVFees":{"arbitrum":613.1935762392317,"avalanche":0,"ethereum":86156.53032843379,"fantom":0,"optimism":47.89457854029444,"polygon":323.797549}}