{"lastBlock":20634243,"lastDistributionTime":1724888711,"lastDistributionAmount":265409,"pending3CRVFees":{"arbitrum":1149.2667401261565,"avalanche":0,"ethereum":100454.08628885471,"fantom":0,"optimism":180.23807114680076,"polygon":589.593444}}