{"lastBlock":20018445,"lastDistributionTime":1716978887,"lastDistributionAmount":588396,"pending3CRVFees":{"arbitrum":954.8301125689351,"avalanche":1266.395796905422,"ethereum":167791.1951872068,"fantom":49.843197,"optimism":304.7944439559194,"polygon":1659.825414}}