{"lastBlock":20703452,"lastDistributionTime":1725486287,"lastDistributionAmount":323207,"pending3CRVFees":{"arbitrum":1274.5051985809666,"avalanche":0,"ethereum":5183687.195879907,"fantom":0,"optimism":597.3006189494432,"polygon":965.17803}}