{"lastBlock":20197328,"lastDistributionTime":1719395603,"lastDistributionAmount":605157,"pending3CRVFees":{"arbitrum":2176.966836997605,"avalanche":2190.66090980153,"ethereum":270946.79483622144,"fantom":2.405335,"optimism":160.49382317580768,"polygon":1529.9984}}