{"lastBlock":20638012,"lastDistributionTime":1724888711,"lastDistributionAmount":265409,"pending3CRVFees":{"arbitrum":1206.1758361889893,"avalanche":0,"ethereum":111421.74865855381,"fantom":0,"optimism":73.2845180524675,"polygon":612.291414}}