{"lastBlock":19793308,"lastDistributionTime":1714562591,"lastDistributionAmount":454888,"pending3CRVFees":{"arbitrum":622.2633887740108,"avalanche":107.36293618945894,"ethereum":99168.02953983354,"fantom":1.60263,"optimism":849.332455075746,"polygon":4892.971815}}