{"lastBlock":21446062,"lastDistributionTime":1734501623,"lastDistributionAmount":461437,"pending3CRVFees":{"arbitrum":2659.771115341769,"avalanche":0,"crvusd":14309.280717015265,"ethereum":309301.24914494646,"fantom":0,"optimism":107.52783177135537,"polygon":2880.117243}}