{"lastBlock":20008860,"lastDistributionTime":1716978887,"lastDistributionAmount":588396,"pending3CRVFees":{"arbitrum":775.6218460080239,"avalanche":1169.1022888295952,"ethereum":142523.41268119076,"fantom":35.971849,"optimism":472.4420859994127,"polygon":1529.587472}}