{"lastBlock":19824083,"lastDistributionTime":1714562591,"lastDistributionAmount":454888,"pending3CRVFees":{"arbitrum":2.1678861412773394,"avalanche":29.740622652823195,"ethereum":151133.70925918754,"fantom":1.530096,"optimism":2.333233804217807,"polygon":1247.984151}}