{"lastBlock":20058995,"lastDistributionTime":1717588535,"lastDistributionAmount":513828,"pending3CRVFees":{"arbitrum":1012.4409917572359,"avalanche":1287.793902122936,"ethereum":116478.67641502967,"fantom":20.369929,"optimism":188.3321644999069,"polygon":876.393589}}