{"lastBlock":21119014,"lastDistributionTime":1730331083,"lastDistributionAmount":278783,"pending3CRVFees":{"arbitrum":2085.405633843081,"avalanche":0,"ethereum":183075.42965472105,"fantom":0,"optimism":165.62093744154762,"polygon":1155.479366}}