{"lastBlock":20858626,"lastDistributionTime":1727231867,"lastDistributionAmount":228391,"pending3CRVFees":{"arbitrum":2554.4142789245298,"avalanche":0,"ethereum":163239.27083508536,"fantom":0,"optimism":660.307912594459,"polygon":1042.392791}}