{"lastBlock":20903173,"lastDistributionTime":1727904683,"lastDistributionAmount":256757,"pending3CRVFees":{"arbitrum":1209.103586309887,"avalanche":0,"ethereum":141213.84116423386,"fantom":0,"optimism":463.92302910594697,"polygon":209.895054}}