{"lastBlock":20432456,"lastDistributionTime":1722465719,"lastDistributionAmount":758602,"pending3CRVFees":{"arbitrum":2147.818309086622,"avalanche":0,"ethereum":94187.07380852629,"fantom":0,"optimism":154.6871470040226,"polygon":777.538524}}