{"lastBlock":20936362,"lastDistributionTime":1728458663,"lastDistributionAmount":259163,"pending3CRVFees":{"arbitrum":653.7390414671688,"avalanche":0,"ethereum":96449.59051251973,"fantom":0,"optimism":87.59056077469491,"polygon":356.646776}}