{"lastBlock":20313050,"lastDistributionTime":1720653515,"lastDistributionAmount":683292,"pending3CRVFees":{"arbitrum":2718.9397257550295,"avalanche":2566.8898459872134,"ethereum":188274.07037047984,"fantom":444.237701,"optimism":474.7653363791354,"polygon":1000.879284}}