{"lastBlock":21480634,"lastDistributionTime":1735105859,"lastDistributionAmount":581910,"pending3CRVFees":{"arbitrum":941.7543673252287,"avalanche":0,"crvusd":110038.60601050824,"ethereum":441812.4943527018,"fantom":0,"optimism":0.7738616648270223,"polygon":2883.791565}}