{"lastBlock":20606740,"lastDistributionTime":1724284523,"lastDistributionAmount":357314,"pending3CRVFees":{"arbitrum":1572.1537503873471,"avalanche":0,"ethereum":151868.55392828165,"fantom":0,"optimism":392.7555685016656,"polygon":1569.559975}}