{"lastBlock":19829061,"lastDistributionTime":1715168603,"lastDistributionAmount":476332,"pending3CRVFees":{"arbitrum":68.12615888427698,"avalanche":6.399032650302105,"ethereum":54480.57928462122,"fantom":1.850898,"optimism":34.80902491504745,"polygon":1502.496006}}