{"lastBlock":21130943,"lastDistributionTime":1730871335,"lastDistributionAmount":308303,"pending3CRVFees":{"arbitrum":876.5150117390081,"avalanche":0,"ethereum":96932.63070149119,"fantom":0,"optimism":30.269835957449065,"polygon":409.973513}}