{"lastBlock":20473297,"lastDistributionTime":1722992303,"lastDistributionAmount":523518,"pending3CRVFees":{"arbitrum":4252.909933984465,"avalanche":0,"ethereum":79511.81323515785,"fantom":0,"optimism":1971.2423562555805,"polygon":2564.427572}}