{"lastBlock":19856247,"lastDistributionTime":1715168603,"lastDistributionAmount":476332,"pending3CRVFees":{"arbitrum":727.6258963341121,"avalanche":337.14860891195167,"ethereum":97801.86884610062,"fantom":79.861497,"optimism":212.04980584196267,"polygon":2280.321827}}