{"lastBlock":20950666,"lastDistributionTime":1728458663,"lastDistributionAmount":259163,"pending3CRVFees":{"arbitrum":843.8859804309097,"avalanche":0,"ethereum":124786.69728784298,"fantom":0,"optimism":169.94230416001676,"polygon":563.196988}}