{"lastBlock":19895577,"lastDistributionTime":1715769839,"lastDistributionAmount":425934,"pending3CRVFees":{"arbitrum":673.9851678038355,"avalanche":499.94317925174005,"ethereum":108075.43609063671,"fantom":3.428646,"optimism":190.38819490849056,"polygon":723.273958}}