{"lastBlock":21058109,"lastDistributionTime":1729712231,"lastDistributionAmount":296327,"pending3CRVFees":{"arbitrum":2857.896583999571,"avalanche":0,"ethereum":141500.43743731835,"fantom":0,"optimism":323.55299080982195,"polygon":852.827743}}