{"lastBlock":20587917,"lastDistributionTime":1724284523,"lastDistributionAmount":357314,"pending3CRVFees":{"arbitrum":1271.9631298842041,"avalanche":0,"ethereum":109564.0986886935,"fantom":0,"optimism":156.7956033378087,"polygon":1327.574993}}