{"lastBlock":21188266,"lastDistributionTime":1731480755,"lastDistributionAmount":415352,"pending3CRVFees":{"arbitrum":1430.6910212921844,"avalanche":0,"ethereum":223210.99829857488,"fantom":0,"optimism":76.44124898239856,"polygon":1220.133583}}