{"lastBlock":20033924,"lastDistributionTime":1717588535,"lastDistributionAmount":513828,"pending3CRVFees":{"arbitrum":326.96458988296945,"avalanche":1339.5556326637304,"ethereum":62775.86187191864,"fantom":20.080927,"optimism":38.803519006644116,"polygon":416.82404}}