{"lastBlock":21340126,"lastDistributionTime":1733342015,"lastDistributionAmount":452171,"pending3CRVFees":{"arbitrum":1355.9144384691335,"avalanche":0,"crvusd":23280.778639415246,"ethereum":203442.4091550449,"fantom":0,"optimism":123.59980276887006,"polygon":4712.698895}}