{"lastBlock":20690313,"lastDistributionTime":1725486287,"lastDistributionAmount":323207,"pending3CRVFees":{"arbitrum":946.4709063566316,"avalanche":0,"ethereum":5033409.914399296,"fantom":0,"optimism":532.5671102689032,"polygon":643.414785}}