{"lastBlock":20252188,"lastDistributionTime":1720050947,"lastDistributionAmount":920217,"pending3CRVFees":{"arbitrum":2656.743555993014,"avalanche":2249.22950353078,"ethereum":203983.04797997716,"fantom":3.083776,"optimism":502.9562328445143,"polygon":1067.037733}}