{"lastBlock":21298066,"lastDistributionTime":1732742627,"lastDistributionAmount":501728,"pending3CRVFees":{"arbitrum":421.2605703513946,"avalanche":0,"crvusd":49973.76080171213,"ethereum":209531.6729099501,"fantom":0,"optimism":73.11509356329343,"polygon":3242.544424}}