{"lastBlock":20818015,"lastDistributionTime":1726692083,"lastDistributionAmount":301743,"pending3CRVFees":{"arbitrum":3157.4066961038743,"avalanche":0,"ethereum":159600.85407615223,"fantom":0,"optimism":1201.29281517224,"polygon":650.426009}}