{"lastBlock":20744018,"lastDistributionTime":1726096931,"lastDistributionAmount":297357,"pending3CRVFees":{"arbitrum":1300.7789466082497,"avalanche":0,"ethereum":97788.18026445668,"fantom":0,"optimism":233.88641943626916,"polygon":857.540551}}