{"lastBlock":21033024,"lastDistributionTime":1729712231,"lastDistributionAmount":296327,"pending3CRVFees":{"arbitrum":2445.537819359884,"avalanche":0,"ethereum":87966.52335216774,"fantom":0,"optimism":51.69255690575197,"polygon":400.212262}}