{"lastBlock":21073629,"lastDistributionTime":1729712231,"lastDistributionAmount":296327,"pending3CRVFees":{"arbitrum":3281.4337671041253,"avalanche":0,"ethereum":183854.64733313955,"fantom":0,"optimism":558.4349030317758,"polygon":1083.717503}}