{"lastBlock":21247083,"lastDistributionTime":1732143635,"lastDistributionAmount":598885,"pending3CRVFees":{"arbitrum":1328.3712888805264,"avalanche":0,"crvusd":72799.65542152792,"ethereum":212124.95300880662,"fantom":0,"optimism":118.40770750307337,"polygon":2876.700879}}