{"lastBlock":19752570,"lastDistributionTime":1713951827,"lastDistributionAmount":509315,"pending3CRVFees":{"arbitrum":1085.610404639104,"avalanche":162.5038800821348,"ethereum":157675.5926094031,"fantom":48.435495,"optimism":529.5337320257491,"polygon":3360.913153}}