{"lastBlock":19852689,"lastDistributionTime":1715168603,"lastDistributionAmount":476332,"pending3CRVFees":{"arbitrum":679.7014062695836,"avalanche":336.4037044939448,"ethereum":93535.41282705592,"fantom":79.973362,"optimism":194.21195385320328,"polygon":2254.311373}}