{"lastBlock":19896801,"lastDistributionTime":1715769839,"lastDistributionAmount":425934,"pending3CRVFees":{"arbitrum":693.2830065766512,"avalanche":500.26663972969493,"ethereum":113168.07398768573,"fantom":3.428646,"optimism":218.938347976683,"polygon":730.509149}}