{"lastBlock":20739253,"lastDistributionTime":1726096931,"lastDistributionAmount":297357,"pending3CRVFees":{"arbitrum":1144.341969632261,"avalanche":0,"ethereum":87171.31847590861,"fantom":0,"optimism":211.28138655325998,"polygon":725.582781}}