{"lastBlock":20524428,"lastDistributionTime":1723596095,"lastDistributionAmount":200102,"pending3CRVFees":{"arbitrum":4261.862358357269,"avalanche":0,"ethereum":196516.0504580945,"fantom":0,"optimism":250.48544890149657,"polygon":1040.836331}}