{"lastBlock":19822890,"lastDistributionTime":1714562591,"lastDistributionAmount":454888,"pending3CRVFees":{"arbitrum":982.3819318290342,"avalanche":156.35308552866383,"ethereum":147312.9536359261,"fantom":3.842596,"optimism":494.36000440656653,"polygon":5204.020833}}