{"lastBlock":19794301,"lastDistributionTime":1714562591,"lastDistributionAmount":454888,"pending3CRVFees":{"arbitrum":623.2610548836825,"avalanche":120.22133573435984,"ethereum":100003.18829080975,"fantom":1.601436,"optimism":853.6145213966342,"polygon":4895.96837}}