{"lastBlock":20970981,"lastDistributionTime":1728458663,"lastDistributionAmount":259163,"pending3CRVFees":{"arbitrum":1093.889449512916,"avalanche":0,"ethereum":179443.8484482466,"fantom":0,"optimism":279.0973650608495,"polygon":691.518378}}