{"lastBlock":19758519,"lastDistributionTime":1713951827,"lastDistributionAmount":509315,"pending3CRVFees":{"arbitrum":1213.359512407783,"avalanche":170.30931983288542,"ethereum":155888.9794703582,"fantom":49.790594,"optimism":303.8896069075734,"polygon":3413.314663}}