{"lastBlock":21172755,"lastDistributionTime":1730934299,"lastDistributionAmount":332987,"pending3CRVFees":{"arbitrum":1843.823952792488,"avalanche":0,"ethereum":414801.74044250813,"fantom":0,"optimism":227.13895759841918,"polygon":1906.500413}}