{"lastBlock":21197824,"lastDistributionTime":1731480755,"lastDistributionAmount":415352,"pending3CRVFees":{"arbitrum":1572.9100894374583,"avalanche":0,"ethereum":343445.8983036077,"fantom":0,"optimism":109.66078966993135,"polygon":1420.266683}}