{"lastBlock":20954232,"lastDistributionTime":1728458663,"lastDistributionAmount":259163,"pending3CRVFees":{"arbitrum":851.8349477844138,"avalanche":0,"ethereum":127577.1420997187,"fantom":0,"optimism":179.56981240473746,"polygon":571.717885}}