{"lastBlock":21171618,"lastDistributionTime":1730934299,"lastDistributionAmount":332987,"pending3CRVFees":{"arbitrum":1812.6080526033354,"avalanche":0,"ethereum":410836.3425598384,"fantom":0,"optimism":273.5580255036528,"polygon":1803.856186}}