{"lastBlock":19946870,"lastDistributionTime":1716378647,"lastDistributionAmount":563868,"pending3CRVFees":{"arbitrum":1233.8712481919308,"avalanche":961.7948565092556,"ethereum":125869.49268940755,"fantom":38.607125,"optimism":860.0435766790445,"polygon":1416.168612}}