{"lastBlock":21017766,"lastDistributionTime":1729121447,"lastDistributionAmount":273215,"pending3CRVFees":{"arbitrum":1526.8427402895138,"avalanche":0,"ethereum":182074.15219202853,"fantom":0,"optimism":285.7771014851095,"polygon":792.146593}}