{"lastBlock":20019598,"lastDistributionTime":1716978887,"lastDistributionAmount":588396,"pending3CRVFees":{"arbitrum":964.7393302038147,"avalanche":1276.463189489194,"ethereum":167328.9426884248,"fantom":50.146631,"optimism":608.5131637825923,"polygon":1674.807946}}