{"lastBlock":21271949,"lastDistributionTime":1732143635,"lastDistributionAmount":598885,"pending3CRVFees":{"arbitrum":1845.8755318098677,"avalanche":0,"crvusd":177394.75748880638,"ethereum":267159.4803452337,"fantom":0,"optimism":237.32572303803607,"polygon":3674.049688}}