{"lastBlock":20079488,"lastDistributionTime":1718189711,"lastDistributionAmount":630486,"pending3CRVFees":{"arbitrum":2153.485529885808,"avalanche":1617.1059017576804,"ethereum":71437.68165375743,"fantom":0.967601,"optimism":117.6764081083046,"polygon":741.453594}}