{"lastBlock":19882524,"lastDistributionTime":1715769839,"lastDistributionAmount":425934,"pending3CRVFees":{"arbitrum":370.31821746141935,"avalanche":491.15429664744846,"ethereum":66907.71976926606,"fantom":1.681078,"optimism":65.67238157199094,"polygon":628.889158}}