{"lastBlock":20314230,"lastDistributionTime":1720653515,"lastDistributionAmount":683292,"pending3CRVFees":{"arbitrum":2815.2800382520304,"avalanche":2383.258266967873,"ethereum":200922.20094847624,"fantom":443.711661,"optimism":187.83941980203795,"polygon":1047.941448}}