{"lastBlock":19943466,"lastDistributionTime":1716378647,"lastDistributionAmount":563868,"pending3CRVFees":{"arbitrum":1146.3117794600976,"avalanche":958.4892296804725,"ethereum":115514.48421209023,"fantom":33.430859,"optimism":837.495904942049,"polygon":1395.136996}}