{"lastBlock":21541520,"lastDistributionTime":1735706375,"lastDistributionAmount":493884,"pending3CRVFees":{"arbitrum":1366.4673667056807,"avalanche":0,"crvusd":14699.13978041446,"ethereum":221658.54975220747,"fantom":0,"optimism":35.657225096352754,"polygon":1619.825394}}