{"lastBlock":21153920,"lastDistributionTime":1730934299,"lastDistributionAmount":332987,"pending3CRVFees":{"arbitrum":1296.3596877514462,"avalanche":0,"ethereum":304062.960324657,"fantom":0,"optimism":147.78749683319285,"polygon":1289.591832}}