{"lastBlock":19779991,"lastDistributionTime":1714562591,"lastDistributionAmount":454888,"pending3CRVFees":{"arbitrum":197.57015191624598,"avalanche":71.0511482530656,"ethereum":69232.70540627137,"fantom":1.147751,"optimism":345.76593497837297,"polygon":4489.795886}}