{"lastBlock":20958978,"lastDistributionTime":1728458663,"lastDistributionAmount":259163,"pending3CRVFees":{"arbitrum":873.9787435649955,"avalanche":0,"ethereum":129931.02929039046,"fantom":0,"optimism":182.8560323171424,"polygon":579.857669}}