{"lastBlock":21479498,"lastDistributionTime":1735105859,"lastDistributionAmount":581910,"pending3CRVFees":{"arbitrum":4430.160736222174,"avalanche":0,"crvusd":110038.60601050824,"ethereum":441908.7554066699,"fantom":0,"optimism":215.851793496556,"polygon":3382.361851}}