{"lastBlock":20485009,"lastDistributionTime":1723005119,"lastDistributionAmount":549179,"pending3CRVFees":{"arbitrum":3545.0981410247755,"avalanche":0,"ethereum":94922.29135243269,"fantom":0,"optimism":87.94152590958258,"polygon":179.505447}}