{"lastBlock":21093947,"lastDistributionTime":1730331083,"lastDistributionAmount":278783,"pending3CRVFees":{"arbitrum":1851.978869795674,"avalanche":0,"ethereum":144434.64086916,"fantom":0,"optimism":80.4514903325799,"polygon":655.269356}}