{"lastBlock":20512541,"lastDistributionTime":1723005119,"lastDistributionAmount":549179,"pending3CRVFees":{"arbitrum":4049.089825451843,"avalanche":0,"ethereum":229719.0395941351,"fantom":0,"optimism":1171.0232225195123,"polygon":851.061592}}