{"lastBlock":20728515,"lastDistributionTime":1726050155,"lastDistributionAmount":283756,"pending3CRVFees":{"arbitrum":909.3381671801584,"avalanche":0,"ethereum":72098.74572096694,"fantom":0,"optimism":11.121756546846129,"polygon":608.443738}}