{"lastBlock":20468284,"lastDistributionTime":1722465719,"lastDistributionAmount":758602,"pending3CRVFees":{"arbitrum":4051.4453883282154,"avalanche":0,"ethereum":447511.18801974604,"fantom":0,"optimism":773.9063685138623,"polygon":2383.119992}}