{"lastBlock":21135784,"lastDistributionTime":1730934299,"lastDistributionAmount":332987,"pending3CRVFees":{"arbitrum":964.9360106383795,"avalanche":0,"ethereum":115969.55355597171,"fantom":0,"optimism":57.88041030747132,"polygon":801.271179}}