{"lastBlock":20035111,"lastDistributionTime":1717588535,"lastDistributionAmount":513828,"pending3CRVFees":{"arbitrum":360.4021378684375,"avalanche":1248.0457165902906,"ethereum":66701.88865041223,"fantom":19.74938,"optimism":102.25943832671466,"polygon":438.68163}}