{"lastBlock":21421034,"lastDistributionTime":1733959811,"lastDistributionAmount":541548,"pending3CRVFees":{"arbitrum":3679.164084132578,"avalanche":0,"crvusd":52639.015659114244,"ethereum":375983.7883596038,"fantom":0,"optimism":189.43397729784363,"polygon":6353.607803}}