{"lastBlock":20901663,"lastDistributionTime":1727904683,"lastDistributionAmount":256757,"pending3CRVFees":{"arbitrum":1207.6289292596991,"avalanche":0,"ethereum":140246.91190396968,"fantom":0,"optimism":458.3046648048891,"polygon":208.204787}}