{"lastBlock":20846694,"lastDistributionTime":1727231867,"lastDistributionAmount":228391,"pending3CRVFees":{"arbitrum":2424.6675771102705,"avalanche":0,"ethereum":148524.7863917521,"fantom":0,"optimism":474.43804419211324,"polygon":972.383429}}