{"lastBlock":21080784,"lastDistributionTime":1730267171,"lastDistributionAmount":260933,"pending3CRVFees":{"arbitrum":1646.9553526387983,"avalanche":0,"ethereum":92703.6120586901,"fantom":0,"optimism":11.533261666948723,"polygon":225.70174}}