{"lastBlock":20026769,"lastDistributionTime":1717588535,"lastDistributionAmount":513828,"pending3CRVFees":{"arbitrum":136.21986364823522,"avalanche":1325.281727006242,"ethereum":50940.77712043113,"fantom":2.112385,"optimism":12.093286429049874,"polygon":348.463225}}