{"lastBlock":19841948,"lastDistributionTime":1715168603,"lastDistributionAmount":476332,"pending3CRVFees":{"arbitrum":561.8483373510547,"avalanche":284.4174073229132,"ethereum":76064.08092686407,"fantom":81.417529,"optimism":116.33580010922678,"polygon":1732.462825}}