{"lastBlock":19871948,"lastDistributionTime":1715168603,"lastDistributionAmount":476332,"pending3CRVFees":{"arbitrum":1035.6930729631736,"avalanche":385.4770358479936,"ethereum":121852.80339112123,"fantom":82.124279,"optimism":323.03728845588523,"polygon":2529.449336}}