{"lastBlock":21140485,"lastDistributionTime":1730934299,"lastDistributionAmount":332987,"pending3CRVFees":{"arbitrum":1073.1987375583005,"avalanche":0,"ethereum":143284.87710584403,"fantom":0,"optimism":80.97734556451168,"polygon":919.419947}}