{"lastBlock":20125778,"lastDistributionTime":1718795987,"lastDistributionAmount":774021,"pending3CRVFees":{"arbitrum":1764.7230640487594,"avalanche":1886.277107113911,"ethereum":43359.65522100443,"fantom":2.270393,"optimism":5.440207927955806,"polygon":2906.716514}}