{"lastBlock":20496963,"lastDistributionTime":1723005119,"lastDistributionAmount":549179,"pending3CRVFees":{"arbitrum":3829.3622013796607,"avalanche":0,"ethereum":141150.87463402603,"fantom":0,"optimism":848.9746276601454,"polygon":716.665871}}