{"lastBlock":21319553,"lastDistributionTime":1732742627,"lastDistributionAmount":501728,"pending3CRVFees":{"arbitrum":896.4040645338026,"avalanche":0,"crvusd":124276.16900602722,"ethereum":272673.11767278897,"fantom":0,"optimism":177.74142801611302,"polygon":3684.626849}}