{"lastBlock":20856298,"lastDistributionTime":1727231867,"lastDistributionAmount":228391,"pending3CRVFees":{"arbitrum":2533.610823832161,"avalanche":0,"ethereum":160644.95924498086,"fantom":0,"optimism":522.1149801097098,"polygon":1026.280291}}