{"lastBlock":20980455,"lastDistributionTime":1729066931,"lastDistributionAmount":258338,"pending3CRVFees":{"arbitrum":985.9036246213143,"avalanche":0,"ethereum":119644.23113452503,"fantom":0,"optimism":24.312639395862693,"polygon":331.871906}}