{"lastBlock":20151006,"lastDistributionTime":1718795987,"lastDistributionAmount":774021,"pending3CRVFees":{"arbitrum":2742.803863572594,"avalanche":1875.2190466307932,"ethereum":90732.74686771304,"fantom":30.508053,"optimism":118.06542969111939,"polygon":3176.35896}}