{"lastBlock":20285589,"lastDistributionTime":1720653515,"lastDistributionAmount":683292,"pending3CRVFees":{"arbitrum":2023.8914194265965,"avalanche":2356.5894595574564,"ethereum":94857.79470635175,"fantom":445.462824,"optimism":49.144633785920675,"polygon":118.27745}}