{"lastBlock":19748971,"lastDistributionTime":1713951827,"lastDistributionAmount":509315,"pending3CRVFees":{"arbitrum":1116.4526285538775,"avalanche":127.69212319957128,"ethereum":150463.21718848962,"fantom":48.581875,"optimism":438.7729086189634,"polygon":3245.361058}}