{"lastBlock":21251585,"lastDistributionTime":1732143635,"lastDistributionAmount":598885,"pending3CRVFees":{"arbitrum":1416.2308415975563,"avalanche":0,"crvusd":85069.89080665084,"ethereum":229436.0114989837,"fantom":0,"optimism":105.63877717325883,"polygon":2988.625633}}