{"lastBlock":21378051,"lastDistributionTime":1733878535,"lastDistributionAmount":462749,"pending3CRVFees":{"arbitrum":2310.655291207811,"avalanche":0,"crvusd":142449.9112114541,"ethereum":309034.11134050065,"fantom":0,"optimism":270.80204490456634,"polygon":6101.736963}}