{"lastBlock":20287981,"lastDistributionTime":1720653515,"lastDistributionAmount":683292,"pending3CRVFees":{"arbitrum":2093.3813944069984,"avalanche":2354.500523056572,"ethereum":102499.64482563063,"fantom":445.485438,"optimism":186.13481087228004,"polygon":132.015375}}