{"lastBlock":19784747,"lastDistributionTime":1714562591,"lastDistributionAmount":454888,"pending3CRVFees":{"arbitrum":392.13181584854885,"avalanche":86.84477656742358,"ethereum":74258.67705066425,"fantom":1.29024,"optimism":188.369237265468,"polygon":4668.596879}}