{"lastBlock":20223536,"lastDistributionTime":1719972887,"lastDistributionAmount":843080,"pending3CRVFees":{"arbitrum":2836.961516105508,"avalanche":2283.6914010829228,"ethereum":97358.56517025329,"fantom":4.301771,"optimism":286.7385194250651,"polygon":1781.778997}}