{"lastBlock":20779807,"lastDistributionTime":1726660559,"lastDistributionAmount":291815,"pending3CRVFees":{"arbitrum":2668.489160558357,"avalanche":0,"ethereum":81502.49583621667,"fantom":0,"optimism":22.18318624090555,"polygon":313.59461}}