{"lastBlock":20709681,"lastDistributionTime":1725486287,"lastDistributionAmount":323207,"pending3CRVFees":{"arbitrum":1332.918614558024,"avalanche":0,"ethereum":171078.57029521835,"fantom":0,"optimism":890.4777242604342,"polygon":1033.54151}}