{"lastBlock":19777612,"lastDistributionTime":1714562591,"lastDistributionAmount":454888,"pending3CRVFees":{"arbitrum":133.64086538622925,"avalanche":45.43716604865527,"ethereum":61278.027782751866,"fantom":1.147431,"optimism":315.9994077367626,"polygon":4218.363979}}