{"lastBlock":20274859,"lastDistributionTime":1720595039,"lastDistributionAmount":640034,"pending3CRVFees":{"arbitrum":3403.302704156184,"avalanche":2509.770831785059,"ethereum":73066.8943542866,"fantom":3.828431,"optimism":774.4548907851287,"polygon":1430.330173}}