{"lastBlock":19802634,"lastDistributionTime":1714562591,"lastDistributionAmount":454888,"pending3CRVFees":{"arbitrum":703.2585730734169,"avalanche":136.7715725776963,"ethereum":115110.29419961163,"fantom":1.765732,"optimism":1006.8952577110674,"polygon":5015.543394}}