{"lastBlock":21363726,"lastDistributionTime":1733342015,"lastDistributionAmount":452171,"pending3CRVFees":{"arbitrum":1798.3652503095616,"avalanche":0,"fantom":0,"optimism":165.85652315366204,"polygon":5309.044632}}