{"lastBlock":19908698,"lastDistributionTime":1715769839,"lastDistributionAmount":425934,"pending3CRVFees":{"arbitrum":843.2590907512565,"avalanche":508.7595853357766,"ethereum":128600.20029177998,"fantom":3.468714,"optimism":317.44681725684006,"polygon":796.127665}}