{"lastBlock":20476695,"lastDistributionTime":1723005119,"lastDistributionAmount":549179,"pending3CRVFees":{"arbitrum":3312.877847361836,"avalanche":0,"ethereum":86085.91430254797,"fantom":0,"optimism":513.964560748686,"polygon":11.018414}}