{"lastBlock":19981420,"lastDistributionTime":1716978887,"lastDistributionAmount":588396,"pending3CRVFees":{"arbitrum":207.74278168087324,"avalanche":1200.3785176237516,"ethereum":62997.56721881108,"fantom":2.125841,"optimism":149.73945066543402,"polygon":1089.967174}}