{"lastBlock":21453203,"lastDistributionTime":1734501623,"lastDistributionAmount":461437,"pending3CRVFees":{"arbitrum":3305.872469922688,"avalanche":0,"crvusd":14309.280717015265,"ethereum":352094.138335215,"fantom":0,"optimism":138.02288390516085,"polygon":2985.26563}}