{"lastBlock":21443746,"lastDistributionTime":1734501623,"lastDistributionAmount":461437,"pending3CRVFees":{"arbitrum":2504.0098401944915,"avalanche":0,"crvusd":14309.280717015265,"ethereum":275724.72448802734,"fantom":0,"optimism":101.2185716795038,"polygon":2825.863532}}