{"lastBlock":20838595,"lastDistributionTime":1727231867,"lastDistributionAmount":228391,"pending3CRVFees":{"arbitrum":2248.26704585839,"avalanche":0,"ethereum":128814.65813094442,"fantom":0,"optimism":97.63682173203193,"polygon":856.263389}}