{"lastBlock":20011290,"lastDistributionTime":1716978887,"lastDistributionAmount":588396,"pending3CRVFees":{"arbitrum":795.2615748928657,"avalanche":1173.0535736513748,"ethereum":146025.22562546245,"fantom":40.908008,"optimism":491.65850249058974,"polygon":1538.9909}}