{"lastBlock":19874915,"lastDistributionTime":1715769839,"lastDistributionAmount":425934,"pending3CRVFees":{"arbitrum":8.234381191530979,"avalanche":475.5522111227363,"ethereum":51200.10652254134,"fantom":1.492212,"optimism":3.94675335844596,"polygon":380.483022}}