{"lastBlock":20699868,"lastDistributionTime":1725486287,"lastDistributionAmount":323207,"pending3CRVFees":{"arbitrum":1218.131776844116,"avalanche":0,"ethereum":5157221.732638158,"fantom":0,"optimism":582.1947305706382,"polygon":935.844057}}