{"lastBlock":20615096,"lastDistributionTime":1724284523,"lastDistributionAmount":357314,"pending3CRVFees":{"arbitrum":1693.4613654221205,"avalanche":0,"ethereum":232343.07205164764,"fantom":0,"optimism":474.3299087921506,"polygon":1691.209215}}