{"lastBlock":19925407,"lastDistributionTime":1716378647,"lastDistributionAmount":563868,"pending3CRVFees":{"arbitrum":15.608351684207948,"avalanche":757.5786873695122,"ethereum":48541.457595408145,"fantom":9.580912,"optimism":24.090488243199676,"polygon":676.449953}}