{"lastBlock":20498196,"lastDistributionTime":1723005119,"lastDistributionAmount":549179,"pending3CRVFees":{"arbitrum":3837.440085679299,"avalanche":0,"ethereum":144481.7990484198,"fantom":0,"optimism":849.6999484545152,"polygon":721.707088}}