{"lastBlock":20502931,"lastDistributionTime":1723005119,"lastDistributionAmount":549179,"pending3CRVFees":{"arbitrum":3904.484364846055,"avalanche":0,"ethereum":117353.57490878526,"fantom":0,"optimism":1035.3083046596812,"polygon":763.895441}}