{"lastBlock":20646117,"lastDistributionTime":1724888711,"lastDistributionAmount":265409,"pending3CRVFees":{"arbitrum":1359.4334390883853,"avalanche":0,"ethereum":121843.15352688353,"fantom":0,"optimism":223.0281342285321,"polygon":731.761528}}