{"lastBlock":21187088,"lastDistributionTime":1731480755,"lastDistributionAmount":415352,"pending3CRVFees":{"arbitrum":1411.1810107185058,"avalanche":0,"ethereum":218049.28365575834,"fantom":0,"optimism":51.64778591305802,"polygon":1199.690558}}