{"lastBlock":20716853,"lastDistributionTime":1725486287,"lastDistributionAmount":323207,"pending3CRVFees":{"arbitrum":1469.9553775695917,"avalanche":0,"ethereum":198455.99901297505,"fantom":0,"optimism":921.9172766547546,"polygon":1134.811225}}