{"lastBlock":21502106,"lastDistributionTime":1735150271,"lastDistributionAmount":594656,"pending3CRVFees":{"arbitrum":2484.9699378890837,"avalanche":0,"crvusd":12271.633766699257,"ethereum":281156.45518307114,"fantom":0,"optimism":57.07131850019024,"polygon":3189.801706}}