{"lastBlock":19984972,"lastDistributionTime":1716978887,"lastDistributionAmount":588396,"pending3CRVFees":{"arbitrum":324.4874381957224,"avalanche":1213.482096922316,"ethereum":68851.2708559602,"fantom":2.180959,"optimism":203.27965750908243,"polygon":1222.247481}}