{"lastBlock":21282912,"lastDistributionTime":1732742627,"lastDistributionAmount":501728,"pending3CRVFees":{"arbitrum":115.2433525396176,"avalanche":0,"crvusd":0,"ethereum":157966.99309113968,"fantom":0,"optimism":18.459953022648634,"polygon":2911.445574}}