{"lastBlock":20228304,"lastDistributionTime":1720026815,"lastDistributionAmount":896630,"pending3CRVFees":{"arbitrum":1639.3289653428371,"avalanche":2288.2025577617146,"ethereum":108959.60293042364,"fantom":2.34181,"optimism":12.947109482804963,"polygon":574.194435}}