{"lastBlock":20443181,"lastDistributionTime":1722465719,"lastDistributionAmount":758602,"pending3CRVFees":{"arbitrum":2557.71958746795,"avalanche":0,"ethereum":127144.37481219997,"fantom":0,"optimism":355.3572699235022,"polygon":1039.358869}}