{"lastBlock":21221801,"lastDistributionTime":1731480755,"lastDistributionAmount":415352,"pending3CRVFees":{"arbitrum":1874.978840105137,"avalanche":0,"crvusd":275476.9190557881,"ethereum":267461.0411585,"fantom":0,"optimism":174.35744844036972,"polygon":2208.064146}}