{"lastBlock":21103782,"lastDistributionTime":1730331083,"lastDistributionAmount":278783,"pending3CRVFees":{"arbitrum":1936.0382598230694,"avalanche":0,"ethereum":158487.33883808184,"fantom":0,"optimism":75.05693054952748,"polygon":915.033046}}