{"lastBlock":21228972,"lastDistributionTime":1732102391,"lastDistributionAmount":578921,"pending3CRVFees":{"arbitrum":893.9467900869787,"avalanche":0,"crvusd":315698.28524414316,"ethereum":225118.87671315987,"fantom":0,"optimism":1.8066630418398142,"polygon":2238.959867}}