{"lastBlock":21016293,"lastDistributionTime":1729121447,"lastDistributionAmount":273215,"pending3CRVFees":{"arbitrum":1519.8955071660325,"avalanche":0,"ethereum":178473.81744954397,"fantom":0,"optimism":271.1010680792989,"polygon":785.613804}}