{"lastBlock":20051823,"lastDistributionTime":1717588535,"lastDistributionAmount":513828,"pending3CRVFees":{"arbitrum":947.2666943810733,"avalanche":1275.7966092485374,"ethereum":95129.29067468374,"fantom":20.275244,"optimism":293.86705077140175,"polygon":751.707975}}