{"lastBlock":20352462,"lastDistributionTime":1721253959,"lastDistributionAmount":593727,"pending3CRVFees":{"arbitrum":2504.3762705556874,"avalanche":2430.120398291761,"ethereum":127392.91802389867,"fantom":884.700231,"optimism":320.14305026735053,"polygon":970.173943}}