{"lastBlock":20999619,"lastDistributionTime":1729121447,"lastDistributionAmount":273215,"pending3CRVFees":{"arbitrum":1251.2058823307445,"avalanche":0,"ethereum":148947.07703612826,"fantom":0,"optimism":153.34855910086782,"polygon":540.702065}}