{"lastBlock":19983792,"lastDistributionTime":1716978887,"lastDistributionAmount":588396,"pending3CRVFees":{"arbitrum":295.4337223966376,"avalanche":1132.861821126276,"ethereum":89385.90033963247,"fantom":2.151504,"optimism":186.0338117694783,"polygon":1159.835183}}