{"lastBlock":20911247,"lastDistributionTime":1727904683,"lastDistributionAmount":256757,"pending3CRVFees":{"arbitrum":1242.9165515698476,"avalanche":0,"ethereum":162190.85213360182,"fantom":0,"optimism":535.9728449692724,"polygon":255.149267}}