{"lastBlock":20536349,"lastDistributionTime":1723677299,"lastDistributionAmount":216189,"pending3CRVFees":{"arbitrum":1729.3250110514882,"avalanche":0,"ethereum":331274.75630570744,"fantom":0,"optimism":104.83552918089413,"polygon":1097.866121}}