{"lastBlock":20877832,"lastDistributionTime":1727830211,"lastDistributionAmount":239032,"pending3CRVFees":{"arbitrum":1003.2233038969986,"avalanche":0,"ethereum":87758.74648295184,"fantom":0,"optimism":5.708226987925341,"polygon":5.21548}}