{"lastBlock":20015039,"lastDistributionTime":1716978887,"lastDistributionAmount":588396,"pending3CRVFees":{"arbitrum":909.1168568634326,"avalanche":1181.1662018146667,"ethereum":160351.23358654132,"fantom":49.782905,"optimism":576.812075784509,"polygon":1621.749098}}