{"lastBlock":19754943,"lastDistributionTime":1713951827,"lastDistributionAmount":509315,"pending3CRVFees":{"arbitrum":1131.1971592631592,"avalanche":180.92985649795895,"ethereum":155817.51083805587,"fantom":49.700248,"optimism":544.3741667677599,"polygon":3383.032499}}