{"lastBlock":19819316,"lastDistributionTime":1714562591,"lastDistributionAmount":454888,"pending3CRVFees":{"arbitrum":948.8575493437808,"avalanche":167.9383831264854,"ethereum":150328.65291029125,"fantom":2.275151,"optimism":1270.0669601445925,"polygon":5181.312516}}