{"lastBlock":20267689,"lastDistributionTime":1720050947,"lastDistributionAmount":920217,"pending3CRVFees":{"arbitrum":3129.330109591762,"avalanche":2311.6642509159724,"ethereum":346416.7349609382,"fantom":3.546718,"optimism":734.7665489603811,"polygon":1300.800428}}