{"lastBlock":20715379,"lastDistributionTime":1725486287,"lastDistributionAmount":323207,"pending3CRVFees":{"arbitrum":1423.4753333447431,"avalanche":0,"ethereum":4789309.764125256,"fantom":0,"optimism":647.1242914245912,"polygon":1126.470377}}