{"lastBlock":20526870,"lastDistributionTime":1723637639,"lastDistributionAmount":209006,"pending3CRVFees":{"arbitrum":1520.3235844567525,"avalanche":0,"ethereum":199465.42893230444,"fantom":0,"optimism":2.5963562489065652,"polygon":963.953347}}