{"lastBlock":20819223,"lastDistributionTime":1726692083,"lastDistributionAmount":301743,"pending3CRVFees":{"arbitrum":3182.768398278109,"avalanche":0,"ethereum":167598.23075200777,"fantom":0,"optimism":815.4874263154587,"polygon":661.147797}}