{"lastBlock":20926800,"lastDistributionTime":1728458663,"lastDistributionAmount":259163,"pending3CRVFees":{"arbitrum":1436.4632076952748,"avalanche":0,"ethereum":78166.21972225736,"fantom":0,"optimism":687.8710481594741,"polygon":412.614184}}