{"lastBlock":20547095,"lastDistributionTime":1723677299,"lastDistributionAmount":216189,"pending3CRVFees":{"arbitrum":1909.229859776239,"avalanche":0,"ethereum":234432.16275001722,"fantom":0,"optimism":99.69603207909836,"polygon":1393.098554}}