{"lastBlock":20120961,"lastDistributionTime":1718189711,"lastDistributionAmount":630486,"pending3CRVFees":{"arbitrum":3656.370602637021,"avalanche":1886.2653457612644,"ethereum":160245.4741017949,"fantom":63.133139,"optimism":335.00362016711483,"polygon":1550.704221}}