{"lastBlock":21410248,"lastDistributionTime":1733959811,"lastDistributionAmount":541548,"pending3CRVFees":{"arbitrum":3295.1666419913904,"avalanche":0,"crvusd":52639.015659114244,"ethereum":313934.2625371169,"fantom":0,"optimism":149.8952667543282,"polygon":5305.877546}}