{"lastBlock":20255765,"lastDistributionTime":1720050947,"lastDistributionAmount":920217,"pending3CRVFees":{"arbitrum":2742.5648115306326,"avalanche":2262.9686977587976,"ethereum":205763.66483827887,"fantom":3.267749,"optimism":275.59784372965174,"polygon":1087.431514}}