{"lastBlock":20251254,"lastDistributionTime":1720050947,"lastDistributionAmount":920217,"pending3CRVFees":{"arbitrum":2644.536116582802,"avalanche":2248.202952359248,"ethereum":200172.95033485346,"fantom":3.084613,"optimism":501.39449540880304,"polygon":1064.005054}}