{"lastBlock":20900480,"lastDistributionTime":1727904683,"lastDistributionAmount":256757,"pending3CRVFees":{"arbitrum":1203.1772346790094,"avalanche":0,"ethereum":143830.85071446188,"fantom":0,"optimism":434.17676905167207,"polygon":206.18261}}