{"lastBlock":21213378,"lastDistributionTime":1731480755,"lastDistributionAmount":415352,"pending3CRVFees":{"arbitrum":1716.1778487496151,"avalanche":0,"ethereum":485255.281123727,"fantom":0,"optimism":173.91957329184788,"polygon":1858.296999}}