{"lastBlock":20664034,"lastDistributionTime":1724888711,"lastDistributionAmount":265409,"pending3CRVFees":{"arbitrum":1476.9650493529869,"avalanche":0,"ethereum":158167.4329879896,"fantom":0,"optimism":177.86326807706484,"polygon":1088.874218}}