{"lastBlock":21449641,"lastDistributionTime":1734501623,"lastDistributionAmount":461437,"pending3CRVFees":{"arbitrum":2771.9429580005976,"avalanche":0,"crvusd":14309.280717015265,"ethereum":329200.2466305511,"fantom":0,"optimism":124.35053538195712,"polygon":2917.144287}}