{"lastBlock":20389484,"lastDistributionTime":1721863067,"lastDistributionAmount":617944,"pending3CRVFees":{"arbitrum":1890.097072554741,"avalanche":0,"ethereum":126166.92228523901,"fantom":0,"optimism":152.4904096553828,"polygon":598.501216}}