{"lastBlock":20268932,"lastDistributionTime":1720050947,"lastDistributionAmount":920217,"pending3CRVFees":{"arbitrum":3175.2141064849448,"avalanche":2491.090342673025,"ethereum":348379.537415723,"fantom":3.578074,"optimism":358.3182454081405,"polygon":1316.892293}}