{"lastBlock":20004111,"lastDistributionTime":1716978887,"lastDistributionAmount":588396,"pending3CRVFees":{"arbitrum":662.1195887919976,"avalanche":1154.9155673311088,"ethereum":133021.3652738592,"fantom":36.026676,"optimism":440.60846544427295,"polygon":1488.289728}}