{"lastBlock":20462366,"lastDistributionTime":1722465719,"lastDistributionAmount":758602,"pending3CRVFees":{"arbitrum":3723.7283974100906,"avalanche":0,"ethereum":333667.6092137733,"fantom":0,"optimism":668.3416094624178,"polygon":2090.896992}}