{"lastBlock":19949203,"lastDistributionTime":1716378647,"lastDistributionAmount":563868,"pending3CRVFees":{"arbitrum":1249.6060662470632,"avalanche":963.3972015267401,"ethereum":120114.62735988821,"fantom":38.736472,"optimism":884.1791889004943,"polygon":1435.784868}}