{"lastBlock":21469900,"lastDistributionTime":1734501623,"lastDistributionAmount":461437,"pending3CRVFees":{"arbitrum":4185.957149102627,"avalanche":0,"crvusd":77686.74103433572,"ethereum":469617.91737642616,"fantom":0,"optimism":195.23679738057848,"polygon":3248.429429}}