{"lastBlock":20824269,"lastDistributionTime":1726692083,"lastDistributionAmount":301743,"pending3CRVFees":{"arbitrum":3233.628860476357,"avalanche":0,"ethereum":174312.00957854782,"fantom":0,"optimism":1274.9107226380218,"polygon":706.667501}}