{"lastBlock":21262342,"lastDistributionTime":1732143635,"lastDistributionAmount":598885,"pending3CRVFees":{"arbitrum":1642.08223368632,"avalanche":0,"crvusd":133315.09646791266,"ethereum":263071.3979448475,"fantom":0,"optimism":148.64336766357107,"polygon":3340.283218}}