{"lastBlock":20665215,"lastDistributionTime":1724888711,"lastDistributionAmount":265409,"pending3CRVFees":{"arbitrum":1481.391007220986,"avalanche":0,"ethereum":160994.84327188184,"fantom":0,"optimism":476.4909480346937,"polygon":1090.642081}}