{"lastBlock":20477838,"lastDistributionTime":1723005119,"lastDistributionAmount":549179,"pending3CRVFees":{"arbitrum":3350.8033646931385,"avalanche":0,"ethereum":86699.99886639953,"fantom":0,"optimism":21.075623940032422,"polygon":21.998834}}