{"lastBlock":20351529,"lastDistributionTime":1721253959,"lastDistributionAmount":593727,"pending3CRVFees":{"arbitrum":2505.7520900005866,"avalanche":2634.4547518017444,"ethereum":127419.93655138588,"fantom":884.677396,"optimism":319.09533238364196,"polygon":967.396975}}