{"lastBlock":21191864,"lastDistributionTime":1731480755,"lastDistributionAmount":415352,"pending3CRVFees":{"arbitrum":1480.731312711149,"avalanche":0,"ethereum":234246.0281610941,"fantom":0,"optimism":92.04843067211299,"polygon":1297.928965}}