{"lastBlock":20804871,"lastDistributionTime":1726692083,"lastDistributionAmount":301743,"pending3CRVFees":{"arbitrum":3009.589976984494,"avalanche":0,"ethereum":117944.25359130398,"fantom":0,"optimism":193.9336881410737,"polygon":514.946437}}