{"lastBlock":21512860,"lastDistributionTime":1735150271,"lastDistributionAmount":594656,"pending3CRVFees":{"arbitrum":2812.256758003929,"avalanche":0,"crvusd":12271.633766699257,"ethereum":319111.2475155694,"fantom":0,"optimism":78.48442357199413,"polygon":3333.144308}}