{"lastBlock":20617494,"lastDistributionTime":1724284523,"lastDistributionAmount":357314,"pending3CRVFees":{"arbitrum":1695.9899883457497,"avalanche":0,"ethereum":236919.2837583965,"fantom":0,"optimism":481.32947739932126,"polygon":1715.371909}}