{"lastBlock":21193113,"lastDistributionTime":1731480755,"lastDistributionAmount":415352,"pending3CRVFees":{"arbitrum":1504.4558497217129,"avalanche":0,"ethereum":318797.3332167499,"fantom":0,"optimism":94.7554945453137,"polygon":1319.037936}}