{"lastBlock":19840774,"lastDistributionTime":1715168603,"lastDistributionAmount":476332,"pending3CRVFees":{"arbitrum":496.05421805202576,"avalanche":100.1137979719544,"ethereum":71400.08498833049,"fantom":73.307099,"optimism":109.33025746882653,"polygon":1690.58704}}