{"lastBlock":20455176,"lastDistributionTime":1722465719,"lastDistributionAmount":758602,"pending3CRVFees":{"arbitrum":2729.0806614009452,"avalanche":0,"ethereum":145115.73466072336,"fantom":0,"optimism":604.3070451084305,"polygon":1211.540101}}