{"lastBlock":20022203,"lastDistributionTime":1716978887,"lastDistributionAmount":588396,"pending3CRVFees":{"arbitrum":1045.247053292636,"avalanche":1295.3892405535719,"ethereum":177645.96718844376,"fantom":50.133231,"optimism":679.8879559457617,"polygon":1696.704799}}