{"lastBlock":20714198,"lastDistributionTime":1725486287,"lastDistributionAmount":323207,"pending3CRVFees":{"arbitrum":1386.5192741929243,"avalanche":0,"ethereum":181938.45498258807,"fantom":0,"optimism":643.8170756154168,"polygon":1116.74024}}