{"lastBlock":20326245,"lastDistributionTime":1721182691,"lastDistributionAmount":543796,"pending3CRVFees":{"arbitrum":1859.8893197534576,"avalanche":2391.5780465331704,"ethereum":82306.32480533147,"fantom":441.277179,"optimism":7.177757491812647,"polygon":466.016405}}