{"lastBlock":20065175,"lastDistributionTime":1717588535,"lastDistributionAmount":513828,"pending3CRVFees":{"arbitrum":1301.4462442571196,"avalanche":1402.2501718181002,"ethereum":201676.2437651688,"fantom":20.220507,"optimism":374.0807611665427,"polygon":924.895066}}