{"lastBlock":20433693,"lastDistributionTime":1722465719,"lastDistributionAmount":758602,"pending3CRVFees":{"arbitrum":2155.0242432178993,"avalanche":0,"ethereum":96931.670154712,"fantom":0,"optimism":169.62501077200452,"polygon":798.184973}}