{"lastBlock":20258394,"lastDistributionTime":1720050947,"lastDistributionAmount":920217,"pending3CRVFees":{"arbitrum":2771.7647276772886,"avalanche":2404.817849693276,"ethereum":204050.3996197131,"fantom":3.368044,"optimism":315.8071430743609,"polygon":1115.894562}}