{"lastBlock":21540600,"lastDistributionTime":1735706375,"lastDistributionAmount":493884,"pending3CRVFees":{"arbitrum":1283.660171283432,"avalanche":0,"crvusd":14699.13978041446,"ethereum":216828.96077804026,"fantom":0,"optimism":34.586870851576464,"polygon":1602.187193}}