{"lastBlock":21395931,"lastDistributionTime":1733959811,"lastDistributionAmount":541548,"pending3CRVFees":{"arbitrum":3007.3924797026184,"avalanche":0,"crvusd":7618.477055676264,"ethereum":239078.77238235713,"fantom":0,"optimism":100.49282727262413,"polygon":5306.236387}}