{"lastBlock":20027953,"lastDistributionTime":1717588535,"lastDistributionAmount":513828,"pending3CRVFees":{"arbitrum":150.91984246830768,"avalanche":1238.0160815755028,"ethereum":53317.45836622562,"fantom":12.555997,"optimism":15.426561358589934,"polygon":356.987979}}