{"lastBlock":20947090,"lastDistributionTime":1728458663,"lastDistributionAmount":259163,"pending3CRVFees":{"arbitrum":813.2629154885649,"avalanche":0,"ethereum":120321.17721531283,"fantom":0,"optimism":139.28637832047025,"polygon":550.870024}}