{"lastBlock":19990947,"lastDistributionTime":1716978887,"lastDistributionAmount":588396,"pending3CRVFees":{"arbitrum":441.5897806808154,"avalanche":1147.5731944834988,"ethereum":98429.25252788466,"fantom":2.222148,"optimism":312.0609083167706,"polygon":1280.73783}}