{"lastBlock":20230702,"lastDistributionTime":1720050947,"lastDistributionAmount":920217,"pending3CRVFees":{"arbitrum":1740.2155499649568,"avalanche":2156.725902736815,"ethereum":115971.73712446814,"fantom":2.414316,"optimism":27.38530319588848,"polygon":615.605224}}