{"lastBlock":21066464,"lastDistributionTime":1729712231,"lastDistributionAmount":296327,"pending3CRVFees":{"arbitrum":3052.163456638341,"avalanche":0,"ethereum":158423.68995190354,"fantom":0,"optimism":411.0547010827368,"polygon":964.473354}}