{"lastBlock":21313608,"lastDistributionTime":1732742627,"lastDistributionAmount":501728,"pending3CRVFees":{"arbitrum":762.0315527407172,"avalanche":0,"crvusd":105841.0330581615,"ethereum":247635.98051318992,"fantom":0,"optimism":142.1001327191733,"polygon":3481.590053}}