{"lastBlock":20605595,"lastDistributionTime":1724284523,"lastDistributionAmount":357314,"pending3CRVFees":{"arbitrum":1568.9923529409682,"avalanche":0,"ethereum":172695.9711572649,"fantom":0,"optimism":384.74571635323423,"polygon":1562.116624}}