{"lastBlock":21001947,"lastDistributionTime":1729121447,"lastDistributionAmount":273215,"pending3CRVFees":{"arbitrum":1264.2907879431186,"avalanche":0,"ethereum":151016.38601377697,"fantom":0,"optimism":162.3389595108044,"polygon":577.975417}}