{"lastBlock":20894494,"lastDistributionTime":1727904683,"lastDistributionAmount":256757,"pending3CRVFees":{"arbitrum":1171.5228280492036,"avalanche":0,"ethereum":136614.56069388794,"fantom":0,"optimism":392.81051927699275,"polygon":152.293587}}