{"lastBlock":19989800,"lastDistributionTime":1716978887,"lastDistributionAmount":588396,"pending3CRVFees":{"arbitrum":388.11244507196636,"avalanche":1141.6179804170274,"ethereum":103241.53932378847,"fantom":2.183638,"optimism":299.2385706862726,"polygon":1260.052409}}