{"lastBlock":20597208,"lastDistributionTime":1724284523,"lastDistributionAmount":357314,"pending3CRVFees":{"arbitrum":1503.2986839794448,"avalanche":0,"ethereum":132054.45585448065,"fantom":0,"optimism":116.70257246752321,"polygon":1502.282691}}