{"lastBlock":19912274,"lastDistributionTime":1715769839,"lastDistributionAmount":425934,"pending3CRVFees":{"arbitrum":873.1738966092086,"avalanche":533.4042190935436,"ethereum":147685.91166029227,"fantom":3.435253,"optimism":342.007510972509,"polygon":876.366982}}