{"lastBlock":20929185,"lastDistributionTime":1728458663,"lastDistributionAmount":259163,"pending3CRVFees":{"arbitrum":558.294014880465,"avalanche":0,"ethereum":82148.66439381646,"fantom":0,"optimism":13.850983010300403,"polygon":260.180451}}