{"lastBlock":20990015,"lastDistributionTime":1729121447,"lastDistributionAmount":273215,"pending3CRVFees":{"arbitrum":1124.3395135932487,"avalanche":0,"ethereum":137457.5704746628,"fantom":0,"optimism":77.77783251742973,"polygon":391.914337}}