{"lastBlock":20623711,"lastDistributionTime":1724803967,"lastDistributionAmount":237052,"pending3CRVFees":{"arbitrum":1846.8107489860065,"avalanche":0,"ethereum":97033.87986712946,"fantom":0,"optimism":542.6688011003234,"polygon":1799.676163}}