{"lastBlock":21435341,"lastDistributionTime":1734501623,"lastDistributionAmount":461437,"pending3CRVFees":{"arbitrum":2239.6592568115993,"avalanche":0,"crvusd":14309.280717015265,"ethereum":186274.41437415974,"fantom":0,"optimism":36.58317301257355,"polygon":2565.891059}}