{"lastBlock":20298709,"lastDistributionTime":1720653515,"lastDistributionAmount":683292,"pending3CRVFees":{"arbitrum":2391.60986320642,"avalanche":2346.2405013859698,"ethereum":118955.2535211651,"fantom":448.844997,"optimism":83.50400651517461,"polygon":560.621526}}