{"lastBlock":20137650,"lastDistributionTime":1718795987,"lastDistributionAmount":774021,"pending3CRVFees":{"arbitrum":2162.9860570065,"avalanche":1988.418254980587,"ethereum":61575.0621844067,"fantom":2.329258,"optimism":117.19824989580484,"polygon":3014.985589}}