{"lastBlock":20456323,"lastDistributionTime":1722465719,"lastDistributionAmount":758602,"pending3CRVFees":{"arbitrum":2798.095688317403,"avalanche":0,"ethereum":152111.09368871292,"fantom":0,"optimism":348.26582372607066,"polygon":1499.318656}}