{"lastBlock":20327389,"lastDistributionTime":1721233031,"lastDistributionAmount":578831,"pending3CRVFees":{"arbitrum":1901.3600794014785,"avalanche":2392.2962817765024,"ethereum":81443.50317797679,"fantom":441.522789,"optimism":92.18771777485007,"polygon":494.730832}}