{"lastBlock":19768099,"lastDistributionTime":1713951827,"lastDistributionAmount":509315,"pending3CRVFees":{"arbitrum":1494.6153162572439,"avalanche":191.18591145063866,"ethereum":123904.1845490055,"fantom":49.749462,"optimism":849.3963566545305,"polygon":3566.970803}}