{"lastBlock":20993600,"lastDistributionTime":1729121447,"lastDistributionAmount":273215,"pending3CRVFees":{"arbitrum":1206.6075163321375,"avalanche":0,"ethereum":142960.419992871,"fantom":0,"optimism":101.08614365840903,"polygon":434.681174}}