{"lastBlock":21374445,"lastDistributionTime":1733342015,"lastDistributionAmount":452171,"pending3CRVFees":{"arbitrum":2234.1456563567062,"avalanche":0,"crvusd":142449.9112114541,"ethereum":307621.5382487293,"fantom":0,"optimism":258.2633394677183,"polygon":5977.620954}}