{"lastBlock":21431750,"lastDistributionTime":1734501623,"lastDistributionAmount":461437,"pending3CRVFees":{"arbitrum":2158.3529722745816,"avalanche":0,"crvusd":94042.45155720213,"ethereum":332286.3005130921,"fantom":0,"optimism":10.686149381371592,"polygon":61.840064}}