{"lastBlock":20829947,"lastDistributionTime":1727231867,"lastDistributionAmount":228391,"pending3CRVFees":{"arbitrum":2041.0508442055047,"avalanche":0,"ethereum":102303.44875264642,"fantom":0,"optimism":109.05444964034434,"polygon":732.280247}}