{"lastBlock":21239932,"lastDistributionTime":1732143635,"lastDistributionAmount":598885,"pending3CRVFees":{"arbitrum":1169.2117355681607,"avalanche":0,"crvusd":30847.17609228882,"ethereum":165401.97101501946,"fantom":0,"optimism":78.74174843158151,"polygon":2688.919059}}