{"lastBlock":20425283,"lastDistributionTime":1722386123,"lastDistributionAmount":708077,"pending3CRVFees":{"arbitrum":2717.1274548607134,"avalanche":0,"ethereum":76915.86439728283,"fantom":0,"optimism":616.1321760180659,"polygon":274.997166}}