{"lastBlock":20994780,"lastDistributionTime":1729121447,"lastDistributionAmount":273215,"pending3CRVFees":{"arbitrum":1220.6309218860986,"avalanche":0,"ethereum":144804.41888752423,"fantom":0,"optimism":120.66419863017269,"polygon":450.394701}}