{"lastBlock":20982850,"lastDistributionTime":1729121447,"lastDistributionAmount":273215,"pending3CRVFees":{"arbitrum":1042.6966264511625,"avalanche":0,"ethereum":122269.65164763374,"fantom":0,"optimism":34.66057153551329,"polygon":341.764425}}