{"lastBlock":20976892,"lastDistributionTime":1729042499,"lastDistributionAmount":131683,"pending3CRVFees":{"arbitrum":1204.4347364395596,"avalanche":0,"ethereum":91204.42896432646,"fantom":0,"optimism":257.88065404478067,"polygon":751.886513}}