{"lastBlock":21308810,"lastDistributionTime":1732742627,"lastDistributionAmount":501728,"pending3CRVFees":{"arbitrum":675.6438742291806,"avalanche":0,"crvusd":93359.48159479137,"ethereum":234932.10407075813,"fantom":0,"optimism":121.40413766174434,"polygon":3369.565428}}