{"lastBlock":19930133,"lastDistributionTime":1716378647,"lastDistributionAmount":563868,"pending3CRVFees":{"arbitrum":248.29987870033753,"avalanche":962.4270245054502,"ethereum":61230.776914874645,"fantom":9.694191,"optimism":161.37230663443597,"polygon":862.217505}}