{"lastBlock":20992462,"lastDistributionTime":1729121447,"lastDistributionAmount":273215,"pending3CRVFees":{"arbitrum":1181.2199359021367,"avalanche":0,"ethereum":140796.53195846063,"fantom":0,"optimism":103.03245013918239,"polygon":403.64262}}