{"lastBlock":20234284,"lastDistributionTime":1720050947,"lastDistributionAmount":920217,"pending3CRVFees":{"arbitrum":1874.584142515386,"avalanche":2177.8137398195404,"ethereum":137170.87333145482,"fantom":2.621132,"optimism":92.53571511629136,"polygon":676.567605}}