{"lastBlock":21404622,"lastDistributionTime":1733959811,"lastDistributionAmount":541548,"pending3CRVFees":{"arbitrum":3171.8926704056685,"avalanche":0,"crvusd":4761.548159797666,"ethereum":266041.53966332757,"fantom":0,"optimism":134.1490870968969,"polygon":5306.515602}}