{"lastBlock":21413860,"lastDistributionTime":1733959811,"lastDistributionAmount":541548,"pending3CRVFees":{"arbitrum":3451.945971003944,"avalanche":0,"crvusd":52639.015659114244,"ethereum":349377.1544319945,"fantom":0,"optimism":161.80440635818647,"polygon":5305.927199}}