{"lastBlock":19968353,"lastDistributionTime":1716378647,"lastDistributionAmount":563868,"pending3CRVFees":{"arbitrum":1777.3223424451276,"avalanche":1069.2230675140127,"ethereum":174344.68897180242,"fantom":48.414211,"optimism":1254.8948350974506,"polygon":1781.231118}}