{"lastBlock":20242629,"lastDistributionTime":1720050947,"lastDistributionAmount":920217,"pending3CRVFees":{"arbitrum":2380.7467624255464,"avalanche":2382.5964214057312,"ethereum":182213.1341445049,"fantom":2.844627,"optimism":370.2833515951035,"polygon":987.016553}}