{"lastBlock":20487645,"lastDistributionTime":1723005119,"lastDistributionAmount":549179,"pending3CRVFees":{"arbitrum":3600.0050467389756,"avalanche":0,"ethereum":110598.54156872812,"fantom":0,"optimism":823.8937254146406,"polygon":548.970709}}