{"lastBlock":20118634,"lastDistributionTime":1718189711,"lastDistributionAmount":630486,"pending3CRVFees":{"arbitrum":3546.5440735295383,"avalanche":1788.2885458652106,"ethereum":166896.22506328506,"fantom":63.348972,"optimism":661.303369510862,"polygon":1454.057521}}