{"lastBlock":20602242,"lastDistributionTime":1724284523,"lastDistributionAmount":357314,"pending3CRVFees":{"arbitrum":1534.2798092880437,"avalanche":0,"ethereum":169246.31995160977,"fantom":0,"optimism":382.41143897084646,"polygon":1544.579398}}