{"lastBlock":20686716,"lastDistributionTime":1725486287,"lastDistributionAmount":323207,"pending3CRVFees":{"arbitrum":889.9949002804063,"avalanche":0,"ethereum":103045.88063340649,"fantom":0,"optimism":520.078714040469,"polygon":513.05977}}