{"lastBlock":20135251,"lastDistributionTime":1718795987,"lastDistributionAmount":774021,"pending3CRVFees":{"arbitrum":2124.5918579753707,"avalanche":1829.347094747603,"ethereum":57842.7543809913,"fantom":2.346788,"optimism":45.66471439494893,"polygon":2977.94394}}