{"lastBlock":20206820,"lastDistributionTime":1719395603,"lastDistributionAmount":605157,"pending3CRVFees":{"arbitrum":2366.167227592857,"avalanche":2071.326541596855,"ethereum":296124.70861268835,"fantom":2.748213,"optimism":197.77218046650825,"polygon":1631.553417}}