{"lastBlock":19838383,"lastDistributionTime":1715168603,"lastDistributionAmount":476332,"pending3CRVFees":{"arbitrum":377.9484983211573,"avalanche":71.75104645496712,"ethereum":70390.94338681693,"fantom":73.178354,"optimism":97.09287860828597,"polygon":1676.281368}}