{"lastBlock":20645169,"lastDistributionTime":1724888711,"lastDistributionAmount":265409,"pending3CRVFees":{"arbitrum":1357.1823611153704,"avalanche":0,"ethereum":119910.08246589883,"fantom":0,"optimism":102.4135678371848,"polygon":731.4979}}