{"lastBlock":20248599,"lastDistributionTime":1720050947,"lastDistributionAmount":920217,"pending3CRVFees":{"arbitrum":2496.4152445690656,"avalanche":2236.6852191566077,"ethereum":199542.61663330012,"fantom":2.998122,"optimism":489.48454294454336,"polygon":1053.781569}}