{"lastBlock":19999283,"lastDistributionTime":1716978887,"lastDistributionAmount":588396,"pending3CRVFees":{"arbitrum":619.549575855172,"avalanche":1236.0236642545958,"ethereum":123408.47095558586,"fantom":36.107861,"optimism":405.75629163753604,"polygon":1434.91276}}