{"lastBlock":20438426,"lastDistributionTime":1722465719,"lastDistributionAmount":758602,"pending3CRVFees":{"arbitrum":2379.6875777298997,"avalanche":0,"ethereum":111585.09860340622,"fantom":0,"optimism":299.5027441053106,"polygon":964.886128}}