{"lastBlock":20074501,"lastDistributionTime":1717588535,"lastDistributionAmount":513828,"pending3CRVFees":{"arbitrum":1802.9321996521608,"avalanche":1632.5796221284998,"ethereum":244408.25262194517,"fantom":0.891834,"optimism":0.3873760939152212,"polygon":625.921334}}