{"lastBlock":20179609,"lastDistributionTime":1719395603,"lastDistributionAmount":605157,"pending3CRVFees":{"arbitrum":1405.605806155427,"avalanche":1968.3887129915556,"ethereum":211313.04583758814,"fantom":1.308288,"optimism":26.667428454091922,"polygon":1294.167561}}