{"lastBlock":20717782,"lastDistributionTime":1725486287,"lastDistributionAmount":323207,"pending3CRVFees":{"arbitrum":1471.1917491240222,"avalanche":0,"ethereum":5088817.123843499,"fantom":0,"optimism":922.9460419765413,"polygon":1135.970907}}