{"lastBlock":21455601,"lastDistributionTime":1734501623,"lastDistributionAmount":461437,"pending3CRVFees":{"arbitrum":3334.7416159205814,"avalanche":0,"crvusd":14309.280717015265,"ethereum":368881.26340963546,"fantom":0,"optimism":143.40954987323167,"polygon":3020.168486}}