{"lastBlock":21436590,"lastDistributionTime":1734501623,"lastDistributionAmount":461437,"pending3CRVFees":{"arbitrum":2273.2788400347845,"avalanche":0,"crvusd":14309.280717015265,"ethereum":198329.93836208913,"fantom":0,"optimism":40.976305048184486,"polygon":2596.173127}}