{"lastBlock":19820491,"lastDistributionTime":1714562591,"lastDistributionAmount":454888,"pending3CRVFees":{"arbitrum":957.9949453359226,"avalanche":168.72080394346744,"ethereum":150575.21349146255,"fantom":2.29912,"optimism":1268.901557872012,"polygon":5188.507555}}