{"lastBlock":21307672,"lastDistributionTime":1732742627,"lastDistributionAmount":501728,"pending3CRVFees":{"arbitrum":649.7994379802567,"avalanche":0,"crvusd":93359.48159479137,"ethereum":231350.23851026862,"fantom":0,"optimism":118.65747846615503,"polygon":3358.810077}}