{"lastBlock":20718976,"lastDistributionTime":1725486287,"lastDistributionAmount":323207,"pending3CRVFees":{"arbitrum":1478.3534417945848,"avalanche":0,"ethereum":4940037.026321041,"fantom":0,"optimism":657.6419912011952,"polygon":1141.819608}}