{"lastBlock":21050937,"lastDistributionTime":1729712231,"lastDistributionAmount":296327,"pending3CRVFees":{"arbitrum":2815.6463357835087,"avalanche":0,"ethereum":128427.77681453015,"fantom":0,"optimism":238.40413631728143,"polygon":836.488076}}