{"lastBlock":20520843,"lastDistributionTime":1723005119,"lastDistributionAmount":549179,"pending3CRVFees":{"arbitrum":4227.693035666666,"avalanche":0,"ethereum":207305.51042732384,"fantom":0,"optimism":1246.1061769632513,"polygon":1014.699483}}