{"lastBlock":20309479,"lastDistributionTime":1720653515,"lastDistributionAmount":683292,"pending3CRVFees":{"arbitrum":2592.2574972223797,"avalanche":2556.948104572011,"ethereum":135235.21378080535,"fantom":457.026787,"optimism":382.98156690866705,"polygon":940.68719}}