{"lastBlock":20231906,"lastDistributionTime":1720050947,"lastDistributionAmount":920217,"pending3CRVFees":{"arbitrum":1781.237677805678,"avalanche":2309.4701317806143,"ethereum":118215.88413149597,"fantom":2.453722,"optimism":42.43866230801555,"polygon":622.176291}}