{"lastBlock":19950649,"lastDistributionTime":1716378647,"lastDistributionAmount":563868,"pending3CRVFees":{"arbitrum":1248.673333662334,"avalanche":963.6159167756186,"ethereum":128984.42216291504,"fantom":38.746123,"optimism":474.03171121335635,"polygon":1453.813899}}