{"lastBlock":21290023,"lastDistributionTime":1732742627,"lastDistributionAmount":501728,"pending3CRVFees":{"arbitrum":205.65201851350744,"avalanche":0,"crvusd":23689.356307568476,"ethereum":174180.4051147348,"fantom":0,"optimism":37.2881124450875,"polygon":3045.527039}}