{"lastBlock":20414547,"lastDistributionTime":1721863067,"lastDistributionAmount":617944,"pending3CRVFees":{"arbitrum":2580.000507650148,"avalanche":0,"ethereum":290898.35679347155,"fantom":0,"optimism":530.9123195152454,"polygon":1311.205189}}