{"lastBlock":20287018,"lastDistributionTime":1720653515,"lastDistributionAmount":683292,"pending3CRVFees":{"arbitrum":2060.4642050814127,"avalanche":2362.1927316918786,"ethereum":93556.0403485807,"fantom":445.514037,"optimism":182.10590423724744,"polygon":123.640554}}