{"lastBlock":21491364,"lastDistributionTime":1735150271,"lastDistributionAmount":594656,"pending3CRVFees":{"arbitrum":1428.3103918367558,"avalanche":0,"crvusd":12271.633766699257,"ethereum":227996.94099063074,"fantom":0,"optimism":34.953418582739026,"polygon":3030.372669}}