{"lastBlock":20948285,"lastDistributionTime":1728458663,"lastDistributionAmount":259163,"pending3CRVFees":{"arbitrum":830.085040034341,"avalanche":0,"ethereum":121486.52305423781,"fantom":0,"optimism":156.93859433473287,"polygon":556.323376}}