{"lastBlock":20217585,"lastDistributionTime":1719395603,"lastDistributionAmount":605157,"pending3CRVFees":{"arbitrum":2753.312762770712,"avalanche":2101.8113530974597,"ethereum":449897.08290829073,"fantom":3.891884,"optimism":256.7899082915952,"polygon":1715.216577}}