{"lastBlock":20129022,"lastDistributionTime":1718795987,"lastDistributionAmount":774021,"pending3CRVFees":{"arbitrum":1946.178427222726,"avalanche":1886.9441633353367,"ethereum":44059.82596311995,"fantom":2.333735,"optimism":12.179838033361818,"polygon":2922.188843}}