{"lastBlock":20400199,"lastDistributionTime":1721863067,"lastDistributionAmount":617944,"pending3CRVFees":{"arbitrum":2289.961891535282,"avalanche":0,"ethereum":146302.94040590574,"fantom":0,"optimism":288.6462995131057,"polygon":861.509213}}