{"lastBlock":19967122,"lastDistributionTime":1716378647,"lastDistributionAmount":563868,"pending3CRVFees":{"arbitrum":1739.442874212654,"avalanche":1023.4124457779315,"ethereum":169626.6335325983,"fantom":47.245185,"optimism":1239.6869830120122,"polygon":1758.951019}}