{"lastBlock":21085633,"lastDistributionTime":1730331083,"lastDistributionAmount":278783,"pending3CRVFees":{"arbitrum":1716.5416451858148,"avalanche":0,"ethereum":114539.47254804891,"fantom":0,"optimism":32.20888966791671,"polygon":320.054201}}