{"lastBlock":19962340,"lastDistributionTime":1716378647,"lastDistributionAmount":563868,"pending3CRVFees":{"arbitrum":1629.2327072651224,"avalanche":1048.4975458682013,"ethereum":163982.88039739255,"fantom":46.878344,"optimism":569.0425181520603,"polygon":1667.601026}}