{"lastBlock":19888442,"lastDistributionTime":1715769839,"lastDistributionAmount":425934,"pending3CRVFees":{"arbitrum":515.0596080361508,"avalanche":511.648142421012,"ethereum":82859.24033476664,"fantom":3.38026,"optimism":104.49516650321303,"polygon":693.997501}}