{"lastBlock":20937548,"lastDistributionTime":1728458663,"lastDistributionAmount":259163,"pending3CRVFees":{"arbitrum":670.6546078592346,"avalanche":0,"ethereum":99410.44779752573,"fantom":0,"optimism":93.71425698825747,"polygon":363.76275}}