{"lastBlock":19932568,"lastDistributionTime":1716378647,"lastDistributionAmount":563868,"pending3CRVFees":{"arbitrum":348.91547138210586,"avalanche":967.9269833139016,"ethereum":75452.28128148564,"fantom":9.693338,"optimism":364.14606141734146,"polygon":947.508297}}