{"lastBlock":20708210,"lastDistributionTime":1725486287,"lastDistributionAmount":323207,"pending3CRVFees":{"arbitrum":1291.5376504681644,"avalanche":0,"ethereum":156683.58880238194,"fantom":0,"optimism":879.383301846633,"polygon":1021.075925}}