{"lastBlock":20820473,"lastDistributionTime":1726692083,"lastDistributionAmount":301743,"pending3CRVFees":{"arbitrum":3189.746358145299,"avalanche":0,"ethereum":170388.27539634917,"fantom":0,"optimism":1232.6846633845182,"polygon":668.987314}}