{"lastBlock":21190667,"lastDistributionTime":1731480755,"lastDistributionAmount":415352,"pending3CRVFees":{"arbitrum":1468.6379406440283,"avalanche":0,"ethereum":231971.33666801357,"fantom":0,"optimism":71.96512331657209,"polygon":1284.705865}}