{"lastBlock":20480464,"lastDistributionTime":1723005119,"lastDistributionAmount":549179,"pending3CRVFees":{"arbitrum":3412.0037099537085,"avalanche":0,"ethereum":93334.413807673,"fantom":0,"optimism":547.7813633756347,"polygon":98.013082}}