{"lastBlock":20733296,"lastDistributionTime":1726096931,"lastDistributionAmount":297357,"pending3CRVFees":{"arbitrum":979.3982872156887,"avalanche":0,"ethereum":81748.36776741454,"fantom":0,"optimism":22.108406646016377,"polygon":679.125425}}