{"lastBlock":20810852,"lastDistributionTime":1726692083,"lastDistributionAmount":301743,"pending3CRVFees":{"arbitrum":3084.735449802212,"avalanche":0,"ethereum":127512.22354047371,"fantom":0,"optimism":1008.503736875347,"polygon":565.046821}}