{"lastBlock":20609375,"lastDistributionTime":1724284523,"lastDistributionAmount":357314,"pending3CRVFees":{"arbitrum":1617.4607955795657,"avalanche":0,"ethereum":170326.64533078874,"fantom":0,"optimism":397.43545698785766,"polygon":1590.756209}}