{"lastBlock":19944439,"lastDistributionTime":1716378647,"lastDistributionAmount":563868,"pending3CRVFees":{"arbitrum":1149.6741988746976,"avalanche":958.668199969085,"ethereum":106356.49021904192,"fantom":33.662725,"optimism":841.4553054472907,"polygon":1407.442877}}