{"lastBlock":20409774,"lastDistributionTime":1721863067,"lastDistributionAmount":617944,"pending3CRVFees":{"arbitrum":2514.808360498093,"avalanche":0,"ethereum":178857.04589772236,"fantom":0,"optimism":427.8598407803384,"polygon":1219.438001}}