{"lastBlock":20956651,"lastDistributionTime":1728458663,"lastDistributionAmount":259163,"pending3CRVFees":{"arbitrum":856.4797865717676,"avalanche":0,"ethereum":128742.72370297041,"fantom":0,"optimism":179.1863653188779,"polygon":575.92438}}