{"lastBlock":20470670,"lastDistributionTime":1722465719,"lastDistributionAmount":758602,"pending3CRVFees":{"arbitrum":4380.648223140627,"avalanche":0,"ethereum":454825.59624489327,"fantom":0,"optimism":795.900322514266,"polygon":2492.076008}}