{"lastBlock":21021136,"lastDistributionTime":1729121447,"lastDistributionAmount":273215,"pending3CRVFees":{"arbitrum":1566.9454544895045,"avalanche":0,"ethereum":201740.36556318746,"fantom":0,"optimism":263.78860810279065,"polygon":835.9769}}