{"lastBlock":20973294,"lastDistributionTime":1728458663,"lastDistributionAmount":259163,"pending3CRVFees":{"arbitrum":1180.2788735848105,"avalanche":0,"ethereum":217037.77386725837,"fantom":0,"optimism":300.0170448662419,"polygon":737.771176}}