{"lastBlock":21462756,"lastDistributionTime":1734501623,"lastDistributionAmount":461437,"pending3CRVFees":{"arbitrum":3602.639583970628,"avalanche":0,"crvusd":14309.280717015265,"ethereum":410985.9849879744,"fantom":0,"optimism":167.391262774131,"polygon":3132.346749}}