{"lastBlock":20850279,"lastDistributionTime":1727231867,"lastDistributionAmount":228391,"pending3CRVFees":{"arbitrum":2455.2128508098704,"avalanche":0,"ethereum":155747.76463023896,"fantom":0,"optimism":488.7959797298279,"polygon":998.830759}}