{"lastBlock":20061424,"lastDistributionTime":1717588535,"lastDistributionAmount":513828,"pending3CRVFees":{"arbitrum":1077.3590274918074,"avalanche":1291.5201737720506,"ethereum":198083.11020501537,"fantom":20.242157,"optimism":362.59855397526604,"polygon":889.975545}}