{"lastBlock":20222574,"lastDistributionTime":1719967955,"lastDistributionAmount":368306,"pending3CRVFees":{"arbitrum":2835.0858338620483,"avalanche":2132.706984685011,"ethereum":96248.4824570263,"fantom":4.289451,"optimism":244.33909914345918,"polygon":1771.665817}}