{"lastBlock":19814765,"lastDistributionTime":1714562591,"lastDistributionAmount":454888,"pending3CRVFees":{"arbitrum":843.6384871353662,"avalanche":162.73629541513836,"ethereum":140737.10876404447,"fantom":2.19239,"optimism":464.5138729890997,"polygon":5105.515668}}