{"lastBlock":21182574,"lastDistributionTime":1731480755,"lastDistributionAmount":415352,"pending3CRVFees":{"arbitrum":1337.731822401832,"avalanche":0,"ethereum":194840.25214397343,"fantom":0,"optimism":32.07454477071703,"polygon":982.724154}}