{"lastBlock":20691554,"lastDistributionTime":1725486287,"lastDistributionAmount":323207,"pending3CRVFees":{"arbitrum":956.6215313034963,"avalanche":0,"ethereum":4230277.860233872,"fantom":0,"optimism":444.238291763888,"polygon":672.675737}}