{"lastBlock":21497592,"lastDistributionTime":1735150271,"lastDistributionAmount":594656,"pending3CRVFees":{"arbitrum":1776.141061713836,"avalanche":0,"crvusd":12271.633766699257,"ethereum":265565.5152573339,"fantom":0,"optimism":49.878156648446506,"polygon":3138.86075}}