{"lastBlock":20701050,"lastDistributionTime":1725486287,"lastDistributionAmount":323207,"pending3CRVFees":{"arbitrum":1225.8290314377596,"avalanche":0,"ethereum":142195.0226490833,"fantom":0,"optimism":585.4998754972886,"polygon":944.391964}}