{"lastBlock":19975511,"lastDistributionTime":1716978887,"lastDistributionAmount":588396,"pending3CRVFees":{"arbitrum":7.790975361143027,"avalanche":1109.2148336338962,"ethereum":65832.33433243234,"fantom":2.032805,"optimism":4.372970191869375,"polygon":971.112955}}