{"lastBlock":21267105,"lastDistributionTime":1732143635,"lastDistributionAmount":598885,"pending3CRVFees":{"arbitrum":1761.204447963262,"avalanche":0,"crvusd":149805.55734677607,"ethereum":286309.7256734553,"fantom":0,"optimism":212.64329096426323,"polygon":3519.159009}}