{"lastBlock":19850543,"lastDistributionTime":1715168603,"lastDistributionAmount":476332,"pending3CRVFees":{"arbitrum":662.730127666162,"avalanche":336.55265323076964,"ethereum":92479.46726587284,"fantom":80.034113,"optimism":184.59356847464937,"polygon":2245.353271}}