{"lastBlock":20330968,"lastDistributionTime":1721253959,"lastDistributionAmount":593727,"pending3CRVFees":{"arbitrum":1978.3374176162934,"avalanche":2583.6748513479333,"ethereum":91387.98331918518,"fantom":441.071351,"optimism":101.29690864016534,"polygon":551.05997}}