{"lastBlock":20882555,"lastDistributionTime":1727904683,"lastDistributionAmount":256757,"pending3CRVFees":{"arbitrum":1072.3096246014416,"avalanche":0,"ethereum":101576.68702258929,"fantom":0,"optimism":55.35747031030764,"polygon":78.408313}}