{"lastBlock":21403083,"lastDistributionTime":1733959811,"lastDistributionAmount":541548,"pending3CRVFees":{"arbitrum":3123.297289395583,"avalanche":0,"crvusd":7618.477055676264,"ethereum":260975.58487461254,"fantom":0,"optimism":130.44308153716986,"polygon":5306.492368}}