{"lastBlock":19952797,"lastDistributionTime":1716378647,"lastDistributionAmount":563868,"pending3CRVFees":{"arbitrum":1305.0911910748612,"avalanche":1009.5180772242026,"ethereum":129873.27430004519,"fantom":38.760875,"optimism":483.72988869657587,"polygon":1467.057591}}