{"lastBlock":20807259,"lastDistributionTime":1726692083,"lastDistributionAmount":301743,"pending3CRVFees":{"arbitrum":3020.740055894162,"avalanche":0,"ethereum":119712.07916705895,"fantom":0,"optimism":961.1610356990657,"polygon":523.631891}}