{"lastBlock":20631808,"lastDistributionTime":1724888711,"lastDistributionAmount":265409,"pending3CRVFees":{"arbitrum":1116.3824387139978,"avalanche":0,"ethereum":98563.89689525079,"fantom":0,"optimism":43.22219305691696,"polygon":540.304341}}