{"lastBlock":20933974,"lastDistributionTime":1728458663,"lastDistributionAmount":259163,"pending3CRVFees":{"arbitrum":622.5092642628067,"avalanche":0,"ethereum":88240.97775218208,"fantom":0,"optimism":62.25499671727,"polygon":343.989865}}