{"lastBlock":20023191,"lastDistributionTime":1716978887,"lastDistributionAmount":588396,"pending3CRVFees":{"arbitrum":1094.0348662309086,"avalanche":1205.0797690983768,"ethereum":177815.02090365294,"fantom":50.263821,"optimism":335.1807303221268,"polygon":1701.787396}}