{"lastBlock":20012435,"lastDistributionTime":1716978887,"lastDistributionAmount":588396,"pending3CRVFees":{"arbitrum":851.4439293781481,"avalanche":1260.6113051787506,"ethereum":151769.17280933604,"fantom":49.852483,"optimism":290.28144342278216,"polygon":1598.058517}}