{"lastBlock":21220546,"lastDistributionTime":1731480755,"lastDistributionAmount":415352,"pending3CRVFees":{"arbitrum":1866.8097289158782,"avalanche":0,"crvusd":251859.50410828282,"ethereum":289106.1930310179,"fantom":0,"optimism":195.17531755385028,"polygon":2181.041683}}