{"lastBlock":20560230,"lastDistributionTime":1723677299,"lastDistributionAmount":216189,"pending3CRVFees":{"arbitrum":2089.6736048800294,"avalanche":0,"ethereum":274232.13040234713,"fantom":0,"optimism":313.838495463055,"polygon":1560.3865}}