{"lastBlock":21358920,"lastDistributionTime":1733342015,"lastDistributionAmount":452171,"pending3CRVFees":{"arbitrum":1716.5467914457722,"avalanche":0,"crvusd":83155.75589438094,"ethereum":271132.32881970616,"fantom":0,"optimism":153.42294500625061,"polygon":5228.316379}}