{"lastBlock":20337168,"lastDistributionTime":1721253959,"lastDistributionAmount":593727,"pending3CRVFees":{"arbitrum":2136.08364824949,"avalanche":2608.5451391808697,"ethereum":99109.99633502982,"fantom":439.910081,"optimism":47.147631077121574,"polygon":621.932424}}