{"lastBlock":20765501,"lastDistributionTime":1726096931,"lastDistributionAmount":297357,"pending3CRVFees":{"arbitrum":1728.113980072282,"avalanche":0,"ethereum":157919.81672973817,"fantom":0,"optimism":141.46036662407812,"polygon":1261.859906}}