{"lastBlock":21268585,"lastDistributionTime":1732143635,"lastDistributionAmount":598885,"pending3CRVFees":{"arbitrum":1786.460132103539,"avalanche":0,"crvusd":162813.40020044547,"ethereum":285066.0221911958,"fantom":0,"optimism":224.16033741513152,"polygon":3595.41788}}