{"lastBlock":21486652,"lastDistributionTime":1735150271,"lastDistributionAmount":594656,"pending3CRVFees":{"arbitrum":1304.4726017498328,"avalanche":0,"crvusd":12271.633766699257,"ethereum":196598.61811986822,"fantom":0,"optimism":19.771148515525624,"polygon":2948.181654}}