{"lastBlock":20883755,"lastDistributionTime":1727904683,"lastDistributionAmount":256757,"pending3CRVFees":{"arbitrum":1081.8861161180346,"avalanche":0,"ethereum":104814.62643027233,"fantom":0,"optimism":64.68392034807233,"polygon":83.85245}}