{"lastBlock":20759832,"lastDistributionTime":1726096931,"lastDistributionAmount":297357,"pending3CRVFees":{"arbitrum":1543.2495277202659,"avalanche":0,"ethereum":147215.0204933289,"fantom":0,"optimism":115.04909904177424,"polygon":1042.283911}}