{"lastBlock":20880152,"lastDistributionTime":1727830211,"lastDistributionAmount":239032,"pending3CRVFees":{"arbitrum":1048.060803471521,"avalanche":0,"ethereum":95156.10909355585,"fantom":0,"optimism":39.10951195796027,"polygon":69.000252}}