{"lastBlock":21009115,"lastDistributionTime":1729121447,"lastDistributionAmount":273215,"pending3CRVFees":{"arbitrum":1323.2807319761002,"avalanche":0,"ethereum":157441.9335049859,"fantom":0,"optimism":195.38417420106785,"polygon":660.885523}}