{"lastBlock":20136679,"lastDistributionTime":1718795987,"lastDistributionAmount":774021,"pending3CRVFees":{"arbitrum":2147.3006744438953,"avalanche":1836.1573527889059,"ethereum":59217.85815158268,"fantom":2.367481,"optimism":113.23414484332957,"polygon":2995.722226}}