{"lastBlock":19795481,"lastDistributionTime":1714562591,"lastDistributionAmount":454888,"pending3CRVFees":{"arbitrum":632.4302619940418,"avalanche":113.21834360249638,"ethereum":108982.36611528527,"fantom":1.598811,"optimism":315.05017648503775,"polygon":4897.872858}}