{"lastBlock":21211264,"lastDistributionTime":1731480755,"lastDistributionAmount":415352,"pending3CRVFees":{"arbitrum":1693.3058664454672,"avalanche":0,"ethereum":476441.9964990816,"fantom":0,"optimism":163.79859118683473,"polygon":1805.651127}}