{"lastBlock":20239057,"lastDistributionTime":1720050947,"lastDistributionAmount":920217,"pending3CRVFees":{"arbitrum":2170.6693623030046,"avalanche":2358.3393778320346,"ethereum":152800.45033746577,"fantom":2.937835,"optimism":321.16997924691606,"polygon":927.943683}}