{"lastBlock":21356536,"lastDistributionTime":1733342015,"lastDistributionAmount":452171,"pending3CRVFees":{"arbitrum":1640.8724793990664,"avalanche":0,"crvusd":83155.75589438094,"ethereum":264561.5456674541,"fantom":0,"optimism":173.49142345847213,"polygon":5176.563477}}