{"lastBlock":20204486,"lastDistributionTime":1719395603,"lastDistributionAmount":605157,"pending3CRVFees":{"arbitrum":2293.4785685362804,"avalanche":2223.7704901900906,"ethereum":288207.44640993915,"fantom":2.560616,"optimism":159.11935921197892,"polygon":1609.049437}}