{"lastBlock":20537783,"lastDistributionTime":1723677299,"lastDistributionAmount":216189,"pending3CRVFees":{"arbitrum":1756.8767561715808,"avalanche":0,"ethereum":332692.86238034995,"fantom":0,"optimism":54.23160060021912,"polygon":1110.123431}}