{"lastBlock":21236129,"lastDistributionTime":1732143635,"lastDistributionAmount":598885,"pending3CRVFees":{"arbitrum":1058.3257480947314,"avalanche":0,"crvusd":16111.60783648971,"ethereum":144922.30197484512,"fantom":0,"optimism":22.3108580358021,"polygon":2526.800502}}