{"lastBlock":20794133,"lastDistributionTime":1726692083,"lastDistributionAmount":301743,"pending3CRVFees":{"arbitrum":2890.990798865868,"avalanche":0,"ethereum":108399.96781173346,"fantom":0,"optimism":157.38804021120768,"polygon":466.325483}}