{"lastBlock":20213991,"lastDistributionTime":1719395603,"lastDistributionAmount":605157,"pending3CRVFees":{"arbitrum":2544.0438176216667,"avalanche":2231.2954685199443,"ethereum":306328.58421173226,"fantom":3.70967,"optimism":212.069514187362,"polygon":1690.827491}}