{"lastBlock":21189755,"lastDistributionTime":1731480755,"lastDistributionAmount":415352,"pending3CRVFees":{"arbitrum":1459.9503025190174,"avalanche":0,"ethereum":230051.9212894458,"fantom":0,"optimism":81.1389333916464,"polygon":1267.566306}}