{"lastBlock":20270077,"lastDistributionTime":1720050947,"lastDistributionAmount":920217,"pending3CRVFees":{"arbitrum":3247.386234149724,"avalanche":2323.7137833860047,"ethereum":349031.75957383204,"fantom":3.662348,"optimism":753.5894941461337,"polygon":1361.005959}}