{"lastBlock":20967612,"lastDistributionTime":1728458663,"lastDistributionAmount":259163,"pending3CRVFees":{"arbitrum":1030.6679064265138,"avalanche":0,"ethereum":173298.19179590084,"fantom":0,"optimism":258.1133391146841,"polygon":674.205049}}