{"lastBlock":20369229,"lastDistributionTime":1721253959,"lastDistributionAmount":593727,"pending3CRVFees":{"arbitrum":2827.660207973065,"avalanche":2664.9137938352196,"ethereum":215167.8416797832,"fantom":1088.93489,"optimism":218.30661149471058,"polygon":1177.791288}}