{"lastBlock":20272691,"lastDistributionTime":1720573127,"lastDistributionAmount":618460,"pending3CRVFees":{"arbitrum":3281.197833255647,"avalanche":2325.2720186263614,"ethereum":68220.94086320666,"fantom":3.892403,"optimism":764.1810970174297,"polygon":1397.581806}}