{"lastBlock":20198475,"lastDistributionTime":1719395603,"lastDistributionAmount":605157,"pending3CRVFees":{"arbitrum":2183.453161528584,"avalanche":2045.8003534609657,"ethereum":271266.8811572911,"fantom":2.405766,"optimism":161.0652047670419,"polygon":1537.985775}}