{"lastBlock":20030343,"lastDistributionTime":1717588535,"lastDistributionAmount":513828,"pending3CRVFees":{"arbitrum":208.9552625949051,"avalanche":1338.241229885929,"ethereum":58362.121691190296,"fantom":15.177559,"optimism":30.86549709427391,"polygon":373.63964}}