{"lastBlock":21493804,"lastDistributionTime":1735150271,"lastDistributionAmount":594656,"pending3CRVFees":{"arbitrum":1722.8449967225836,"avalanche":0,"crvusd":12271.633766699257,"ethereum":246930.35822991378,"fantom":0,"optimism":39.66506002209529,"polygon":3070.268982}}