{"lastBlock":20667611,"lastDistributionTime":1724888711,"lastDistributionAmount":265409,"pending3CRVFees":{"arbitrum":1499.804035194155,"avalanche":0,"ethereum":169902.21780620955,"fantom":0,"optimism":187.6743012600705,"polygon":1097.086977}}