{"lastBlock":21367289,"lastDistributionTime":1733342015,"lastDistributionAmount":452171,"pending3CRVFees":{"arbitrum":1967.999644753457,"avalanche":0,"crvusd":142449.9112114541,"ethereum":303261.5195538897,"fantom":0,"optimism":188.36824002423276,"polygon":5557.914016}}