{"lastBlock":21447531,"lastDistributionTime":1734501623,"lastDistributionAmount":461437,"pending3CRVFees":{"arbitrum":2723.4280576898936,"avalanche":0,"crvusd":14309.280717015265,"ethereum":317102.63529173366,"fantom":0,"optimism":118.35266083154218,"polygon":2897.496078}}