{"lastBlock":21212169,"lastDistributionTime":1731480755,"lastDistributionAmount":415352,"pending3CRVFees":{"arbitrum":1703.7860152215117,"avalanche":0,"ethereum":478861.43341630127,"fantom":0,"optimism":164.69942048708356,"polygon":1828.066756}}