{"lastBlock":20266496,"lastDistributionTime":1720050947,"lastDistributionAmount":920217,"pending3CRVFees":{"arbitrum":3079.097029353114,"avalanche":2479.095819586392,"ethereum":345422.588034106,"fantom":3.580972,"optimism":629.6692925454962,"polygon":1288.353786}}