{"lastBlock":21232765,"lastDistributionTime":1732143635,"lastDistributionAmount":598885,"pending3CRVFees":{"arbitrum":965.6082697879318,"avalanche":0,"crvusd":0,"ethereum":125956.42321146229,"fantom":0,"optimism":14.575837649735432,"polygon":2361.578527}}