{"lastBlock":21056966,"lastDistributionTime":1729712231,"lastDistributionAmount":296327,"pending3CRVFees":{"arbitrum":2857.6872416055908,"avalanche":0,"ethereum":133388.87067531876,"fantom":0,"optimism":284.7061518810092,"polygon":846.951672}}