{"lastBlock":20771477,"lastDistributionTime":1726096931,"lastDistributionAmount":297357,"pending3CRVFees":{"arbitrum":1821.8724292120232,"avalanche":0,"ethereum":189616.8675421987,"fantom":0,"optimism":157.79632605585599,"polygon":1454.778296}}