{"lastBlock":19954028,"lastDistributionTime":1716378647,"lastDistributionAmount":563868,"pending3CRVFees":{"arbitrum":1369.0625268062636,"avalanche":983.5396141619207,"ethereum":132401.34274015232,"fantom":41.834306,"optimism":1012.4667604858171,"polygon":1472.464531}}