{"lastBlock":19977826,"lastDistributionTime":1716978887,"lastDistributionAmount":588396,"pending3CRVFees":{"arbitrum":118.68746402193803,"avalanche":1193.1404830328831,"ethereum":70927.06346595623,"fantom":2.069258,"optimism":30.157153830046123,"polygon":1015.10724}}