{"lastBlock":19951602,"lastDistributionTime":1716378647,"lastDistributionAmount":563868,"pending3CRVFees":{"arbitrum":1269.0422809682007,"avalanche":1007.8312510352426,"ethereum":131810.06128663983,"fantom":38.754398,"optimism":994.3825899991753,"polygon":1461.21914}}