{"lastBlock":20315667,"lastDistributionTime":1720653515,"lastDistributionAmount":683292,"pending3CRVFees":{"arbitrum":2873.458554547211,"avalanche":2573.8378614151356,"ethereum":201351.61704099414,"fantom":443.364469,"optimism":221.7171299404324,"polygon":1054.202036}}