{"lastBlock":20253382,"lastDistributionTime":1720050947,"lastDistributionAmount":920217,"pending3CRVFees":{"arbitrum":2658.7325737763567,"avalanche":2252.3531259499173,"ethereum":204065.82061409895,"fantom":3.129712,"optimism":263.50229816858916,"polygon":1072.749128}}