{"lastBlock":21060791,"lastDistributionTime":1729712231,"lastDistributionAmount":296327,"pending3CRVFees":{"arbitrum":2926.8006349427437,"avalanche":0,"ethereum":143297.766531567,"fantom":0,"optimism":321.023292089509,"polygon":873.882231}}