{"lastBlock":21527182,"lastDistributionTime":1735690571,"lastDistributionAmount":454482,"pending3CRVFees":{"arbitrum":3676.3980231172663,"avalanche":0,"crvusd":72067.52211381771,"ethereum":396935.12497559143,"fantom":0,"optimism":111.77330650614684,"polygon":3537.795471}}