{"lastBlock":20874448,"lastDistributionTime":1727830211,"lastDistributionAmount":239032,"pending3CRVFees":{"arbitrum":2883.7085161256496,"avalanche":0,"ethereum":81824.76577735691,"fantom":0,"optimism":913.5955792083247,"polygon":1445.675955}}